comment_id,video_id,upload_date,author,is_uploader,is_reply,likes,codes,text
Ugw-9uOsLmDB_sGaegJ4AaABAg,HtONbl5yVIU,20201213,@aleenaamer952,no,no,0,,Aala yaar
Ugxhq7uevtfWYoj-EC14AaABAg,HtONbl5yVIU,20201213,@muhammadusmansaleem5394,no,no,0,,Great demonstration of message!
Ugxhq7uevtfWYoj-EC14AaABAg.9HPOZPq09we9HQDB8ai86M,HtONbl5yVIU,20201213,@abdulmuneeb194,no,yes,0,,Yes I agree
UgxyJNsvPbiRAU-dpkl4AaABAg,HtONbl5yVIU,20201213,@MyMissFaariaZainab,no,no,1,,Its your great effort for importance of farmers
Ugyu4n8Olakvxg_H9ON4AaABAg,HtONbl5yVIU,20201213,@MyMissFaariaZainab,no,no,0,,https://www.youtube.com/watch?v=PSJnEdm0xMw&ab_channel=MyMissFaariaZainab
Ugxcvv0yV9TB4psoE4F4AaABAg,HtONbl5yVIU,20201213,@femikamal5290,no,no,1,,Well said 👍👍
Ugxcvv0yV9TB4psoE4F4AaABAg.9HDL-GW7CdO9HMkdU6FXbg,HtONbl5yVIU,20201213,@Sarsabz,yes,yes,0,,Thank you. let’s celebrate Kissan Day on 18th December.
UgwDFRVBJLK8-8Jty2t4AaABAg,HtONbl5yVIU,20201213,@humaalamdar8547,no,no,1,,Mashaallah nice  work
UgwDFRVBJLK8-8Jty2t4AaABAg.9HDKxomSoTO9HMkUXG3wdS,HtONbl5yVIU,20201213,@Sarsabz,yes,yes,0,,Thank you for your appreciation!
Ugw122ywDysIy63B36l4AaABAg,HtONbl5yVIU,20201213,@ibrahimsheikh5443,no,no,1,,grape message
Ugw122ywDysIy63B36l4AaABAg.9HCi2klEiR99HMk_dAawsp,HtONbl5yVIU,20201213,@Sarsabz,yes,yes,0,,Thank you. let’s celebrate Kissan Day on 18th December.
UgzwzL4hlXnLJgBw5Td4AaABAg,KGmwOesEH2c,20241027,@jamalansari1674,no,no,0,,How does this video have 13 m views but only 113 likes and 24 comments
Ugy7P5Ahl55yZkDmLtJ4AaABAg,KGmwOesEH2c,20241027,@ahsanmughal51214,no,no,0,,Love this amazing video ❤
UgyFO7Xn-D0Sx8wB_294AaABAg,KGmwOesEH2c,20241027,@ansarabbas2406,no,no,0,,I'm also in this video ad🎉😊
UgyFl8VvedCiFWwO4Bp4AaABAg,KGmwOesEH2c,20241027,@faiziaamir5180,no,no,0,song_voice_lyrics,mashaa Allah.beautiful voice of Khalid Syed.
Ugymk6NVMl70lgy-mb54AaABAg,KGmwOesEH2c,20241027,@usmankhurshid,no,no,0,,"It's really a hard working efforts that helps former to make Good crops that improve Pakistan agriculture.
I really appreciate and thankful it to explore my village town Leepa Valley❤."
Ugz746ueh3fHORMQ_Ip4AaABAg,KGmwOesEH2c,20241027,@Junaidkhan-qx6lt,no,no,0,,💗💗💗💗💗💗💗💗💗 Love uu Creator Love Uuuu
Ugylz-YcOR06Jtce8Mt4AaABAg,KGmwOesEH2c,20241027,@MSafdarGujjar-h7i,no,no,0,,Great ❤
Ugy_oaHGl9l4wTe-uUR4AaABAg,KGmwOesEH2c,20241027,@NaeemHussain-ss1is,no,no,1,,Great work 👍
UgwVS_yGseI8_N7QIld4AaABAg,KGmwOesEH2c,20241027,@Ejazkhanofficial77,no,no,2,,Such a good initiative.. most of views in this video from my homeland Leepa valley ❤️
Ugynw555oYhorQ9Qkz14AaABAg,KGmwOesEH2c,20241027,@afiasalam,no,no,1,,"❤Brilliant on the creative index, heartwarming on the promise it holds within it. Kudos Jami and team!"
UgyMtpMKp4BIm2lKC_V4AaABAg,KGmwOesEH2c,20241027,@waseemkhan446,no,no,1,,Awesome
Ugw5aa6zOg0krY3dDl14AaABAg,KGmwOesEH2c,20241027,@Bilsunscripted,no,no,1,,Excellent initiative and video 👍🏻👍🏻
UgwAI4hGOY-EbVvj2ld4AaABAg,KGmwOesEH2c,20241027,@MuhammadHassan-np9uo,no,no,1,,"What a beautiful and powerful video. Fatima group being first company is pakistan to officially adopt UNSDG framework is a big achievement. Happy to be part of this project. Working in the right direction at the very right time.
Future is for those who conserve it."
UgxgVMOunRkWDc8oYeZ4AaABAg,KGmwOesEH2c,20241027,@waqassajid1770,no,no,2,,"""Loved watching this video! Sarsabz and UNDP's work is truly commendable. Your efforts are bringing positive change to the lives of Pakistani farmers. Keep it up!"""
Ugyll-47xa_OTJvr1wN4AaABAg,KGmwOesEH2c,20241027,@ShafaatAshrafAwan,no,no,2,,"""Absolutely breathtaking! 🌄💚 The scenic landscapes and lush rice fields of Kashmir are the perfect backdrop for this powerful message. It's wonderful to see these natural wonders showcased while leading sustainable change. 🌾🇵🇰"
UgyRDsGEpXYtLOwOr9R4AaABAg,KGmwOesEH2c,20241027,@ShafaatAshrafAwan,no,no,1,,Thank you for this incredible initiative! 🌍💚 Fatima Fertilizer and UNDP's partnership to promote sustainable agriculture is truly inspiring. It’s crucial to empower farmers with sustainable practices to address climate change and ensure food security. This is a wonderful step towards responsible agriculture and community development. Looking forward to seeing more progress and impact from this collaboration! 💪🚜
UgwkfWPQsOCHi4uAgE94AaABAg,KGmwOesEH2c,20241027,@mehreentaufiq3748,no,no,1,,Great initiative and beautiful video!
Ugxp5e7a6o6gTVUEYe94AaABAg,KGmwOesEH2c,20241027,@rukhshindaabbas4819,no,no,2,,Great initiative!!
UgwTK4b2Ro_Jm-1lI9R4AaABAg,KGmwOesEH2c,20241027,@MontuBahi-w7p,no,no,2,,Good
Ugys31uEkAARoDy8JnZ4AaABAg,KGmwOesEH2c,20241027,@RabiaNaseer-s4s,no,no,2,,Beautiful message and beautiful direction! So aesthetically pleasing! 🤩
Ugy0u8L4fC3Qw5XBmA94AaABAg,KGmwOesEH2c,20241027,@rmgarden,no,no,5,,Amazing! Such a great initiative.
Ugy0u8L4fC3Qw5XBmA94AaABAg.AA56z8VpH9gAA6S8IGnCf7,KGmwOesEH2c,20241027,@Sarsabz,yes,yes,0,,Thank you so much! 😊
UgwH9p2cluviV9BSm-54AaABAg,KGmwOesEH2c,20241027,@Agriologyworld,no,no,2,,Appreciated work
UgxTqtW1opnjr2b54s54AaABAg,KGmwOesEH2c,20241027,@pkteawasfantastic27219,no,no,3,,"Very Nice video Sarsabz  Fatima Fertilizer.
keep it up 👍👍👍💚"
UgxTqtW1opnjr2b54s54AaABAg.AA55nYBVfltAA6S6XR2_d1,KGmwOesEH2c,20241027,@Sarsabz,yes,yes,1,,Thank you 😊
UgwrksVHQHjpSMbNgOp4AaABAg,LC0NhNPU1Ic,20251217,@almaskamran3956,no,no,0,,that's true ❤
Ugwhy-OhLF6yv5vLnU94AaABAg,LC0NhNPU1Ic,20251217,@MudassarMaddy737,no,no,0,,Fantastic 😍
Ugwhjp7jCDy8XhLLyKB4AaABAg,LC0NhNPU1Ic,20251217,@SaminashahidShahid-t8y,no,no,0,,♥️♥️♥️♥️♥️♥️♥️♥️♥️♥️♥️♥️♥️♥️😝😝😛😭😭
UgxuFK7ahu_q7njlc854AaABAg,LC0NhNPU1Ic,20251217,@Aitazazmughal01,no,no,1,,#SalamKissan #SarsabzPakistan
UgykL0lIN77SKLGb3rx4AaABAg,LC0NhNPU1Ic,20251217,@Aitazazmughal01,no,no,0,,💕
UgwszqKGM-E_mI6QmnR4AaABAg,LC0NhNPU1Ic,20251217,@Ghulam.512,no,no,0,,Thank you🌹
UgxxmSn470koUwjuJXt4AaABAg,LC0NhNPU1Ic,20251217,@Ghulam.512,no,no,1,,"Salam Kissan Sarsabz Pakistan 🇵🇰🌾

Dil se shukriya Pakistan ke mehnati kisanón ko  aap hi hamari zameen ki rooh aur mulk ki taqat ho. Aap ki mehnat se hamare gharon tak rozi pohanchti hai aur Pakistan sarsabz rehta hai.

Saath hi Sarsabz Fertilizer management ka bhi tahe-dil se shukriya, jo Kissan ko empower karne ke liye Kissan Day (18 Dec) jaise meaningful events ke zariye rehnumai, himmat aur support faraham kar rahe hain. Aap ki koshishen kisani ko mazid behtar aur mustahkam bana rahi hain.

Allah aap sab ki mehnat ko qabool kare aur Pakistan ko hamesha sarsabz o shaadab rakhe. 🌱🤲

#SalamKissan #SarsabzPakistan❤❤❤"
UgxLcJAXm9TpMRieo614AaABAg,NluNk5dpZw0,20251211,@AsdfZcbb,no,no,0,,🙏💖🌻💚💚💚🥥🦩🦩🌾🌾
UgzbUf6DnjDL7d93utl4AaABAg,NluNk5dpZw0,20251211,@almaskamran3956,no,no,0,,outstanding ❤
UgyfIdS_HDUoRH80WGB4AaABAg,NluNk5dpZw0,20251211,@MudassarMaddy737,no,no,0,,Well-done 👏
UgwtDgYnqvWLQT2R7Ih4AaABAg,NluNk5dpZw0,20251211,@Aitazazmughal01,no,no,0,,Nice ❤❤❤
UgxklEZ6VZzc1CHj1A14AaABAg,NluNk5dpZw0,20251211,@Ghulam.512,no,no,0,,"Salam Kissan Sarsabz Pakistan 🇵🇰🌾

Dil se shukriya Pakistan ke mehnati kisanón ko  aap hi hamari zameen ki rooh aur mulk ki taqat ho. Aap ki mehnat se hamare gharon tak rozi pohanchti hai aur Pakistan sarsabz rehta hai.

Saath hi Sarsabz Fertilizer management ka bhi tahe-dil se shukriya, jo Kissan ko empower karne ke liye Kissan Day (18 Dec) jaise meaningful events ke zariye rehnumai, himmat aur support faraham kar rahe hain. Aap ki koshishen kisani ko mazid behtar aur mustahkam bana rahi hain.

Allah aap sab ki mehnat ko qabool kare aur Pakistan ko hamesha sarsabz o shaadab rakhe. 🌱🤲

#SalamKissan #SarsabzPakistan"
UgyOGztkNxcOWCSnZ8F4AaABAg,NluNk5dpZw0,20251211,@Ghulam.512,no,no,0,,Thank you❤ Sarsabz ❤
UgwhofMEGkVa2wrH8Wt4AaABAg,NluNk5dpZw0,20251211,@Allahcreations99,no,no,1,,"Salam kissan 
#salamkissan #sabzpakistan #fatimagroup"
UgyVx_CgVm2ULdRCd9R4AaABAg,NluNk5dpZw0,20251211,@talayamehr,no,no,1,,"Salam Kisan
#Sarsabz Pakistan 
#FatimaGroup"
UgynByxWX5rU0gCYhI54AaABAg,PX7Lvjs639U,20231210,@reyangoraya635,no,no,0,,😢😢😢
UgzRNotYVkE6YdZNT1V4AaABAg,PX7Lvjs639U,20231210,@MFazal-v6w,no,no,0,,"Yoki

. N nl😊"
Ugy_ekQkzlkqBRQqQe54AaABAg,PX7Lvjs639U,20231210,@AHYArmy,no,no,0,,0:14 1⁰
UgwbNSFAbwFDUGCpMQF4AaABAg,PX7Lvjs639U,20231210,@MuhammadAslam-j6z1w,no,no,1,,App  kissan Ka shukriya Asda Nahi Kar saktay Jo taqleef wooh utatha hay uss Ka madava app Nahi Kar saktay  UN ki maddath Karo UN say hamdardi Karo.
Ugz9XDnvl6UUAdyfWDF4AaABAg,PX7Lvjs639U,20231210,@KhalidMehmood-v9c,no,no,1,,😊
UgzjoBJmGjQtn2SbZvR4AaABAg,PX7Lvjs639U,20231210,@mjmsupreme3438,no,no,0,,Meray kisan meri jan ❤
UgzGH3T2ByZUCwmu5vZ4AaABAg,PX7Lvjs639U,20231210,@KashifHussain-fs7bh,no,no,0,,❤❤❤❤❤❤
Ugw5xk_0XhgCkrRW4W14AaABAg,PX7Lvjs639U,20231210,@raeeskh99,no,no,1,,Great kisan❤❤❤❤❤
UgzuMNLyuUcAS5oy17N4AaABAg,PX7Lvjs639U,20231210,@AnoshaMehmood-v3y,no,no,0,,Gj😊
UgwHjf_7vx7smtTSlJl4AaABAg,PX7Lvjs639U,20231210,@Arshadhussainmughal-o1k,no,no,55,,"A heartfelt tribute to our farmers—Sarsabz Fertilizer’s celebration of Kissan Day highlights the dedication, resilience, and vital role of farmers in driving the nation’s prosperity."
Ugx18oSXyrIPypKX_OV4AaABAg,PX7Lvjs639U,20231210,@EjazAli-6PNG,no,no,5,,"سلام کسان 
سر سبز پاکستان"
UgwmeL4x0TLY8wQScWh4AaABAg,PX7Lvjs639U,20231210,@UsmanAli-u4l,no,no,1,,Love you farmers
Ugzv89SomhF8jdXhift4AaABAg,PX7Lvjs639U,20231210,@WaqarKhan-v9e,no,no,2,,😅❤❤😂🎉😢Wapar❤😊😅😮
UgwYOzvsovqx1pgL00J4AaABAg,PX7Lvjs639U,20231210,@GodBlessYouAll-n3d,no,no,1,,God Bless You All Framers ❤🙏
UgxMkHhyo1ltWSua4_54AaABAg,PX7Lvjs639U,20231210,@Dasi.looook,no,no,1,,"Slam kissan❤
I am a farmer❤"
UgwtbNbvQMwxBP_XJzR4AaABAg,PX7Lvjs639U,20231210,@ASADMalik-g6v,no,no,0,,😢😢😢😢
Ugxd5mKGNYSieuA-1ax4AaABAg,PX7Lvjs639U,20231210,@NusratJahan-vf4kh,no,no,1,,Salam kisan❤❤❤❤😊
UgzCybPHr_IywJlHn-Z4AaABAg,PX7Lvjs639U,20231210,@asadaliali-bl2sl,no,no,1,,Happy kisan day❤
UgzSkVyqeUtuczXgGCR4AaABAg,PX7Lvjs639U,20231210,@Moosa-x8l,no,no,1,,GMPakistansy
UgzP5jQS7ijOkueaSCd4AaABAg,PX7Lvjs639U,20231210,@mariatariq8868,no,no,1,,Salam Kisan❤
Ugw5KT7fAYxQhtWEw-x4AaABAg,PX7Lvjs639U,20231210,@ImranAkram-i3h,no,no,7,,A farmer is the back bone of our nation
Ugz39kGxEdZ1txDXbPd4AaABAg,PX7Lvjs639U,20231210,@MuhammadSafi-o6q,no,no,0,,😅
Ugzdad78HFhvNIEPe9V4AaABAg,PX7Lvjs639U,20231210,@insafjoyia125,no,no,1,,Sarsab and Fatima Group play a vital role for growth of Pakistan 🇵🇰 Farmers with their competitive prices
UgwSV5nBPY_SzhG5u694AaABAg,PX7Lvjs639U,20231210,@HEMABARBAK786,no,no,8,,Qasem khuda ki inn kesanon ki wajah se aaj khushhal hai Pakistan salute ❤🌹
UgwSV5nBPY_SzhG5u694AaABAg.AQrRkTkKsycAQsQalwKHPE,PX7Lvjs639U,20231210,@HEMABARBAK786,no,yes,1,,❤
UgzclTpdmVo5X2VePjF4AaABAg,PX7Lvjs639U,20231210,@thisisilyasraza,no,no,0,,❤
UgzwgGL2Kpo6WXMAk4p4AaABAg,PX7Lvjs639U,20231210,@SamarChota,no,no,0,,😊😊😊😊😊😊😊😊😊😊😊😊😊😊😊😊😊❤❤❤❤
UgwCkEnZtlwPHmJFojh4AaABAg,PX7Lvjs639U,20231210,@ZeeshanZaffer-n2f,no,no,1,,Kisaan Zindaabad
Ugwu4sz-eZLHSmHu-J54AaABAg,PX7Lvjs639U,20231210,@saniashahid5668,no,no,2,,Allah tallha apne hifzu eman mein rkhein Ameen sum e
UgxuNcCEdbRQkItAaGB4AaABAg,PX7Lvjs639U,20231210,@appleapple-wj7xu,no,no,1,,❤
UgzIUXdbIQuytom7QFZ4AaABAg,PX7Lvjs639U,20231210,@watcheronly71,no,no,0,,Actual people who are helping pakistan not politcians
UgyAas4G1ZJlDIidH3J4AaABAg,PX7Lvjs639U,20231210,@AlliArbab,no,no,1,,"😅 
0:16"
UgzUnko9mWOCOuoIU3F4AaABAg,PX7Lvjs639U,20231210,@ahmedsunghaar6222,no,no,1,grievance,پاکستان میں بڑے بڑے دسترخوان سجانے والے کبھی غریب کسان کو حق نہیں دیتے اور نہ دلاتے۔ کسان کے بچے پیٹ بھر کر کھانا نہیں کھا سکتے۔ ھنود ان پر مسلط ھیں۔ اللہ تعالیٰ کے علاؤہ کو ئ ان کا وارث نہیں۔  نہ جج نہ جرنیل اور نہ کوئ سیاستدان ۔
Ugz0PBQLBZgnGz1dF6Z4AaABAg,PX7Lvjs639U,20231210,@AliShair-w9f2g,no,no,1,,Pó
Ugw_PK2PJozdBFIxykJ4AaABAg,PX7Lvjs639U,20231210,@ahsanmughal51214,no,no,11,,Salam Kissan ❤
UgzcYMTPp7sKtjNtlxR4AaABAg,PX7Lvjs639U,20231210,@ahsanmughal51214,no,no,27,,Love sarsabz ❤
UgyHxXdC_uUNlPHeUHV4AaABAg,PX7Lvjs639U,20231210,@MsSomia-x5y,no,no,17,salam_pakistan,Salam pakistan ❤
UgyboJqgkTobveMI01x4AaABAg,PX7Lvjs639U,20231210,@hirakhalil1549,no,no,2,,❤
UgzjOwwoEaTvmwE0Wyx4AaABAg,PX7Lvjs639U,20231210,@MuhammadHussain48GD,no,no,7,,"M, Hussain"
UgyZSlZmpiJq_eHQLct4AaABAg,PX7Lvjs639U,20231210,@funnyvideoall4592,no,no,2,,Great farmers
UgzQRiPPA3NFSK1tEX14AaABAg,PX7Lvjs639U,20231210,@FarhanShah-f1p3r,no,no,0,,Farh❤🇦🇪🥃🍺🍻🥂🥛🍾🍿🍬🍭🫕🫔
UgzeP2GbjrFu6KzRNnd4AaABAg,PX7Lvjs639U,20231210,@FarhanShah-f1p3r,no,no,6,,❤🇦🇪🕊️
Ugwx-6kMrcaZ_40am6F4AaABAg,PX7Lvjs639U,20231210,@Munilstudypoint,no,no,0,,Allah ❤❤❤❤❤❤ hai
UgzGDtFrHqnBcLn42v14AaABAg,PX7Lvjs639U,20231210,@TanveerShab-m5y,no,no,0,,Bout acha laga❤❤
Ugyc4dtBZzXL02IfTot4AaABAg,PX7Lvjs639U,20231210,@Dodearmoiz,no,no,1,,Mashallah Subhan Allah Bohat Zabardast Promo banaya hai 🎉❤
Ugwf7SSplV9Yy_EXHwl4AaABAg,PX7Lvjs639U,20231210,@shazia6933,no,no,0,,Tribute to Pakistan Kisaan Team! 🎉
UgzJaURaXgqJp02_aUF4AaABAg,PX7Lvjs639U,20231210,@kalsoomx-23,no,no,4,,Thank you to all farmers and their families who never give up .were proud of you ❤
UgyLWxhLDTAg2Gv0fZt4AaABAg,PX7Lvjs639U,20231210,@RajaTahir-v3i,no,no,2,,Assalam walekum
UgxYl0Jjej5ztGnUXF94AaABAg,PX7Lvjs639U,20231210,@Ali-xw7kh,no,no,1,,All formers  ko slaam ❤
Ugx5N1cOVMrSW1u_Hi94AaABAg,PX7Lvjs639U,20231210,@MuhammadUsman-s8e3d,no,no,0,,Salam hai kisan bhayon ko jo din rat mehnat ker k hamaray liye Anwao Iqsam ka anaj muhayya kertay hai.
UgxUliQrt9qhMsGCWGh4AaABAg,PX7Lvjs639U,20231210,@Muslimtoday-s4b,no,no,0,,"Agricultural land should be kept away from construction .Due to construction,agricultural benefits are decreasing yearly"
UgwAbavfMSa-reB9NmZ4AaABAg,PX7Lvjs639U,20231210,@Muslimtoday-s4b,no,no,1,grievance,Our farmer our future and life.Government should assist them financially
UgxOyqRLK26kf5Vdr7J4AaABAg,PX7Lvjs639U,20231210,@maliknaeem9202,no,no,0,,❤❤❤❤❤
Ugw4zJBLXLKMX2IZHwJ4AaABAg,PX7Lvjs639U,20231210,@maliknaeem9202,no,no,1,,Allah Pak kisanon ki lambi Umra Karen Kisan Hai To Hamen Kisan Nahin To Ham Bhi Nahin Allah Pak ki lambi Umra Karen❤❤❤🎉🎉
UgyWIieeU_VSKfOzNDF4AaABAg,PX7Lvjs639U,20231210,@MrZahid-d1b,no,no,1,,Wow 😳
Ugw2nAKiHn1fnSt7BpJ4AaABAg,PX7Lvjs639U,20231210,@naheedtahir7661,no,no,9,,Love Allah 🎉❤ Love محمد صلى الله عليه واله وسلم❤🎉 Love pakistan 🎉❤ Love parents 🎉❤Love humans 🎉❤
Ugx4WRbKrl30uc-TW754AaABAg,PX7Lvjs639U,20231210,@zehratalpur2345,no,no,1,,❤
UgxLBfI-hdTFqnwOgad4AaABAg,PX7Lvjs639U,20231210,@sunieelBhatti-sahyri,no,no,1,,❤❤❤❤❤🎉🎉🎉🎉
UgxLBfI-hdTFqnwOgad4AaABAg.ACBN3VYY8LjACBOLTZhDue,PX7Lvjs639U,20231210,@sunieelBhatti-sahyri,no,yes,0,,❤❤❤❤❤
UgwvjHuBwcOrPhCw9Zt4AaABAg,PX7Lvjs639U,20231210,@AliAhmad-kv1eb,no,no,1,,Thank you
Ugye4BRjIkVaJyiUvl54AaABAg,PX7Lvjs639U,20231210,@JunaidJamshaid-hp7vi,no,no,0,,Thank u so Mach Kisan
UgzEfqbbCXssIQxBXOB4AaABAg,PX7Lvjs639U,20231210,@JunaidJamshaid-hp7vi,no,no,0,,I love kisan
UgzhsGa4gpvmh6h6U6N4AaABAg,PX7Lvjs639U,20231210,@AyaatKhan-w1y,no,no,1,,Assalam walekum Baki yaar bilkul sahi baat hai kisan hi hamare read ki haddi Hain
Ugx1rngKI0N_V9Dgost4AaABAg,PX7Lvjs639U,20231210,@IslamicHeritageHub786,no,no,1,,Happy farmer's day
UgxWkjCrVBpkf8HI3RV4AaABAg,PX7Lvjs639U,20231210,@Mohsin-u2q,no,no,0,,❤❤❤❤❤❤❤❤❤❤❤
Ugx7jI5O5znfLaUrjFN4AaABAg,PX7Lvjs639U,20231210,@JahangerJahanger-l6h,no,no,0,,Sunarooh Rajput iko sarkar tee iko hee so sarkaran Jo iko hee raaj kandaea so sarkar nam Jo so Rajput sonarooh
Ugx7cQfbRO2l219S4JV4AaABAg,PX7Lvjs639U,20231210,@FareedWork,no,no,1,,Nice to work
UgxUloZRZ3NyBFnrMVp4AaABAg,PX7Lvjs639U,20231210,@GharKaBaghofficial,no,no,0,,☹️❤️❤️❤️💞
UgyXtlkD27vMKiclq9Z4AaABAg,PX7Lvjs639U,20231210,@PrveenSandhu-tb2vx,no,no,0,,Allah pak sab kesano ku hamesha salamat rakhe ameen soma ameen 🌳🌳🌴🌳🌴🌳🌴🌳🌴🌳🌴🌳🌴🌳🌴🌳🌴🌳🌴🌳
UgwufEr916OyGH5wo4V4AaABAg,PX7Lvjs639U,20231210,@PrveenSandhu-tb2vx,no,no,2,,Mashaallah mashaallah mashaallah ⭐⭐⭐🌳🌳🌳🌳🌴🌳🌴🌳🌴🌳🌴🌳🌴🌳🌴🌳🌴🌳🌴🌳🌴
Ugz7k0mu8P94IvWNenR4AaABAg,PX7Lvjs639U,20231210,@gulaharaloch7364,no,no,0,,the farmers working very hard so help his
UgyXJuinGH9PEGAgIIJ4AaABAg,PX7Lvjs639U,20231210,@punjabiyanpk,no,no,4,,"Salam sarsabs or thanks sarsbas Kisi ne TU kisan ki mushkalat ko samjha 
Tribute to Kisan
Salam kisan 
Kisan day"
UgxcR8cGTg37PLV66bN4AaABAg,PX7Lvjs639U,20231210,@rubabkazmi3491,no,no,1,,"❤ kissan Day banana aik zaberdast iqdam hay.Dosto jiss per 1947 Kay agaz main Land reforms ka agenda Quaid Azam lay kar asy thay.Aaj hum Kahan hoy iss per ammal kia hota.Abhi bhi waqat hay Land reforms kar Kay awam ko moqa do zarat main taraqi Kay liay.1947 masawat kee bunyad per APNA sab Kuch choor kar asy thay.Reforms Kay bad coprative society china model ikhtiar karain jab hum apni asli Manzil tak pohanch pain gey .Dunya main zarat main bay inteha taraqi hooi hay.uss ko apnayy baghair taasub Kay.
Yeh hay Quaid Azam ka Pakistan.Bhai bunyadain Sahi kartay jaain Allah madad Kary ga.Zarai Inqlab Lain Lands Reforms kar Kay. Pakistan zindabad.
Regards
Syed Riaz Ali Khan"
UgxrDdsC2ThMrfUUTw94AaABAg,PX7Lvjs639U,20231210,@MuhammadTaha-lv7lj,no,no,0,,Sindh zindabad❤
UgzqQFJfnyCs9YDRIHF4AaABAg,PX7Lvjs639U,20231210,@humanist9347,no,no,1,,Happy Farmers Day
UgySpfwrwonLIuYhycp4AaABAg,PX7Lvjs639U,20231210,@MuhammadEjaz-p7y,no,no,6,,Farmar of Pakistan and good fertilizer company thank with pk
UgxY8lOgyzxwG1wivu94AaABAg,PX7Lvjs639U,20231210,@UnvcU667,no,no,0,,❤❤❤❤❤
UgwDyj75ZasVti7A95d4AaABAg,PX7Lvjs639U,20231210,@UnvcU667,no,no,0,,❤❤❤❤❤❤❤❤❤❤
UgyVrxNg4t4ei87fL394AaABAg,PX7Lvjs639U,20231210,@muhammdmz,no,no,0,,🌼🌹🍀🌿🌳🌲🌴🌱👌
UgwC9D6C2Mh2AadmSPR4AaABAg,PX7Lvjs639U,20231210,@worldwithfarman,no,no,1,,"Ma sha ALLAH, they are super hero"
UgxbkH1Ymk3paWe9SxR4AaABAg,PX7Lvjs639U,20231210,@shkeeldonshkeeldon,no,no,2,,❤❤❤hi❤❤❤❤
UgwxZHiajVwQbNqVWTt4AaABAg,PX7Lvjs639U,20231210,@DrSalman-v6p,no,no,2,song_voice_lyrics,Heart touching amazing songs jitni bar Suno Dil hee nhy bharta  tear my eyes
UgxjxPf89IG70ndgGjt4AaABAg,PX7Lvjs639U,20231210,@saadiakhurram6271,no,no,1,,Good effort
UgwzTgyN1d2kA7bv2tt4AaABAg,PX7Lvjs639U,20231210,@PrinceKhan-ls3vw,no,no,0,,❤❤❤
UgyakEJeizKJ9dUIDC94AaABAg,PX7Lvjs639U,20231210,@wahibahmed5644,no,no,0,,Nyce
Ugy-hA9fl1D7LnwB6JR4AaABAg,PX7Lvjs639U,20231210,@zoyaali7810,no,no,1,,#Salamkissan ❤
UgwF6_--iT5AwOsXO3V4AaABAg,PX7Lvjs639U,20231210,@shahzad3014,no,no,0,,❤❤❤
UgyA49THgcZyVxkuzDd4AaABAg,PX7Lvjs639U,20231210,@dostYouTubeper,no,no,0,,🥰🥰🥰🥰🥰😍🙋
UgwBTdZ0BuBkgR7n3ud4AaABAg,PX7Lvjs639U,20231210,@KinzaKhan-ud4bm,no,no,0,,سرسبز کھاد پاؤ ۔۔تے خوشحال ہو جاؤ 🥰🥰🥰
UgzafXIFDqMuP7YH6Yx4AaABAg,PX7Lvjs639U,20231210,@asgamers4835,no,no,37,contest_own_words,Thank you Sarsabz Fertilizer for this amazing gift i received today once again thanks your company is best for farmers .❤❤❤
Ugz-z8R-VUtFyG8BYk14AaABAg,PX7Lvjs639U,20231210,@IMRANxSIGMA,no,no,0,,"کسان کی خوشیاں تب ہی ممکن ہے جب ہم سب ان کےبارے میں سوچ اچھی رکھے گئے ہم یہ سمجھتے ہے کہ کسان نے اپنی فصل بیچ کر کافی رقم لی ہے مگر اس کے پیچھے اس ک دن رات کی محنت ہوتی ہے لہذا ہم کو اس بات کا خیال رکھنا ضروری ہے کہ ہم اپنی ضرورت کے مطابق اجناس استمعال کریں
کسان زندہ ہم زندہ کسان خوشحال پاکستان خوشحال"
UgyWOJ2DocRR3Ygwje94AaABAg,PX7Lvjs639U,20231210,@waqassajid1770,no,no,1,,"#Tags (#SalamKissan #KissanDay #SarsabzPakistan  
Watching a farmer's hard work instills a profound emption in a person, Something that word's can't fully express.their tireless labour in the sun,love for the land,all reflect on their faces through smile and a sense of respect.Farmers are empathetic and diligent worker's,whose sacrifices provide sustence for all over lives."
Ugxe3eHy9o7UhNpEDjt4AaABAg,PX7Lvjs639U,20231210,@abdulmutaal6487,no,no,1,salam_pakistan,"Salam Pakistan,  Salam kissan"
UgxGiuLj_mCjfJpI9CV4AaABAg,PX7Lvjs639U,20231210,@abdulmutaal6487,no,no,1,,👍
Ugyvpq9dqqeGNRstq5h4AaABAg,PX7Lvjs639U,20231210,@abdulmutaal6487,no,no,1,,Salam kisann
UgymyffUmKfil2Tihbt4AaABAg,PX7Lvjs639U,20231210,@SaimaAdnanAli,no,no,1,,We salute to all farmers
UgzP07o_OpPCEhK-6u94AaABAg,PX7Lvjs639U,20231210,@SaimaAdnanAli,no,no,2,,Great 👍😊
Ugwx-PuEliiMxFo-rCZ4AaABAg,PX7Lvjs639U,20231210,@SaimaAdnanAli,no,no,0,,Woow
UgwI7-B6QdHXHMsf23V4AaABAg,PX7Lvjs639U,20231210,@saimaadnan4228,no,no,1,,Amazing
Ugys0_EQF7Sw516E-t14AaABAg,PX7Lvjs639U,20231210,@saimaadnan4228,no,no,8,,Great 👍
Ugw7zPB_m07kQepL9AV4AaABAg,PX7Lvjs639U,20231210,@ALIHAMZA-kb4tz,no,no,5,,You're doing great ❤
UgyetJ5KrVdiVggEpkh4AaABAg,PX7Lvjs639U,20231210,@TahirAbbas-c4k,no,no,0,,❤❤❤❤❤❤
UgyNpmDtAFZoQNNF-jp4AaABAg,PX7Lvjs639U,20231210,@talaltalks,no,no,5,,"Awesome Video. Loved it 😍

#SalamKissan #SarsabzPakistan #KissanDay"
UgwMniftXfPGYvbx8o14AaABAg,PX7Lvjs639U,20231210,@AsifAli41424,no,no,4,,"It is really impressive because everything in the flood was lost and some people also became abusive. It is affected by them to go through the sea of difficulties but they do not lose hope. As well as the digital aspects of the Sarsz created a large number of reliefs. High output e.g. 10% additional sports plays in farmers' life and their well-role. For the farmers, a day hates to celebrate the head that reminds their efforts that return the cord of our country.#sarsabKissan"
Ugw2idgo9CuDhjvzQXl4AaABAg,PX7Lvjs639U,20231210,@Rayhan.2.6.6.8,no,no,1,india_bangladesh,Love from Bangladesh 🤗❤
UgxzPo0gwAhXaOGXUIp4AaABAg,PX7Lvjs639U,20231210,@Asifpathan8890,no,no,1,,"Sir results announcement kb hogi
#sarsabzkissan"
UgxkOWridoUZh6RSrS14AaABAg,PX7Lvjs639U,20231210,@faizanali.94,no,no,0,,"As we know that Pakistan is one of the biggest agricultural country but some people/builders are converting their lands into commercial purpose due to short cut to become biggest richer which is the affecting of shortage of foods so please arrange a awareness program to keep in mind to save our country and their assets.

Regards,"
UgzYFSRE_FCTaRozI0V4AaABAg,PX7Lvjs639U,20231210,@muhammaddanyal4799,no,no,3,,"It is really impressive because everything was lost in the flood and some people even became abusive.  They are inspired to go through a sea of ​​difficulties but they do not lose hope.  Along with this hope, the digital aspects of SARS have created a large number of reliefs.  High yield E.G.  An additional 10% plays an important role in the lives of farmers and their well-being.  A day for farmers to celebrate Sarsis hates to remember their efforts that return the backbone of our country's economy.
#SarsabzPakistan #SarsabzKahani"
UgzYFSRE_FCTaRozI0V4AaABAg.9z9Q4nhoC6A9zLQiX8kzlM,PX7Lvjs639U,20231210,@LalZaman-dc4zu,no,yes,0,,Nice
UgwWIMcUTHgOjECF2ZJ4AaABAg,PX7Lvjs639U,20231210,@muhammaddanyal4799,no,no,3,,"کسان ہمارے معاشرے کی ریڑھ کی ہڈی ہیں۔ وہی ہیں جو ہمیں وہ تمام کھانا مہیا کرتے ہیں جو ہم کھاتے ہیں۔ نتیجتاً ملک کی پوری آبادی کا انحصار کسانوں پر ہے۔ چاہے وہ سب سے چھوٹا ملک ہو یا بڑا ملک ان کی وجہ سے ہی ہم کرہ ارض پر رہنے کے قابل ہیں۔ اس طرح کسان دنیا کے اہم ترین لوگ ہیں۔ کسانوں کی اتنی اہمیت کے با وجود ان کے پاس مناسب زندگی نہیں ہے۔


#sarsabz

#Sarsabzkissan"
UgwWIMcUTHgOjECF2ZJ4AaABAg.9z7tmdC5rAG9zKxqp11FeN,PX7Lvjs639U,20231210,@ZeeshanKhan-dt9jb,no,yes,1,,Nice 👍
UgwWIMcUTHgOjECF2ZJ4AaABAg.9z7tmdC5rAG9zL2c-P9RrE,PX7Lvjs639U,20231210,@muhammaddanyal4799,no,yes,1,,@ZeeshanKhan-dt9jb  thanks
UgxPTKA7TAb_2uj76r94AaABAg,PX7Lvjs639U,20231210,@kiranrajput6894,no,no,1,,"Narrated Anas bin Malik:
Allah's Apostle said, ""There is none amongst the Muslims who plants a tree or sows seeds, and then a bird, or a person or an animal eats from it, but is regarded as a charitable gift for him.""
  Slam kisan 
Salam sarsabz pakistan."
UgyeULzgDFwVkEdYWv54AaABAg,PX7Lvjs639U,20231210,@Falak_Sher_Ahmad,no,no,0,,"A farmer is a magician who produces money from mud.and Agriculture is the most healthful most useful and most noble employment of a farmer. 
my deep respect for the land and it's harvest is the legacy of generation of farmers who put food on our tables preserved our landscape  and inspire us with a powerfull work ethic.salam kisan 
Salam sarsabz Pakistan.
#FatimaGroup #Sarsabz #SalamKisaan"
UgxZsZ8kNs1e3vIQd-B4AaABAg,PX7Lvjs639U,20231210,@ahmadfalak5355,no,no,0,,"Once in your lif need doctor, a lawyer, a policeman and a preacher, but everyday three times a day, you need a farmer.

#SalamKisan #FatimaGroup #SarsabzPakistan"
Ugwy3MvlDJGh1J61bqt4AaABAg,PX7Lvjs639U,20231210,@nayabfalak2122,no,no,12,,"Our deep respect for the land and its harvest is the legacy of generations of farmers who put food on our tables, preserved our landscape, and inspired us with a powerful work ethic.

#SalamKisan #FatimaGroup #SarsabzPakistan"
UgyiyQEYd0jlPEU4P9J4AaABAg,PX7Lvjs639U,20231210,@muhammaddanyal4799,no,no,2,,سرسبز نے ایک بار پھر معاشرے میں کسانوں کی اہمیت کو اجاگر کیا۔ ان کی انتھک کوششوں کے بغیر، ہمیں روزمرہ کی ضروری اشیاء کی شدید قلت کا سامنا کرنا پڑے گا۔ سرسبز کو شاباش
Ugz2cfzNfg0KJsKhrDl4AaABAg,PX7Lvjs639U,20231210,@muhammaddanyal4799,no,no,2,,"کسان ہمارے معاشرے کی ریڑھ کی ہڈی ہیں۔ وہی ہیں جو ہمیں وہ تمام کھانا مہیا کرتے ہیں جو ہم کھاتے ہیں۔ نتیجتاً ملک کی پوری آبادی کا انحصار کسانوں پر ہے۔ چاہے وہ سب سے چھوٹا ملک ہو یا بڑا ملک ان کی وجہ سے ہی ہم کرہ ارض پر رہنے کے قابل ہیں۔ اس طرح کسان دنیا کے اہم ترین لوگ ہیں۔ کسانوں کی اتنی اہمیت کے با وجود ان کے پاس مناسب زندگی نہیں ہے۔


#sarsabz

#Sarsabzkissan"
UgxiHSG7m4W0Sm6AOot4AaABAg,PX7Lvjs639U,20231210,@sarahbalochkajahan2022,no,no,1,,You all the very farmers are actually so very amazing as well as so very wonderful that you all actually work so very selflessly as well as so very compassionately so that we all you can actually provide us with all that very food which is very much a basic necessity for our very survival. Thanksgiving to all farmers. Following as Sarah Baloch
UgxYRsS64gfvep7H06p4AaABAg,PX7Lvjs639U,20231210,@Uniguething749,no,no,1,,Good luck 🤞
UgxlMuc6lvN6JB-0Ukt4AaABAg,PX7Lvjs639U,20231210,@ghulammurtazapanhwer8166,no,no,3,contest_own_words;subscriber_100k,"@Sarsabz    CONGRATULATIONS 
HAPPY 100K 🎉🎉🎉🎉🎉🎉🎉🎉🎉🎉❤❤❤❤❤❤❤❤❤❤❤❤❤❤❤
INSHALLAH I BIGGEST WISH TO WIN."
Ugy3wf3vskNBNbIAG6t4AaABAg,PX7Lvjs639U,20231210,@Ayanali-ch3kx2ig5v,no,no,3,,"کسان ہمارے معاشرے کی ریڑھ کی ہڈی ہیں۔ وہی ہیں جو ہمیں وہ تمام کھانا مہیا کرتے ہیں جو ہم کھاتے ہیں۔ نتیجتاً ملک کی پوری آبادی کا انحصار کسانوں پر ہے۔ چاہے وہ سب سے چھوٹا ملک ہو یا بڑا ملک ان کی وجہ سے ہی ہم کرہ ارض پر رہنے کے قابل ہیں۔ اس طرح کسان دنیا کے اہم ترین لوگ ہیں۔ کسانوں کی اتنی اہمیت کے با وجود ان کے پاس مناسب زندگی نہیں ہے۔


#sarsabz

#Sarsabzkissan"
Ugy3wf3vskNBNbIAG6t4AaABAg.9yjioswuObM9yz6hOj1ht_,PX7Lvjs639U,20231210,@muhammaddanyal4799,no,yes,1,,❤❤❤
Ugy3wf3vskNBNbIAG6t4AaABAg.9yjioswuObM9zKxtGu0xw9,PX7Lvjs639U,20231210,@ZeeshanKhan-dt9jb,no,yes,0,,❤❤❤
UgxgqM4ujxyIHA7UoFR4AaABAg,PX7Lvjs639U,20231210,@BushraAsif-ud3sh,no,no,9,,"کسان ہمارے معاشرے کی ریڑھ کی ہڈی ہیں۔ وہی ہیں جو ہمیں وہ تمام کھانا مہیا کرتے ہیں جو ہم کھاتے ہیں۔ نتیجتاً ملک کی پوری آبادی کا انحصار کسانوں پر ہے۔ چاہے وہ سب سے چھوٹا ملک ہو یا بڑا ملک ان کی وجہ سے ہی ہم کرہ ارض پر رہنے کے قابل ہیں۔ اس طرح کسان دنیا کے اہم ترین لوگ ہیں۔ کسانوں کی اتنی اہمیت کے با وجود ان کے پاس مناسب زندگی نہیں ہے۔


#sarsabz

#Sarsabzkissan"
UgxgqM4ujxyIHA7UoFR4AaABAg.9yjOzrzXrt59z7tpgGaKH_,PX7Lvjs639U,20231210,@muhammaddanyal4799,no,yes,0,,❤❤❤
Ugw8f1fASwBFKr5pP7J4AaABAg,PX7Lvjs639U,20231210,@BushraAsif-ud3sh,no,no,19,,"کسان ہمارے معاشرے کی ریڑھ کی ہڈی ہیں۔ وہی ہیں جو ہمیں وہ تمام کھانا مہیا کرتے ہیں جو ہم کھاتے ہیں۔ نتیجتاً ملک کی پوری آبادی کا انحصار کسانوں پر ہے۔ چاہے وہ سب سے چھوٹا ملک ہو یا بڑا ملک ان کی وجہ سے ہی ہم کرہ ارض پر رہنے کے قابل ہیں۔ اس طرح کسان دنیا کے اہم ترین لوگ ہیں۔ کسانوں کی اتنی اہمیت کے با وجود ان کے پاس مناسب زندگی نہیں ہے۔


#sarsabz

#Sarsabzkissan"
Ugwbe_Sq2r-vbsJ54QB4AaABAg,PX7Lvjs639U,20231210,@mohsinhashmi4443,no,no,2,,"Farmer of Pakistan is the only hope for Survival of Food supplies.   let's put our hands together to make him stronger as ever. The stronger he will be, the secure whole nation will be. Aameen suma Aameen 

Sarsabz Khadien, Kissan payien Muradien"
Ugw8lamb_s5-uODrFlB4AaABAg,PX7Lvjs639U,20231210,@MSafdarGujjar786,no,no,15,,"ہمارا خون بھی شامل ہے تزئین گلستان میں 
ہمیں بھی یاد کرلینا چمن میں جب بہار آئے
#sarsabz #kissanday # شکریہ کسان"
UgziCZ66HKGXsspjfId4AaABAg,PX7Lvjs639U,20231210,@Asifpathan8890,no,no,4,,یہ واقعی متاثر کن ہے کیونکہ سیلاب میں سب کچھ کھو گیا تھا اور کچھ لوگ بھی بدسلوکی بن گئے. ان سے متاثر ہوتا ہے کہ وہ مشکلات کے سمندر کے ذریعے جائیں لیکن وہ امید نہیں کھوتے ہیں. اس امید کے ساتھ ساتھ سارسز کے ڈیجیٹل پہلوؤں کے ساتھ ساتھ ریلیف کی ایک بڑی تعداد پیدا کی. اعلی پیداوار E.G. 10٪ اضافی کھیلوں کو کسانوں کی زندگی میں اور ان کی اچھی طرح سے اہم کردار ادا کرتا ہے. کسانوں کے لئے ایک دن جشن منانے کے لئے سرسز سے نفرت کرتا ہے جو اپنی کوششوں کو یاد دلاتے ہیں جو ہماری ملک کی معیشت کی ہڈی واپس آتی ہیں.#sarsabz
UgxgnB-zE2KaqLphTtx4AaABAg,PX7Lvjs639U,20231210,@dragonxop4752,no,no,17,,Thank you Sarsabz
UgzC7AWrdDyzxol0Qw14AaABAg,PX7Lvjs639U,20231210,@azizjan8364,no,no,4,,"It's really impressive because everything was lost in the flood and some people even became desperate. In fact, they have to go through a sea of hardships but they never lose hope. With Lashpur's digital initiatives, this hope breathes a sigh of relief, contributing to the lives and well-being of 10 additional farmers like higher yields. A day for farmers to celebrate the greenery to remind them of their efforts which are the backbone of our country's economy,

#sarsabz"
UgzC7AWrdDyzxol0Qw14AaABAg.9yb5PvnZuVX9z7tsr0-X7o,PX7Lvjs639U,20231210,@muhammaddanyal4799,no,yes,0,,❤❤❤❤
Ugwcz1xBYS48R01JFjd4AaABAg,PX7Lvjs639U,20231210,@areejfatima621,no,no,2,,"Really inspiring and heart touching..

Farmers play a pivotal role in our society, serving as the backbone of our food supply. Their labor and dedication ensure that we have a reliable source of nourishment, contributing to the well-being of communities. Beyond sustenance, farmers drive economic growth by supporting agribusiness and local markets. Additionally, their stewardship of the land plays a crucial role in environmental sustainability, making farmers indispensable contributors to the fabric of our society. 
Salute to our kisans.Hats off!!!"
Ugwcz1xBYS48R01JFjd4AaABAg.9yaaT4MY8lPA-GWNU2oZli,PX7Lvjs639U,20231210,@Sarsabz,yes,yes,0,channel_winner_notice,"Congratulations on winning! Please email your complete details (Address, phone number, and city) to sarsabzofficialpk@gmail.com using the same email address associated with your YouTube account."
Ugwcz1xBYS48R01JFjd4AaABAg.9yaaT4MY8lPA-iRu0DN82f,PX7Lvjs639U,20231210,@Sarsabz,yes,yes,0,channel_winner_notice,"youtube.com/@areejfatima621 Please email your complete details (Address, phone number, and city) to sarsabzofficialpk@gmail.com using the same email address associated with your YouTube account."
Ugwcz1xBYS48R01JFjd4AaABAg.9yaaT4MY8lPA03wKt_JX2G,PX7Lvjs639U,20231210,@Sarsabz,yes,yes,0,channel_winner_notice,"youtube.com/@areejfatima621 Time is ticking. Please email your complete details (Address, phone number, and city) to sarsabzofficialpk@gmail.com using the same email address associated with your YouTube account."
Ugwcz1xBYS48R01JFjd4AaABAg.9yaaT4MY8lPA16jXMR0GQa,PX7Lvjs639U,20231210,@Sarsabz,yes,yes,0,channel_winner_notice,"youtube.com/@areejfatima621 Time is ticking!
A last but soft reminder, please email your complete details (Address, phone number, and city) to sarsabzofficialpk@gmail.com using the same email address associated with your YouTube account."
Ugyo0spchSe2SKlX8kd4AaABAg,PX7Lvjs639U,20231210,@zamieditz,no,no,0,,❤❤
UgyNpQJXHOvu3p4unFd4AaABAg,PX7Lvjs639U,20231210,@NadaanNadia,no,no,1,salam_pakistan,Salam pakistan salam kisan❤️
UgytZ-BdJy4FlsIuGSt4AaABAg,PX7Lvjs639U,20231210,@pakistancomefirst,no,no,1,,Happy kissan day
Ugyp_2bxAyYfhxGvBrd4AaABAg,PX7Lvjs639U,20231210,@DietWithMariyaKhans,no,no,5,,"مٹ رہا ہے میرا وجود تیری خلقت سجانے کو 
میں کسان آیا ہو تیرا چولہہ جلانے کو
تحریر✍️ ماریہ خان"
UgxQJ0hngO5iZLwd-oR4AaABAg,PX7Lvjs639U,20231210,@Amjidali-vy8ks9lg2w,no,no,39,,"سرسبز نے ایک بار پھر معاشرے میں کسانوں کی اہمیت کو اجاگر کیا۔ ان کی انتھک کوششوں کے بغیر، ہمیں روزمرہ کی ضروری اشیاء کی شدید قلت کا سامنا کرنا پڑے گا۔ سرسبز کو شاباش!
#sarsabz 
#kissanday 
#18December"
Ugy5oeG1_WG94sdya0l4AaABAg,PX7Lvjs639U,20231210,@AliAsif-rg2jb,no,no,21,,"سلام ان کسانوں کو جو کھیتوں میں دن رات محنت کر کے ہمارے دسترخوانوں کو انواع و اقسام کے کھانوں سے سجاتے ہیں۔ آپ کی محنت اور بے لوث لگن ہمارا قیمتی اثاثہ ہیں. ہمیں آپ پر فخر ہے.

#شکریہ کسان.


‏#sarsabz #kissanday‏"
UgwFFXfA07sYMGB5HGN4AaABAg,PX7Lvjs639U,20231210,@murtazajutt4321,no,no,24,,❤May Allah bless our Farmers❤❤
UgxbdkgrD_LhGZtdZUt4AaABAg,PX7Lvjs639U,20231210,@murtazajutt4321,no,no,2,,Thanks sarsarsabz ❤❤❤
Ugw95IsqAYalW1mvi2l4AaABAg,PX7Lvjs639U,20231210,@murtazajutt4321,no,no,2,,Farmers are real heroes of our life because they make food for us and help us to survive in this world with food
UgwMda5F7KhS6_wKCOV4AaABAg,PX7Lvjs639U,20231210,@murtazajutt4321,no,no,1,,Very appreciative
UgwF9R3EccWqNqH7zdd4AaABAg,PX7Lvjs639U,20231210,@alikaimkhani786,no,no,2,,Salam kesan of Pakistan
Ugzr3eXDJTgJlv_NuhV4AaABAg,PX7Lvjs639U,20231210,@HaroonKhan-mr5ms,no,no,68,,"ہمارے ملک کی خوراک کی ضرورتوں کو پورا کرنے والے بیروز کو کسانوں کے قومی دن کی مبارکباد زراعت سے آپ کی وابستگی ترقی اور ہماری آنے والی نسلوں کی نشونما کی ضامن ہے۔ ہمارے کسان بھائیوں کو ان کی غیر متزلزل لگن کے لئے سلام

#sarsabz

#کسان ڈے"
Ugzr3eXDJTgJlv_NuhV4AaABAg.9yXhOV6w74K9z7uCgHB1rN,PX7Lvjs639U,20231210,@muhammaddanyal4799,no,yes,2,,❤❤❤
UgzYn6IdBuFP6PMBmC94AaABAg,PX7Lvjs639U,20231210,@sudaisjan4662,no,no,30,,"Happy National Farmers' Day to the farmers who meet our nation's food needs. Your commitment to agriculture is a guarantee of growth and development for our future generations. Salute to our farmer brothers for their unwavering dedication

#KissanDay"
UgzYn6IdBuFP6PMBmC94AaABAg.9yXfnOxsMHN9z7uE5BxP7V,PX7Lvjs639U,20231210,@muhammaddanyal4799,no,yes,2,,❤❤❤❤
UgzKv14rkrHMP6y2orl4AaABAg,PX7Lvjs639U,20231210,@alitariq9750,no,no,8,,Great tribute. Tmam kissan bhaion ka shukriya jo din raat mehnat kr ke is mulk ko chlatae hen
UgxpIJdnUwfr-PKV6MV4AaABAg,PX7Lvjs639U,20231210,@umairsiddiq8788,no,no,1,,"Amazing initiative by Sarsabz, Kissan are the backbone of our agricultural country, their dedication towards work save the country from food shortage. #SalamKissan #Sarsabz #FatimaGroup"
UgyZpYtyxn37VqvDHB94AaABAg,PX7Lvjs639U,20231210,@hadeeses,no,no,1,,Thank you so much for appreciate kisan
Ugwnj5rX8m9l1yvcL5h4AaABAg,PX7Lvjs639U,20231210,@Jahangeervlogs786,no,no,1,,Salam kisan❤🇵🇰
UgxNyj4R6EQZzg1GkNB4AaABAg,PX7Lvjs639U,20231210,@aftabbhatti1275,no,no,1,,Thank you kissan and god bless u all 😊❤
Ugw_IVDlry-owh0TT6p4AaABAg,PX7Lvjs639U,20231210,@KhadijaAftab-e2h,no,no,7,,"Your dedication cultivates the foundation of our communities. Through seasons of hard work, you sow prosperity and resilience. Your hands shape not just fields but the tapestry of life, ensuring no one goes hungry. Thank you for grounding us in the certainty that the land will yield its bounty. Your tireless efforts are the backbone of our society. #Salaam Kissan #Sarsabz Fertilizers"
UgzcBt3ojBqrgm9ycxF4AaABAg,PX7Lvjs639U,20231210,@saimananazali2471,no,no,1,,Proud of our farmers 🫡
UgyaEXTRvr_Kt4QItzR4AaABAg,PX7Lvjs639U,20231210,@funwithbakkar421,no,no,1,,Slam Kasaan ❤❤❤❤❤
UgxfHQxznyPFzknS3Ol4AaABAg,PX7Lvjs639U,20231210,@dreadlord888,no,no,2,,PROUD TO BE MUSLIM❤
UgwxJTBPOyP7JxndvUx4AaABAg,PX7Lvjs639U,20231210,@haiemansoor,no,no,8,,سلام ان کسانوں کو جو کھیتوں میں دن رات محنت کر کے ہمارے دسترخوانوں کو انواع و اقسام کے کھانوں سے سجاتے ہیں۔ آپ کی محنت اور بے لوث لگن ہمارا قیمتی اثاثہ ہیں. ہمیں آپ پر فخر ہے.
UgwkW0RZQYoA0rIWEn54AaABAg,PX7Lvjs639U,20231210,@saadbutt19845,no,no,0,,❤❤❤❤❤❤
UgzBDn81Yh0j6yMTvxZ4AaABAg,PX7Lvjs639U,20231210,@SalarAzhar-d6z,no,no,6,,"Really farmers are the backbone of our country and its economy .
We should respect them ."
Ugy4rBe1qarb6wR0LA54AaABAg,PX7Lvjs639U,20231210,@Thecore_crew2,no,no,1,,Thanks ❤
UgwAXBQGQLLMq9G4SEp4AaABAg,PX7Lvjs639U,20231210,@sulemantariq8163,no,no,1,,"Farmers, the silent architects of our plates, plant dreams in the soil, growing a symphony of sustenance that feeds the world. Meanwhile, brilliantly & effortlessly displayed by Fatima as always. Fatima you done & dusted. #SarsabzPakistan #SalamKissan #KissanDay"
Ugy-eMAvw5t_hHcW_wt4AaABAg,PX7Lvjs639U,20231210,@uzairtahir-hz8se,no,no,1,,Farmers work hard
UgxDxd6oNeA5W2oxA4d4AaABAg,PX7Lvjs639U,20231210,@HassamRaza-l3e,no,no,0,,Thank you❤
UgxoOIc5X-lgG8KinNN4AaABAg,PX7Lvjs639U,20231210,@ansirabbassunhara3523,no,no,0,,❤❤
UgyGGfdNAocbGnQbJu94AaABAg,PX7Lvjs639U,20231210,@NaseebNaseeb-mf8kq,no,no,0,vlog_referral,Ducky Army like Kra 😊
Ugxr7x6TE1mxBJrBDsd4AaABAg,PX7Lvjs639U,20231210,@ShahidKhan-dm9lc,no,no,2,,Allah AP ki Mehnat ka Sila ATA Frmaye Ameen 🤲🌹🌹🌹🤲
UgxmFZB4WEs5a-cNMR14AaABAg,PX7Lvjs639U,20231210,@Gta_vice_cityfp,no,no,0,,Thanks
Ugx1rnLbR3Rv6dzfpiB4AaABAg,PX7Lvjs639U,20231210,@UsamaKhan-y5f,no,no,1,,Thanks kissan
Ugz-W3nQvc0wp37CuFJ4AaABAg,PX7Lvjs639U,20231210,@MrIrfan514,no,no,1,salam_pakistan,"A Tribute to Heroes of Agriculture Sector of Pakistan.  ""Kissan"".   
Fatima Fertilizer is the first ever Company in Pakistan who not only identified the importance & recognised the efforts of farmers in building the agri economy as well as supporting  ,"" Kissan ""  in achieving this goal

 SalamKissan # salam Pakistan #. Sarsabz Pakistan"
UgwCmhKAhgcHOFuyTJp4AaABAg,PX7Lvjs639U,20231210,@ASKVLOGS804,no,no,1,,Thanks ❤❤
UgwcYZYsHaLUaf6TGgd4AaABAg,PX7Lvjs639U,20231210,@usmanaziz5506,no,no,6,,"Impressive effort by Sarsabz team. Powerful message to keep determined and focussed despite of challenges which come during process. Nice way to say tribute to farmers for efforts they are putting to serve and feed nation. 
Kudos to all farmers and very well done Sarsabz team for acknowledging their efforts.
#SalamKissan#FarmerDay#SarsabzPakistan#SarsabzTeam"
Ugy-KdtwzBOx0xbxYQt4AaABAg,PX7Lvjs639U,20231210,@fainanking181,no,no,1,,Pakistan kisan our pride
Ugyd40lfxLEtvARFdCB4AaABAg,PX7Lvjs639U,20231210,@ASGHAR215,no,no,1,,Good work and salute to Farmers. 👍
UgzGG2Cd_A7z-MUUkJF4AaABAg,PX7Lvjs639U,20231210,@asifabbas7922,no,no,2,,"#Salam Kissan, # Sarsabz Pakistan. It is honor to pay tribute to the Farmers of Pakistan on recognizing their extreme hard work, passion, unwavering commitment and dedication. I like the message of hope exhibited by Kissan. Hope brings new energy with every passing day and helps kissan to fight on with great challenges of life. Those who never leave hope, won every battle in the life."
UgxE6FVkMYBWtGsMUzt4AaABAg,PX7Lvjs639U,20231210,@ninjagaming6202,no,no,1,,Happy kesaan day
UgzEtEuCaeT_GfE8Uih4AaABAg,PX7Lvjs639U,20231210,@AliBhai674r,no,no,0,,😂
UgwJdpKCma01kIXg4at4AaABAg,PX7Lvjs639U,20231210,@shafqaturrehman1201,no,no,3,,Our Pakistani farmers are proud of our beloved country Pakistan
UgzPYNzjPzJw39-QTw54AaABAg,PX7Lvjs639U,20231210,@Journalist_Unis,no,no,1,,Well done sibt e Hasan bhai
UgxW46dtDocswplKbpx4AaABAg,PX7Lvjs639U,20231210,@AbdulRehman-bz5nx,no,no,0,vlog_referral,Ducky Bhai army
Ugx_XX9Mxb0aAZWvIrZ4AaABAg,PX7Lvjs639U,20231210,@saimliaqatliaqatali4202,no,no,0,,THANKS
Ugw5MubX0vdFOWMYyu54AaABAg,PX7Lvjs639U,20231210,@Your_BestFriendNomi,no,no,0,,Duck bhaii
UgxkXmuRgkkNpXK_VmR4AaABAg,PX7Lvjs639U,20231210,@acutecute2008,no,no,1,,"Very strong and emotional expression of emotions for farmers community. A very touchy message, i always get involved and lost in emotions. Extremely powerful theme expressed by Fatima Fertilizer team, showcasing farmer's efforts and courage while facing very hard natural climatic conditions, falling down along with his family and then gathering courage and then standing tall with a pride of smile on his face and his family member. Salam Kissan, Sarsabz Pakistan.  Stay Strong Kissan and Team Sarsabz."
UgyPz-RsEkFLbJ3rKDB4AaABAg,PX7Lvjs639U,20231210,@hashimchaudhry3898,no,no,1,,Proud to be a farmer💖
Ugzewr4l0Lpf6hgEIZx4AaABAg,PX7Lvjs639U,20231210,@happy-l8y2s,no,no,1,,We should be very thankful for food on our tables.The clothes our back. And to the farmers who make it possible. Thank u so mush kissaan.❤❤❤❤❤❤❤❤❤❤
UgzAwuGq7DwW5XPkCA94AaABAg,PX7Lvjs639U,20231210,@yameenvillagevlog3612,no,no,13,,بہت خوبصورت دی سے ویڈیو بنائیں اپ کو میں داد دیتی ہوں❤❤
Ugyo8gxavkvBSSCl9rF4AaABAg,PX7Lvjs639U,20231210,@AdanMalik3694,no,no,1,,Happy kissan day thanks for all kissan 😊 ❤
UgzZ17YAwxmcc7_htRp4AaABAg,PX7Lvjs639U,20231210,@majidakhatoon2331,no,no,1,,Kisses ke azamt KO salam🎉🎉 🎉
UgyZVhJz3MAO7X5SCFh4AaABAg,PX7Lvjs639U,20231210,@SaadBabar-zi1jx,no,no,1,vlog_referral,Thanks kisam from Ducky bhau
UgwxQsuL-ZAth_k-CFZ4AaABAg,PX7Lvjs639U,20231210,@9ts-sigma,no,no,0,,Kisan na hoty tu hum bhoky mar jaty 😢❤
Ugzsct9A4iDgsaKu0bR4AaABAg,PX7Lvjs639U,20231210,@waqarabbasi7059,no,no,1,,"In the face of devastating floods, Pakistan's resilient farmers stood undeterred, cultivating hope from the mud and chaos. Their unwavering spirit not only revived crops but also breathed life into communities, fostering a brighter future and fortifying Pakistan's economic landscape. Salute to the indomitable farmers, the unsung heroes of resilience and renewal.

#SalamKissan ❤"
Ugy2UWh4try8aCEAQ0t4AaABAg,PX7Lvjs639U,20231210,@RokharivloG,no,no,0,,❤❤❤❤❤❤❤❤❤
Ugzjx8raKdZH7dMH7up4AaABAg,PX7Lvjs639U,20231210,@ezmaeman4806,no,no,2,,"کسان تجھے سلام!

سلام ميرے وطن کے بہادر کسانوں کو جو اپنی محنت سے کرتے ہيں سب کام راس!

میرا کسان - میرا پاکستان!
 #kissanday"
Ugw9ZOcUHOwDV9Vyujp4AaABAg,PX7Lvjs639U,20231210,@ezmaeman4806,no,no,3,,"ہمارے ملک کی خوراک کی ضرورتوں کو پورا کرنے والے ہیروز کو کسانوں کے قومی دن کی مبارکباد. زراعت سے آپ کی وابستگی ترقی اور ہماری آنے والی نسلوں کی نشونما کی ضامن ہے۔ ہمارے کسان بھائیوں کو ان کی غیر متزلزل لگن کے لئے سلام۔

#KissanDay"
Ugz4dvdKBfbnxsVLIrV4AaABAg,PX7Lvjs639U,20231210,@Bilal_Sheikh911,no,no,26,,Thanks to all our farmers who work hard for us ❤❤❤🫶
UgxDDJrYhIcTnnpszNB4AaABAg,PX7Lvjs639U,20231210,@khangaming635,no,no,0,vlog_referral,Came here from ducky bhie vlog❤❤❤❤
Ugy6sFTzTu3vtZWbE694AaABAg,PX7Lvjs639U,20231210,@MianAmir-br1gr,no,no,1,,Thank you ❤❤
UgyIuxP4zgdU4b_bhQp4AaABAg,PX7Lvjs639U,20231210,@nextwarhere01,no,no,2,vlog_referral,you all are doing great work     love from ducky bhai
Ugy7yvdCObl46e-z64t4AaABAg,PX7Lvjs639U,20231210,@foziaaltaf,no,no,1,,"Salam Kissan Happy Kissan Day! 

#SalamKissan #KissanDay #SarsabzPakistan"
Ugx_viG9OD2ZtDOAhbd4AaABAg,PX7Lvjs639U,20231210,@foziaaltaf,no,no,1,,Salam Kissan Happy Kissan Day
UgytqGh-KzVv0I4iwFx4AaABAg,PX7Lvjs639U,20231210,@mdanishshah8152,no,no,0,,Mash Allah bahot khoob
UgzkkQo4dAitDJQmZdZ4AaABAg,PX7Lvjs639U,20231210,@ibaadjan6838,no,no,1,,❤❤❤Kisan Allah aapko Hamesha Salamat Rakhe
UgwgWxRzvZAhAsopkyR4AaABAg,PX7Lvjs639U,20231210,@ff.army4447,no,no,1,,Nicebest🎉🎉🎉🎉🎉🎉❤❤❤❤❤
Ugx75dyNDdHvqdvIYTp4AaABAg,PX7Lvjs639U,20231210,@KashifKhan-tz8be,no,no,0,,❤❤
Ugwiht1jFxrYfZoja6d4AaABAg,PX7Lvjs639U,20231210,@pakistantech409,no,no,0,vlog_referral,Ducky family
UgwFbhCVyBdWqXYSiQB4AaABAg,PX7Lvjs639U,20231210,@VoiceofReality09,no,no,1,,Thank you farmer's ❤
UgxBYYrcaSHEY-2LCsp4AaABAg,PX7Lvjs639U,20231210,@StoapCast_1,no,no,1,,Farmers we all loves you with the core of our heart ❤❤❤❤❤❤❤❤❤❤❤
Ugy50uBCjR4D1NVicAt4AaABAg,PX7Lvjs639U,20231210,@ShafiqKhan-m8u,no,no,1,,Thanks to all farmers❤❤
UgxkEd6t4kW9qBUJZNV4AaABAg,PX7Lvjs639U,20231210,@AyaanAsif-v1z,no,no,1,,Salaam kisaan
Ugyc4swuzPdvxo6mRup4AaABAg,PX7Lvjs639U,20231210,@youmangoatland,no,no,0,,Thnks kisan 🎉🎉🎉 bhai
Ugw9ZM_xLssvQP84NmJ4AaABAg,PX7Lvjs639U,20231210,@dr4lie523,no,no,1,,Heart touching video by SARSABZ and thanks to FATIMA GROUP for recognizing the hard working farmers of Pakistan.
Ugx017lPbj-8QmAOSw94AaABAg,PX7Lvjs639U,20231210,@samali2,no,no,0,,🎉🎉🎉
UgyeZt_OGe71VBEcejB4AaABAg,PX7Lvjs639U,20231210,@09125imran,no,no,0,,"Thank you, Sarsabz Team, for shedding light on the challenges faced by our farmers during last year's rains in Pakistan. The portrayal of a farmer selling their property is moving, showcasing the harsh impact of climate change. As urban consumers, we often overlook their struggles. Let's prioritize climate change in our national agenda, supporting farmers with sustainable practices, financial aid, and awareness.
Sending heartfelt gratitude to farmers for their dedication and hard work. Your resilience is inspiring. Thanks for ensuring a steady food supply. Your efforts don't go unnoticed. Wishing you success and prosperity.
#SalamKissan #KissanDay #SarsabzPakistan #FatimaGroup"
UgyNLutNP7s9EqjzqiV4AaABAg,PX7Lvjs639U,20231210,@muhammadusmanahmed3659,no,no,1,,"This video depicted the misery and pain , our farmer brothers/sisters and their family have gone through. No doubt being agricultural country, Farmers are the backbone of PAKISTAN's economy. The zeal, passion and determination  they have exerted in the fields after sustaining very difficult situation like floods , There is only one word for them, #SALAM_KISSAN. Dear Farmers _ You are not less than a SUPER HERO."
Ugx1NTtMTzDMkvTToh54AaABAg,PX7Lvjs639U,20231210,@desiboys2686,no,no,1,,Alhamdullilah im kisan ❤
UgxDgcsxDy4EWfylKNd4AaABAg,PX7Lvjs639U,20231210,@danishwithyou,no,no,0,,❤❤❤
UgztWtmuuZsd82VsdTd4AaABAg,PX7Lvjs639U,20231210,@2cguy,no,no,1,vlog_referral,thanks to ducky bhai and  turab bhai for letting us know
Ugz2heFkfBircAV95m54AaABAg,PX7Lvjs639U,20231210,@Sherryking295,no,no,1,,Nice
Ugyj3s-5SkUBz8DIBTN4AaABAg,PX7Lvjs639U,20231210,@AsifKhan-ow9dt,no,no,1,,Love you 😘😘😘😘😘😘
Ugz-9xTKTkFPhCDrD5t4AaABAg,PX7Lvjs639U,20231210,@insanebunny6868,no,no,1,salam_pakistan;vlog_referral,Salam Kisaaan ❤️ Salam Pakistan ❤️‍🩹 #duckybhai
Ugzmd3bQIiEClBCqZNd4AaABAg,PX7Lvjs639U,20231210,@sohailahmed-mk7uw,no,no,17,,"Salam Kissan, Our ture hero's. The story depicts the realty of the hardships faced by our  kissan."
Ugzmd3bQIiEClBCqZNd4AaABAg.9ySevoZBNv1AQrLPtccWJr,PX7Lvjs639U,20231210,@MuhmaadTeyab,no,yes,0,,😮
Ugw2GCt8twEuS5z0PQB4AaABAg,PX7Lvjs639U,20231210,@muhammadsohaibkhan225,no,no,2,,"To Pakistani farmers, your dedication and resilience cultivate not just corps, but hope and sustenance. Your unwavering commitment sustains our nation. Your toil feeds our future. Your labor is honoured and cherished deeply. Thank you"
UgxOsfpMrGA8pUfqKfR4AaABAg,PX7Lvjs639U,20231210,@mfarooqzafar1151,no,no,1,,Solute to Kisan
Ugzc5ipFQ4-Cnz_x_JB4AaABAg,PX7Lvjs639U,20231210,@waheedulhassan_vlogs,no,no,1,,"Famers are playing their role as fore fighters for Pakistan economy and considered as backbone for economic growth, served their life for the food of others and to fill other stomach.
Their dedication, work and love for their work should be appraise and celebrate like fatima group.
Happy Kisaan Day❤❤❤"
UgyC0c8VdI-ugY0YfZt4AaABAg,PX7Lvjs639U,20231210,@GhulamAbbas-cx6cs,no,no,1,,"Farmers are our pride❤❤
You are the backbone for our country economic growth.."
Ugy1QeeERfvz15-SQA94AaABAg,PX7Lvjs639U,20231210,@MohammadTalha-t3s,no,no,2,,"The video gave me goosebumps. The sacrifice, hardwork and resilience of the farmers is commendable. Salute to the farmers.#Salamkissan"
UgyX-RByz3G_wvANF_N4AaABAg,PX7Lvjs639U,20231210,@AhmedSiddiqui-wn1el,no,no,1,,Proud to be farmers
UgwveS3gth9MtN4YU3V4AaABAg,PX7Lvjs639U,20231210,@proogameing8890,no,no,0,,Wow
UgzjKXnGhQSTdhATuPp4AaABAg,PX7Lvjs639U,20231210,@asadafzal8795,no,no,2,,"Really inspiring and emotional.
Biggest thanks goes only and only to our very farmers who actually workdays as well as nights for us so that we can actually get all that food to eat. Salute to all those farmers who are actually working so persistently as well as so very tirelessly for all the people like us. Hats off only and only to all my hard-working farmers, who actually are so very much humble that they actually make all that very variety of food items available for us while we just actually keep doing all of our work here. Thanksgiving to all farmers"
Ugx4UbBjQPU9lQfZqQN4AaABAg,PX7Lvjs639U,20231210,@kousarperveenkousarperveen6069,no,no,1,salam_pakistan,سلام پاکستان
UgxHSaPhL78O5hYRAER4AaABAg,PX7Lvjs639U,20231210,@AamirMalik-om5gn,no,no,0,,"Pakistan relies heavily on agriculture, with farmers playing a crucial role in the nation's agrarian landscape. Our farmers face challenges head-on but their resolute stands as tall as the robust crop they cultivate. Flood and heavy rains might have assessed the resilience of their crops but these could not diminish the unyielding determination that flows through our farmers' veins. Similar to seeds weathering storms to grow into towering trees, our farmers will ascend beyond these obstacles.
Humare kisaanon ko salam."
UgxPWMLPMxaKcPflPTx4AaABAg,PX7Lvjs639U,20231210,@awais4u219,no,no,0,vlog_referral,Who Is here From Ducky Bhai Vlogs
UgyI1GSv_jlPXNf_YyB4AaABAg,PX7Lvjs639U,20231210,@talhacheema2351,no,no,1,,THANKS  my father is also a farmar.❤
UgzE6099j2f38UAwVsJ4AaABAg,PX7Lvjs639U,20231210,@AbidAli-mq3jz,no,no,5,song_voice_lyrics,"Being son of a Farmer, I found this song so engaging and moving. Everyone can feel the joys behind smiles and miseries behind wrinkles; our hardworking farmers & families go through. Bravo Kissan. We owe you a BIG THANK YOU❤"
UgwYJx2sySkcZSgMcix4AaABAg,PX7Lvjs639U,20231210,@muhammaduzairasif4190,no,no,2,,"#salamkissan#fatimagroup#ffl
After watching this video my heart filled with gratitude 😇👍 and thankfulness 😊 for our hardworking farmers for being source of light and hope for every person of Pakistan  in the darkest time of nation (flood).

Message to farmers :
Your hardwork, dedication, passion and positivity sustains us all. Through seasons of growth and uncertainty (flood) you stand resilient. 
Thank you 😊☺️ for being the backbone of our food supply, for turning earth into a canvas of sustenance and for countless hours you invest to feed communities. You work is gift  to us all and on Farmers day we acknowledge and appreciate impact you make 👍

Regards
Muhammad Uzair Asif
Fatima Fertilizer Company Limited"
UgzQusxlQEsZ1y_mcB14AaABAg,PX7Lvjs639U,20231210,@thewealthdecodedusa,no,no,1,,Thanks alot Allah gives for success and sabr❤
UgzJOdbrU-lq9Yg508t4AaABAg,PX7Lvjs639U,20231210,@rizwangillaniblog,no,no,1,,"Salam Kissan Sarsabz Pakistan❤❤❤
👇"
UgyjWgTRqyGqb4DCY2Z4AaABAg,PX7Lvjs639U,20231210,@farivlogs203,no,no,0,vlog_referral,after Ducky bhai video
UgzOgNW3Jz6D-nBecJ94AaABAg,PX7Lvjs639U,20231210,@Sanaullahtanoliofficial,no,no,1,,Salam kisan kisan tere Azmat ko salam
UgyYycgmjeRFI92I-MN4AaABAg,PX7Lvjs639U,20231210,@sadiqafridi9492,no,no,1,,Happy kissan day🎉❤
Ugw-QizPyNYhuwjXwDZ4AaABAg,PX7Lvjs639U,20231210,@abdulrehmanshah9312,no,no,2,grievance,"❤❤❤کسانوں کو کھاد نہیں مل رہی یہ کسی کو نظر نہیں ائے گا 
کیا کسان ڈے منانے سے کسانوں کی مشکلات دور ہو سکتی ہیں ؟؟؟"
UgwNZ7VvgutBWhQLQmV4AaABAg,PX7Lvjs639U,20231210,@omchowkchelharcity1042,no,no,0,,@SalamKissan
Ugzwu_xOyXTaGnhidrF4AaABAg,PX7Lvjs639U,20231210,@sudaisjan4662,no,no,4,,"Ask the farmer about the meaning of halal sustenance. Sweat flows from the body of a farmer. In cold nights, in the hot sun, he takes care of his crops like he protects his child. In order to save, he puts his bed in the fields, wheat, cotton, rice or sugarcane he grows, he spends his life on all these crops . #Sarasbz"
UgwgRtGZ7evx1nE3EQt4AaABAg,PX7Lvjs639U,20231210,@UnsaMalik3893,no,no,2,,Zindabad kisan pakistan
Ugz4QAHfBIS9aaiIEQF4AaABAg,PX7Lvjs639U,20231210,@nomanaziz537,no,no,1,,Happy kissan day
Ugx1uqWTr0tHy6KY1op4AaABAg,PX7Lvjs639U,20231210,@hasnainali3462,no,no,2,,"Excellent Tribute to all the Farmers who are our unsung heroes of the nation and toil tirelessly to cultivate the fertile lands of our beloved nation. 
In every furrow they plow, in every seed they sow, and in every sunrise and sunset witnessed from their fields, our farmers embody the spirit of dedication, resilience and hardwork. Expressing our collective gratitude for the abundance that graces our tables, thanks to the hardwork and dedication of each and every farmer across the Nation.
#Salam_Kissan_Tribute is compiled in a very marvellous emotional way. It felt like we are nothing without our Kissan and nation's prosperity is in Kissan's prosperity. In our downsides, we must help each other as Fatima group is committed to help our Kissans through their enriched Fertilizers productss.
#KissanDay #SarsabzPakistan #SalamKissan"
Ugx-WEW05zNarrGobgB4AaABAg,PX7Lvjs639U,20231210,@ysstudios1,no,no,1,,Pakistan ke kisan hamari shan❤
UgxrTndM2nRTnQ3xuGZ4AaABAg,PX7Lvjs639U,20231210,@shorts2You,no,no,1,,"Sarsabz and kissan together will take Pakistan to the top❤sarsabz is the best in appreciating whose hard work.
If the condition of farmers is good then the condition of Pakistan will be good."
UgzbueD5LQuWIZ99S994AaABAg,PX7Lvjs639U,20231210,@Samee_3k,no,no,1,,Thanks❤
UgwVNRppxWBhXWIMQxV4AaABAg,PX7Lvjs639U,20231210,@AnwarQureshi-h3k,no,no,1,,Salam kissan
UgxpDYFnqSlpGxQLhix4AaABAg,PX7Lvjs639U,20231210,@islamicvideo4321i,no,no,1,,Kisan day Mubarak ho
UgzzgGrKvQIFcuWQYet4AaABAg,PX7Lvjs639U,20231210,@islamicvideo4321i,no,no,1,,Love 💞 you kisan brother
Ugz4npUZl-bxVK0eQrl4AaABAg,PX7Lvjs639U,20231210,@HafizAbubakarbwp,no,no,12,,Thanks again for kisan
UgzrHF6Pow3m8GMEkNx4AaABAg,PX7Lvjs639U,20231210,@waseemtulla5795,no,no,1,,Happy Kissan day
Ugws69XX_UK5N60Max54AaABAg,PX7Lvjs639U,20231210,@AbdulGhaniAbdulGhani-cc5dq,no,no,1,,Kisan tuje pure qom ka Salam 🤗
UgwA83nykGDz-gvhD854AaABAg,PX7Lvjs639U,20231210,@mohammadmustafa773,no,no,2,,"No one can deny the efforts of a Kissan, Even a CEO is thankful to farmer for the efforts he/she has put in so he is having his bread in lunch beautifully portrayed in the video. #Salam Kissan #18December2023"
Ugyp0dzoSwXU-7Vrfm54AaABAg,PX7Lvjs639U,20231210,@HashirKhan178,no,no,1,,Kisaan ko tribute wo hmary liya kiya krty hain hmein un ki mdad krni chahyw na kh khana waste kr dw. Aayein hm sab mil kr kisano ki madd krein aur sarsabz ko imdad bhi dein.Happy kisan day to all kisan watching. Let us create a happy environment . Salam un kisano ko jo hmry liye kiya kiya kr rhy hain aur apni jgh bhi kho rhy hain . Salute to all kisans
UgwL7aj9hraQIW0cpOF4AaABAg,PX7Lvjs639U,20231210,@CarLove_010,no,no,2,,پاکستان کے کسان ہماری شان
UgyfpPL2tnFbBolaN7x4AaABAg,PX7Lvjs639U,20231210,@harajakbar6697,no,no,0,,❤❤❤❤
Ugw9hKDADiFliaih7Qt4AaABAg,PX7Lvjs639U,20231210,@Saifbirdsvlog009,no,no,0,,Thank you to all kisan I love you hor adwanc happy kisan day
UgwZe9mPUQwv3HPQ2SV4AaABAg,PX7Lvjs639U,20231210,@littlefun.w,no,no,0,,❤❤
Ugw5YcQQJnVBDaE_Kkp4AaABAg,PX7Lvjs639U,20231210,@waseemfaqir4164,no,no,1,,Allah hamare sath ha
Ugyk9xGr9JgI0rDfDDl4AaABAg,PX7Lvjs639U,20231210,@gamingtribune24-7,no,no,1,india_bangladesh;song_voice_lyrics,"Song is good, full of motivation and emotions,
Message for farmers
1st of all Allah Pak bless all the farmers who have land near rivers, 2ndly farmers ko chaheeay k apnay reservoirs banain tak jin dino pani key kami ho to wahan say pani key puraee ho jaisa k india mein hota hai, phir aap ko chaheeay k aap modern farming key taraf jayen jiddat lain taakay aap ka crops export level pay aye or last mein agri land ko towns mein convert kerain keun ka agriculture hamari backbone hai"
UgxL3-Bl-jOW_D5CFaV4AaABAg,PX7Lvjs639U,20231210,@MoeedShiekh-pt2gk,no,no,0,,😢😢😢😮
UgzPAF9y-SNG9TORCqN4AaABAg,PX7Lvjs639U,20231210,@nightfurry16,no,no,1,,Yar kesan bohot mehnat karte hai congratulations for kesan day❤❤❤❤❤❤❤❤❤❤❤❤❤❤❤❤❤❤❤
Ugxge-nNKYpdlk8nH_x4AaABAg,PX7Lvjs639U,20231210,@ariflatki9754,no,no,1,,Salam kissan Sarsabaz Pakistan❤
UgyjUDUDcsq_hZnqt1V4AaABAg,PX7Lvjs639U,20231210,@ariflatki9754,no,no,5,,I salute of Farmer this is hardworking person Allah pak kissano ko Sehyat dy or lambi Omar atta farmay Ameen❤
UgwKSkEUX4bkR0dJ2uZ4AaABAg,PX7Lvjs639U,20231210,@Islamic-kd7ew1vr4t,no,no,2,,I love all things about village I am also live in village but unfortunately not connected with farming
UgzWAkfPL7X-V4LbZ5R4AaABAg,PX7Lvjs639U,20231210,@ariflatki9754,no,no,2,,Pakistan ki Shan Kisan hamri Shan and Jan Alhumduillah My Father is Farmer to be proud a farmer❤
UgyrBy6XB5dGJ5E2h-x4AaABAg,PX7Lvjs639U,20231210,@umairumair6677,no,no,1,,Very good ❤❤❤😢
UgwXZt0E9-Us8kTQscR4AaABAg,PX7Lvjs639U,20231210,@behind-the-world-07,no,no,3,,Happy Kisan Day! Saluting the dedication and hard work of our farmers who contribute tirelessly to nourish the nation. Your efforts are the backbone of our prosperity. Salam Kisaan❤🎉
UgyX6g1_gSx_cKYPo6V4AaABAg,PX7Lvjs639U,20231210,@haroonch6203,no,no,0,,🎉😊😊😊😊😊😊😊😊😊😊😊😊😊😊😊😊😊😊😊😊❤❤❤❤❤❤❤❤❤❤❤❤❤❤❤❤❤❤❤❤❤❤❤❤❤❤❤❤❤❤❤❤❤❤❤❤❤🎉🎉🎉🎉
UgygOzYSjpuZTEb9ILp4AaABAg,PX7Lvjs639U,20231210,@yasiriftikhar1432,no,no,1,,Our Hero's__The Farmers 🥰❤
Ugzl8u8YvNSVX8NAudN4AaABAg,PX7Lvjs639U,20231210,@bikelover14413,no,no,1,,So nice
UgxGPZxNRy0moDw26nt4AaABAg,PX7Lvjs639U,20231210,@afzalattari5605,no,no,1,,Salam kisan  ❤️❤️
UgwBoLV6XFjx0Z8aqIp4AaABAg,PX7Lvjs639U,20231210,@bukharisyedah1140,no,no,1,,wow superb. kissan hy tou hum ghr bethy sb kch khaty ❤❤
UgxgnOxMmqXtEDBuCkt4AaABAg,PX7Lvjs639U,20231210,@sonokhan9627,no,no,1,,Love u kisans
UgxgnOxMmqXtEDBuCkt4AaABAg.9yS64LxbxDu9yS6VYMOfmN,PX7Lvjs639U,20231210,@zakirrajput855,no,yes,0,grievance,کسان کی محنت کو سلام ہے ہاتھ میں پیسے ہیں کھاد کے لیے پریشان ہیں کمپنی کوئی اسانیاں پیدا کرے❤
UgybT1NHApxJXN791Rx4AaABAg,PX7Lvjs639U,20231210,@muhammadsiraj9666,no,no,2,,"I love Pakistan aur farmers
جس کھیت سے دہقاں کو میسر نہیں روزی
اس کھیت کے ہر خوشۂ گندم کو جلا دو"
UgwcT1cUypGQqdMUdP54AaABAg,PX7Lvjs639U,20231210,@AnsarBaloch-kv5rx,no,no,1,,Thanks kissan❤
UgwBEpkgOrmIybQurCl4AaABAg,PX7Lvjs639U,20231210,@mianzahidzahid4896,no,no,9,,Thanks kisan
UgwGns04DN8-FDLRkN94AaABAg,PX7Lvjs639U,20231210,@maharshafimailsi8907,no,no,0,,❤❤❤
UgxMZJ1KT-LQO7yN5Bx4AaABAg,PX7Lvjs639U,20231210,@uniqueqazi1245,no,no,1,,Salam kisaan🎉❤❤
Ugw4HYncXmPiQlrZKFV4AaABAg,PX7Lvjs639U,20231210,@asadaliasad8992,no,no,1,,Salute to kissan💖💖👍
Ugwej4sOPkKuldxvmWF4AaABAg,PX7Lvjs639U,20231210,@asadnarokeala44,no,no,1,,Nice ❤😊🎉
UgwtIxGUCyNbaBGUTKZ4AaABAg,PX7Lvjs639U,20231210,@Kainatzawar,no,no,1,,Bhtt khubsort kaam keep it up
UgywRlrOge-8atsOoPZ4AaABAg,PX7Lvjs639U,20231210,@zainsarfraz5475,no,no,0,,😢😢😢
UgyP5HMOROqcHIziKtR4AaABAg,PX7Lvjs639U,20231210,@Kainatzawar,no,no,0,,Sibite hassan well done👍
UgzJEhxyuaGT6LKByRZ4AaABAg,PX7Lvjs639U,20231210,@AliBhai-3010r,no,no,1,,Thanks
UgylR_4G7oCKWGlAj8J4AaABAg,PX7Lvjs639U,20231210,@AliAhmad-kv1eb,no,no,1,,Thank you Fatima fartilizar
UgwPsAc3KQjIAk9wd5B4AaABAg,PX7Lvjs639U,20231210,@SohailKhan-gs1me,no,no,0,,Thank you ❤
Ugxet49zfGJL6arAEI54AaABAg,PX7Lvjs639U,20231210,@officialzafarimam,no,no,1,,Salam  kissan ❤
UgzdFXcvT8f1p05dNzd4AaABAg,PX7Lvjs639U,20231210,@thirstycrow8191,no,no,0,,Sibte hassan ❤
UgyE55yccIt1CNjctlF4AaABAg,PX7Lvjs639U,20231210,@MaherShahzadMuhammadShahzad,no,no,2,,Happy kissan day
UgxmYzcchBSDQVVdArx4AaABAg,PX7Lvjs639U,20231210,@sufwaanali9584,no,no,1,,Salam Kissan ❤❤ Salam Sarsabz Pakistan ❤❤ Pakistan Zindabad❤
UgwaTj0ZvNiqQcdlEt94AaABAg,PX7Lvjs639U,20231210,@sufwaanali9584,no,no,1,,❤❤❤❤ Kisan Hyn tw Hum hYn ye mUlk hai Ye nH Tw hUm nHi ❤❤❤❤
Ugz3Dx2On_8tGcQrlQB4AaABAg,PX7Lvjs639U,20231210,@soldiergamerz786,no,no,2,subscriber_100k,Congratulations 👏👏🎉 for 100k subscribers on YouTube 😘❤
UgxxLx-itD37JNHCvUV4AaABAg,PX7Lvjs639U,20231210,@muazzamahmed8164,no,no,1,,Awesome 💯
UgxyYkwngkxilHa7NGl4AaABAg,PX7Lvjs639U,20231210,@muazzamahmed8164,no,no,1,,Superb ❤️💛
UgyQUqiOa3afGvwROhJ4AaABAg,PX7Lvjs639U,20231210,@ranaumar4343,no,no,2,,Very informative  👏  proud to bi a part of this group ❤
Ugzer25tT603eiOdk0l4AaABAg,PX7Lvjs639U,20231210,@ashrafsuhail,no,no,1,,Great great 🎉.. Salam kisan .. wonderful Sib Hassan 👍
Ugz-4ebfUq7q1kVplZx4AaABAg,PX7Lvjs639U,20231210,@mohammed_afroz07,no,no,1,india_bangladesh,Love from India ❤❤
UgzGJPhFUdq9s97qT6d4AaABAg,PX7Lvjs639U,20231210,@nimrarafiq2083,no,no,1,,salute is to hard
Ugz_t-6IoEc661g70yh4AaABAg,PX7Lvjs639U,20231210,@MK-M.Bakhsh-Hashmi,no,no,1,grievance,"No farmer no food 
Respect farmer 
Provide them facilities"
Ugx2i9KgESi1alIhvkJ4AaABAg,PX7Lvjs639U,20231210,@abdullahshahidshahidbashir4523,no,no,1,,I love  you ❤😊❤😊❤😊❤😊🎉
UgxKwaO1_pMacl8ZkcZ4AaABAg,PX7Lvjs639U,20231210,@amaanboss5758,no,no,33,,Who loves Quran 😊
Ugy4yB1Ik1JIGFyOaQN4AaABAg,PX7Lvjs639U,20231210,@amaanboss5758,no,no,0,,Who loves Allah pak
UgyTtfuUN88TUuGr2i94AaABAg,PX7Lvjs639U,20231210,@crazytaimoor8077,no,no,0,,Thanks❤
UgzYhWXrGKkoZRwuJQJ4AaABAg,PX7Lvjs639U,20231210,@2819khan,no,no,2,,Thank you so so much
Ugww6ntpDtlQnL-tLJt4AaABAg,PX7Lvjs639U,20231210,@Paintwithme12_456,no,no,1,,Shukriya
UgxWIHocTY94Oo178Rp4AaABAg,PX7Lvjs639U,20231210,@Mohsin604,no,no,0,,Love you ❤
Ugw-azwI8_uuHBCgDbx4AaABAg,PX7Lvjs639U,20231210,@adilmehmood3419,no,no,3,,Salute to kisans brothers and sisters our good health and life is just because of your hard work and support . May Allah give you more strength ❤❤
Ugwk1b7NO7ZKuIlUbi94AaABAg,PX7Lvjs639U,20231210,@murtazastanekzai5799,no,no,4,,Yes 🙌 solute to all farmers we appreciate and respect all hard efforts of our farmers❤.very emotional add by sarsabz co I saw it on YouTube and it brings me hear to comment on it. A blend of shown tradition was awesome
UgwCiYuRAyJQ7G0ziBp4AaABAg,PX7Lvjs639U,20231210,@hammadtouraiz3426,no,no,0,,thank you
UgzO1gCZMSEo5UhKdY14AaABAg,PX7Lvjs639U,20231210,@gullfoodsecrets6446,no,no,41,,thank you so much sarsabz😊🥺
UgzSPB_zic2tgHcFVqF4AaABAg,PX7Lvjs639U,20231210,@RizwanGaming009,no,no,1,,Good 😂
Ugx0XLjelpEyw1VljVx4AaABAg,PX7Lvjs639U,20231210,@Black_EyeYT,no,no,1,,Happy Kissan day❤❤
UgwgBLL6azaJsjACcXh4AaABAg,PX7Lvjs639U,20231210,@SignLanguageForDeaf,no,no,1,,Salam Kissan
UgzG5SDHEt-KjY87IEl4AaABAg,PX7Lvjs639U,20231210,@Unknown_4_editz,no,no,1,,We support you ❤
UgyeIu8Ztdw05iAJZrt4AaABAg,PX7Lvjs639U,20231210,@abdullahyameen9777,no,no,1,,Thanks pakistan ❤ 😌
UgxrhAkHW6sqA7SaqFN4AaABAg,PX7Lvjs639U,20231210,@ChjamshidChjamshid-z3s,no,no,1,,Thanks  pakistan ❤❤❤😢😢
UgyWvkLPZeNdWfjTa_B4AaABAg,PX7Lvjs639U,20231210,@soccerstars2003,no,no,1,,Salam Kisan
UgxJRHxrOfmczRgc8ax4AaABAg,PX7Lvjs639U,20231210,@jhoolalal1098,no,no,0,,🎉🎉🎉🎉🎉
UgxiMftbTIOmHNzDuFl4AaABAg,PX7Lvjs639U,20231210,@RahanKhan-w1g,no,no,0,,❤❤❤❤
UgwSKyc_E0gwyG5yMkJ4AaABAg,PX7Lvjs639U,20231210,@ayeshasheikh3756,no,no,0,,"I am delighted to learn that Sarsabz Fertilizer maintains dedication to recognizing the commitment of farmers, who are the backbone of our nation. Their unwavering efforts undoubtedly contribute significantly to our prosperity, as exemplified by their celebration of Kissan Day on December 18, 2023. This observance serves as a testament to Sarsabz Fertilizer's commitment to promoting the agricultural community in Pakistan and acknowledging the pivotal role farmers play in fostering the prosperity of our country. #SalamKissan #SarsabzPakistan #KissanDay
Hats off to their resilience who combat floods that destroy their crops and they stand up again."
UgzocDVEaAJa_5-h7rR4AaABAg,PX7Lvjs639U,20231210,@brony66,no,no,1,,Respect
Ugyyk18dJI9H4p8Sy9J4AaABAg,PX7Lvjs639U,20231210,@shaheenriazawan7370,no,no,3,,proud to be farmers Alhamdulilah❤
UgyZSYPXc2-nxHIalod4AaABAg,PX7Lvjs639U,20231210,@zainmixer786,no,no,1,,Nice ❤❤❤
UgzVooFDE7zvIqR7Ahp4AaABAg,PX7Lvjs639U,20231210,@muskanscuisine30,no,no,10,,Thanks to all our farmers who work hard for us ❤️❤️❤️🫶🏻
UgxsYMWb8hjYxuPGK914AaABAg,PX7Lvjs639U,20231210,@shakeelhussain5224,no,no,0,,Salam kissan❤
UgwMw26c8XvETSkgMWR4AaABAg,PX7Lvjs639U,20231210,@Tasawar.09,no,no,0,,Thanks❤
Ugyu_ZPYmvxl88z0Jzl4AaABAg,PX7Lvjs639U,20231210,@HammadKhattak-om9pm,no,no,0,,Our pride
UgzWXwJDXB7DCYBVNoF4AaABAg,PX7Lvjs639U,20231210,@malikzeeshan402,no,no,1,,Slam kissam❤
UgwsYH9yQ0qt2sW7bGV4AaABAg,PX7Lvjs639U,20231210,@umarshah_10,no,no,0,,thank you 😘🥰
Ugxmqp3_serhvmx6FgV4AaABAg,PX7Lvjs639U,20231210,@isfand21,no,no,5,,"Watching this tribute to farmers fills me with gratitude for the hands that feed the world, this video is a heartfelt salute to the farmers who toil under the sun to nourish us all, #SalamKissan"
Ugz7kBE0pwzyG1eHl1h4AaABAg,PX7Lvjs639U,20231210,@Fra62hdHs8evd,no,no,1,,Thank
Ugz-siEGrwbrpGv9Mbl4AaABAg,PX7Lvjs639U,20231210,@daniyalkhan7988,no,no,1,,Thank you kisan❤❤❤
UgzC6ZPSE7BbtBAe3tl4AaABAg,PX7Lvjs639U,20231210,@Khudabux143,no,no,0,,❤❤❤❤
UgzR-iFovhzgvK-B4Hl4AaABAg,PX7Lvjs639U,20231210,@Ramzanchisti,no,no,1,,Shukriya aapka sarsabz thank you very very much I love kisan❤❤❤❤
UgzTGbC5D37_p1qJyZx4AaABAg,PX7Lvjs639U,20231210,@Ramzanchisti,no,no,0,,Thank you
UgxTZzfHJHaRvvJ56rp4AaABAg,PX7Lvjs639U,20231210,@khalidkhan-zw8uu,no,no,0,,❤❤
UgwsiGU71wh9YcjenxN4AaABAg,PX7Lvjs639U,20231210,@HassamRiaz-tc4ug,no,no,0,,Thank you
UgwIlzT9DJ-lg8OuQAN4AaABAg,PX7Lvjs639U,20231210,@syedumairrasheedvlogs7250,no,no,1,,Salaam Kisaan❤️🇵🇰
UgwaBBmzgvCN3e94obx4AaABAg,PX7Lvjs639U,20231210,@SLEGEND744,no,no,0,,Thank you
UgyZp3cTJ-QP0AMNytN4AaABAg,PX7Lvjs639U,20231210,@OFFCIAL.LEOMOVIE,no,no,0,,thank you
UgzsrHNjU1i6AOtPHcB4AaABAg,PX7Lvjs639U,20231210,@fahadmughalft,no,no,3,,Happy 🎉🎉🎉🎉🎉🎉
Ugzdu_yiScegbiE7uox4AaABAg,PX7Lvjs639U,20231210,@fahadmughalft,no,no,0,,Happy
Ugxd17bQLvx2jvGrZkR4AaABAg,PX7Lvjs639U,20231210,@alisher4544,no,no,0,,❤
UgzrE0SMNdSlBroIfKV4AaABAg,PX7Lvjs639U,20231210,@Handm827,no,no,0,,❤❤❤
Ugyjcn4iPaBXzHd0FQR4AaABAg,PX7Lvjs639U,20231210,@abdullahihsan1453,no,no,1,,Thanks for all alll all things
UgzRkwvuxZWOQoc4TcN4AaABAg,PX7Lvjs639U,20231210,@RDX295gaming,no,no,2,,Our pride kissan❤❤❤❤ appreciate it to all our kissan 🫰🥰🥰🥰happy happy kissan day to all farmers 🥰🫰 in advance
UgyzMGpfFe3ikjPbw914AaABAg,PX7Lvjs639U,20231210,@BilalCh-g8k,no,no,8,,Good job 😊
UgzrtZFcIXPkmYbZnVR4AaABAg,PX7Lvjs639U,20231210,@zainpardesi3111,no,no,0,,😋❤️❤️
UgzNDOVfURwi43n5vaJ4AaABAg,PX7Lvjs639U,20231210,@zainpardesi3111,no,no,0,,❤❤❤
UgxvmkWi7Xqp4AQ04RN4AaABAg,PX7Lvjs639U,20231210,@zainpardesi3111,no,no,0,,❤
UgwuB-IVux3f1SEbDNV4AaABAg,PX7Lvjs639U,20231210,@abdullahkhan9560,no,no,2,,Massalllah ❤❤❤❤❤❤❤❤❤
UgzUy69B_TqbFBJEqId4AaABAg,PX7Lvjs639U,20231210,@umzzzzyt,no,no,2,,Happy kissan day ♥️🫶🏼
UgwydvhRapfaeRLbOFZ4AaABAg,PX7Lvjs639U,20231210,@Parrotlovers5631,no,no,1,,"I was here 
I love this thing 
Happy Kishan day all of u"
UgxNgmd9AISfSV2PVEJ4AaABAg,PX7Lvjs639U,20231210,@DilawarKhan-ws8xz,no,no,2,,Pakistan ka Kisan  hamari  shan🎉🎉🎉🎉
UgwcZ-a_gV7Z7oFEPsV4AaABAg,PX7Lvjs639U,20231210,@amaa_z__ahme_d.56,no,no,3,,"Thanks sarsabz for supporting farmer community
Really Appreciated ❤❤"
UgxlSNjllvnS-jVUymp4AaABAg,PX7Lvjs639U,20231210,@jasimbutt9525,no,no,0,,🙏❤️
Ugwa9pNNCY96zKbckyV4AaABAg,PX7Lvjs639U,20231210,@romanharoon45,no,no,0,,🎉🎉🎉
UgzBxtx_j3SlrOAgnxt4AaABAg,PX7Lvjs639U,20231210,@vmeditz2476,no,no,1,,Pakistan ke kisan hamari shan🎉🎉ALKHAMDULILLAH I AM FARMER❤
UgyRBFPNm2e2jgT4k7N4AaABAg,PX7Lvjs639U,20231210,@eman12341,no,no,1,,Appreciate kissan I like you kissan I m support you kissan
UgzhTogNhVEm15gbgCd4AaABAg,PX7Lvjs639U,20231210,@Short-lived315,no,no,1,,Salam kissan i am proud for you ❤
UgyiMF2-duMNIkZwleh4AaABAg,PX7Lvjs639U,20231210,@Pathwarisher12,no,no,0,,❤❤
UgxuTFNMWQpMpNddr0p4AaABAg,PX7Lvjs639U,20231210,@Islamicvideos-m9u,no,no,1,,Thank you
UgxmgGEwx8nCbmDYsjh4AaABAg,PX7Lvjs639U,20231210,@HaSaNAli-jw6yp,no,no,1,vlog_referral,"SALAM KiSSaN
From Ducky Bhai
👇"
UgyHnZPaJw4WJOZLkS54AaABAg,PX7Lvjs639U,20231210,@Usmanali295-c7h,no,no,1,,Thanks
UgwQkcMp70TauzFAOkZ4AaABAg,PX7Lvjs639U,20231210,@aunmehdi2805,no,no,3,,Thank you sarsabz kissan❤❤❤❤
UgyD6zkDL-epAAE1Wg14AaABAg,PX7Lvjs639U,20231210,@ahmedbhai1167,no,no,1,,Hum ye kaam bachpan se karte hen Alhumdulillah ❤😊
UgyPN6gk-44D8C181414AaABAg,PX7Lvjs639U,20231210,@DuckyxRajab55,no,no,1,,Thanks alot🎉❤
Ugypd9qOrMrfegnUFFJ4AaABAg,PX7Lvjs639U,20231210,@irfanhussainpets,no,no,0,,🎉🎉🎉🎉🎉🎉
Ugw8TkB5PtD5lk-VjFV4AaABAg,PX7Lvjs639U,20231210,@zahidkhichi3227,no,no,2,,Tamam mehnatkash kisanon ko Allah tala apni hip Jo Aman mein rakhen
UgyDMx5CL34QxhV2g754AaABAg,PX7Lvjs639U,20231210,@engineerqamar,no,no,7,,This is truly inspirational as everything was lost in floods and some people even became pessimist. Infact they have to go through a sea of hardahips but they never lost hope. This hope together with digital initiatives of Sarsabz created a sigh of relief. Higher yields e.g. 10 ℅ extra plays pivotal role in farmers life and their well being. Hats off to Sarsabz for celebrating a day for Farmers to commemorate their efforts who are back bone of our country's economy.
UgyDMx5CL34QxhV2g754AaABAg.9yQ0m7iM0Bm9yQTPHQ14kW,PX7Lvjs639U,20231210,@Sarsabz,yes,yes,1,,❤❤🙌
Ugz0mherevTsVvkjJsJ4AaABAg,PX7Lvjs639U,20231210,@hamidroman3283,no,no,7,,"#Salam Kissan#  new salam kissan covers the difficulties faced and struggles of our farmers in crisis situation and tells that ""HAR MUSHKAL K BAAD ASANI hy""...Our farmers are back bone  of country s agriculture and economy and with thier untiring efforts we are able to enjoy the food....Keep rising ""Our Kissans & Pakistan""."
UgxGmlzBAAhdq_0FKvV4AaABAg,PX7Lvjs639U,20231210,@muhammadyaquob7268,no,no,2,,"Farmers are the backbone of civilization and guardians of our food security. your tireless efforts in face of adversity ensure that 240 Million people of this country are fed and clothed. No country can develop without farmers. Let us salute all the farmers for all the hard work they put in to ensure that we never sleep hungry. A very emotional message for everyone to remain hopeful, positive and determined no matter what the circumstances are."
UgxGmlzBAAhdq_0FKvV4AaABAg.9yPiWldhN9KA-GWKnMIQl3,PX7Lvjs639U,20231210,@Sarsabz,yes,yes,0,channel_winner_notice,"Congratulations on winning! Please email your complete details (Address, phone number, and city) to sarsabzofficialpk@gmail.com using the same email address associated with your YouTube account."
UgxGmlzBAAhdq_0FKvV4AaABAg.9yPiWldhN9KA-iRo5Pp4ub,PX7Lvjs639U,20231210,@Sarsabz,yes,yes,0,channel_winner_notice,"youtube.com/@muhammadyaquob7268 Please email your complete details (Address, phone number, and city) to sarsabzofficialpk@gmail.com using the same email address associated with your YouTube account."
UgxGmlzBAAhdq_0FKvV4AaABAg.9yPiWldhN9KA03wF3YS5WP,PX7Lvjs639U,20231210,@Sarsabz,yes,yes,0,channel_winner_notice,"youtube.com/@muhammadyaquob7268 Time is ticking. Please email your complete details (Address, phone number, and city) to sarsabzofficialpk@gmail.com using the same email address associated with your YouTube account."
UgxGmlzBAAhdq_0FKvV4AaABAg.9yPiWldhN9KA16jTybQZBY,PX7Lvjs639U,20231210,@Sarsabz,yes,yes,0,channel_winner_notice,"youtube.com/@muhammadyaquob7268 Time is ticking!
A last but soft reminder, please email your complete details (Address, phone number, and city) to sarsabzofficialpk@gmail.com using the same email address associated with your YouTube account."
Ugxlsk3kjPirnHj3t814AaABAg,PX7Lvjs639U,20231210,@GhulamMustafa-jo4pi,no,no,1,,Salam Kissan ❤❤❤❤❤❤
Ugw6FiH-FvIylacBl_d4AaABAg,PX7Lvjs639U,20231210,@GhulamMustafa-jo4pi,no,no,2,,Liked and Shared in groups also
UgwnaEE1FCP6r0OARP54AaABAg,PX7Lvjs639U,20231210,@GhulamMustafa-jo4pi,no,no,0,,Kissan Hamari Shan
Ugyed2_XJ5el7wv26al4AaABAg,PX7Lvjs639U,20231210,@azeemqaimkhani1378,no,no,0,,"زمین کے ماٹے میں نہا کے نباتات بڑھوا دئے
خوشی ہارے چٹانوں کو، پھولوں کو ادھار دئے

افضل فصل کا خواب تھا، نمبردار بناجائیں
مزہ زندگی کا تاج ہے، کسان کے ہاتھوں میں چھا جائیں

ہمیں اپنے زمینوں کو اچھی طرح نڈ"
UgxDCCgvz6Ktn-ujhqJ4AaABAg,PX7Lvjs639U,20231210,@Maliks-z5o,no,no,2,,Farmers of pakistan are out pride in ki waja se he hmy kahany k liye cheezain milti hn ye na hoty to shayid hum sabzi cheezain na kha paty insane k liye janwar k liye hr ksi k liye kam krty hn ❤all kisan is very hardworking hum sb ko chaiye k hum in p fakr kry i am proud of all kisan 😊❤ sb kam ye hmry liye krty itni garmi mein itni mehant or sakt se salt sardi mein b 😢 i love all kisan ❤❤
UgwlWv4defzUnQ1GhDF4AaABAg,PX7Lvjs639U,20231210,@idresskhan4420,no,no,26,subscriber_100k,Congratulations 100k subscriber
Ugw3IiuBgDk6lUjkgM94AaABAg,PX7Lvjs639U,20231210,@Asifpathan8890,no,no,11,,"حلال رزق کا مطلب کسان سے پوچھو پسینہ بن کے بدن سے لہو نکلتا ہے سرد راتوں میں تپتی دھوپ میں وہ اپنی فصل کا خیال رکھتا ہے جیسے وہ اپنے بچے کو دیتا ہے تحفظ ایسے وہ اپنی فصل کی پوری خوراک رکھتا ہے بارش اندھی اور طوفان سے بچانے کی خاطر وہ اپنی چارپائی کھیتوں میں ڈال رکھتا ہے گندم کپاس چاول یا اگائے وہ گنا انہی سب فصلوں پہ وہ اپنی زندگی کا ملال رکھتا ہے
#Sarsabz
@sarsabzkisan
#sarsabzpakistan"
UgwNIB0TsL7wKfdIXi94AaABAg,PX7Lvjs639U,20231210,@Asifpathan8890,no,no,3,,"No country can develop without farmers. Let us salute all the farmers for all the hard work they put in to ensure that we never sleep hungry.# Happy Farmers Day.

The meaning of halal sustenance is ask the farmer.

#HappyFarmersDay #Kisanday #Sarsabz #FatimaFertilizer #agriculture"
Ugzva5SAW0Yfay-BElV4AaABAg,PX7Lvjs639U,20231210,@mujeebkhan2618,no,no,7,,"No country can develop without farmers. Let us salute all the farmers for all the hard work they put in to ensure that we never sleep hungry. Happy Farmers Day.

The meaning of halal sustenance is ask the farmer.

#HappyFarmersDay #Kisanday #Sarsabz #FatimaFertilizer #agriculture

#18december2024"
Ugzva5SAW0Yfay-BElV4AaABAg.9yOgFYEQqXX9yS_7_79wik,PX7Lvjs639U,20231210,@zainsarfraz5475,no,yes,0,,Pa atha kuj ult A
Ugx130MjMptP3T6HzCh4AaABAg,PX7Lvjs639U,20231210,@QamarAbbas-b4x,no,no,7,,"This video still gives me Goosebumps every time I see this. Superb effort by team Sarsabz! #Heartbroken#Grief#Depression# followed by #Joy#Gratitude#Exuberant# wow, what a range of emotions in a single video. 
Tons of appreciation to every single farmer who is working so hard to provide all food that we are actually eating today. Kudos to Sarsabz as well for initiating Salam Kissan theme back in 2019 and celebrating it every year with all their hearts."
Ugz3GA_anz_MxVoMj5V4AaABAg,PX7Lvjs639U,20231210,@hurairab0,no,no,9,,"We love kissan because my father is farmer 
Wo mehnat krta hn or ham aj parh raha hn I appreciate My father and All farmers ❤❤❤❤❤"
UgxjBeCMKMv0pTDOT5J4AaABAg,PX7Lvjs639U,20231210,@Islamic_short43-y,no,no,3,,"Salam Kissan 
Kissan Shan hai Pakistan ka
Kissan Jan Pakistan ka 
Hamari har SAS Kissan ke Sath 🎉❤"
UgwRjw6YR5_2XyDw0Cd4AaABAg,PX7Lvjs639U,20231210,@AasmaJehan,no,no,3,subscriber_100k,Congratulations for 100 k
UgzvYpiwvmeGYtiF3DV4AaABAg,PX7Lvjs639U,20231210,@islamic_short_z,no,no,0,,Shehar ma dihat waly attendance lgwaye❤
UgzHXK4trQZ6VsAzLdl4AaABAg,PX7Lvjs639U,20231210,@Sunnymehmood1,no,no,7,,Salam Kissan. Keep growing Fatima Fertilizer. Masha Allah. Good initiative
UgwHXxWygKDroerarHJ4AaABAg,PX7Lvjs639U,20231210,@udcollection6907,no,no,1,song_voice_lyrics,the best song for kisan ilove my bahikisan 😂😂😂😂😭😭
UgyARwPJKAUA4FRh3I14AaABAg,PX7Lvjs639U,20231210,@abdulsami3716,no,no,9,song_voice_lyrics,"Really inspiring and emotional.
This song is really based on reality and naturalization of Farmers.
Salute to all Pakistani Kisan and Sasabz Pakistan."
UgzZQqnP3VqefQzPbYl4AaABAg,PX7Lvjs639U,20231210,@AkshayKumar-hx9rv,no,no,0,,🎉🎉🎉🇮🇳🇮🇳🇮🇳
UgxqFiCOLdl28bTc_Nx4AaABAg,PX7Lvjs639U,20231210,@asifshahzad4339,no,no,2,,"Salute to Alla Kisaans 🙋
Life without food,
Is like a tree without roots.
Life without food,
Is like a bad dream come true
Food comes from farms,
These farms make our country charm,
Our country’s pride is hidden in farms,
But the growing population rings an alarm"
Ugxum5NilS5qCs831MB4AaABAg,PX7Lvjs639U,20231210,@ShazimabbasShazimabbas,no,no,1,,Salam kissan ❤
UgxZC_ntnaFsFvkXQlR4AaABAg,PX7Lvjs639U,20231210,@bualivibes,no,no,1,,Zabardast
Ugw8BpLFqfde3hRM7ht4AaABAg,PX7Lvjs639U,20231210,@GhulamFareed-oy8yw,no,no,1,,Kisan zindabad
UgxIA7YEOwKEwdL6lMB4AaABAg,PX7Lvjs639U,20231210,@Hunnybunny8980,no,no,1,,Nice
UgyQNMp0Cgp2ngWyCC14AaABAg,PX7Lvjs639U,20231210,@Engrzafarali,no,no,6,,A huge shoutout to our incredible farmers! Your passion for growing our food is nothing short of amazing. Thanks a million for keeping our plates full and our communities thriving! 🌱🚜 #FarmersRock #SalamKissan #KissanDay #SarsabzPakistan
UgxUeRUz3DzEFuHxacB4AaABAg,PX7Lvjs639U,20231210,@ehtishammaqsood2820,no,no,17,,"In the vast expanse of the countryside, a silent tribute unfolds daily to the tenacity of hardworking #farmers. #SalamKissan to these unsung heroes who labor tirelessly, their sweat and determination nurturing the fields that sustain us. With the support of #Sarsabz fertilizers, they cultivate life in every furrow, embodying the spirit of resilience. These dedicated souls, rising with the sun, sow the seeds of our collective prosperity and ensure the bounty that graces our tables."
UgxUeRUz3DzEFuHxacB4AaABAg.9yNjhpdDWcq9yNoEUVlOuV,PX7Lvjs639U,20231210,@Hunnybunny8980,no,yes,2,,I like it ❤
UgxUeRUz3DzEFuHxacB4AaABAg.9yNjhpdDWcq9yNoGYzoRqD,PX7Lvjs639U,20231210,@Hunnybunny8980,no,yes,0,,Great effort bro... 🎉❤
UgxUeRUz3DzEFuHxacB4AaABAg.9yNjhpdDWcqAQv5x-sCrM8,PX7Lvjs639U,20231210,@ZarkaWaseem-pn1wf,no,yes,0,,1:52 Pppp
UgxUeRUz3DzEFuHxacB4AaABAg.9yNjhpdDWcq9yNoJZFeMcl,PX7Lvjs639U,20231210,@Hunnybunny8980,no,yes,1,,You are brilliant bro ❤
UgxUeRUz3DzEFuHxacB4AaABAg.9yNjhpdDWcq9yNoA3wPX4W,PX7Lvjs639U,20231210,@Hunnybunny8980,no,yes,0,,Nice bro
UgzUDQiQLFtrXMLPkhF4AaABAg,PX7Lvjs639U,20231210,@bilalshahid1099,no,no,2,,کسان بھائیوں کی محنت و عظمت کو سلام او شکریہ سرسبز ہمیں یہ موقع فراہم کرنے کا ❤
Ugz5tb7ONT3NO7VRlQB4AaABAg,PX7Lvjs639U,20231210,@Rafay-fc5uu,no,no,1,,Sarsabz is best
UgxrBySqjGvIPj7Ko194AaABAg,PX7Lvjs639U,20231210,@muhammadzeeshan4667,no,no,0,,The farmer in only man in our our economy who buys everthing at retail sells everything  at wholesale and pays the freight both ways. The ultimate goal of farming is not the beings. That master eye is the best fertilizer.😢
UgyJfEUACFErV1uZRux4AaABAg,PX7Lvjs639U,20231210,@foodkahanibymarriam,no,no,1,,kisan tum ko slam agar tum na ho to hum na ho     tum ko slam tum hamari zindagi hamara khana ho 😟😟😟😟😟😟😟😟😟😟😟😟😟🙁🙁🙁🙁🙁🙁🙁🙁🙁🙁🙁🙁🙁🙁🙁🙁🙁🙁🙁🙁🙁🙁🙁🙁🙁🙁🙁🙁🙁❤❤❤❤❤❤❤❤❤❤❤❤❤❤❤❤ khuda tumhari zindagi kare Aamin           love you kisan🙁🙁🙁🙁🙁🙁🙁🙁🙁🙁🙁🙁🙁❤❤❤❤❤❤❤💔💔❤❤❤❤❤
UgyP_KcnZQ67HmlEyFV4AaABAg,PX7Lvjs639U,20231210,@anwarqazi5935,no,no,7,,Sarsabz netrophas Zameen ki jan
Ugyvm9vWXXwOEwfZszZ4AaABAg,PX7Lvjs639U,20231210,@Heriibhardwaj,no,no,2,india_bangladesh,I am Indian but all World farmer salute 💞💞💞💞💞💞
Ugzw_0D7jM-hgCvYefR4AaABAg,PX7Lvjs639U,20231210,@Malik_Faizan706,no,no,2,,Pakistan KY  kahsan  hamari jan love you For all khsan❤❤❤❤❤😂😢😮😅 Mubarak to kahsan day😢❤😊😊❤❤❤❤❤
UgxkOOkWrchMNt4MfXt4AaABAg,PX7Lvjs639U,20231210,@gulariaz,no,no,5,,Proudly supporting our farmers not only today but everyday. Thank you for the countless hours and acres dedicated to feeding the world. You are a national treasure🤍🌽🌾 Love ❤️ to My beloved Country assets ❣️
UgxQkVYt8ihfpZWkc8V4AaABAg,PX7Lvjs639U,20231210,@saleemhafiz19,no,no,1,,Superb
Ugw5M5MPY-YeeODJXi14AaABAg,PX7Lvjs639U,20231210,@RehanAbid-c4m,no,no,2,,"kisan boht mahnti hy, fatima ki wja se kafi bahter fasal hoti hy. boht acha kaam kia hy. ma fatima ka worker bhi hun or kisan bhi."
Ugw99I-_qhh5ChxnztN4AaABAg,PX7Lvjs639U,20231210,@FaisalDilbagh1,no,no,2,,"Such a range of emotions while watching this video! Hard to express in words, starting from:
Compassion towards our farmers during recent 2010 and 2022 floods, heartfelt scenes of struggles and hardship they had to face as a family.
Inspiration : When everything is lost in floods, starting from scratch again and coming up to their feet with scarifies that a normal person can't even imagine. A true motivation in itself.
Motivation : Overcoming challenges consistently with their sweat and hard work.
Hopefulness : Even during worst of times they were busy in sowing seed of hope for us!
Thankfulness : Thank you for ensuring food on our table.
#SalamKissan #KissanDay #SarsabzPakistan"
UgwHkotcNUAWfCp1Uxh4AaABAg,PX7Lvjs639U,20231210,@fiazahmad4068,no,no,1,,"The Salam Kisan Project from Fatima Group has emerged as one of the best performance products in Pakistan, specifically targeting farmers. With an understanding of the challenges faced by the agricultural community, this initiative aims to enhance their productivity and improve rural livelihoods. The project offers a holistic approach by providing high-quality seeds, fertilizers, and pesticides that are crucial for crop growth. Fatima Group leverages its expertise in agriculture to not only provide superior products but also support farmers with training programs and knowledge sharing sessions. This customer-centric approach ensures that farmers can make informed decisions and achieve sustainable yields while optimizing their resources effectively. Salam Kisan Project showcases Fatima Group's commitment towards uplifting rural communities and making a significant impact on the agricultural landscape of Pakistan"
UgxKcuBQUAxpiEypvdd4AaABAg,PX7Lvjs639U,20231210,@manzarabbas1821,no,no,8,,Farmers are the real super heroes who ensure food security and this tribute to farmers by Sarsabz fertilizers is really appreciable. Salam Kissan
UgwBeOUe9iTfIjVXO0l4AaABAg,PX7Lvjs639U,20231210,@marslan2615,no,no,1,,Pakistan k kisano I LOVE YOU❤❤❤
UgydWF8rFOl61IqC3Kx4AaABAg,PX7Lvjs639U,20231210,@ijgamerz,no,no,53,,All farmers I proud of you You are our life 🧬 I proud of farmer
Ugym6GkzDNM0YgQ-vT94AaABAg,PX7Lvjs639U,20231210,@Raj0787,no,no,1,india_bangladesh,Love from india
Ugz3_Exc2SJYqvzi6al4AaABAg,PX7Lvjs639U,20231210,@Cartooncomedian256,no,no,0,vlog_referral,Who come when sher main dehat talk about kisan day farmers day......
UgwwsGu_XUVFuAWEB0x4AaABAg,PX7Lvjs639U,20231210,@moazzamshah77,no,no,1,,"one farmer invest his every thing for provide food to us. he believes on allah that he must returns it in better than he invested.

all farmers are our proud."
UgwdOiHbdzBtnE57OLR4AaABAg,PX7Lvjs639U,20231210,@Golo-n1b,no,no,0,vlog_referral,Kon kon direct shar ma deht vlog SA ya aya
UgzHIAf_WBGP4Af7R1R4AaABAg,PX7Lvjs639U,20231210,@buzdarMunda,no,no,1,,Nice love you a🎉🎉🎉
UgwGlUuuOJkyxnePv0x4AaABAg,PX7Lvjs639U,20231210,@buzdarMunda,no,no,1,,ماشااللہ
UgwxaGYi5HTS4oPpqZh4AaABAg,PX7Lvjs639U,20231210,@abdullahfoodsecrets5575,no,no,1,,Kisan is our pride -🎉🎉🎉🎉🎉❤❤❤ slam kisan sarsabz Pakistan ❤❤❤❤ happy national former day
UgzSR80sHuOUF9NwZ054AaABAg,PX7Lvjs639U,20231210,@shahabahmed4852,no,no,8,,"Pakistan Farmers are our Pride......🎉
Salute to hard work of all of you who put your hardworking & soil for better good crop & life


Also special Thanks to Fatima Team who culture develop for Kisan Salam & Sarsabz Pakistan

Happy National Former Day...🎉🎉🎉🎉❤❤❤❤"
UgzSR80sHuOUF9NwZ054AaABAg.9yN24woulwNAQUGErmji4x,PX7Lvjs639U,20231210,@MalikWaqas-v1u8d,no,yes,0,,ll
UgzENVlK7PxVI_cUUI14AaABAg,PX7Lvjs639U,20231210,@Ibrahimedits-z2t,no,no,15,,"It is not the farm that makes the farmer,It's the love ,hard work and character.
Stay blessed all our country farmers"
UgxdK7k-JD4M-JVQ_Rt4AaABAg,PX7Lvjs639U,20231210,@ishfaqahmad4880,no,no,0,,I am becoz of shehar mai dihat
UgxKWBR2kkFuCnmNUgZ4AaABAg,PX7Lvjs639U,20231210,@hafizraheelasif,no,no,1,,MashAllah 🤍🤍🤍
Ugyc3bHczI9mPO-O0St4AaABAg,PX7Lvjs639U,20231210,@khezerjutt826,no,no,2,,Say mashallah Allah kisan ko or sar sabaz ko mazeed kamyabi day Ameen hamari dwa ap ky sath ha ❤❤❤
UgyVOR5eYqovyeTNYJR4AaABAg,PX7Lvjs639U,20231210,@xSTARFAZI,no,no,0,,<3
Ugx2Qnf7ZYxhD6iNG5h4AaABAg,PX7Lvjs639U,20231210,@MeowMoments_official,no,no,1,,"Salute to our heroes who face such a terrible flood and lose their homes, crops and all their hard work and still do not give up. In such a difficult time, they decorate our table with different kinds of food with their hard work, sweat and soil. Our formers drop soil from the field behind our, each grains of dirt like a seed revealing who are farmers. They are the backbone and strength of our country. The fatmer is not working from 8 AM to 5 PM they are always 'on stand by. Farming is not just a job, its way of life. Thanks and appreciate 'SARSABZ' for highlights the importance of farmer."
Ugx2Qnf7ZYxhD6iNG5h4AaABAg.9yMKQCIOW1uA0Mcs4nslZC,PX7Lvjs639U,20231210,@Sarsabz,yes,yes,0,channel_winner_notice,"youtube.com/@jawadbaig1357 Congratulations on winning! Please email your complete details (Address, phone number, and city) to sarsabzofficialpk@gmail.com using the same email address associated with your YouTube account."
Ugx2Qnf7ZYxhD6iNG5h4AaABAg.9yMKQCIOW1uA0OSd_ky7Sw,PX7Lvjs639U,20231210,@MeowMoments_official,no,yes,0,,@Sarsabz  Bundles of thanks for appreciated of my feelings about farmer
Ugx2Qnf7ZYxhD6iNG5h4AaABAg.9yMKQCIOW1uA0P8oVKnN6a,PX7Lvjs639U,20231210,@MeowMoments_official,no,yes,0,,#SalamKissan #KissanDay #SarsabzPakistan
UgxCGBpuU3tbKOjmy8p4AaABAg,PX7Lvjs639U,20231210,@huraimbutt80,no,no,1,,Kisan ke bageer ham kuch bi nhi hai ❤❤❤❤❤❤❤❤
UgyDhyE2GiDAQ_pVlth4AaABAg,PX7Lvjs639U,20231210,@huraimbutt80,no,no,1,,❤❤❤❤❤ mashallah i am proud of you❤❤❤❤❤ 😍😘😘😘
Ugw6yJXjdxb6pvRxtY14AaABAg,PX7Lvjs639U,20231210,@BOSS-cn6nz,no,no,1,,Sarsabz love you many many more ❤❤❤❤
Ugy-T8OHxzEvyfoHBfV4AaABAg,PX7Lvjs639U,20231210,@sohailkhali,no,no,1,,Farmers are very good person he work for person happy kasan day to all my kasan brothers
Ugy5kvHHP3g0WgG6FeZ4AaABAg,PX7Lvjs639U,20231210,@muhammadumer1011,no,no,2,,"The weight of despair threatened to shatter their spirit, but in the depths of adversity, a resilient ember of hope refused to be extinguished.
To the resilient and hardworking farmers,

Your dedication is the heartbeat of our communities, pulsing life into the fields that sustain us all. Through the sun's relentless embrace and the quiet persistence of moonlit nights, you toil with unwavering commitment.
سرسبز کسان سرسبز پاکستان"
UgwxNlFzKjUnV0oEG4Z4AaABAg,PX7Lvjs639U,20231210,@syedahmadshah6795,no,no,3,,"Heart touching...real reflection of Kisans' troubles and feelings after Huge flood and struggles for rehabilitation.
Great initiative by FG for Kissan day...Salaam Kissan"
Ugx7Hq-WeBAEmv5ys6B4AaABAg,PX7Lvjs639U,20231210,@Luciferrrrrrrrrrr,no,no,0,india_bangladesh,Love from India ♥️
Ugxo8BW6XSNZxKTC2WR4AaABAg,PX7Lvjs639U,20231210,@Natashanaseem25,no,no,1,,"Halal Rizq Ka Matlab KISAN Se Puchho..
Apnay Bachoon Ka Pait Bhartay Hain K Se KISAN Se Puchho..
Pasina Ban Ke Badan Se LAHU
Nikaalta Hai...
Ghar Main 2 PAISY La K Khushioon Ki Baahaar Lata Hai...

#SalamKissan #KissanDay #SarsabzPakistan"
Ugyfu9vIZbZSv9o-mrR4AaABAg,PX7Lvjs639U,20231210,@NASR_EDITZ,no,no,1,india_bangladesh,Love from india ❤
Ugy6-_ixqOJ_QAb53wJ4AaABAg,PX7Lvjs639U,20231210,@Arham-Burhan,no,no,2,,"Such a powerful tribute to the Kissans of Pakistan, capturing the various emotions they experience during critical situations, especially in the aftermath of floods.
Solute to all Farmers, how Farmers were effected in flood and how bravely revive and started normal life again. This Ad gives us different emotions; hope to dispiritedness, sadness to happiness, demotivation to motivation and resilience. Farmers always have a vital role in our economy and prosperity of our country.  
Kissan Zindabad, Sarsabz Pakistan Zindabad!!!

#SalamKissan #SarsabzPakistan #KissanDay"
UgxAqzA-AbT35CDQqOB4AaABAg,PX7Lvjs639U,20231210,@chhamza1891,no,no,0,song_voice_lyrics,Kissan bhai hmary leay bht kch krty hain hmry leay anaajj ugaty hain sabzia ugaty hain but hum log har jaga unko bhool jaty hain..unko wo respect nai dii jatii jo wo deserve krty hain..bichara kissan itnii mehnat krta ALLAH pak inkii mehnat ka silaa dain inhy zyada sy zyada orr thanks to @SARSABZ to deticate this song for farmer❤ good effort
Ugx8KRHpF5jnJD52oGN4AaABAg,PX7Lvjs639U,20231210,@MaintenanceTurboMachinery,no,no,3,,"It was a fantastic video that demonstrated how good things can come after adversity. What we must do is give our all and put our faith in Allah. My message to farmers is as follows:
""I simply want to say thank you to all of my wonderful farmers, who sometimes go to bed hungry themselves but still put up a great deal of work to ensure that we always have access to food""."
UgxCg8VWcuoqKzRnh7V4AaABAg,PX7Lvjs639U,20231210,@IndiaServer-q4s,no,no,1,,"Formers are back bone of our country, Advance happy former day😍😍"
UgyqwwHVHjEz_3swcFl4AaABAg,PX7Lvjs639U,20231210,@powerhub3322,no,no,1,,"An incredible story that portrays the part of our Pakistan's agriculture that is the most affected by the farmers, the natural and climatic changes that devastate our lush fields which are the annual, semi-annual prize of our farmer brothers. And in this story, I would like to thank Sarsabz and Fatima Group for greening the fields that have become the eyes of climate change in the agriculture sector with green manure, which has helped our food crops in Pakistan. And it has helped to stabilize the country's economy.And I have a message for my farmer brothers that you guys are a precious asset of us especially Fatima group in which thanks to you we Pakistanis are blessed with good food and in the same way you stay connected with the Sarsabz Fatima group inshallah. The increase in the yield of the crop will light the hearths of many houses and my greetings to the farmer brothers. #SalamKassanDay #FatimaGroup #Sarsabz"
Ugw-RHlnfH5dm6Dpbi54AaABAg,PX7Lvjs639U,20231210,@Fahadkeprindy,no,no,1,,Love you 💕 kasan
Ugx_LNaKe7bCFf1LMdl4AaABAg,PX7Lvjs639U,20231210,@taimurfarid,no,no,1,,Zabrdest ayeshaaa bjii
UgxBrUzV8NL5Bb_fA294AaABAg,PX7Lvjs639U,20231210,@iqbalawais5403,no,no,25,,"Hats off to Sarsabz for shining a spotlight on the invaluable contributions of our farmers!This ad beautifully captures the dedication, hard work and essential role farmers play in shaping our society! 
Thank you for recognizing and celebrating the unsung heroes! #salamkissan 🫡"
UgxBrUzV8NL5Bb_fA294AaABAg.9yLz4ZwziqB9yMJgiIM7oy,PX7Lvjs639U,20231210,@waleedmushtaq129,no,yes,0,,May Allah Pak Make Pakistan Sar Sabz Again.. Ameen ❤
UgxBrUzV8NL5Bb_fA294AaABAg.9yLz4ZwziqB9yMJvGZlU8W,PX7Lvjs639U,20231210,@htmalik4627,no,yes,0,,👍
UgxBrUzV8NL5Bb_fA294AaABAg.9yLz4ZwziqB9yMM6RWEi3i,PX7Lvjs639U,20231210,@shanmushtaq-z2m,no,yes,0,,❤
UgxBrUzV8NL5Bb_fA294AaABAg.9yLz4ZwziqB9yMMghCcEln,PX7Lvjs639U,20231210,@ayeshaaslamfreelancer6647,no,yes,0,,👍
UgxBrUzV8NL5Bb_fA294AaABAg.9yLz4ZwziqB9yOEhC9Apob,PX7Lvjs639U,20231210,@FOODIESofficial835,no,yes,0,,Gud👍
UgxBrUzV8NL5Bb_fA294AaABAg.9yLz4ZwziqB9yOM-An8m5a,PX7Lvjs639U,20231210,@ClashAttack07,no,yes,0,,❤👍
UgxBrUzV8NL5Bb_fA294AaABAg.9yLz4ZwziqB9yOYoTVXhCI,PX7Lvjs639U,20231210,@goharali4174,no,yes,0,,❤
UgxBrUzV8NL5Bb_fA294AaABAg.9yLz4ZwziqB9ySJc38Sqpm,PX7Lvjs639U,20231210,@amznewera1290,no,yes,0,,Nice awareness message ❤
UgxBrUzV8NL5Bb_fA294AaABAg.9yLz4ZwziqB9yMAuFTjGdE,PX7Lvjs639U,20231210,@mariaaslam1678,no,yes,0,,👍
UgxBrUzV8NL5Bb_fA294AaABAg.9yLz4ZwziqB9yMK6TOsnry,PX7Lvjs639U,20231210,@aqsamalik7820,no,yes,0,,Wowwww ..
UgxBrUzV8NL5Bb_fA294AaABAg.9yLz4ZwziqB9yMM83TEMu2,PX7Lvjs639U,20231210,@shanmushtaq-z2m,no,yes,0,,Shan
UgxBrUzV8NL5Bb_fA294AaABAg.9yLz4ZwziqB9yMP_xINj9S,PX7Lvjs639U,20231210,@misbahaslam7612,no,yes,0,,❤❤
UgxBrUzV8NL5Bb_fA294AaABAg.9yLz4ZwziqB9yNxkO9jHMS,PX7Lvjs639U,20231210,@aliaslam3387,no,yes,0,,❤
UgyGKj0TPACUdN2OvRN4AaABAg,PX7Lvjs639U,20231210,@ahmedammar3405,no,no,0,song_voice_lyrics,"معاشرے میں ہم سب پہ کوئی نا کوئی ذمہ داری ہوتی ہے جسے ہم سب نے احسن طریقے سے نبھانا ہوتا ھے اور اکثر ان ٹاسک کو صحیح طور پہ پرفارم کروانے لیے اک سرویلنس سسٹم ایک ایڈمینسٹریٹیو کنٹرول ہوتا ھے . لیکن ہمارا کسان بغیر کسی سرویلنس سسٹم کے ہر ٹاسک ( بیج ڈالنا ، فصلوں کو پانی لگانا ، یہاں تک کے سرسبز کا صحیح وقت پہ استعمال ) یہ سب ٹاسک ایکوریٹ ٹائم پر پرفارم کرتا ھے . ہر کسان ایک کسان ھونے کے ساتھ ایک کمپلیٹ سسٹم ھے جب وہ ایگزیکیوٹ ہوتا ھے تو نتائج شاندار ہوتے ھیں اور ہمارے دِل سے یہ آواز آتی ھے.

کیوں کے سرسبز ھے زمیں کی جان ، فصل کی شان
ھمارے دِل سے بھی آئے صدا ، سلام کسان ، سلام کسان"
UgyENCqCj2iegZQEs-B4AaABAg,PX7Lvjs639U,20231210,@jamshaidazam6471,no,no,0,,No farmer no food
UgwV1N4blGvbCLKP22N4AaABAg,PX7Lvjs639U,20231210,@muhammadawais1234-c4e,no,no,15,,Good sarsabz🌲🌳🌴
UgwM7s6SyyWqNenJh-J4AaABAg,PX7Lvjs639U,20231210,@ajmalkhanmusakhail7,no,no,4,,"Zindagi mein kameyab wo shaks hota hai Jo mehnat karta hai to kabi b har mat manye.
Keep it up ❣️ Formers
Inshallah you future is bright 🌞."
Ugwiw-J3xmrzV5kt0gJ4AaABAg,PX7Lvjs639U,20231210,@Muhammad_Hashir_awan,no,no,1,,I love kasan care everything one ❤
UgzReyKD2qeEBfYThZp4AaABAg,PX7Lvjs639U,20231210,@Baloch651,no,no,1,,Shehr main dahit
UgzTQsf5TLO58-xPMI54AaABAg,PX7Lvjs639U,20231210,@Umar.siddiqe,no,no,1,salam_pakistan,Salute ha  in farmers ko Jo din rat mehnat krty ha aur humary Liya work krty na dhop dekhty na Barish humary Lia apny apko miti k Sath miti krty apky Liya jitna bhi bola jaye lafz Salam  Kam pr jaye i appreciate you Salam Pakistan k kisano hum sbko ap pr fkhar ha❤
Ugy7tMoGCMf3qhorS354AaABAg,PX7Lvjs639U,20231210,@sheharyarvlogs9297,no,no,1,,Love from shehar me dehat❤
UgzJkd9ptwipV28EGQx4AaABAg,PX7Lvjs639U,20231210,@SPHGaming01,no,no,5,vlog_referral,Love from shehr main dihat ❤
UgwtIO5lWzpOHVCgiap4AaABAg,PX7Lvjs639U,20231210,@Nasirkhan-vt8zb,no,no,1,,Farmers of Pakistan are our  pride i love Farmers ❤
UgxVBfxiI_eRsha45gZ4AaABAg,PX7Lvjs639U,20231210,@RahanKhan-w1g,no,no,1,,Allah inko or tarake fa ameen❤
UgyQ4iVL86VffCYe0PR4AaABAg,PX7Lvjs639U,20231210,@talatmehmood3042,no,no,10,,"Dear Farmers
In the face of adversities like floods, relentless rains, and challenging economic crises, your unwavering dedication to cultivating the land and contributing to the prosperity of our nation is truly commendable. Thank you for your dedication, hard work, and sacrifices. Your commitment to the growth of our agriculture sector not only feeds the nation but also nourishes the spirit of our entire country. Thank you for being the backbone of progress, cultivating hope with every sunrise and every harvest.
 I would also like to extend my sincere appreciation to Salam Kissan Channel for tirelessly highlighting and sharing the stories of your hard work and dedication. Your efforts in showcasing the endeavors of our farmers contribute immensely to raising awareness and fostering a deeper appreciation for the vital role they play in our society. Sarsabz Fertilizer has undeniably emerged as the leading fertilizer brand in Pakistan. Its commitment to excellence, innovative agricultural solutions, and steadfast dedication to supporting farmers have positioned it at the forefront of the country's agricultural landscape."
UgwP9j6WBIMIRGV6WEl4AaABAg,PX7Lvjs639U,20231210,@Mathpoint0,no,no,2,,Champions ❤
UgzKqa86XOPCu5ZkAGl4AaABAg,PX7Lvjs639U,20231210,@DharminderSingh-x6w,no,no,1,,Farmers of Pakistan are our pride ❤❤
UgyptmqCB-UCBJLeVvd4AaABAg,PX7Lvjs639U,20231210,@trio8448,no,no,2,,This Love It❤❤❤
UgyHkYyus8wXMjRZyLp4AaABAg,PX7Lvjs639U,20231210,@haseebahmad4303,no,no,1,,Farmer's  hero of Pakistan ❤❤🇵🇰
Ugxl4HIXrQ4ZHTS118p4AaABAg,PX7Lvjs639U,20231210,@DecodeTM,no,no,1,,"Team 
Sherhr Main Dehat"
UgwwmuyGzyPJeJ4T2qB4AaABAg,PX7Lvjs639U,20231210,@DecodeTM,no,no,2,,LOVE u SARSABZ
UgxItrwPb647JBYXVZx4AaABAg,PX7Lvjs639U,20231210,@DecodeTM,no,no,5,,"Sarsabz once again highlights the importance of farmers to society. Without their untiring efforts, we would be facing an acute shortage of everyday essential foods. Kudos to Sarsabz!"
UgwjDwhlGW9xG4kUDMh4AaABAg,PX7Lvjs639U,20231210,@KingShahzamanVlogs-ge4yh,no,no,2,,Farmers of Pakistan are prid salute
UgzFI2qkv-QMtl7Iw5N4AaABAg,PX7Lvjs639U,20231210,@KPOP3659,no,no,1,,farmers are great  people they work hard for us but some pepole do not care  about their hardwork they are our pride
UgyzfU8Hp0lFXdNvI4R4AaABAg,PX7Lvjs639U,20231210,@KingShahzamanVlogs-ge4yh,no,no,4,,"پاکستان کے کسان ہماری شان
آپ سب کی محنت کو سلام کہ جنہوں نے اپنے خون اور پسینے کو مٹی میں ڈال کر اسے زندگی بخشی 
کسانوں کا قومی دن مبارک"
UgwzaLrbOse5ABAdcc94AaABAg,PX7Lvjs639U,20231210,@muhammadyesrub2622,no,no,6,,"Your tireless dedication to the land sustains us all. Through challenges and triumphs, your hard work and resilience never cease to amaze. Your hands cultivate not just crops but also the foundation of our communities. In every seed sown and harvest reaped, you are the unsung heroes, the stewards of our sustenance. Thank you for being the backbone of our society, for the sacrifices made, and for shaping a sustainable future. Your efforts do not go unnoticed, and we are deeply grateful for the essential role you play in nourishing our world."
UgwzaLrbOse5ABAdcc94AaABAg.9yLeqzC1PjMA-iRhrLPG0q,PX7Lvjs639U,20231210,@Sarsabz,yes,yes,0,channel_winner_notice,"youtube.com/@muhammadyesrub2622 Please email your complete details (Address, phone number, and city) to sarsabzofficialpk@gmail.com using the same email address associated with your YouTube account."
UgwzaLrbOse5ABAdcc94AaABAg.9yLeqzC1PjMA03w9RibEhu,PX7Lvjs639U,20231210,@Sarsabz,yes,yes,0,channel_winner_notice,"youtube.com/@muhammadyesrub2622 Time is ticking. Please email your complete details (Address, phone number, and city) to sarsabzofficialpk@gmail.com using the same email address associated with your YouTube account."
UgwzaLrbOse5ABAdcc94AaABAg.9yLeqzC1PjMA0Gsvfnnue4,PX7Lvjs639U,20231210,@muhammadyesrub2622,no,yes,0,,@Sarsabz  #SalamKissan #KissanDay #SarsabzPakistan
UgwzaLrbOse5ABAdcc94AaABAg.9yLeqzC1PjMA-GWIxJi991,PX7Lvjs639U,20231210,@Sarsabz,yes,yes,0,channel_winner_notice,"Congratulations on winning! Please email your complete details (Address, phone number, and city) to sarsabzofficialpk@gmail.com using the same email address associated with your YouTube account."
UgxZ33V-xOiFu5PXJ7l4AaABAg,PX7Lvjs639U,20231210,@abaidfarooq9915,no,no,1,,Respect all kisan
UgzYt15cbAnpNwy_kdp4AaABAg,PX7Lvjs639U,20231210,@bro99f21,no,no,2,salam_pakistan,Farmers very very important for life farmers nhi tou ham nhi thanks for farmers and sarsabz salam kissan salam Pakistan sarsabz Pakistan
UgynK7WB0d1RltTdK9B4AaABAg,PX7Lvjs639U,20231210,@asifshahzad4339,no,no,7,,"Salute to Alla Kisaans 🙋
Life without food,
Is like a tree without roots.
Life without food,
Is like a bad dream come true
Food comes from farms,
These farms make our country charm,
Our country’s pride is hidden in farms,
But the growing population rings an alarm

Farmers try their best to cultivate more,
For lost ships to become a sea shore,
These efforts will not be in vain,
One day the dry land will also have rain!
THANKS to farmers for growing food!
THANKS to farmers for giving our life tree roots!"
UgynK7WB0d1RltTdK9B4AaABAg.9yLbnvqpbbpAQrNq6Z7-0I,PX7Lvjs639U,20231210,@YasmeenAmjad-v7s,no,yes,0,,C
UgzyU4Kn7yJkfsIuR8d4AaABAg,PX7Lvjs639U,20231210,@irumusman6168,no,no,1,,Thank you
UgwvWg04jhUqOP2BMoR4AaABAg,PX7Lvjs639U,20231210,@tanzeelahmed2998,no,no,1,,Farmers produce wheat and ather thing for Pakistan
UgwebxLg2SoUpPcnfMJ4AaABAg,PX7Lvjs639U,20231210,@Muhammadayan-rb1tg,no,no,4,,Aha kame kara hao Allah tarke  da
UgydyO2EQXP31v_zn9p4AaABAg,PX7Lvjs639U,20231210,@MRafiqSoomro,no,no,1,,Nice kasin 😢😢
Ugw_KYSZmBHUfRD556h4AaABAg,PX7Lvjs639U,20231210,@Cric_SpectraX,no,no,2,,A big  salute to  our  farmers 🎉
UgzDufewFxIMRzYPTaR4AaABAg,PX7Lvjs639U,20231210,@BongMan779,no,no,1,,😊❤🇮🇳🙂❤
UgyuyqGyd7LH9L6J4kV4AaABAg,PX7Lvjs639U,20231210,@zafariqbal9856,no,no,1,,Salam.kissan srsbz pakistan
UgzkxkGWjDTwq-gHKet4AaABAg,PX7Lvjs639U,20231210,@Misubhai,no,no,1,,Very good 🎉🎉
UgynTYvoIfwLY5oIRf54AaABAg,PX7Lvjs639U,20231210,@Abdullahkhanmomanpur,no,no,24,,Pakistan ke kisan hamari shan🎉🎉ALKHAMDULILLAH I AM FARMER❤
UgynTYvoIfwLY5oIRf54AaABAg.9yLWLaQb0t19yTatFq5dNo,PX7Lvjs639U,20231210,@ZeshanAwan-s8k,no,yes,0,,"To watch and realize the simplicity of the lives of farmers, sharing the experiences of our forefathers from Agregarian Society from the very beginning of history and leading country's economy with sheer hardwork, perseverance and resilience is awe-inspiring. Their patience is unmatched, when faced with the calamity of natural disasters like the floods we faced last year. It's hard to even imagine the courage it takes to put in so much effort after you've lost everything from the product, to the land and your home. It is exemplary for all of us. To see them smile after they've made their lands produce grain after the floods is a joyous experience. Our females working hand in hand with males in the fields, showing the same resilience, highlights the important of their role to country's economy. It is a wonderful experience to watch. The efforts of Fatima Group to facilitate farmers is an examplary service to the nation for sustainable development. Best wishes for the team engaged in this service.

#SalamKissan #KissanDay #SarsabzPakistan"
UgxJnNVKIp3V40p-Dxt4AaABAg,PX7Lvjs639U,20231210,@JellyJump3D84,no,no,0,,suilet farmar
UgyPqhN7_XbP2aAi_BB4AaABAg,PX7Lvjs639U,20231210,@saadmehmood4446,no,no,0,vlog_referral,Here on Sheher may Dehat recommendation
UgxBTar7g1vsYSmqRtl4AaABAg,PX7Lvjs639U,20231210,@AzamSonu-r6v,no,no,3,,Mashallah ❤❤❤
UgwE7oubQc2n_DWoXBd4AaABAg,PX7Lvjs639U,20231210,@rijwan_roY07,no,no,1,,But I love Pakistan ❤❤❤❤
Ugz1Vm9Cqea4aU0tpWJ4AaABAg,PX7Lvjs639U,20231210,@rijwan_roY07,no,no,1,india_bangladesh,I am Indian ❤❤
UgxvA5_oKoCH0Op6VAh4AaABAg,PX7Lvjs639U,20231210,@lakhveersinghmallan4273,no,no,7,,ਬਹੁਤ ਵਧੀਆ ❤
Ugz2NfK2wdY_vpD0qal4AaABAg,PX7Lvjs639U,20231210,@hafizhamza652,no,no,9,,Salute to the hard work of all of you who put your blood and sweat in the soil and gave it lifej
UgzYAm7VDyUbSPQe48Z4AaABAg,PX7Lvjs639U,20231210,@ranadilshadahmad9715,no,no,19,,Congratulations sarsabs kissan 🎉❤❤❤ for his contribution to help and enhance the importance of farmers 👏👏👏👏🌹🌹🌹🌹🌹✔️
UgwresFC1onovLHD7A14AaABAg,PX7Lvjs639U,20231210,@tasibwaleed0786,no,no,0,,❤❤
Ugzd6QjzvcUeU9Y8ZY14AaABAg,PX7Lvjs639U,20231210,@SajjadHussain-th8me,no,no,4,,"The farmers faced really bad floods that destroyed their homes and crops. But they didn't give up. They worked hard to grow even better crops after that. It's amazing how strong and determined they were to make things better after such a tough time. Our Pakistani farmers work really hard, especially when things are tough. They keep our communities going by growing food. Even when things go wrong, they don't give up. It shows how strong they are. We see and appreciate all the work they do. Thank you, farmers, for working so hard to feed everyone. You make a really big difference in our lives. Thanks to Sarsabz Team for showcasing these through an excellent content."
UgweEZC4FlURSyxEzDV4AaABAg,PX7Lvjs639U,20231210,@malikahsanali2192,no,no,1,,Love u ksan dy
UgzxvUNAfVdFzSLviDd4AaABAg,PX7Lvjs639U,20231210,@MrSparkyPlayz,no,no,2,,You give importance of kissan(farmer)
UgzStM2Co11cVThWQFF4AaABAg,PX7Lvjs639U,20231210,@haseeb.ashraf,no,no,3,,"We salute all the farmers who quietly and selflessly toil in fields for people they've never known. None of us would be here if it wasn't for farmers.
Now, it's time to pay their long due appreciation and heartfelt thanks.
#SalamKissan #Sarsabzpakistan"
Ugy7PeGcWIN7xJc1rQx4AaABAg,PX7Lvjs639U,20231210,@naatscollections2580,no,no,6,,"What an impressive effort by the team. Very powerful theme with equally remarkable execution. A very emotional message for everyone to remain hopeful . Positive and determined on matter what the circumstances are. Feeling highly motivated , emotional and thankful to the Kissan who always believe in Allah and their efforts ."
UgwDfcovioYwxIJOAoN4AaABAg,PX7Lvjs639U,20231210,@GringoMaster-rd3xj,no,no,1,,we are proud to be a Farmer 👩‍🌾 ❤🫀💋
UgxAUTRaoSY-3dq1uCF4AaABAg,PX7Lvjs639U,20231210,@VlogsbyRaffayAbbas,no,no,2,song_voice_lyrics;vlog_referral,I complete my responsibility to listen this song after sher main dehat request ❤❤
UgxAUTRaoSY-3dq1uCF4AaABAg.9yLQH-RA0uE9yLQLR2skXc,PX7Lvjs639U,20231210,@VlogsbyRaffayAbbas,no,yes,0,,❤
UgxAUTRaoSY-3dq1uCF4AaABAg.9yLQH-RA0uE9yLQMXScY-s,PX7Lvjs639U,20231210,@VlogsbyRaffayAbbas,no,yes,0,,❤
UgxAUTRaoSY-3dq1uCF4AaABAg.9yLQH-RA0uE9yLQNGD2zVX,PX7Lvjs639U,20231210,@VlogsbyRaffayAbbas,no,yes,0,,❤
UgxAUTRaoSY-3dq1uCF4AaABAg.9yLQH-RA0uE9yLQNrcBpcd,PX7Lvjs639U,20231210,@VlogsbyRaffayAbbas,no,yes,0,,🎉
UgxAUTRaoSY-3dq1uCF4AaABAg.9yLQH-RA0uE9yLQOM_1kP1,PX7Lvjs639U,20231210,@VlogsbyRaffayAbbas,no,yes,0,,❤
UgxAUTRaoSY-3dq1uCF4AaABAg.9yLQH-RA0uE9yLQOyvtpAq,PX7Lvjs639U,20231210,@VlogsbyRaffayAbbas,no,yes,0,,🎉😊
UgxAUTRaoSY-3dq1uCF4AaABAg.9yLQH-RA0uE9yLQPQj9GIe,PX7Lvjs639U,20231210,@VlogsbyRaffayAbbas,no,yes,0,,😊
UgxAUTRaoSY-3dq1uCF4AaABAg.9yLQH-RA0uE9yLQPx8Q0lq,PX7Lvjs639U,20231210,@VlogsbyRaffayAbbas,no,yes,0,,😊
UgxAUTRaoSY-3dq1uCF4AaABAg.9yLQH-RA0uE9yLQQYLEOVf,PX7Lvjs639U,20231210,@VlogsbyRaffayAbbas,no,yes,0,,😊
UgxAUTRaoSY-3dq1uCF4AaABAg.9yLQH-RA0uE9yLQRXU7Tf9,PX7Lvjs639U,20231210,@VlogsbyRaffayAbbas,no,yes,0,,❤
UgxAUTRaoSY-3dq1uCF4AaABAg.9yLQH-RA0uE9yLQS096khT,PX7Lvjs639U,20231210,@VlogsbyRaffayAbbas,no,yes,0,,😊
UgxAUTRaoSY-3dq1uCF4AaABAg.9yLQH-RA0uE9yLQSTHzPIG,PX7Lvjs639U,20231210,@VlogsbyRaffayAbbas,no,yes,0,,😊
UgxAUTRaoSY-3dq1uCF4AaABAg.9yLQH-RA0uE9yLQSvBhdKI,PX7Lvjs639U,20231210,@VlogsbyRaffayAbbas,no,yes,0,,❤
UgxAUTRaoSY-3dq1uCF4AaABAg.9yLQH-RA0uE9yLQTMqJ544,PX7Lvjs639U,20231210,@VlogsbyRaffayAbbas,no,yes,0,,😊
UgxAUTRaoSY-3dq1uCF4AaABAg.9yLQH-RA0uE9yLQTqtmC67,PX7Lvjs639U,20231210,@VlogsbyRaffayAbbas,no,yes,0,,❤
Ugz8St4nx0bcqRBMoUF4AaABAg,PX7Lvjs639U,20231210,@scrollstop14,no,no,0,,"🌾💚 Dedication to Our Hardworking Farmers 💚🌾

In the hustle and bustle of our daily lives, it's easy to forget the incredible dedication and hard work that goes into putting food on our tables. Today, I want to take a moment to express my heartfelt gratitude to the unsung heroes of our world - our farmers.

🚜 To the hands that sow the seeds and tend to the fields, thank you for nurturing the land and bringing forth the harvest.

🌱 To the early risers and late workers, your commitment and tireless efforts do not go unnoticed. You are the backbone of our communities.

🌽 Your resilience in the face of challenges, unpredictable weather, and the uncertainties of agriculture is nothing short of inspiring. The fruits of your labor sustain us all.

🌎 Let's not forget the profound impact of your work, reaching far beyond the fields. You are stewards of the Earth, caretakers of nature, and providers for nations.

🙏 Today, I dedicate a moment of gratitude to each farmer out there. Your hard work, dedication, and love for the land ensure that we have sustenance and nourishment.

🌿 Thank you, Farmers, for all that you do. Your labor is the root of our prosperity, and your harvest is a gift to us all. 💖🌾"
Ugz0vudpYpu6Pkp4pKh4AaABAg,PX7Lvjs639U,20231210,@ghulamrasoolvlogz,no,no,2,,Good farmer are our proud and we are dependent on them ❤❤
Ugzxx3okK22xKSZmTbx4AaABAg,PX7Lvjs639U,20231210,@aghaali476,no,no,2,,Very good initiative by Fatima Group for creating awareness and recognising farmers of Pakistan.. Keep it up Fatima Group...
Ugzg4UrFXkRUDUnw3fV4AaABAg,PX7Lvjs639U,20231210,@asrarasgharali705,no,no,12,,سلام کسان، کسان کے عالمی دن پر ان تمام محنتی کسانوں کو سلام جن کی وجہ سے گلشن کی رونق اور چمن میں چہچہاہٹ ہے ۰ جن کی خون پسینے سے لبریز محنت ہمارے دستر خوانوں اور پہناوے کی زینت ہے
Ugw3Uz4dpJDafGdx_Wd4AaABAg,PX7Lvjs639U,20231210,@asgamers4835,no,no,6,song_voice_lyrics,"I am also belongs to Kissan(Farmer) Family my grandfather and my Uncle mamo is a farmer. I know that what challenges that a farmer is face and loves and care his fields, makes his fields best. That is very hard work efforts for that. So i am says to @Sarsabz  thanks for making this song and highlights the importance of farmers to society. 
Pakistan Zindabad Long live farmers specially Pak Kissan. 

Salam Kissan."
Ugw3Uz4dpJDafGdx_Wd4AaABAg.9yLODzIHYNXA-GWUe2asM1,PX7Lvjs639U,20231210,@Sarsabz,yes,yes,1,channel_winner_notice,"Congratulations on winning! Please email your complete details (Address, phone number, and city) to sarsabzofficialpk@gmail.com using the same email address associated with your YouTube account."
Ugw3Uz4dpJDafGdx_Wd4AaABAg.9yLODzIHYNXA-iS-Y3ID5n,PX7Lvjs639U,20231210,@Sarsabz,yes,yes,1,channel_winner_notice,"youtube.com/@asgamers4835 Please email your complete details (Address, phone number, and city) to sarsabzofficialpk@gmail.com using the same email address associated with your YouTube account."
Ugw3Uz4dpJDafGdx_Wd4AaABAg.9yLODzIHYNXA03vxwnnuW4,PX7Lvjs639U,20231210,@Sarsabz,yes,yes,1,channel_winner_notice,"youtube.com/@asgamers4835 Time is ticking. Please email your complete details (Address, phone number, and city) to sarsabzofficialpk@gmail.com using the same email address associated with your YouTube account."
Ugw3Uz4dpJDafGdx_Wd4AaABAg.9yLODzIHYNXA06TEtNS7uY,PX7Lvjs639U,20231210,@asgamers4835,no,yes,0,contest_own_words,@Sarsabz  please Check it i have send it and Thank you for giving me gift if I won.
Ugw3Uz4dpJDafGdx_Wd4AaABAg.9yLODzIHYNXA0OW0-NAQFs,PX7Lvjs639U,20231210,@asgamers4835,no,yes,1,,"Hello Azeem,

Please reply to the same comment on YouTube with these #Tags (#SalamKissan #KissanDay #SarsabzPakistan) so we can verify the authenticity of your account and participation."
UgyCh6SHtCE-DEXL_dh4AaABAg,PX7Lvjs639U,20231210,@world_1213,no,no,1,india_bangladesh,Jai javan jai kisan
UgwJv3NbX8NNHLvWKFx4AaABAg,PX7Lvjs639U,20231210,@asifdaha83,no,no,4,,There is nothing more important than farming. It is the backbone of civilization. We are so very proud of all KISSAN's. Your handwork and perseverance have paid off. Thank you to all of the amazing  farmers that make it possible for us to eat every day. Thanks to Sarsabz as well. #Salamkissan #SarsabzPakistan.
UgwKXq1-M5t7H4GerO14AaABAg,PX7Lvjs639U,20231210,@Islamicvideos.8913,no,no,0,,🎉🎉🎉
UgxydhTC-9uYCLr1-d94AaABAg,PX7Lvjs639U,20231210,@ShulkerOP,no,no,0,,So Beautiful apre shad you 🎉
Ugxg0JGgNddcfxqhTih4AaABAg,PX7Lvjs639U,20231210,@PAKHTUN_777,no,no,4,india_bangladesh,Love from India 🇮🇳 kisaan bhai chahe kahi ke ho vo us mulk ki jaan he love you
Ugy6RJ0-kC8XmBt0KH54AaABAg,PX7Lvjs639U,20231210,@IMRANxSIGMA,no,no,0,,حلال رزق کا مطلب کسان سے پوچھو پسینہ بن کے بدن سے لہو نکلتا ہے سرد راتوں میں تپتی دھوپ میں وہ اپنی فصل کا خیال رکھتا ہے جیسے وہ اپنے بچے کو دیتا ہے تحفظ ایسے وہ اپنی فصل کی پوری خوراک رکھتا ہے بارش اندھی اور طوفان سے بچانے کی خاطر وہ اپنی چارپائی کھیتوں میں ڈال رکھتا ہے گندم کپاس چاول یا اگائے وہ گنا انہی سب فصلوں پہ وہ اپنی زندگی کا ملال رکھتا ہے
Ugy6RJ0-kC8XmBt0KH54AaABAg.9yLLBcqzKOgA-GWFn5fV_F,PX7Lvjs639U,20231210,@Sarsabz,yes,yes,0,channel_winner_notice,"Congratulations on winning! Please email your complete details (Address, phone number, and city) to sarsabzofficialpk@gmail.com using the same email address associated with your YouTube account."
Ugy6RJ0-kC8XmBt0KH54AaABAg.9yLLBcqzKOgA-iRb2JHNqv,PX7Lvjs639U,20231210,@Sarsabz,yes,yes,0,channel_winner_notice,"youtube.com/@STARxSIGMAYT Please email your complete details (Address, phone number, and city) to sarsabzofficialpk@gmail.com using the same email address associated with your YouTube account."
Ugy6RJ0-kC8XmBt0KH54AaABAg.9yLLBcqzKOgA03w1cnAG36,PX7Lvjs639U,20231210,@Sarsabz,yes,yes,0,channel_winner_notice,"youtube.com/@STARxSIGMAYT Time is ticking. Please email your complete details (Address, phone number, and city) to sarsabzofficialpk@gmail.com using the same email address associated with your YouTube account."
Ugw7-aNcLjBBaumyec94AaABAg,PX7Lvjs639U,20231210,@toheedqureshi4754,no,no,2,india_bangladesh,Love from India
UgxbltgngBGI49ingT54AaABAg,PX7Lvjs639U,20231210,@panitv,no,no,0,,Maja aya
UgyHrOah2dqSNdtkhGN4AaABAg,PX7Lvjs639U,20231210,@panitv,no,no,0,,Wow
Ugym2Gh9tSc4INajtSt4AaABAg,PX7Lvjs639U,20231210,@FaizanAli-vf6kr,no,no,2,,Ma ik kisan hoo or mujy fahker hai ke ma ik kisan hoo or village ma rahta hoo ❤❤❤ this sarsbaz hamy aprsiate Karne ke liye
Ugw5vRyVB0M8EtxpYO14AaABAg,PX7Lvjs639U,20231210,@Fatimarani-s5s,no,no,0,vlog_referral,Love you all kisan ❤🎉 from sher main dehat 🎉
Ugw-mRsgmgxjX1tygFd4AaABAg,PX7Lvjs639U,20231210,@iffatali7053,no,no,0,,Sallam kisan you make hard efforts to grow crops❤❤
UgyIvbJxysra4r3sIZl4AaABAg,PX7Lvjs639U,20231210,@Fundforyou777,no,no,1,,"Appreciated to Farmers
Very very hard working farmers of pakistan they no see winter or Summer they only hard work for us and our animal 
salute to u all 🌾🌾🌾🌱☘️"
UgwKdbg65rRmi6HRF8J4AaABAg,PX7Lvjs639U,20231210,@fahadkaleem8257,no,no,0,,Thanks Allha ....here is some1 who feel the pain of farmers....thanks sarsabaz for  sweet words for relizing that some1 with us .....
UgxhD4-I6CaFY1D1T7p4AaABAg,PX7Lvjs639U,20231210,@factaroraedit,no,no,1,,Love for shermedhihat
UgwWBen_39RDm8U7hAR4AaABAg,PX7Lvjs639U,20231210,@fatimavolg2373,no,no,3,,salam ha ap ko
UgxcBeFuL7x6jdCKDpt4AaABAg,PX7Lvjs639U,20231210,@HUSSAINRizwan-tt1vo,no,no,3,,Who is here after Shahar Mein Dehat vlog
UgzIpE4T9UtKTp7j_4d4AaABAg,PX7Lvjs639U,20231210,@malikghazanfar8856,no,no,0,,Love from khanewal Ghazanfar malik ❤😊😊❤😊❤😊❤😊❤
UgzKly0PXgfgKss8GuV4AaABAg,PX7Lvjs639U,20231210,@husnana32,no,no,1,,God
UgwR2obGk4s71RowjN54AaABAg,PX7Lvjs639U,20231210,@ZA-Avairy,no,no,0,,I am from shehar mein dihat viewer and fan
Ugx8pdPUZmrDmsyQhTN4AaABAg,PX7Lvjs639U,20231210,@ZA-Avairy,no,no,0,,Thanks to kissan for everything ❤
UgyYtOlgRg0QZN2Vqbh4AaABAg,PX7Lvjs639U,20231210,@ZA-Avairy,no,no,0,,Kissan he to hum he kissan nhi to him nhi ek kissan hi to he Jo Hume achi fasal Ker ke ache Fruits and vegetables khelata he  jea kissan ❤
UgyeopETtPcJcgkoKlV4AaABAg,PX7Lvjs639U,20231210,@arhamkazi567,no,no,2,,Salam on kisano ko Jo hamare liye or janwaro kae liye din raat mehnat karte hai mashallah ❤
UgxvHXInzGyzZrYQSUl4AaABAg,PX7Lvjs639U,20231210,@LearnEnglishWithmehr,no,no,0,vlog_referral,After watching #Shehrmaindehat ❤
UgxeXTA08fspl9jnrWt4AaABAg,PX7Lvjs639U,20231210,@ShahidArshad-t3w,no,no,1,,"We should be thankful for food on our tables, tha cloth on our body and to the farmers who make it all possible..
Thanks kisan
Salaam kisan"
UgxLFMj09i7zmB71X5F4AaABAg,PX7Lvjs639U,20231210,@abdulrehman2823,no,no,2,,appreciate the efforts for them who put their blood and sweat in the soil to feed not only themselves but to also feed others🥰
UgzSq34Md5FuwcXfq414AaABAg,PX7Lvjs639U,20231210,@thefuture4517,no,no,2,,"❤❤ ma ek kasan ho
Thank u❤❤"
Ugxx22_QRYVqsvQwoLF4AaABAg,PX7Lvjs639U,20231210,@raheelmalik300,no,no,0,,Happy kisan Day
UgxG2InOoyExEJ2_Hm14AaABAg,PX7Lvjs639U,20231210,@raheelmalik300,no,no,1,,I proud of you kisan brother
Ugw1SA3_1uUIdd7I_mt4AaABAg,PX7Lvjs639U,20231210,@NumanAslam-kq3bp,no,no,0,,😢😢😢😢
UgytTwV3uGA-BNwYd694AaABAg,PX7Lvjs639U,20231210,@alikhanvlogandunboxing5773,no,no,1,,❤❤❤❤❤
UgxtWwqiWAI7fLblSD94AaABAg,PX7Lvjs639U,20231210,@aliawan31,no,no,1,,KISSAN ARE VERY HARD WORKING😢AND LOVE YOU ALL KISSAN❤❤❤😢
UgxQrWy8nWO0PwIamnN4AaABAg,PX7Lvjs639U,20231210,@uzairpathan3807,no,no,2,,Salam. Pakistan ♥️ Pakistan Zindabad♥️🇵🇰Proud  to be pakistan🇵🇰
UgylR7UqXbSefzLXzwF4AaABAg,PX7Lvjs639U,20231210,@shawaiz_playz,no,no,7,song_voice_lyrics,this song is really based on reality of farmers salute to sarsabz and the farmers out there working for the better of our country❤❤❤
UgwJOW5LnIAl-O2sJA14AaABAg,PX7Lvjs639U,20231210,@fahadhussain2686,no,no,2,song_voice_lyrics,Soo nice song Allah AP kush rakay😊
UgwSMwYrpLcxOoO3_Wl4AaABAg,PX7Lvjs639U,20231210,@Sheikhabdurehman-dk8kk,no,no,29,,I love farmers Pakistan and full world 🙋
UgyhYrLN5zdkZ14o53h4AaABAg,PX7Lvjs639U,20231210,@danipatti3867,no,no,2,,Such a good job❤❤🎉
UgwCY-mXbNJix3j1c7J4AaABAg,PX7Lvjs639U,20231210,@sadiasardar8624,no,no,1,,"Without farmers, we would have lacked in our diets and would have to eat processed and unhealthy foods.
KISSAN HAMRI SHAN
SALAM KISSAN"
UgxXmxSFC73aTdbjqUh4AaABAg,PX7Lvjs639U,20231210,@uggamerff7937,no,no,0,,Love from kissan day 18th dec😢😢😢
UgyuMQpkNCXBmiT3ojh4AaABAg,PX7Lvjs639U,20231210,@zaidans9011,no,no,2,salam_pakistan,"سلام ان کسانوں کو جو کھیتوں میں دن رات محنت کر کے ہمارے دسترخوانوں کو مختلف اقسام کے کھانوں سے سجاتے ہیں اپ کی محنت اور بے لوث لگن ہمارا قیمتی اثاثہ ہے ہمیں اپ پر فخر ہے  شکریہ کسان
سلام کسان
 سلام پاکستان"
UgxT4m7gwx253s0VFHV4AaABAg,PX7Lvjs639U,20231210,@salahuddin5067,no,no,1,,"تم سےہے وطن کی شان 
اے میرے کسان
pure emotions"
UgzvQEsI-o_xchnSowt4AaABAg,PX7Lvjs639U,20231210,@Aqsa9872,no,no,1,,"In the Hands of Heroes

In the fields where dreams take root,
Amidst the soil, where life finds its flute,
There toils the heart of our nation,
The unsung heroes, our pride's foundation.

With calloused hands and sun-kissed faces,
They nurture lands, bestow life's graces.
From dawn's first light till the setting sun,
Their labor tells tales, second to none.

Beneath the skies, their spirit unfurls,
Tilling the earth, the soul of the world.
Sowing hopes in each furrowed line,
Their sweat and toil, nature's design.

Through seasons of bounty and hardship's reign,
They persist, embracing every grain.
Guardians of harvest, they stand tall,
Heeding the earth's ancestral call.

Amidst the orchards, fields, and farms,
Their dedication shields us from harm.
For every meal upon our plate,
They've toiled, ensuring none abate.

Sarsabz Fertilizer, in their stride,
Stands by these heroes, side by side.
Empowering growth, nurturing lands,
Enriching earth, extending hands.

To the farmers, steadfast and true,
This ode of gratitude, a heartfelt view.
For without their toil, our world would falter,
In the hands of these heroes, lies life's altar."
Ugw_QNt0pPXoU_d92JV4AaABAg,PX7Lvjs639U,20231210,@m.salarzai17,no,no,4,grievance,"sarsabz as always enlightens our knowledge about farmers.Farmers must be appreciated and helped financially.
Great step Sarbabz❤"
Ugz3OfZ-tWz8NuXV81N4AaABAg,PX7Lvjs639U,20231210,@combinecomputers4828,no,no,0,,😢❤❤❤❤❤❤❤❤❤❤❤❤❤❤❤❤❤❤❤❤❤❤❤❤❤❤❤❤❤❤❤❤❤❤❤❤❤❤❤❤❤❤❤❤❤❤❤❤❤❤❤❤❤❤❤❤❤❤❤❤❤❤❤❤❤❤❤❤❤❤❤❤❤❤❤❤❤❤❤❤❤❤❤❤❤❤❤❤❤❤❤❤❤❤❤❤❤❤❤❤❤❤❤ ❤❤❤❤❤❤❤❤❤❤❤❤❤❤❤❤❤❤❤❤❤❤❤❤❤❤❤❤❤❤❤❤❤❤❤❤❤❤❤❤❤❤❤❤❤❤❤❤❤❤❤❤❤❤❤❤❤❤❤❤❤❤❤❤❤❤❤❤❤❤❤❤❤❤❤❤❤❤❤❤❤❤❤❤❤❤❤❤❤❤❤❤❤❤❤❤❤❤❤❤❤❤❤❤❤❤❤❤❤❤❤❤❤❤❤❤❤❤❤❤❤❤❤❤❤❤❤❤❤❤❤❤❤❤❤❤❤❤❤❤❤❤❤❤❤❤❤❤❤❤❤❤❤❤❤❤❤❤❤❤❤❤❤❤❤❤❤❤❤❤❤❤❤❤❤❤❤❤❤❤❤❤❤❤❤❤❤❤❤❤❤❤❤❤❤❤❤❤❤❤❤❤❤❤❤❤❤❤❤❤❤❤
UgxHVo43yLzxvh2WzJ94AaABAg,PX7Lvjs639U,20231210,@nasirmubarak8139,no,no,19,,"❤❤❤❤
کسانوں کے بغیر، ہمیں خوراک اور دیگر ضروریات تک رسائی حاصل نہیں ہوگی۔
اس پیشے کی واقعی تعریف کرنے کے لیے ایک لمحہ نکالیں۔
جیسے جیسے آبادی بڑھ رہی ہے، کسانوں پر کام کا بوجھ بھی بڑھتا جا رہا ہے۔

سلام کسان سرسبز پاکستان
❤❤❤❤❤"
UgxHVo43yLzxvh2WzJ94AaABAg.9yLAHtQ3wpnAQrdQnfgEbA,PX7Lvjs639U,20231210,@ghulamhussain-hr4yd,no,yes,0,,P❤ ink p hi k KO ln to oooi
UgzBGycUr3Wd4rchPYp4AaABAg,PX7Lvjs639U,20231210,@MRJAHIRFFYT131,no,no,1,,❤ nice
Ugz_8LNWYlGrJlQcJgp4AaABAg,PX7Lvjs639U,20231210,@VillageinVillagesoffical1689,no,no,2,salam_pakistan,"سلام ہے ان کسانوں کو جو اپنی دن رات کی محنت سے ہمارے لیے اناج کی تیاری کرتے ہیں اور ہماری خوراک کو پورا کرتے ہیں ہمیں چاہئے کہ کسانوں کو ان کا پورا حق دیا کریں۔
ہمیں کسانوں کی ایسے ہی ضرورت ہے 

جیسے گندم کو سرسبز کی
            سلام پاکستان سلام کسان"
Ugweh35qt8g0poj9KOR4AaABAg,PX7Lvjs639U,20231210,@Cartoon.-nz7up,no,no,1,,Yar kasam saasarsabz bohot acha haa rona gaya yar 😢😢😢😢very good 👍
UgyChcMH65kq1DtjUfV4AaABAg,PX7Lvjs639U,20231210,@arslan.mughal90,no,no,1,,Salam Kissan
UgwAIRVZHdexvcPWcQV4AaABAg,PX7Lvjs639U,20231210,@HassanRaza-xh8pm,no,no,1,,Kasan teri azamat ko salam😊😊
Ugx2qp5IoNi0iqaY8lZ4AaABAg,PX7Lvjs639U,20231210,@tahaarbi5134,no,no,2,,Framer of pakistan 😍😍😍😍
Ugy8eaBPErII7RSVMFt4AaABAg,PX7Lvjs639U,20231210,@arkfans09,no,no,1,india_bangladesh,Jai johar jai kisan❤❤
Ugwr3aydb_wKejDr1y94AaABAg,PX7Lvjs639U,20231210,@shariqnaeem383,no,no,1,,Allah pak apko hamesha kush rakkha ap buth mahnat karta hai ❤
UgxfH9FXwHgKB9LY41R4AaABAg,PX7Lvjs639U,20231210,@kanwalfarhan3396,no,no,1,,Salute Kissan salute
Ugyj8U4QVxsMTrqVi4R4AaABAg,PX7Lvjs639U,20231210,@Jutt.6,no,no,1,,❤️❤️❤️
Ugx7ihqnRSiCwKsJjyx4AaABAg,PX7Lvjs639U,20231210,@waqassajid1770,no,no,6,,"Watching a farmer's hard work instills a profound emotion in a person, something that words can't fully express. Their tireless labor in the sun, love for the land, all reflect on their faces through smiles and a sense of respect. Farmers are empathetic and diligent workers, whose sacrifices provide sustenance for all our lives."
Ugx7ihqnRSiCwKsJjyx4AaABAg.9yL8KrC_GPVA-GW9YTld8E,PX7Lvjs639U,20231210,@Sarsabz,yes,yes,1,channel_winner_notice,"Congratulations on winning! Please email your complete details (Address, phone number, and city) to sarsabzofficialpk@gmail.com using the same email address associated with your YouTube account."
Ugx7ihqnRSiCwKsJjyx4AaABAg.9yL8KrC_GPVA-iRPWGs_WV,PX7Lvjs639U,20231210,@Sarsabz,yes,yes,1,channel_winner_notice,"youtube.com/@waqassajid1770 Please email your complete details (Address, phone number, and city) to sarsabzofficialpk@gmail.com using the same email address associated with your YouTube account."
Ugx7ihqnRSiCwKsJjyx4AaABAg.9yL8KrC_GPVA-io1qU5U_J,PX7Lvjs639U,20231210,@waqassajid1770,no,yes,1,,"Okay Thanks, I'hv sent"
UgwXVUt5HpeDfrBL0qp4AaABAg,PX7Lvjs639U,20231210,@a1tricks950,no,no,4,,Salute to those FARMERS ❤❤❤❤❤ LAJAWAABBBB ♥️
Ugzg3cMmpQLtwddOZgt4AaABAg,PX7Lvjs639U,20231210,@Shahid-x6c,no,no,11,,"Saluting the dedicated farmers and their families whose hard work and resilience feed the world and sustain our communities. Day to the unsung heroes of agriculture – your passion for the land ensures prosperity and abundance for us all. You are all respected and much appreciated. Our prosperity, as exemplified by their celebration of Kissan Day on December 18, 2023, is due to Sarsabz Fertilizer's commitment to promoting the agricultural community in Pakistan is dedicated to formers."
Ugzg3cMmpQLtwddOZgt4AaABAg.9yL8FaGIDsv9yMER9rU0vm,PX7Lvjs639U,20231210,@Shahid-x6c,no,yes,1,,"From the landlord family, I really better know the importance of sarsabz fertilizer in our lives.."
Ugzg3cMmpQLtwddOZgt4AaABAg.9yL8FaGIDsvAQOJAb7qNQ9,PX7Lvjs639U,20231210,@ManoMano-m2g,no,yes,0,,But hi❤🎉
Ugx_QYOpTfQs5M2GMvl4AaABAg,PX7Lvjs639U,20231210,@arizmohammadmashori5687,no,no,1,,"No food possible without our dedicated hard work of farmer , Salam kissan"
Ugyufhood2_o_UA1ZZZ4AaABAg,PX7Lvjs639U,20231210,@ArsalanShykh116,no,no,1,vlog_referral,"I listen in Vlog, Shehr mein Dehaat 💖"
UgxZRehxZ5Ge1txm4S54AaABAg,PX7Lvjs639U,20231210,@a1tricks950,no,no,1,vlog_referral,Mashallah ❤  TURAB  baai and SABTAIN baai. Apki wajah se ma is channel pe aya
UgxWdF1Y_LTaRuPMp_J4AaABAg,PX7Lvjs639U,20231210,@sameer_kabutar_baje_chhabra,no,no,0,,Love you ❤️❤️❤️❤️
Ugxcc3oSUUwuI8JKy0d4AaABAg,PX7Lvjs639U,20231210,@azmikhanrajput,no,no,2,,"What an impressive effort by the team. Very powerful theme with equally remarkable execution. A very emotional message for everyone to remain hopeful . Positive and determined on matter what the circumstances are. Feeling highly motivated , emotional and thankful to the Kissan who always believe in Allah and their efforts . 
#SalamKissan #KissanDay #SarsabzPakistan"
Ugy8la7ScZTpFvOQV3t4AaABAg,PX7Lvjs639U,20231210,@azmikhanrajput,no,no,2,,"What an impressive effort by the team. Very powerful theme with equally remarkable execution. A very emotional message for everyone to remain hopeful . Positive and determined on matter what the circumstances are. Feeling highly motivated , emotional and thankful to the Kissan who always believe in Allah and their efforts . 
#SalamKissan #KissanDay #SarsabzPakistan"
UgyUcGoCgLPu2clkN114AaABAg,PX7Lvjs639U,20231210,@Goharkevlogs04,no,no,0,vlog_referral,Kon kon meri tara sher me diyat ki video dekh kar aye hai ❤❤
UgydevDduEHla1ebcTh4AaABAg,PX7Lvjs639U,20231210,@MasoodMadni-t9w,no,no,0,,سلام ہو ہمارےپیارےکسان بھائیوں کو❤
UgypxyrGNzTN6x3UiM94AaABAg,PX7Lvjs639U,20231210,@awaishaseeb-wm6go,no,no,1,,Good effet by kissan Bhaiyo❤❤❤❤
Ugzhtsf5NL9XNYKH59F4AaABAg,PX7Lvjs639U,20231210,@latestTv1,no,no,0,,"حلال رزق کا مطلب کسان سے پوچھو 🥀🌾
پسینہ بن کے لہو کی طرح نکلتا ہے🌋😢"
Ugzf-1cwVIbWp3IRzfB4AaABAg,PX7Lvjs639U,20231210,@firdos682,no,no,0,india_bangladesh,I am 🇮🇳🇮🇳 India
Ugzf8AfN5gJ5yKPVD6p4AaABAg,PX7Lvjs639U,20231210,@kingjabbar516,no,no,0,,❤❤❤
Ugx6gNJiSFhC58KWHCZ4AaABAg,PX7Lvjs639U,20231210,@saddabMahmad,no,no,0,,❤❤
UgzklJr0-0ZQnFp0evl4AaABAg,PX7Lvjs639U,20231210,@saddabMahmad,no,no,0,,❤❤❤😂❤
UgyBenNDbonKOIIHDEZ4AaABAg,PX7Lvjs639U,20231210,@saddabMahmad,no,no,0,,❤❤
UgzOw84pEouZ9D2pHfd4AaABAg,PX7Lvjs639U,20231210,@saddabMahmad,no,no,0,,❤❤
Ugx_P2cUokg8a4Y3TvV4AaABAg,PX7Lvjs639U,20231210,@saddabMahmad,no,no,0,,❤❤
UgxBUTUAvWPFIPq0B-B4AaABAg,PX7Lvjs639U,20231210,@saddabMahmad,no,no,0,,❤❤
Ugy0on3620PmejEl9lF4AaABAg,PX7Lvjs639U,20231210,@saddabMahmad,no,no,0,,❤❤
Ugzuo6WJo7qPCGyt-et4AaABAg,PX7Lvjs639U,20231210,@sumaika4rajpoot,no,no,2,,"What an impressive effort by the team. Very powerful theme with equally remarkable execution. A very emotional message for everyone to remain hopeful . Positive and determined on matter what the circumstances are. Feeling highly motivated , emotional and thankful to the Kissan who always believe in Allah and their efforts . 
#SalamKissan #KissanDay #SarsabzPakistan"
UgwyWMWcpau5PArDFcl4AaABAg,PX7Lvjs639U,20231210,@sumaika4rajpoot,no,no,9,,"What an impressive effort by the team. Very powerful theme with equally remarkable execution. A very emotional message for everyone to remain hopeful . Positive and determined on matter what the circumstances are. Feeling highly motivated , emotional and thankful to the Kissan who always believe in Allah and their efforts . 
#SalamKissan #KissanDay #SarsabzPakistan"
Ugwa8gT1d72Stc4aodp4AaABAg,PX7Lvjs639U,20231210,@Zainjutt-u8i,no,no,2,,Ap sab ki mehnat ko salam ❤ke ap itni mehnat karte ho is ke liye apko salam kisan pree  happy kisan day
UgzyGXtHIvm1vEh4zcl4AaABAg,PX7Lvjs639U,20231210,@muz4hidd,no,no,1,,❤❤❤
UgziDaMmQoNBRxXNIJF4AaABAg,PX7Lvjs639U,20231210,@ragib717,no,no,24,india_bangladesh,No nation can prospar without farmar salute farmar. Love from Bangladesh🇧🇩❤❤
Ugw2lrvdb82YCs4Dgg14AaABAg,PX7Lvjs639U,20231210,@bachasquad9450,no,no,2,song_voice_lyrics,Wow 😳 I'm very emotional after lessons this song 😰 we are proud to be kissan and pakistan
Ugxag8PhtuKhzRNCDtV4AaABAg,PX7Lvjs639U,20231210,@ammarchoudhry9116,no,no,1,,"Salute to the Farmers, the backbone of our Food security."
Ugx2ViI6UucZgZOWyY94AaABAg,PX7Lvjs639U,20231210,@AbdulRehman-ro1ph,no,no,3,,"Pakistan is an agrarian economy and kissan/farmers are Pakistans backbone. On this Farmers Day, let's honor the stalwarts of our land, whose unwavering determination and tireless toil shape the very essence of our existence. Through relentless hours and weathered seasons, they sow the seeds of sustenance, nurturing the earth with an unparalleled commitment. Their labor isn't just a livelihood; it's a testament to resilience, an unspoken promise to feed nations. Amidst the dawn's first light and the dusk's fading glow, their unwavering spirit remains the backbone of our sustenance, embodying the epitome of dedication that sustains life itself. Today, let us bow in gratitude to these unsung heroes, whose unwavering efforts ripple beyond the fields, nurturing the soul of humanity. #sarsabz #salamkissan"
UgxH6Wg2u-3p9Sq8QgF4AaABAg,PX7Lvjs639U,20231210,@Farhan_Rajput_vlog,no,no,1,vlog_referral,Kon kon shahr ma dihat ka link sa aya ha 😅❤
UgyNfLZFbGTN_jh5u3t4AaABAg,PX7Lvjs639U,20231210,@Mr.H-F3k,no,no,2,,In ki hamat hai😢😢😢😢❤❤❤❤
Ugxzx-yucVaJVxcK-iJ4AaABAg,PX7Lvjs639U,20231210,@MalikAzhar_497,no,no,2,,Farmers are the future of Pakistan
UgyFempRoLyc2i2spaV4AaABAg,PX7Lvjs639U,20231210,@shumasriaz4677,no,no,0,,"On this Farmers Day, let's express heartfelt appreciation to the backbone of our society—the farmers. Their unwavering dedication, hard work, and resilience ensure the sustenance of nations. Thank you for Fatima Group for recognizing and depiction of the hardship farmers faces due environmental changes causing heavy rains."
UgzJo4cZunM_mn5ey4Z4AaABAg,PX7Lvjs639U,20231210,@hamzaramzan2595,no,no,2,,Farmers are the backbone of civilization and guardians of our food security. Their hard work may often go unnoticed but its impact reverberates through every meal enjoyed. Salam kissan
UgyKSx0Ljj2xXeehCjR4AaABAg,PX7Lvjs639U,20231210,@yasir____a7139,no,no,0,vlog_referral,Kon kon Sheher me dihat se. Yaha aaya he❤
Ugx_6bk3RuO15nzf3V14AaABAg,PX7Lvjs639U,20231210,@sharnsingh9518,no,no,1,,❤❤
UgwjxUlF6fnzQ9-jnV54AaABAg,PX7Lvjs639U,20231210,@dabeerkhalid6580,no,no,17,,"We should acknowledge the efforts, hardworking & resilience. Message for the Farmers “ your unwavering dedication & tireless efforts sustain us all. Your commitment to cultivating crops is the cornerstone of our existence & more nourished future for generation to come”"
UgxWk-l4X55_E7y3irh4AaABAg,PX7Lvjs639U,20231210,@Empireofcomdey,no,no,1,india_bangladesh,Best ❤ from India 🇮🇳❤❤
UgxKBtpZvuqnkZZ6A2R4AaABAg,PX7Lvjs639U,20231210,@fareehasoomro661,no,no,1,,Salam Hai kisan per
UgxRCyAQtzgLKmRh_Gp4AaABAg,PX7Lvjs639U,20231210,@Apex_Wildlife_Usa,no,no,4,,Farmers are incredible! They work tirelessly to provide us with the food we eat every day. Their hard work and dedication help keep us all nourished and healthy. We owe them a big thank you for all that they do! 🌾🚜🥦
Ugz_2jBYY278MxIx3D14AaABAg,PX7Lvjs639U,20231210,@DVGEMPIRE,no,no,0,,Thank you farmers ♥️
Ugz8iK6-khO19eq4EFt4AaABAg,PX7Lvjs639U,20231210,@Mfarrukhq,no,no,4,,"Farmers' Day reminds us to thank each and every farmer of the nation for their unconditional dedication. Best wishes on Farmers Day to you. - Wishing all the farmers a plentiful harvest. - To the extremely hardworking farmers, we appreciate all of you."
UgyMBATXhMuHpzCZZ2J4AaABAg,PX7Lvjs639U,20231210,@miraculous78-i5z,no,no,1,,"زرعی کارکنوں کو سراہا جانا چاہئے، چونکہ وہہمارے معیشت کے دل ہیں اور ہمارے ہر روز کے خواہشات کو حقیقت میں تبدیل کرتے ہیں۔ زرعی کارکنوں کی محنت اور قربانیوں کا ذکر ہر زمانے میں ہمیں یاد رہنے چاہئے۔ جنوب ایشیائی مصطلح ہے: ""کھیتی بھلا کرنے والے ہمیشہ ہمارے دلوں میں رہتے ہیں۔"" یہ ہمیشہ زرعی کارکنوں کی قدر کرنے کا ذہانت اور قربانی کا پیشگوئی کرتا ہے۔"
UgzSlequQmCRoz2uk-l4AaABAg,PX7Lvjs639U,20231210,@Mfarrukhq,no,no,47,,"Take a moment to really appreciate the Farmer and all the hard work and dedication the agricultural life requires. As the population continues to grow, the workload of farmers also expands. The best quotes about farming and agriculture will: Make you respect the difficult labor that goes into every harvest."
UgwWnoO5M5cNKAcyd3Z4AaABAg,PX7Lvjs639U,20231210,@Arhumhamid109,no,no,10,,And I believe that k kissan na Hotay tuo ham zaenda na ho Tay
UgwWnoO5M5cNKAcyd3Z4AaABAg.9yL3GKpXx0gAQpvJhG7150,PX7Lvjs639U,20231210,@NisarAhmad-ek6sl,no,yes,0,,no i😅jj 0:16 k9z❤❤
Ugwjnkma-wjUKRW3br54AaABAg,PX7Lvjs639U,20231210,@Arhumhamid109,no,no,0,,0:22 I love kissan
Ugx5fErFG6jhOo9sPgN4AaABAg,PX7Lvjs639U,20231210,@Sufian_family,no,no,0,,پاکستان کے کسان بھائی ہمارے ملک کی شان ہیں
UgyzYHQOwU0Drob4wcB4AaABAg,PX7Lvjs639U,20231210,@ahsanraza8659,no,no,8,,"Such an inspiring video! It's incredible to witness the tireless efforts of farmers and the invaluable support provided by Sarsabz. This collaboration truly demonstrates the strength and resilience of communities. Kudos to Sarsabz for their impactful contribution, uplifting the lives of farmers and fostering prosperity in Pakistan's agricultural sector. ❤"
Ugwsso8InaRF2WsWX7t4AaABAg,PX7Lvjs639U,20231210,@NowsherwanKhan-b2q,no,no,10,,"The resilience of this beautiful nation is exemplary. Salute to the nation, especially the farmers who had to bear the brunt of impacts from global warming.

Thank you, Sarsabz and Fatima Group, for honouring our farmers and their effort on Farmers Day."
Ugx-Ry3xscyQjqKOiE94AaABAg,PX7Lvjs639U,20231210,@Ambreen.Fahad4,no,no,11,,Really inspiring and emotional.. Best wishes to all the farmers around the world. Good job MKT team
UgzQOGPPcJgVo4q2UWF4AaABAg,PX7Lvjs639U,20231210,@taimoorhussain357,no,no,2,,"Dear Farmers,

In the vast expanse where dreams meet soil, your sweat cultivates more than crops—it grows the heartbeat of a nation. Your resilience tills fields of hope, and in every sunrise and sunset, your unwavering spirit paints the canvas of sustenance. Thank you for being the silent architects of abundance.❤"
UgzQOGPPcJgVo4q2UWF4AaABAg.9yKyQdYsSEdA-GW784PDyU,PX7Lvjs639U,20231210,@Sarsabz,yes,yes,0,channel_winner_notice,"Congratulations on winning! Please email your complete details (Address, phone number, and city) to sarsabzofficialpk@gmail.com using the same email address associated with your YouTube account."
UgzQOGPPcJgVo4q2UWF4AaABAg.9yKyQdYsSEdA-iRIxaXpKQ,PX7Lvjs639U,20231210,@Sarsabz,yes,yes,0,channel_winner_notice,"youtube.com/@taimoorhussain357 Please email your complete details (Address, phone number, and city) to sarsabzofficialpk@gmail.com using the same email address associated with your YouTube account."
UgzQOGPPcJgVo4q2UWF4AaABAg.9yKyQdYsSEdA-nXGzhAhMe,PX7Lvjs639U,20231210,@taimoorhussain357,no,yes,0,,"#SalamKissan #KissanDay #SarsabzPakistan

@sarsabz
 
Done"
Ugzqi-TpVEGG-CUNJnF4AaABAg,PX7Lvjs639U,20231210,@ringchenali,no,no,1,,😢 کسان ہمارا رزق کا وسیلہ۔ اللہ کسانوں کو برکت دیں۔
UgxisycoiIEMViBEbMl4AaABAg,PX7Lvjs639U,20231210,@Azeem_588,no,no,7,,"😢 Really Inspiring and emotional...
Thanks to all our ""Kisaan"" Brothers and Sisters, your tireless efforts in face of adversity ensure that 240 Million people of this country are fed and clothed. Salute to all Kisaans!!!!"
UgzlqiZzze_L4ENAIeJ4AaABAg,PX7Lvjs639U,20231210,@khetaram9411,no,no,2,song_voice_lyrics,"Once again Fatima Group , tribute to remember  , the Soul , who work hard day and night in field , make this nation farming community proud , with Soofi touch to embark the inner beauty of divine and farming community of Pakistan .
How Sarsabz team have depicted true essence of deprived via producing and acknowledging the efforts of  very backward area ( Umerkot )  young singer  Nirmala Maghani .for sinning this soofi song  on Pakistan Kissan Day . This shows the highest level of CSR on both level of farming community as well as promoting  emerging minority talent .  Salam Kissan & Sarsabz Pakistan."
Ugx9TKq39nu2a3fxL5x4AaABAg,PX7Lvjs639U,20231210,@yasirhussain6346,no,no,2,,"Agriculture is the most healthful, most useful and most noble employment of humans! Salam Kissan"
UgxGdRGWrDNMcTK1X8x4AaABAg,PX7Lvjs639U,20231210,@beesham1000,no,no,9,,"What an effort by the Fatima group to present the heroes of our economy who buys everything at retail and sells everything at wholesale..... the add is touching the hearts of every individual and I bet, you will have tear once you see and feel the essence...Sarsabz Zindabad."
UgxHohfUf_iDpqThpPZ4AaABAg,PX7Lvjs639U,20231210,@arsalabbasi,no,no,1,,Salam Kissan...Salam Sarsabz ka Pakistan. Farmers are real Hero of Pakistan.
Ugy-LtqL9p8mWrEVGFt4AaABAg,PX7Lvjs639U,20231210,@saqibkhan-g5e,no,no,7,,"What an impressive effort by the team. Very powerful theme with equally remarkable execution. A very emotional message for everyone to remain hopeful, positive and determined no matter what the circumstances are. Feeling highly motivated, emotional and thankful to the Kissan who always believe in Allah and their efforts. Thumbs up for the whole team ❤"
UgyNIfMWFFL-oSUwD6p4AaABAg,PX7Lvjs639U,20231210,@ay-theone,no,no,1,,ہمارا کسان ہماری شان❤
UgyMQDXK7xKy8qJFYhV4AaABAg,PX7Lvjs639U,20231210,@asifmalik4731,no,no,2,,Thank you for the hard workI just wanted to thank all the farmers out there for gracing our tables with food year round.
UgyO16GC6jB0k8QJ0PF4AaABAg,PX7Lvjs639U,20231210,@MuhammadHanzalah-d6t,no,no,1,,"Farmers are the backbone of a country due to their vital role in food production, sustenance of the population, and contribution to the economy. You can demonstrate this by highlighting their contribution to ensuring food security, generating employment opportunities, supporting rural economies, and providing the necessary resources for various industries. Additionally, showcasing their resilience in the face of challenges like weather fluctuations, market uncertainties, and technological advancements emphasizes their crucial role in the stability and growth of a nation."
UgxmtqC3mm67KXz6TD94AaABAg,PX7Lvjs639U,20231210,@Aghafitness8,no,no,0,,Great 👍
UgwdH4AvgWhy0YDepHl4AaABAg,PX7Lvjs639U,20231210,@rkvideos3570,no,no,3,,As always Fatima Group remains in the front line to highlight the Struggle of farmers for Nation. Salam Kissan Sarsabz Pakistan. Appreciated 👍
UgzgmMzIJg2uvjqAIid4AaABAg,PX7Lvjs639U,20231210,@shahidkamran3139,no,no,1,,"Firstly, it was very heartbreaking to see our Kissan brothers and families in such a pain and worry for their Zameen  (Land) in such changing climate and adverse weather conditions. 


Secondly, there comes the helping hand and contribution of SARSABZ that supports the true cause of food security for the living. 

Very beautifully filmed and conveyed the emotion filled pictures of Kissan community."
UgwpHpP63AxiNE4YT2F4AaABAg,PX7Lvjs639U,20231210,@mahaamhafeez665,no,no,61,,This video made me tear up as I realized that the presence of farmers can be felt everywhere in our daily lives. Their commitment and bravery on working in remote areas while ensuring that the best crop is available for the nation even during harsh weather makes me proud to call myself a Pakistani :') Salute to these farmers and their bravery. Salute to their families who are supporting these farmers. You are all respected and appreciated. 😊
UgyNhWdapU7ZPcLfZy14AaABAg,PX7Lvjs639U,20231210,@ShumailaSadaf-u8e,no,no,5,,Agriculture is the most noble employment of man.salam Kasan &fatima group.❤
UgwQdoFWcudAAQ_SbLt4AaABAg,PX7Lvjs639U,20231210,@AreejJaved-l1j,no,no,2,,"Farmers are the backbone of our country.  Salute to the hardwork of the farmers who put their blood and sweat in the soil.

Kudos to the SARSABZ."
Ugw5jNKULeZk4KHPSBJ4AaABAg,PX7Lvjs639U,20231210,@MrZubi70,no,no,3,,Once again great initiative to pay tribute to our unsung heros
UgwdQClgg2Q0mmuM4ZR4AaABAg,PX7Lvjs639U,20231210,@entertainmentinformative,no,no,2,,Very inspirational
UgzWY8eQSAlqsl5-Hkh4AaABAg,PX7Lvjs639U,20231210,@Ayanali-ch3kx2ig5v,no,no,26,,"سلام ان کسانوں کو جو کھیتوں میں دن رات محنت کر کے ہمارے دسترخوانوں کو انواع و اقسام کے کھانوں سے سجاتے ہیں۔ آپ کی محنت اور بے لوث لگن ہمارا قیمتی اثاثہ ہیں. ہمیں آپ پر فخر ہے.



‏#sarsabz #kissanday‏"
UgyTLjwwuN5za5J3--14AaABAg,PX7Lvjs639U,20231210,@AliAsif-rg2jb,no,no,4,,"سرسبز نے ایک بار پھر معاشرے میں کسانوں کی اہمیت کو اجاگر کیا۔ ان کی انتھک کوششوں کے بغیر، ہمیں روزمرہ کی ضروری اشیاء کی شدید قلت کا سامنا کرنا پڑے گا۔ سرسبز کو شاباش!#sarsabz
#sarsabzofficial"
UgzDVgAF6ygEqBa228l4AaABAg,PX7Lvjs639U,20231210,@Amjidali-vy8ks9lg2w,no,no,50,,"سلام ان کسانوں کو جو کھیتوں میں دن رات محنت کر کے ہمارے دسترخوانوں کو انواع و اقسام کے کھانوں سے سجاتے ہیں۔ آپ کی محنت اور بے لوث لگن ہمارا قیمتی اثاثہ ہیں. ہمیں آپ پر فخر ہے.

#شکریہ کسان.



‏#sarsabz #kissanday‏"
UgxViNseOz1WQISZF0V4AaABAg,PX7Lvjs639U,20231210,@SumiyaMajid,no,no,1,,"A very inspirational video on the life of Pakistan's cricketer Shahnawaz Dahani. It is a fact that talent can never hide. The impressive part of this video is when Shahnawaz Dhani went to give a cricket trial and he did not have shoes, So the coach provided shoes for the trial. It means that you try again & again and Allah will help you in every difficulty. The lack of father is felt by a person at every age. This story will be inspiring to many people. Such motivational stories are what our children need.

#Sarsabzkahani #FatimaGroup"
UgyuWrICTfL4U6mo8854AaABAg,PX7Lvjs639U,20231210,@Amjidali-vy8ks9lg2w,no,no,1,,"سلام ان کسانوں کو جو کھیتوں میں دن رات محنت کر کے ہمارے دسترخوانوں کو انواع و اقسام کے کھانوں سے سجاتے ہیں۔ آپ کی محنت اور بے لوث لگن ہمارا قیمتی اثاثہ ہیں. ہمیں آپ پر فخر ہے.

#شکریہ کسان.


‏#sarsabz #kissanday‏"
UgyuWrICTfL4U6mo8854AaABAg.9yKh7bW0PUyAQXJNfBylEI,PX7Lvjs639U,20231210,@NaimatAli-h7y,no,yes,0,,😢😮😊 2:50 😊
Ugw_AvKopVsrEhfHKbt4AaABAg,PX7Lvjs639U,20231210,@muhammaddanyal4799,no,no,24,,"سلام ان کسانوں کو جو کھیتوں میں دن رات محنت کر کے ہمارے دسترخوانوں کو انواع و اقسام کے کھانوں سے سجاتے ہیں۔ آپ کی محنت اور بے لوث لگن ہمارا قیمتی اثاثہ ہیں. ہمیں آپ پر فخر ہے.

#شکریہ کسان.


‏#sarsabz #kissanday‏"
Ugw8KCKMgBv31ot0IyJ4AaABAg,PX7Lvjs639U,20231210,@Zainabusmanfamilyvlogs,no,no,1,,Kissan bhai  tum ho to hum hai.
Ugx10HLjplNZYfQVPhJ4AaABAg,PX7Lvjs639U,20231210,@MajidAli-jc7ie,no,no,7,,"My message for my beloved farmers is: ""Dear Pakistani Farmers, your dedication to cultivating the land is the bedrock of the nation's sustenance. Your tireless efforts, resilience, and commitment contribute immeasurably to the country's growth. Embrace each sunrise as a new opportunity, for your hard work not only feeds the nation but nourishes hope for a brighter future. Your perseverance amid challenges inspires us all. Keep sowing the seeds of progress, for your harvest is not just food, but a testament to your strength and determination. You are the backbone of Pakistan's prosperity, and your unwavering spirit is a beacon of inspiration to us all. Keep using Sarsabz and keep supporting Pakistan Hats off to you!
#sarsabz
#sarsabzpakistan"
Ugx10HLjplNZYfQVPhJ4AaABAg.9yK-iM0kUptA-GVvd4zIop,PX7Lvjs639U,20231210,@Sarsabz,yes,yes,1,channel_winner_notice,"Congratulations on winning! Please email your complete details (Address, phone number, and city) to sarsabzofficialpk@gmail.com using the same email address associated with your YouTube account."
Ugx10HLjplNZYfQVPhJ4AaABAg.9yK-iM0kUptA-J-9-jn1rC,PX7Lvjs639U,20231210,@MajidAli-jc7ie,no,yes,0,contest_own_words,​ @Sarsabz thanks details sent
Ugx10HLjplNZYfQVPhJ4AaABAg.9yK-iM0kUptA-THyGx60_H,PX7Lvjs639U,20231210,@MajidAli-jc7ie,no,yes,0,,#SalamKissan #KissanDay #SarsabzPakistan​ @Sarsabz
Ugx10HLjplNZYfQVPhJ4AaABAg.9yK-iM0kUptA-THw1kRdVs,PX7Lvjs639U,20231210,@MajidAli-jc7ie,no,yes,0,,#SalamKissan #KissanDay #SarsabzPakistan
Ugx10HLjplNZYfQVPhJ4AaABAg.9yK-iM0kUptA-pNk7ulz--,PX7Lvjs639U,20231210,@MajidAli-jc7ie,no,yes,0,,#SalamKissan #KissanDay #SarsabzPakistan
UgzXcgCsYnn4kdl33yt4AaABAg,PX7Lvjs639U,20231210,@YousafKhan-sh2ym,no,no,19,,"پاکستان کے کسان ہماری شان

آپ سب کی محنت کو سلام کہ جنہوں نے اپنے خون اور پسینے کو مٹی میں ڈال کر اسے زندگی بخشی.....

کسانوں کا قومی دن مبارک

X

#Pakistan #Kisaan #Fatima #Fertilizers Pakistan #Sarsabz"
UgwmgjUMISRykjSnQ1h4AaABAg,PX7Lvjs639U,20231210,@azizjan8364,no,no,25,,"Farmers of Pakistan are our pride

Salute to the hard work of all of you who put your blood and sweat in the soil and gave it life...

Happy National Farmers Day

❤❤❤

#Pakistan #Kisaan #Fatima #Fertilizers Pakistan #Sarsabz"
UgwmgjUMISRykjSnQ1h4AaABAg.9yJz_u2mm449yQn2JB9mfb,PX7Lvjs639U,20231210,@UmarBaGhi,no,yes,2,vlog_referral,Who is here after ducky Bahi vlog
UgxCEd4jifYWHfj5x914AaABAg,PX7Lvjs639U,20231210,@AsifAli-rg6si,no,no,26,,"کسان ہمارے معاشرے کی ریڑھ کی ہڈی ہیں۔ وہی ہیں جو ہمیں وہ تمام کھانا مہیا کرتے ہیں جو ہم کھاتے ہیں۔ نتیجتاً ملک کی پوری آبادی کا انحصار کسانوں پر ہے۔ چاہے وہ سب سے چھوٹا ملک ہو یا بڑا ملک۔ ان کی وجہ سے ہی ہم کرہ ارض پر رہنے کے قابل ہیں۔ اس طرح کسان دنیا کے اہم ترین لوگ ہیں۔ کسانوں کی اتنی اہمیت کے باوجود ان کے پاس مناسب زندگی نہیں ہے۔
#sarsabz
#Sarsabzkissan"
UgxAUQrdLbx7_Scx8Bp4AaABAg,PX7Lvjs639U,20231210,@tausifraja6392,no,no,20,,"کسانوں کے بغیر کوئی بھی ملک ترقی نہیں کر سکتا۔ آئیے ہم تمام کسانوں کو ان تمام محنت کے لیے سلام پیش کرتے ہیں جو انہوں نے اس بات کو یقینی بنانے کے لیے کی کہ ہم کبھی بھوکے نہیں سوئیں گے۔ کسانوں کا دن مبارک ہو۔

حلال رزق کا مطلب کسان سے پوچھو پسینا بن کر بدن سے لہو نکلتا ہے۔

#HappyFarmersDay #Kisanday #Sarsabz#FatimaFertilizer #agriculture"
UgxAUQrdLbx7_Scx8Bp4AaABAg.9yJxIHOJDLn9ySTOrz9Dds,PX7Lvjs639U,20231210,@chfaiz-p6x,no,yes,1,,bashk
UgxAUQrdLbx7_Scx8Bp4AaABAg.9yJxIHOJDLn9yS_BfqkMcV,PX7Lvjs639U,20231210,@zainsarfraz5475,no,yes,1,,Hahhha gallat
Ugyuj8GLtR17Ul1k42d4AaABAg,PX7Lvjs639U,20231210,@ghulammurtazapanhwer8166,no,no,1,,"(SALAM KISAN)
KISAN ki zindagi nihayat kathin, dushwaar, sakht aur masroof tareen zindagi hoti hai kyun ke shehar mein jab insan mazay ki neend soo raha hota hai to us waqt gaon ka kisan apne kheeton mein poori lagan ke sath kaam kar raha hota hai jo ke subah saweray se le kar shaam suraj ke dhalnay tak apna kaam karta rehta hai aur isi doraan us ke ghar ka koi fard khaiton mein hi us ka khana lata hai.

Kisanon ki zindagi mein chhutti naam ki koi cheez nahi hoti dhoop ho ya barish, sardi ho ya garmi, ye poori mehnat ke sath apne kaam mein laga rehta hai."
UgygkEzBmiw6Yp_OSoN4AaABAg,PX7Lvjs639U,20231210,@asifalikhan6513,no,no,12,,"میرے پیارے کسانوں کے لیے میرا پیغام ہے: ""پیارے پاکستانی کسانوں، زمین پر کاشت کرنے کے لیے آپ کی لگن ملک کے رزق کی بنیاد ہے۔ آپ کی انتھک کوششیں، لچک اور عزم ملک کی ترقی میں بے پناہ حصہ ڈالتے ہیں۔ ہر طلوع آفتاب کو ایک نئے موقع کے طور پر گلے لگائیں، کیونکہ آپ کی محنت نہ صرف قوم کو پالتی ہے بلکہ ایک روشن مستقبل کی امید کو پروان چڑھاتی ہے۔ چیلنجوں کے درمیان آپ کی ثابت قدمی ہم سب کو متاثر کرتی ہے۔ ترقی کے بیج بوتے رہیں، کیونکہ آپ کی فصل صرف خوراک ہی نہیں بلکہ آپ کی طاقت اور عزم کا ثبوت ہے۔ پاکستان کی خوشحالی کی ریڑھ کی ہڈی ہیں، اور آپ کا غیر متزلزل جذبہ ہم سب کے لیے مشعل راہ ہے۔ سرسبز کا استعمال جاری رکھیں اور پاکستان کو سپورٹ کرتے رہیں۔#sarsabz
#sarsabzpakistan
#sarsabzkissan"
UgygkEzBmiw6Yp_OSoN4AaABAg.9yJvnTK6KgrA-GVsr4N9MY,PX7Lvjs639U,20231210,@Sarsabz,yes,yes,1,channel_winner_notice,"Congratulations on winning! Please email your complete details (Address, phone number, and city) to sarsabzofficialpk@gmail.com using the same email address associated with your YouTube account."
UgygkEzBmiw6Yp_OSoN4AaABAg.9yJvnTK6KgrA-IxIyyNl3g,PX7Lvjs639U,20231210,@asifalikhan6513,no,yes,0,,​ @Sarsabz done ✅
UgygkEzBmiw6Yp_OSoN4AaABAg.9yJvnTK6KgrA-TIJs87nxl,PX7Lvjs639U,20231210,@asifalikhan6513,no,yes,0,,#SalamKissan #KissanDay #SarsabzPakistan
UgygkEzBmiw6Yp_OSoN4AaABAg.9yJvnTK6KgrA-TIOFAGqlt,PX7Lvjs639U,20231210,@asifalikhan6513,no,yes,0,,#SalamKissan #KissanDay #SarsabzPakistan
Ugy68wmjpGLQ_IyVnDJ4AaABAg,PX7Lvjs639U,20231210,@MariaIqbal-w7o,no,no,0,,Absolutely amazing
UgxaaxkAxutg8x2YbP94AaABAg,PX7Lvjs639U,20231210,@notSano__,no,no,0,,SALAM KEHSAN✨💞🐚
UgwzApQ_BxopRJ9xU6x4AaABAg,PX7Lvjs639U,20231210,@kiranehsan4154,no,no,3,,"MY MESSAGE TO FARMERS ❤Best wishes to all the farmers around the world who work on acres to eat happily in our home. Without our farmers, we would have woefully lacked in our diets and would be forced to eat numerous processed and unhealthy foods. Working outside for long periods in all kinds of climates ignoring the scorching heat or the stormy rain and the bending and crouching needed for harvesting. The best way to respect a farmer is to respect his produce by not wasting it!! 
 Let us take inspiration from Pakistani farmers who put their sweat and soul into their land and crop.. 
#SalamKissan #SarsabzPakistan 💚
My grandfather used to say that once in your life you need a doctor, a lawyer, a policeman, and a preacher. But every day, three times a day, you need a farmer."" - Brenda Schoepp"
UgwzApQ_BxopRJ9xU6x4AaABAg.9yJGvWC6MCHA-GWRTS_njv,PX7Lvjs639U,20231210,@Sarsabz,yes,yes,1,channel_winner_notice,"Congratulations on winning! Please email your complete details (Address, phone number, and city) to sarsabzofficialpk@gmail.com using the same email address associated with your YouTube account."
UgwzApQ_BxopRJ9xU6x4AaABAg.9yJGvWC6MCHA-iqEt_xVvV,PX7Lvjs639U,20231210,@kiranehsan4154,no,yes,0,,​ @Sarsabz  (#SalamKissan #KissanDay #SarsabzPakistan
Ugzqh3urUCh9cQ2bqWh4AaABAg,PX7Lvjs639U,20231210,@HiraNoor-p7y,no,no,1,,Salam kissan ❤
UgxeXEPvqecfMU79siZ4AaABAg,PX7Lvjs639U,20231210,@M.Bilal.Khan480,no,no,2,,"Farmers are the backbone of our country, SALAM KISSAN SARSABAZ PAKISTAN"
UgwBOJcFY2P4Qb97GN94AaABAg,PX7Lvjs639U,20231210,@jugnookasafar,no,no,36,,"No doubt, Pakistan is one of the biggest agricultural lands in the world and one of the famous in rice, cotton and grain because of farmers 'day and night struggle to grow it and make it possible. Hats 🎩 off kissan."
Ugx3HcUZ_FpAjzuZdUl4AaABAg,PX7Lvjs639U,20231210,@farooqkamboh2308,no,no,5,,میراکسانوں کیلیے پیغام ھے اپنی فصلوں کا عشر لازمی دیا کریں
UgzfoLSYbxwFpMq1XvJ4AaABAg,PX7Lvjs639U,20231210,@fun-g6k2g,no,no,1,,Thanks sarsarz for giving importance to us!
UgzLZ38Ci7KI_kuc2XZ4AaABAg,PX7Lvjs639U,20231210,@naeemullahmahesar7224,no,no,2,,Our farmers are strength of our society
UgzddJSfmBTcdL0U-Qx4AaABAg,PX7Lvjs639U,20231210,@gulugulab9291,no,no,1,contest_own_words,Done hope to win
UgzfBRM6KgNNXaCWdoN4AaABAg,PX7Lvjs639U,20231210,@shahzadkhan-bh1ui,no,no,1,,Great
UgyaB_mldTvZ3mTXWQR4AaABAg,PX7Lvjs639U,20231210,@desijutt6436,no,no,2,,Mashallah
UgygVtfp_EjJ3DylU0x4AaABAg,PX7Lvjs639U,20231210,@amirishaq4955,no,no,1,,"Farmers are the backbone of our country, SALAM KISSAN SARSABAZ PAKISTAN by Maher Amir"
Ugxb38spzYhIdkporxN4AaABAg,PX7Lvjs639U,20231210,@ShahzadAli-iw8ym,no,no,3,salam_pakistan,Our farmers are strength of our society Sarsabz Kisan Salam Pakistan ❤️❤️
UgzFqhZc_Ql2pnHhHMp4AaABAg,PX7Lvjs639U,20231210,@jaleelrahmankhp4126,no,no,1,,"Farmers are the backbone of our society. They are the ones who provide us all the food that we eat. As a result, the entire population of the country depends upon farmers. Be it the smallest or the largest country. Because of them only we are able to live on the planet. Thus Farmers are the most important people in the world. Though farmers have so much importance still they do not have proper living."
UgwtZWIz8pzZmwYK_NN4AaABAg,PX7Lvjs639U,20231210,@Shhngz,no,no,2,,"Jeo Jawan Jeo kisan.
I salute to all our farmers.
Because of you our stomach is full , we are healthy and hearty.
I wish we can do in return.
Thank you for your devotion towards giving us the food."
Ugxsad71bwFLtxnlng94AaABAg,PX7Lvjs639U,20231210,@Shhngz,no,no,15,,"Happy Farmers, Happy pakistan Backbone is strength of every human being that's how Farmers are the backbone of our nation. Our every drop blood is thanks your sweat. I pray for all of you. Hope every farmers will get all they wish."
UgxSBtfQ4Evv8HE-yix4AaABAg,PX7Lvjs639U,20231210,@sajjadjani7530,no,no,2,,کسان میکش حیدرآبادی برہنہ جسم پسینہ میں غرق ننگے پاؤں مگر سکون ہے یوں دل میں جیسے ٹھنڈی چھاؤں گیوں کے کمیت سے کٹیا میں اپنی آیا ہے تصورات کی دنیا میں ساتھ لایا ہے ہے اک پھٹی ہوئی کمیل غریب کاندھوں پر سیاد ابر پر رہ رہ کے اٹھ رہی ہے نظر پڑا ہے کھیت کا سامان ایک کونے میں میں اس کی زیست کے اسرار پا کے کھونے نیفیس ہے پھولی ہوئی جیسے پھونک بھٹے کی بھی ہے کان پر بیزی بنا کے پتے کی لہو کی لہر سی ہے موج زن پسینے میں بقائے دہر کا ہے راز اس کے جینے میں ایک سانس ہے اس کی بہار آزادی غلام کا دل ہے دیار آزادی که میکه مالت
UgyHxnhZlMR70M9Z2MR4AaABAg,PX7Lvjs639U,20231210,@ghulammurtazapanhwer8166,no,no,1,,HAPPY FARMERS DAY
UgwAsNibrL_BSNsQesZ4AaABAg,PX7Lvjs639U,20231210,@ghulammurtazapanhwer8166,no,no,1,,GREAT MASHALLAH
UgwjbrRyIO2uBy7CFt94AaABAg,PX7Lvjs639U,20231210,@Shhngz,no,no,1,,"God bless every farmer that is adding up to the food chain and the food security of our beloved country, they truly are our heroes in disguise."
UgxEDWdszbl_xQDRhNp4AaABAg,PX7Lvjs639U,20231210,@tahirsatti3701,no,no,2,,"On Farmers’ Day, we celebrate the backbone of our society: the farmers. Feeding the world is no easy task, but farmers do it with dedication, hard work, and resilience. They work tirelessly to produce the food we eat, and they deserve our deepest gratitude. In honor of Farmers’ Day, we have compiled a collection of quotes from leaders, and other notable figures about the importance of agriculture and the farmers who make it possible. These farmers’ day quotes are a reminder of the essential role that farmers play in our society, and they inspire us to appreciate their hard work and dedication. We have also compiled some wishes for this  occasion."
UgysxHUYQ1YVx1kgKeF4AaABAg,PX7Lvjs639U,20231210,@tahirsatti3701,no,no,1,,Farmers are considered the backbone of the country and 18th December is dedicated to farmers. It is not a surprise that one day is celebrated and dedicated to farmers.
UgyR49_3OkbxxsuPM714AaABAg,PX7Lvjs639U,20231210,@tahirsatti3701,no,no,1,,Salaam kissan
UgwcuryDEbfrLvPT8kx4AaABAg,PX7Lvjs639U,20231210,@MMA-FARMS,no,no,3,,"🌾🚜 On Farmer's Day, we salute the heroes of the soil, whose hands cultivate life and whose sweat feeds nations. Thank you, farmers, for your tireless dedication to sustaining our world. Happy Farmer's Day! 🌾🌱✨ 
#SalamKisaan #Sarsabz"
UgybGaPmsdyf8aND78B4AaABAg,PX7Lvjs639U,20231210,@shakirarabbi9349,no,no,1,,Salaam kisaan (Zouja Fazal)
Ugx2rb880zWhzEPu1I14AaABAg,PX7Lvjs639U,20231210,@abrarabrar5692,no,no,1,,Sarsabz best fertilizer company
Ugw4USZqLsljWUSYE-V4AaABAg,PX7Lvjs639U,20231210,@Aitazazmughal01,no,no,7,,"My message for farmers 🙏 is that, amidst the fields of adversity, your perseverance blooms like a resilient crop. Your unwavering dedication nurtures the soil and our nation's future. Remember, every seed you sow carries the promise of growth, every dawn heralds a new opportunity, and every harvest embodies your unwavering spirit. Your hard work doesn't just cultivate crops; it plants seeds of hope for a thriving Pakistan. Keep tilling the land with determination, for your toil is the cornerstone of our prosperity. Your resilience inspires us all to strive for greatness. Saluting your hard work and unwavering commitment!"" Thank you 🙏 and i am proud that i belong to a zameendar family ❤ and my father is a farmer ❤ i am thankful to Sarsabz for highlighting farmers stay blessed 🙏"
Ugw4USZqLsljWUSYE-V4AaABAg.9yIhZRtIHaPA-GVp-Vqwad,PX7Lvjs639U,20231210,@Sarsabz,yes,yes,2,channel_winner_notice,"Congratulations on winning! Please email your complete details (Address, phone number, and city) to sarsabzofficialpk@gmail.com using the same email address associated with your YouTube account."
Ugw4USZqLsljWUSYE-V4AaABAg.9yIhZRtIHaPA-W8NSV_2Gv,PX7Lvjs639U,20231210,@Aitazazmughal01,no,yes,1,,​ @Sarsabz thank you🌹 please check  #Tags (#SalamKissan #KissanDay #SarsabzPakistan
Ugw4USZqLsljWUSYE-V4AaABAg.9yIhZRtIHaPA04QvjhED9H,PX7Lvjs639U,20231210,@asgamers4835,no,yes,0,contest_own_words,@Aitazazmughal01  mujay aya ha bro yah msg is ka malab ha hamay gify milna ha or apko mil gaya ha kuch gift @Sarsabz say kaya???
Ugw4USZqLsljWUSYE-V4AaABAg.9yIhZRtIHaPA-W8KBIQn-q,PX7Lvjs639U,20231210,@Aitazazmughal01,no,yes,0,,#Tags (#SalamKissan #KissanDay #SarsabzPakistan
UgxstkuM7I3oXyKrlTJ4AaABAg,PX7Lvjs639U,20231210,@ahsanmughal51214,no,no,5,,"""My Dear hardworking Farmers, your commitment and dedication to nurturing the land with Sarsabz fertilizer paint a vivid tapestry of growth and prosperity. Like the earth, you enrich our lives with abundance and vitality through your tireless efforts. Your partnership with Sarsabz fertilizer not only cultivates crops but also fosters dreams, turning barren lands into flourishing fields of opportunity. Together, you sow the seeds of a bountiful future, where every harvest tells a tale of perseverance and success. Your unwavering spirit, combined with the nourishment of Sarsabz fertilizer, is a testament to your unwavering commitment towards a thriving Pakistan. Keep growing, keep nurturing, and keep thriving - for your hard work and dedication inspire a nation.""
Salam Kissan 🇵🇰
Sarsabz Pakistan 🇵🇰
Ao mil k barhayen watan ki shaan
Q k yhi hai hmari jaan aan shaan ❤"
Ugyowm4Hk05hkFtQvN94AaABAg,PX7Lvjs639U,20231210,@muhammadsaqib9555,no,no,3,,Great  work 😮
Ugzlr9U36jrOsd5-RmR4AaABAg,PX7Lvjs639U,20231210,@muhammadsaqib9555,no,no,0,,Good
UgzKf1Bf7AhlgoBWiF94AaABAg,PX7Lvjs639U,20231210,@JavedIqbal-x1y6q,no,no,16,,Salam kisan.great work sarsabz
Ugwy5yBRPe09EkUikcl4AaABAg,PX7Lvjs639U,20231210,@Ghulam.512,no,no,4,,"My message for my beloved farmers is:
""Dear Pakistani Farmers, your dedication to cultivating the land is the bedrock of the nation's sustenance. Your tireless efforts, resilience, and commitment contribute immeasurably to the country's growth. Embrace each sunrise as a new opportunity, for your hard work not only feeds the nation but nourishes hope for a brighter future. Your perseverance amid challenges inspires us all. Keep sowing the seeds of progress, for your harvest is not just food, but a testament to your strength and determination. You are the backbone of Pakistan's prosperity, and your unwavering spirit is a beacon of inspiration to us all. Keep using Sarsabz and keep supporting Pakistan 🇵🇰 ❤ Hats off to you!"
Ugwy5yBRPe09EkUikcl4AaABAg.9yIfColQsmqA-GPq2a0NbQ,PX7Lvjs639U,20231210,@Sarsabz,yes,yes,1,channel_winner_notice,"Congratulations on winning! Please email your complete details (Address, phone number, and city) to sarsabzofficialpk@gmail.com using the same email address associated with your YouTube account."
Ugwy5yBRPe09EkUikcl4AaABAg.9yIfColQsmqA-W86SM5AFR,PX7Lvjs639U,20231210,@Ghulam.512,no,yes,0,,#Tags (#SalamKissan #KissanDay #SarsabzPakistan
Ugwy5yBRPe09EkUikcl4AaABAg.9yIfColQsmqA-W883_wnK9,PX7Lvjs639U,20231210,@Ghulam.512,no,yes,0,contest_own_words,Done
Ugw1UMRveeghuWgNnel4AaABAg,PX7Lvjs639U,20231210,@sm_edit-d9y,no,no,1,,Our bread and butter hero's.
UgwaxZenEKn9cPsHVCB4AaABAg,PX7Lvjs639U,20231210,@muhammadarsalanali7638,no,no,26,,"Farmers are real heroes becuase, With their dedication and effort, They turn barren land into a land that produces food and vegetable ❤"
UgyFvUcf6MuR6WRPyL54AaABAg,PX7Lvjs639U,20231210,@sm_edit-d9y,no,no,1,,Farmers are heroes we proud of them.
UgwwmCCEI3WIF0vtaWh4AaABAg,PX7Lvjs639U,20231210,@mazharalimangi5607,no,no,0,,Best
UgzioAFQ02Gkp5Wzgc94AaABAg,PX7Lvjs639U,20231210,@kissanlog,no,no,1,,Salam
UgxbJubTtpWnxasC5RB4AaABAg,PX7Lvjs639U,20231210,@javedaligopang2243,no,no,2,,سلام کسان سرسبز پاکستان 🍀🌹🍀🌹🌹🌹🍀🍀
UgyMOchgYf9LuaUWSix4AaABAg,PX7Lvjs639U,20231210,@javedaligopang2243,no,no,1,,"SALAM kissan , SARSABZ Pakistan great work keep it up"
UgxaFpq7blcRSUoiVTR4AaABAg,PX7Lvjs639U,20231210,@javedaligopang2243,no,no,1,,"Salute to the farmers, the silent hero’s of the lands."
UgzPeG5uON3qviUU2Ml4AaABAg,PX7Lvjs639U,20231210,@javedaligopang2243,no,no,2,,"Sarsabz Fertilizer proudly continues its tradition of honoring the relentless dedication of farmers, the backbone of our nation, who tirelessly fuel our prosperity. Join us in saluting the resilience and spirit of these farming heroes as we celebrate Kissan Day on December 18, 2023. We recognize and stand by our farmers, commemorating their hard work and unwavering commitment that drives our nation forward.

#SalamKissan #SarsabzPakistan #KissanDay"
UgzOEtPmIznwLmkI3tJ4AaABAg,PX7Lvjs639U,20231210,@MuhammadAhmadNisar-vf7li,no,no,7,,"We should be thankful for the food on our tables..
The clothes on our back...
And to the farmers who make it all possible..
Salaaam Kisan❤"
UgzOEtPmIznwLmkI3tJ4AaABAg.9yIcBMVaqw9A0OpgqYAHQW,PX7Lvjs639U,20231210,@Sarsabz,yes,yes,1,channel_winner_notice,"youtube.com/@MuhammadAhmadNisar-vf7li Please email your complete details (Address, phone number, and city) to sarsabzofficialpk@gmail.com using the same email address associated with your YouTube account."
UgzOEtPmIznwLmkI3tJ4AaABAg.9yIcBMVaqw9A0pnunZrXeM,PX7Lvjs639U,20231210,@Sarsabz,yes,yes,0,channel_winner_notice,"youtube.com/@MuhammadAhmadNisar-vf7li Time is ticking. Please email your complete details (Address, phone number, and city) to sarsabzofficialpk@gmail.com using the same email address associated with your YouTube account."
UgzOEtPmIznwLmkI3tJ4AaABAg.9yIcBMVaqw9A-GPtTxJ2zb,PX7Lvjs639U,20231210,@Sarsabz,yes,yes,0,channel_winner_notice,"Congratulations on winning! Please email your complete details (Address, phone number, and city) to sarsabzofficialpk@gmail.com using the same email address associated with your YouTube account."
UgzOEtPmIznwLmkI3tJ4AaABAg.9yIcBMVaqw9A16jqrxzONQ,PX7Lvjs639U,20231210,@Sarsabz,yes,yes,0,channel_winner_notice,"youtube.com/@MuhammadAhmadNisar-vf7li Time is ticking!
A last but soft reminder, please email your complete details (Address, phone number, and city) to sarsabzofficialpk@gmail.com using the same email address associated with your YouTube account."
Ugydt3ChR7Wf3VtrSXx4AaABAg,PX7Lvjs639U,20231210,@zeeshu711,no,no,8,contest_own_words,Superb. Farmers are backbone of this country. We salute them from the bottom of my heart ❤️. Subscribed to your YouTube channel. Biggest wish to win 😊 ! 4:04
Ugydt3ChR7Wf3VtrSXx4AaABAg.9yIbjZ_nEkNACBSPu1rHO8,PX7Lvjs639U,20231210,@Malik-yt826,no,yes,0,,😊😊😊😊😊😊😊😊😊😊😊😊😊😊😊😊😊😊😊😊😊😊😊😊😊😊😊😊😊😊😊😊😊😊😊😊😊😊😊😊😊😊😊😊😊😊😊
UgxA1P1ypi90o2RczgB4AaABAg,PX7Lvjs639U,20231210,@muhammadfahmeedkhan746,no,no,35,,Our farmers are our strength. They work very hard and play key role in growth of our economy.
Ugx8bXKurmKnKqZgpR54AaABAg,PX7Lvjs639U,20231210,@adnanali9969,no,no,1,,Nice
Ugw80BSrFTvxlk-CUfR4AaABAg,PX7Lvjs639U,20231210,@adnanali9969,no,no,1,,Great
UgwgyjI5ZKWM-xPDdS54AaABAg,PX7Lvjs639U,20231210,@adnanali9969,no,no,1,,Excellent
Ugyufw32ALZhNTQdQrh4AaABAg,PX7Lvjs639U,20231210,@adnanali9969,no,no,1,,Salam kisan pakistan
UgyVUPTtScFypYEWPid4AaABAg,PX7Lvjs639U,20231210,@NadeemAkhtar-wl9cs,no,no,7,,"Farmers are the backbone of our country, SALAM KISSAN SARSABAZ PAKISTAN❤"
Ugw4nHO7BR1Bf7QHWq94AaABAg,PX7Lvjs639U,20231210,@HasnainRaza-kc5pr,no,no,3,,"Farmers are the backbone of our communities, toiling tirelessly to cultivate the land and ensure a steady food supply. Their dedication and hard work deserve our heartfelt appreciation. Thank you, farmers, for your essential role in sustaining us all."
UgzjXI7DippvGrQn4VN4AaABAg,PX7Lvjs639U,20231210,@Shhngz,no,no,1,,Nice
UgyWrye6HQBYYHhWxzV4AaABAg,PX7Lvjs639U,20231210,@Shhngz,no,no,1,,great
UgydAqRJdDCVeReXhq14AaABAg,PX7Lvjs639U,20231210,@hafizwaqas5590,no,no,2,,Excellent. In reality only farmers produce food for us  from soil to out fork
UgzwL0hj-75qMHUKFW54AaABAg,PX7Lvjs639U,20231210,@IMRANxSIGMA,no,no,6,,"خوشحال کسان خوشحال پاکستان
سر سبز پاکستان
👍 great work"
UgxXt0Nte6FMCl5dD8h4AaABAg,PX7Lvjs639U,20231210,@abujunaid9533,no,no,4,salam_pakistan,"Great MashaAllah.  ❤❤❤❤❤❤❤❤❤❤❤❤
#SalamKissan Salam Pakistan
#SarsabzPakistan Zindabad
#kissanDay"
UgzDtozuGGrAJipaEm94AaABAg,PX7Lvjs639U,20231210,@abujunaid9533,no,no,29,salam_pakistan,"Great MashaAllah.  ❤❤❤❤❤❤❤❤❤❤❤❤
#SalamKissan Salam Pakistan
#SarsabzPakistan Zindabad
#kissanDay"
Ugxi_RdKzboc4wBQGFh4AaABAg,PX7Lvjs639U,20231210,@ayeshasheikh3756,no,no,4,,"I am delighted to learn that Sarsabz Fertilizer maintains dedication to recognizing the commitment of farmers, who are the backbone of our nation. Their unwavering efforts undoubtedly contribute significantly to our prosperity, as exemplified by their celebration of Kissan Day on December 18, 2023. This observance serves as a testament to Sarsabz Fertilizer's commitment to promoting the agricultural community in Pakistan and acknowledging the pivotal role farmers play in fostering the prosperity of our country. 

#SalamKissan #SarsabzPakistan #KissanDay"
Ugxa7GHcEAWzG3GqZ2x4AaABAg,PX7Lvjs639U,20231210,@warishakhan219,no,no,1,,Great 👍
UgzEE4AEI8YWIywCmAp4AaABAg,PX7Lvjs639U,20231210,@warishakhan219,no,no,1,,Very nice
Ugz6uBoPjC81ULffQj54AaABAg,PX7Lvjs639U,20231210,@warishakhan219,no,no,1,,MashaAllah
UgxUI22tj9oSoQbL3HZ4AaABAg,PX7Lvjs639U,20231210,@KinzaKhan-ud4bm,no,no,0,,❤❤❤
Ugy7T7cLElVdomzylr54AaABAg,PX7Lvjs639U,20231210,@KinzaKhan-ud4bm,no,no,1,,Great work
UgwMThc76La2ywbv3-B4AaABAg,PX7Lvjs639U,20231210,@KinzaKhan-ud4bm,no,no,1,,Very nice
UgwWuKRi9XVrQrKHE3p4AaABAg,PX7Lvjs639U,20231210,@kashifkhanafridi1673,no,no,1,,Very❤❤❤❤❤❤❤Best
UgwMmu6CT8y8y9O5xft4AaABAg,PX7Lvjs639U,20231210,@kashifkhanafridi1673,no,no,1,,Zabar 10❤❤❤❤❤❤❤❤❤❤❤❤❤❤❤❤❤
Ugwui8Bod6dDdgAifmd4AaABAg,PX7Lvjs639U,20231210,@kashifkhanafridi1673,no,no,2,,Amazing Amazing Amazing Amazing Amazing Amazing
UgzZ_qDv5U6kHL3hzWh4AaABAg,PX7Lvjs639U,20231210,@kashifkhanafridi1673,no,no,1,,Superrr❤❤❤❤❤❤doparrr
UgzH8rPOwdPcayWb-DV4AaABAg,PX7Lvjs639U,20231210,@kashifkhanafridi1673,no,no,1,,Nice❤❤❤❤❤❤❤Good
UgzH8rPOwdPcayWb-DV4AaABAg.9y9TRle3qN-9yAUR8pJfM9,PX7Lvjs639U,20231210,@Sarsabz,yes,yes,0,,Thank you 😊
UgwVqdHmnOcIo--L2D14AaABAg,PX7Lvjs639U,20231210,@AlishaKhan-yp8fo,no,no,1,,MashAllah
UgwNPWuONH-uJNjhmAF4AaABAg,PX7Lvjs639U,20231210,@hadeebazainab9923,no,no,1,,Good
UgxWhiXJ_hx5_BKhex14AaABAg,PX7Lvjs639U,20231210,@sanashoukat5443,no,no,1,,اللہ تعالیٰ تمام کسانوں کی مدد فرمائے آمین
Ugw8B_nh2VNmNc7mmnZ4AaABAg,PX7Lvjs639U,20231210,@Agriologyworld,no,no,2,,"Alhumdulilah,
Proudly work by Fatima Fertilizer"
UgzXjGhtZs1IcUnJmrZ4AaABAg,PX7Lvjs639U,20231210,@tahirsatti3701,no,no,0,,🥰🥰🥰🥰
UgxsAd6zaMFGWTCSMsF4AaABAg,PX7Lvjs639U,20231210,@tahirsatti3701,no,no,1,,Absolutely Best ♥️
UgwGDmqPZMueVskG2el4AaABAg,PX7Lvjs639U,20231210,@SEHRISHSHOAIB0,no,no,1,,Allah Pak Reham farmaye Ameen
UgxUnkCoj4z9Y-d3ZRB4AaABAg,PX7Lvjs639U,20231210,@SEHRISHSHOAIB0,no,no,1,,Very informative
UgyS8llWJfRVcdXzTbB4AaABAg,PX7Lvjs639U,20231210,@prs_cbefdd,no,no,1,,Very Best
UgwQiUYBvUWJAtb9lOJ4AaABAg,PX7Lvjs639U,20231210,@prs_cbefdd,no,no,1,,Excellent❤❤❤❤
UgxB-h7whGFu-xIyvlZ4AaABAg,PX7Lvjs639U,20231210,@TheBalochmazari,no,no,15,,"Sarsabz once again highlights the importance of farmers to society. Without their untiring efforts, we would be facing an acute shortage of everyday essential foods. Kudos to Sarsabz!"
UgxB-h7whGFu-xIyvlZ4AaABAg.9y8t24tSYcH9yLVmU43aCm,PX7Lvjs639U,20231210,@jazibali5140,no,yes,0,,Allah pak hamry kisano ko salmat rakhya ya Allah ameen
UgxB-h7whGFu-xIyvlZ4AaABAg.9y8t24tSYcH9yQoNJSkMOX,PX7Lvjs639U,20231210,@MalikUsman-o1k,no,yes,0,,​ @jazibali5140 ameen
UgxB-h7whGFu-xIyvlZ4AaABAg.9y8t24tSYcH9yZLIHZgz9L,PX7Lvjs639U,20231210,@Agronomical907,no,yes,0,,😮😢
UgzBqZBFbK1x-kkG7FB4AaABAg,PX7Lvjs639U,20231210,@zeeshanabbasi5060,no,no,1,,Great
Ugzlxfmt6ZVqBaqCNbV4AaABAg,PX7Lvjs639U,20231210,@zeeshanabbasi5060,no,no,0,,❤❤❤
UgxRJZHa5dAPh2hKCHB4AaABAg,Pd0z78-UJio,20221205,@TahirAbbas-c4k,no,no,0,,Salam sarsabz
UgzPYqnHDfgr_R4PM8h4AaABAg,Pd0z78-UJio,20221205,@GhulamMustafa-jo4pi,no,no,0,,Hamari Shan Kissan ❤❤❤
UgyDaO14kRXmbCmgZhd4AaABAg,Pd0z78-UJio,20221205,@GhulamMustafa-jo4pi,no,no,0,,Salam Kissan ❤️ ❤️
Ugx-t758P7JUBoHPQKV4AaABAg,Pd0z78-UJio,20221205,@zahidkhichi3227,no,no,0,,Pakistan ki aan Pakistan kisan Salam kisan Salam kisan
UgxrpA4ijF9Rok7o90J4AaABAg,Pd0z78-UJio,20221205,@adnanali9969,no,no,0,,Super
UgxUzPXNnUL3RiDKqGx4AaABAg,Pd0z78-UJio,20221205,@sairausman-gx7xd,no,no,1,song_voice_lyrics,plz uppload lyrics and translation of what the lady is singing..... it touches the heart even without knowing........
UgzE3zle_369YcN2zFB4AaABAg,Pd0z78-UJio,20221205,@alidogar3711,no,no,0,,I love you kisan
UgydVT_wzGlcBFMM-GB4AaABAg,Pd0z78-UJio,20221205,@Mustafaiqbal823,no,no,0,,I love you too kisan میری دعا ہے کہ اس ملک کے ہر کسان کی زندگی اچھی ہو ❤️Ameen 🤲
UgzGnSsMNMX0OMA0goJ4AaABAg,Pd0z78-UJio,20221205,@imranlodhi1804,no,no,0,,👍🇵🇰👍
UgwrSg7TDZx9vTI66214AaABAg,Pd0z78-UJio,20221205,@sanikhan9953,no,no,0,grievance,Is milk ko siyasi partiyan serkari mulazmeen or tajir maderchod gareebon ka heq kha gae
Ugzaswp7Zr6UZxgRLeJ4AaABAg,Pd0z78-UJio,20221205,@muhammadusamaali3085,no,no,0,,سلام کسان
UgxJV_j4PT3MMM17jIp4AaABAg,Pd0z78-UJio,20221205,@BLACK-kw9no,no,no,0,,T
UgyWr9wnBDhf3VOtwVB4AaABAg,Pd0z78-UJio,20221205,@ronaldreagon4126,no,no,1,,Salaam kisan
Ugy0gsvdP85VhpFamhN4AaABAg,Pd0z78-UJio,20221205,@sufyanbutt956,no,no,1,,https://www.youtube.com/@sufyanbutt956
Ugw1lbfg78RsfDbXy414AaABAg,Pd0z78-UJio,20221205,@muneebkhan8209,no,no,0,grievance,کاش اس ملک میں کسان کی قدر ھوتی ملک روز بروز ترقی کرتا مگر افسوس یہاں پر ایسے سانپ بیٹھے ھیں جو کسانوں کو ڈس رھے 😐
UgxLb7NCBsJA9Q_KiZp4AaABAg,Pd0z78-UJio,20221205,@MuhammadBilal-iy2qf,no,no,0,,Hlo
UgwqqcGP7rNG8TATxrR4AaABAg,Pd0z78-UJio,20221205,@tanveerahmadahmad535,no,no,1,,Rao mosin and apa ge well done
Ugz0z8b_dO8f3mJhLwx4AaABAg,Pd0z78-UJio,20221205,@ranamujahid1956,no,no,0,,Respect to you all
UgwOGeUQIiUfKIXSDGh4AaABAg,Pd0z78-UJio,20221205,@ranamujahid1956,no,no,1,,Happy kisan day
UgwwdA3hGV4orjd1TRJ4AaABAg,Pd0z78-UJio,20221205,@rehmanali931,no,no,0,,💪🏻⚔️
UgydRfDcvaRddQhCA1V4AaABAg,Pd0z78-UJio,20221205,@qadeerbutt4393,no,no,0,,اس ملک کے لینڈ لارڈ کسان کی وجہ سے خوشحال ہیں۔۔۔۔مگر کسان کو بدحال رکھتے ہیں۔
Ugz7l7QVoTffsbnKmxt4AaABAg,Pd0z78-UJio,20221205,@Ahmedraza-b5f3c,no,no,0,,Kash💔💔🥺
UgzlY_H6eyxYTTQQOEh4AaABAg,Pd0z78-UJio,20221205,@AbdullahKhan-vp5go,no,no,0,,Honestly
UgxA_fVIAPHgm8bQcY94AaABAg,Pd0z78-UJio,20221205,@dilawarbaloch412,no,no,0,,Salam kisan.
Ugx3gq1qqi4NrtKwj954AaABAg,Pd0z78-UJio,20221205,@usmanjamil8670,no,no,3,grievance,"ایک کسان ہونے کے ناطے مجھے فخر ہے کہ سرسبز کسانوں کو اور زراعت کو عالمی سطح پر اجاگر کیا جہاں کسان کی کوئی عزت نا ہونے کے برابر ہے۔ 
سلام کسان سرسبز پاکستان"
Ugx3gq1qqi4NrtKwj954AaABAg.9jmFyPFzhYg9jwkN7VBp91,Pd0z78-UJio,20221205,@Mustafaiqbal823,no,yes,0,,Love you bhai
Ugy84bIp_z-n-VXJK_d4AaABAg,Pd0z78-UJio,20221205,@afaqueyousuf,no,no,0,,Bs srf days hee manaty raho en cheezo mee hee uljhy raho aur apny jahil hony ka saboot dete raho aur kabhi ISLAM k bare me parho khud se pucho k hum musilman hein ku akhir agr jwab milgaya to ALLAH hidyat pr khud hee phuncha dyga agr nhi mila to wqai jahilyat urooj pr he aur mulq ko tbhai se koi nhi bacha sakta
Ugw70RkqKx6z__1JR654AaABAg,Pd0z78-UJio,20221205,@anayakhan7946,no,no,0,,Salam kisan
UgxoSJFcPg3mR04h4FR4AaABAg,Pd0z78-UJio,20221205,@shahzaibshahzad1378,no,no,0,,Bilkol
UgyUvv1lEj3f9-c5xfF4AaABAg,Pd0z78-UJio,20221205,@anayakhan7946,no,no,2,,Kisan nhi hote to hum bhi nhi hote we are proud of you 🥰🎉🎉
Ugx83uGAabZqg9vr5vV4AaABAg,Pd0z78-UJio,20221205,@sajidullah3086,no,no,0,grievance,پکار خو دہ وہ چی حکومت مونگ تہ دہ تخمونہ ارزان کی او کھادونہ ھم ارزان کی
UgxUFcrsZPq4WfKy4_54AaABAg,Pd0z78-UJio,20221205,@ahmedbuxjakhrani1999,no,no,0,grievance,"Happy kissan day.
Make sure  the fertilizers of all kinds should not be black marketed love you all kissans
Its the kissan providing the services for food security to all Pakistanis.
Pakistan zindaabad"
UgyLAeB2Giq4zBWvoqB4AaABAg,Pd0z78-UJio,20221205,@aenimurtaza2705,no,no,0,,Ay khuda Pakistan kay kissano ki sun lay plz
UgzGpfKZDBQUezWhYc94AaABAg,Pd0z78-UJio,20221205,@aenimurtaza2705,no,no,0,grievance,Khuda kissano ko on ka haq milay
UgzrIYQTOZ9fRxiAzdh4AaABAg,Pd0z78-UJio,20221205,@S.MuhammadMasoomBukhar101,no,no,0,,"السلام وعلیکم کسان
انشاءاللہ کسانوں کی بھی قدر ہو گی
خدا  پاک کے بنائے ہوئے یہ انسان محنتی کسان ہیں"
UgxIUXoCi9aMj-lk6v14AaABAg,Pd0z78-UJio,20221205,@sikanderali3495,no,no,0,,Salam kisan 🤲❤️
UgzNix0r_desTXM-xCZ4AaABAg,Pd0z78-UJio,20221205,@atifbaloch9267,no,no,1,,I like Contend This Awesome Wsalam It's Muslim  so Sadd Moments Jazbah Big All Time ❤️
UgwOTXNooH3u2fFWI0x4AaABAg,Pd0z78-UJio,20221205,@veer_vlogs_121,no,no,0,,I love kasan
UgyNhbtth7iWRIeEGBV4AaABAg,Pd0z78-UJio,20221205,@qurbanaligujjar9293,no,no,0,,کسان کو اس مصیبت سے نجات دے 🤲
UgxjyNkvi2dhNrOi_pl4AaABAg,Pd0z78-UJio,20221205,@muhammadimtiaz2104,no,no,0,song_voice_lyrics,"صحرا کی مٹی کی خوشبو آتی ہے ابتدائی آواز سے بہت ہی پرکشش آواز ہے
کیا نام ہے ابتدائی آواز والی محترمہ کا"
UgzWwq-bnqxC2Ey_rQZ4AaABAg,Pd0z78-UJio,20221205,@waqasAli-hj6qr,no,no,2,song_voice_lyrics,Seriously I like this women voice 🙂
UgzWwq-bnqxC2Ey_rQZ4AaABAg.9jlnk66mD_w9jm7r0gSpkh,Pd0z78-UJio,20221205,@hafeezalivlogs,no,yes,0,song_voice_lyrics,Mai dhai nam hai 😍
UgysYTdT6NCRETliXMh4AaABAg,Pd0z78-UJio,20221205,@muhmmadadilahter9856,no,no,0,,Kit na dadr he 🙃
UgxuxBYbOc9YfBzWJIt4AaABAg,Pd0z78-UJio,20221205,@aenimurtaza2705,no,no,0,grievance,Ma kaysan hu bht bora hal hai mera kisi hakomat nay humayn izat nhi di kash koi humare masail sumjhta  humare dokh janta
UgwUg0yYo4PAGzFgpkN4AaABAg,Pd0z78-UJio,20221205,@aenimurtaza2705,no,no,0,,Salam kaysaan Salam kaysaan Salam kaysaan Salam kaysaan Salam kaysaan Salam kaysaan Salam kaysaan Salam kaysaan Salam kaysaan Salam kaysaan Salam
UgwQGpzTerTPjz9yEEN4AaABAg,Pd0z78-UJio,20221205,@aenimurtaza2705,no,no,0,,Ma khud kaysan hu
Ugzv-ylvf5DC0aYFqCh4AaABAg,Pd0z78-UJio,20221205,@aenimurtaza2705,no,no,0,,Salam kaysaan Salam kaysaan Salam kaysaan Salam kaysaan Salam kaysaan Salam
Ugw-9nLl2jE9TqZBQaF4AaABAg,Pd0z78-UJio,20221205,@aenimurtaza2705,no,no,0,,Zabardast zabardast zabardast zabardast zabardast zabardast zabardast zabardast zabardast
Ugzc7LRO8Im1oAMrHgN4AaABAg,Pd0z78-UJio,20221205,@aenimurtaza2705,no,no,0,,Salam mere kaysan kay hathon ko
UgxUBbQjo_7sNeHbNVp4AaABAg,Pd0z78-UJio,20221205,@aenimurtaza2705,no,no,0,,Salam kaysaan
UgweYdh6Mw9xHwjqrSV4AaABAg,Pd0z78-UJio,20221205,@Nishapathani-h8z,no,no,1,,🫡❤
UgwcBkQWenQ5DxjumKp4AaABAg,Pd0z78-UJio,20221205,@rafeycollectionsfeshionbeats,no,no,0,,"ڈھیروں دعائیں کسان کو دھرتی کے مان کو
تو آ ج بھی کھڑا مٹی کی شان کو"
UgwJkEYjmeaVYOj-ycx4AaABAg,Pd0z78-UJio,20221205,@sajidali-yi1tf,no,no,0,,Kisan Ki Maut per Magar khush hai policy bhi uski hi hai
UgwmXy3vqcPiwNuvmvh4AaABAg,Pd0z78-UJio,20221205,@sajidali-yi1tf,no,no,0,,Kisan ke sabse Bade Dushman siyasat Dan Hain
UgzMbtVI8y2QvpdSJdB4AaABAg,Pd0z78-UJio,20221205,@MuhammadAli-zq6lw,no,no,0,,Salam kisan
UgzZ3ajl_2-W8yCEqGJ4AaABAg,Pd0z78-UJio,20221205,@shahbazbhai1801,no,no,0,,I am farmer
UgzBkVQDaKUEs77NAu14AaABAg,Pd0z78-UJio,20221205,@raimuntizer4505,no,no,0,,Is mulik mn sub sy pehlay kisan ko hi khtm kia geya hy.aur sab sy zeyda mian nawaz shrif ki hkumit mn kisan k sath na ansafi hoti hy kiyonk wo tajron ko faida detay hn
Ugz01wEjWM7DFiO0dXJ4AaABAg,Pd0z78-UJio,20221205,@saifirajputt1412,no,no,0,,Slam kisan
UgxJDeSJo8506Mjdp6Z4AaABAg,Pd0z78-UJio,20221205,@ahsanakash1843,no,no,1,,Thanks for your support sarsabz urea.
UgxgIGonTWCsK_pOOkV4AaABAg,Pd0z78-UJio,20221205,@usman.khanzada.,no,no,8,,Salute to my father and every farmer
UgwRq7Y25yBY9DUJJiZ4AaABAg,Pd0z78-UJio,20221205,@unlimitedsorrowies4251,no,no,0,,Please respect farmer
UgyV8dBdtZHW6RsZrE94AaABAg,Pd0z78-UJio,20221205,@reeradoesart,no,no,1,,Badqismati sy is mulk m siway naghmy sunany k kisi k ley kuch n hota haqdar or menat krny walon ko naghmy khali khooli slam or maaal siastdano k ghr
Ugw32HgrPV6zxn1bAC94AaABAg,Pd0z78-UJio,20221205,@atifhussain9010,no,no,1,,Good
UgyCsuDtHrl70U3Q67B4AaABAg,Pd0z78-UJio,20221205,@TariqMehmood-jh7ew,no,no,0,,Sallaaaaam kisan..sallaaaam imran khan
UgwBiPOxhXR5FJlT-3l4AaABAg,Pd0z78-UJio,20221205,@秘密のわんこ,no,no,0,,Mashallah
UgwspzJXYVLefssJ_qB4AaABAg,Pd0z78-UJio,20221205,@Naeemnima,no,no,0,grievance,AllAh pak pakistan aur kisan pr rehm frma hamary piyar ilaqtly me to khaad nayaab ho cuki hy 😢😢😢😢
UgyHwf6D-IIkko-UvA14AaABAg,Pd0z78-UJio,20221205,@lowendhelper7764,no,no,0,,Housing societies or zarahi zameenon pr tamirat Pakistan ki zrahat or khubsoorti ko tabah kr rhi hain.
UgyA9QELrdre1yQbVf54AaABAg,Pd0z78-UJio,20221205,@StoryScroll15,no,no,0,,"Slam kisan ,💖"
Ugw2DQdd-SP18U1PXCd4AaABAg,Pd0z78-UJio,20221205,@hakimabbasi9512,no,no,0,,Salam kisan sar sabaz Pakistan
Ugz9CeZ3osJPOpNta0N4AaABAg,Pd0z78-UJio,20221205,@hasnainmurtaza-yo1dk,no,no,0,,i love pakistani keesan
UgzpzAOQD_YpqS711OV4AaABAg,Pd0z78-UJio,20221205,@faqeersufisohailraheemi9105,no,no,0,,جئے کسان دوست
UgzDvKM3H5jTpMA6C1d4AaABAg,Pd0z78-UJio,20221205,@ali3028,no,no,0,,S
Ugy6hvCHIaCFjpHYQYN4AaABAg,Pd0z78-UJio,20221205,@anwerbutt2621,no,no,2,,"Salam kisan, be blessed."
UgzJr_S1WWd-gjOMQ4F4AaABAg,Pd0z78-UJio,20221205,@arsalbhatti4378,no,no,0,,zy6yh7l
Ugwu2HqGtoiRJkpM6_d4AaABAg,Pd0z78-UJio,20221205,@Sitaraglassaluminium,no,no,1,,Good👍
Ugx0vMeDl3uAmx5Ggv54AaABAg,Pd0z78-UJio,20221205,@yasmeenkarim7356,no,no,1,,SALAM KISSAN BROTHER'S 🌹🌹🌹🌹🌹
UgyQ_JGQBz8b1-rM51J4AaABAg,Pd0z78-UJio,20221205,@rashid-4-L,no,no,4,,حالانکہ 70 فیصد پاکستان کو کسان  چلا رہا ہے
UgxlvLmwppMBgO3YCNR4AaABAg,Pd0z78-UJio,20221205,@rashid-4-L,no,no,38,grievance,کاش اس ملک میں کسان کی قدر ہوتی
UgxlvLmwppMBgO3YCNR4AaABAg.9jkU-GG6XU_9jmbsFT__hv,Pd0z78-UJio,20221205,@jahangirjani8372,no,yes,0,,0p
UgxlvLmwppMBgO3YCNR4AaABAg.9jkU-GG6XU_9jmbu6Uo4Wj,Pd0z78-UJio,20221205,@jahangirjani8372,no,yes,0,,0
UgxlvLmwppMBgO3YCNR4AaABAg.9jkU-GG6XU_9jmp2nF3dom,Pd0z78-UJio,20221205,@ranafaisal954,no,yes,0,,7+++)+
UgxlvLmwppMBgO3YCNR4AaABAg.9jkU-GG6XU_9jlxonlZGCR,Pd0z78-UJio,20221205,@Dark6148-k,no,yes,1,,اے کاش
UgxlvLmwppMBgO3YCNR4AaABAg.9jkU-GG6XU_9jm6PytrQx3,Pd0z78-UJio,20221205,@حیدرعباسی-ض7ظ,no,yes,1,,@Dark6148-k  9
UgxlvLmwppMBgO3YCNR4AaABAg.9jkU-GG6XU_9jm3jX0X7LT,Pd0z78-UJio,20221205,@shahidkhan973,no,yes,0,,@Dark6148-k  rkytiuuuui wwwqqwqo
UgxlvLmwppMBgO3YCNR4AaABAg.9jkU-GG6XU_9jmp1UbIzAP,Pd0z78-UJio,20221205,@ranafaisal954,no,yes,0,,@Dark6148-k  #sa
UgxlvLmwppMBgO3YCNR4AaABAg.9jkU-GG6XU_9jm3KzV6Y9X,Pd0z78-UJio,20221205,@hafizmsaqibrizvi1500,no,yes,0,,@Dark6148-k   f
UgyvyzU9ysoDIP9xMzF4AaABAg,Pd0z78-UJio,20221205,@zafariqbalzafariqbal8275,no,no,0,,Ok
Ugyk8Rz0fN4u5eVrZI54AaABAg,Pd0z78-UJio,20221205,@muhammadmaaz7474,no,no,0,,There should be special forces in our country to protect feilds
Ugwif1H4XPrJXCwYDhp4AaABAg,Pd0z78-UJio,20221205,@s.r8559,no,no,1,,Salute to my farmer brothers i salute you
UgxA-oHElmtFT8e0Zr54AaABAg,Pd0z78-UJio,20221205,@mukhtiarahmadkhan1992,no,no,0,,Is drama ka nam bta skty kia
UgxRTXtz5N2sNtXbjMJ4AaABAg,Pd0z78-UJio,20221205,@ihsan9483,no,no,0,,سلام کسان صوبہ سرحد سے
UgwHdrQaTCz5uKGV7EV4AaABAg,Pd0z78-UJio,20221205,@maryamsadiqa9680,no,no,3,,A purposeful verse here. .  . .  nice & sweet
UgyuZbLGPNzRn0wFcwt4AaABAg,Pd0z78-UJio,20221205,@naqashshafiq3990,no,no,0,,Yeh start me konsi language hai?
UgyuZbLGPNzRn0wFcwt4AaABAg.9jeeuu3uG3C9jjTj0bJmFY,Pd0z78-UJio,20221205,@ihsan9483,no,yes,0,,Sindhi hy bhai
UgyuZbLGPNzRn0wFcwt4AaABAg.9jeeuu3uG3C9jkUV_BPic6,Pd0z78-UJio,20221205,@waqas_javaid.1,no,yes,0,song_voice_lyrics,@ihsan9483  song name pta h to btap
UgyuZbLGPNzRn0wFcwt4AaABAg.9jeeuu3uG3C9jlSE9Caz3O,Pd0z78-UJio,20221205,@ihsan9483,no,yes,0,,@waqas_javaid.1  bhai ye itne hee hy
UgxDKdwaG3SepZE0MYF4AaABAg,Pd0z78-UJio,20221205,@naqashshafiq3990,no,no,1,,Waaaah
UgwpZ7oXdlflgr0KdaJ4AaABAg,Pd0z78-UJio,20221205,@sgr3hmd417,no,no,0,,https://www.youtube.com/watch?v=hTONaLGUQvM
UgyWVr-hv3PbD5MdGER4AaABAg,Pd0z78-UJio,20221205,@msabbasi01,no,no,0,,I want to see the meanings of what she sings in Balochi probably.
UgyWVr-hv3PbD5MdGER4AaABAg.9j_urvEbLtL9jjThmIUer-,Pd0z78-UJio,20221205,@ihsan9483,no,yes,0,,Sindhi hy bhai
Ugz8Sg-80GpuKj8wo014AaABAg,Pd0z78-UJio,20221205,@atifjavaid376,no,no,0,,Best iss se bhtr kya ad ho skta ❤
UgyJEQhcuH16DHkdBBR4AaABAg,Pd0z78-UJio,20221205,@CineCrazeshortskids,no,no,8,song_voice_lyrics,"Hats off to u sarsabz♥ from music to story and the lyrics ,everything pays tribute to our kissan such an emotional story 

#salamkisaan 🌾🌾🌾"
UgyJEQhcuH16DHkdBBR4AaABAg.9jUu5CIzO7b9jXipi9KYLO,Pd0z78-UJio,20221205,@qariwalikhan3942,no,yes,0,,ہظقہ9ل
UgzpxssBqfUv2GBZtcN4AaABAg,Pd0z78-UJio,20221205,@CineCrazeshortskids,no,no,4,,The pain in the elder brother's eyes spoke of the life of a farmer 💔
Ugy99ETFCYyNigmj-_Z4AaABAg,Pd0z78-UJio,20221205,@hea.vylight,no,no,6,,"Best performance by (big brother) lead artist "" Rao Mohsin Karim ""
Excellent work 💐"
UgzZq4-1EkRFvAwUX6B4AaABAg,Pd0z78-UJio,20221205,@shaziakhalil3338,no,no,9,,The best of all times...n superb performance by all actors especially fahad mustafa
Ugz4ET-8dmNHTVVTbwl4AaABAg,Pd0z78-UJio,20221205,@evergreenpixels638,no,no,1,,Salaam kisaan
Ugw86DDQ4O2eBZV4SKp4AaABAg,Pd0z78-UJio,20221205,@evergreenpixels638,no,no,0,,Superb
Ugxxkv0Xp7FgmyZn4Px4AaABAg,Pd0z78-UJio,20221205,@meerestatekarachipraparty8658,no,no,1,,Babar bhai wah ❤❤❤
UgwJ7ydj6CgncRffi6F4AaABAg,Pd0z78-UJio,20221205,@imagoooodgirl,no,no,8,,First ever advertisment I watched completely and searched for it on YouTube and just here and watching repeatedly 💗👌 just amazing mesmerising
UgwJ7ydj6CgncRffi6F4AaABAg.9jOZ7ZtXVpS9jmUc0swTlC,Pd0z78-UJio,20221205,@asifiqbal5704,no,yes,0,,See
UgxzIbfPAgdjY_JTfZF4AaABAg,Pd0z78-UJio,20221205,@haseeebgillanigillanigilla369,no,no,1,,Salam kisan
UgwDrxc-5WX5nzN0qIZ4AaABAg,Pd0z78-UJio,20221205,@idresskhan4420,no,no,2,,Salam Kissan
UgztKLkeToT9jKT-uIV4AaABAg,Pd0z78-UJio,20221205,@TheCineMagicUniverse,no,no,9,,Salam Kissan sarsabz Pakistan ❤️ big brother is just awesome 🔥🔥
Ugy9hzCDiCkVLP-EXGh4AaABAg,Pd0z78-UJio,20221205,@jisarataliofficial7605,no,no,5,,Salam kissan
Ugwi9nxPErzARbI1hN14AaABAg,Pd0z78-UJio,20221205,@moon5924,no,no,7,,Sarsabz ko salaam ha ka farmers ki motivation kalia asi documentaries and true picture  of agriculture in Pakistan ko support kar raha ha 👍
UgziVEC7gl8bZgAvqk54AaABAg,PkenunwpduU,20191209,@reemi8427,no,no,0,,"The way he gives back gold to his wife, it's so heartwarming😭❤️"
UgzvXtYuKMR4ngsH2-Z4AaABAg,PkenunwpduU,20191209,@hamzaffofficia,no,no,0,,0:55 0:56 0:56 0:57 0:57 0:57 0:57 0:58 0:58 0:58 0:58 0:58 0:59 0:59 0:59 0:59 1:00 1:00 1:00 1:00 1:00 1:01 1:01 1:01 1:01 1:01 1:02 1:02 1:02 1:02 1:02 1:02 1:03 1:03 1:03 1:03 1:04 1:04 1:04 1:04 1:04 1:05 1:05 1:05 1:05 1:05 1:06 1:06 1:06 1:06 1:06
Ugx7aBDzEnwSiP-MtOR4AaABAg,PkenunwpduU,20191209,@hamzaffofficia,no,no,0,,0:37
UgxlmsIo5WA3FYCUC_94AaABAg,PkenunwpduU,20191209,@M.AbdulsaviourVIP,no,no,0,song_voice_lyrics,"Wounder ful video
Fantastic Song lyrics 😍"
Ugw_4yWohGT8055ENYx4AaABAg,PkenunwpduU,20191209,@SaraanSarangi,no,no,0,,"Thanks to our leaders who took away everything from us. But we should never forget the fact that we live on the most fertile indus plain, which is most fertile plain area in the world. There is no food crisis in our country but thanks to our leaders who dont let us eat.😢"
Ugz1DCAXfPm4bvLGqRx4AaABAg,PkenunwpduU,20191209,@SaraanSarangi,no,no,0,,Watching this again in devastating floods of punjab 2025. 😢😢 Allah saaday punjab nu wasda hasda rakhy. 1st September 2025. Or abi selaab barh raha hai 😢😢
UgyfaOyfFVArafe7E6B4AaABAg,PkenunwpduU,20191209,@AliKhan-fk8ev,no,no,1,,What a great tribute to farmers and their families who feed a nation a 220+ million
Ugy7M_tiXNZO1RuMwMZ4AaABAg,PkenunwpduU,20191209,@MuhammadBilal-wl7qd,no,no,1,,Salam kisaan
Ugxr53Ff-Sj7lmzFxqV4AaABAg,PkenunwpduU,20191209,@saminaimran432,no,no,2,,#salamkissan
UgxqvG2RZ3u6uHtV5S54AaABAg,PkenunwpduU,20191209,@saminaimran432,no,no,2,,#salamkisan
UgzFe6FGjVHBZdf-kBV4AaABAg,PkenunwpduU,20191209,@saminaimran432,no,no,2,,#salam kisan #
UgxWegkgZbZ9jjxd4iJ4AaABAg,PkenunwpduU,20191209,@Maometto-19,no,no,0,,What about 16 december aps attack in peshawar ?
UgwLcnvjL6C4Cr4RDnZ4AaABAg,PkenunwpduU,20191209,@AbdullahZia-k3z,no,no,1,song_voice_lyrics,Beautiful song❤❤
Ugw1nEnIeZzX7h_erjJ4AaABAg,PkenunwpduU,20191209,@Tanveervlog1-i1y,no,no,1,,Allah apko kus rak hy ameen
UgwTCPfkB67pHe4JStd4AaABAg,PkenunwpduU,20191209,@pakistanivloggerinuae8207,no,no,1,,"Salam kissan Mera Pyara Pakistan. 

Pakistan zindabad ❤❤❤❤"
UgzaxMPHCdMzMClIbDJ4AaABAg,PkenunwpduU,20191209,@LarikHafsaBatool,no,no,1,,IThank you sarsabz for bringing farmers effort to our attention!Salam kissan ❤
UgyJHrvWSgeLCPspgjd4AaABAg,PkenunwpduU,20191209,@zoyaali7810,no,no,2,,#Salamkissan ❤
UgwMjH22f2vxGOlR1Nl4AaABAg,PkenunwpduU,20191209,@faysalhasan1458,no,no,2,india_bangladesh,Love you from Bangladesh.
Ugwm136wQCev-MGUQj14AaABAg,PkenunwpduU,20191209,@GhulamMustafa-jo4pi,no,no,0,,Father is Father khud nahain khata apny bachon ko pahly khilaiga . Father ki baghair sub ham undhi hain
Ugxlrt1hxUW7GCIJVpR4AaABAg,PkenunwpduU,20191209,@musakhan-e7h,no,no,0,,I feel proud for kisan ❤
Ugx4l3rWrOSicR2beIV4AaABAg,PkenunwpduU,20191209,@MortalArtWorldOfficial,no,no,1,,"Life is veryyyyyyyyyyy hard 😢😭😓🤧🥺😔🥺😔
In every field"
Ugx7jGPSjb5Hm-ZklJF4AaABAg,PkenunwpduU,20191209,@AliAkbar-bs9lj,no,no,0,,l   feel  proud🥰😍🤩💘💝💖💗💓💞💕❣❤
UgxKKAfZtSRBLL4hcTd4AaABAg,PkenunwpduU,20191209,@MAqeel-rb2nk,no,no,0,,Salaam to all FG employee for provide best product to kissan & Salaam to kissan for use this beast product.
UgyonH7TKvYk6CBgH5l4AaABAg,PkenunwpduU,20191209,@buzdarMunda,no,no,0,,ماشااللہ
UgyYayovrhvvNaCz_xp4AaABAg,PkenunwpduU,20191209,@yasirfarooq1666,no,no,0,,❤❤❤❤
UgxsUZttodKwIk1d8x54AaABAg,PkenunwpduU,20191209,@yasirfarooq1666,no,no,0,,Beautiful
UgwsuETvL_VgjsrWVCh4AaABAg,PkenunwpduU,20191209,@yasirfarooq1666,no,no,0,song_voice_lyrics,Wow Best song
UgzMK0cIVzdmR5q0Ss14AaABAg,PkenunwpduU,20191209,@Aghafitness8,no,no,0,,Excellent
UgzGoTVhZmnEFIlWgd94AaABAg,PkenunwpduU,20191209,@Zubairchattha143-rv1gb,no,no,1,,Kissan zindabad
UgzDWsrI2DlY2QMCc_l4AaABAg,PkenunwpduU,20191209,@Alice-Williams,no,no,0,,farmers are called the back bone of nation's economy . So the more the farmer is hard worker more our country's economy will boom .
Ugx-qHTlTebPSgZ0H454AaABAg,PkenunwpduU,20191209,@hendrikjanssen9075,no,no,2,,Support from Dutch 🇳🇱 farmers. Farmers all countries unite!! One cause!
Ugx-qHTlTebPSgZ0H454AaABAg.9t7eMCuXgI2A757Qch8oVS,PkenunwpduU,20191209,@SaraanSarangi,no,yes,0,,Thank you so much ❤
UgwNxn6pa34uXXTrdkl4AaABAg,PkenunwpduU,20191209,@haseebashraf8633,no,no,0,,salam kissan 🥰
UgwASrKIT_63EWrABEp4AaABAg,PkenunwpduU,20191209,@mariamirshad5681,no,no,0,,Feeling very proud for my mama an baba 🥰🥰🥰🥰on farmering may you  both live long 🤲🥰🤲🤲
Ugy1Iykajc592XYlNwV4AaABAg,PkenunwpduU,20191209,@akramshah128,no,no,0,salam_pakistan,"Salam Pakistan
I love my Pakistan"
Ugx7OF6ejn4xnCaDtol4AaABAg,PkenunwpduU,20191209,@malikabdulrehaman8054,no,no,3,,salute to farmers
Ugx5tpI_c4uIeXEuks14AaABAg,PkenunwpduU,20191209,@shadabuetian,no,no,1,,So real n emotional 🇵🇰👍
UgxuoaTW3roYWSMw94d4AaABAg,PkenunwpduU,20191209,@farooqueahmed8786,no,no,1,,"Beautiful- very emotional for me , being from a farmer’s family. Have seen and experienced all what is shown in the video. Well done"
UgyiVYOkNqvrHscThEV4AaABAg,PkenunwpduU,20191209,@Indigenousproducts,no,no,2,,"I have blessed of allah pakistan has too tooo much farmer
The farmers are really good good spacialy the farmer of ,--thatta 
gharo 
sakro 
I don't haven' any farm 
But really farmers are great 
I belong to karachi 
Live karachi 
But thankfully all farmer of 
Sindh 
Punjab all around pakistan al around the world 
Asif ali 
From karachi 
Gulistan e johuar
district east"
UgxjJbJ1M_s2zGege814AaABAg,PkenunwpduU,20191209,@umamarizwan9725,no,no,9,song_voice_lyrics,یہ گانا جتنی بار سن لو، ہمیشہ نیا ہی لگتا ہے، میں گانے نہیں سنتی لیکن یہ گانا واقعی میں رونگٹے کھڑے کردیتا ہے، بہت اچھا اور کمال اشتہار ہے، خراجِ تحسین ہے کسانوں کو بھی اور اس ٹیم کو بھی جنہوں نے کسانوں کی زندگی کو اتنے اچھے طریقے سے دکھایا⁦👏🏻⁩⁦👏🏻⁩
UgwTo6oSBzzQ0guk-9F4AaABAg,PkenunwpduU,20191209,@abdullahbinzafar806,no,no,2,,Es dharti ki Shan barhain gain ♥️
UgzcXhQwwxSV2mk0dEN4AaABAg,PkenunwpduU,20191209,@mohsinamjad2611,no,no,1,,"Excellent. Should appreciate the efforts put forth by farmers.

The ending... In-kind lending with in-kind return, with markup. :)"
UgyyIfcAnHhwr9sj1ql4AaABAg,PkenunwpduU,20191209,@Khan-jz8qn,no,no,0,grievance,leakn ap to kissan marne wala hai .DAP price 9000 tk
Ugx407A331ACRXdbzNV4AaABAg,PkenunwpduU,20191209,@AliAhmed-fq5lj,no,no,2,,"For the farmers, Labours, and other hardworking who struggle and work hard but still suffer in the hands of the filthy rich and dirty corporations every in the world. ✊✊✊
#westandwiththeIndianfarmers"
Ugx407A331ACRXdbzNV4AaABAg.9T2SmEFoKmX9T3d4LfdZmh,PkenunwpduU,20191209,@Sarsabz,yes,yes,0,,Thank you so much for appreciation.
UgzA9REJCU9y2LQB_pp4AaABAg,PkenunwpduU,20191209,@NafayKhan1,no,no,2,,"Sir i want to make a vedio on your sound . 
I need permission about copyright claim .
I will makes a vedio on my villages farmers and myself. 
And also show your product’s."
UgzA9REJCU9y2LQB_pp4AaABAg.9RrGj5o9kEx9RwcEwnfJcP,PkenunwpduU,20191209,@Sarsabz,yes,yes,1,,"Yes, please you're absolutely allowed to use our song to represent anything positive."
UgzA9REJCU9y2LQB_pp4AaABAg.9RrGj5o9kEx9RwcZZThxcg,PkenunwpduU,20191209,@NafayKhan1,no,yes,1,,Thank u sir
UgzFxX1L7jnygoa_CDx4AaABAg,PkenunwpduU,20191209,@muteeurrehman2705,no,no,1,song_voice_lyrics,"English Translation of this Song




Who works day and night
Fills the dirt with colors
In all passing seasons
Who fights all difficulties 
It's only due to you, our happiness increases
Thorough your hard work will increase the world's value
Keep going like that
And all routes will reach a destination
It's only through your will and determination Pakistan is green
Salam, O farmer
The clouds of sadness
That reign upon you
This sun and these rains
That has broken you
This hope shall not break away
It's only due to you, our happiness increases
Thorough your hard work will increase the world's value
Keep going like that
And all routes will reach a destination
It's only through your will and determination Pakistan is green
Salam, O farmer"
UgzFxX1L7jnygoa_CDx4AaABAg.9PC8eQP9h_d9PHoM67hiDG,PkenunwpduU,20191209,@Sarsabz,yes,yes,1,,Much appreciated. Thank you so much your comment.
UgwnNGHrELHswtEshud4AaABAg,PkenunwpduU,20191209,@thesumit4552,no,no,0,india_bangladesh,love from india ❤️
UgwnNGHrELHswtEshud4AaABAg.9NPomydKjh49NRCf-YZu-T,PkenunwpduU,20191209,@Sarsabz,yes,yes,0,,Thank you so much for your love :)
Ugxi3ykikF8Bybasapd4AaABAg,PkenunwpduU,20191209,@fateenliaqat7035,no,no,0,,hats off to everyone behind this tribute. a master piece
UgyWDuXTiC3gGuzMsWp4AaABAg,PkenunwpduU,20191209,@barkatillahienaik3455,no,no,0,,1:50
UgyTD37jyIsqSphVddJ4AaABAg,PkenunwpduU,20191209,@1202aquarius,no,no,0,,Extremely well conceptualized and executed to perfection. The melody is just amazing! Goosebumps!
UgzinXhU8n7J7tmdl8p4AaABAg,PkenunwpduU,20191209,@mahireddy9890,no,no,0,song_voice_lyrics,Our farmers song
UgyUfu3zRqAccok_7Nd4AaABAg,PkenunwpduU,20191209,@GlobalAgricultureHub,no,no,0,,"Plz support our farmers.
Support #AgricultureHub
@AgricultureHub"
UgxGaNvUybSkDYxlvaJ4AaABAg,PkenunwpduU,20191209,@GlobalAgricultureHub,no,no,1,song_voice_lyrics,This song should be copy right free
UgyGcglPRgifBiNzptV4AaABAg,PkenunwpduU,20191209,@muhammadaamir3112,no,no,0,,Pak sar Zameen Shadbad.... Kissan Shadbad
UgyFgyBP4qM7FK96cm94AaABAg,PkenunwpduU,20191209,@MuhammadUmar-nm9bn,no,no,0,,Pakistan Hme Fakhar Hai Pakistani Kisan Hone pe Pakistan Salam Kisan Sarsabaz PakistanZindabad
Ugwhja9ZGGQTmN3VTo54AaABAg,PkenunwpduU,20191209,@MuhammadUmar-nm9bn,no,no,0,,Pakistan Hme Fakhar Hai Pakistani Kisan Hone pe Pakistan Salam Kisan Sarsabaz PakistanZindabad
UgzJqGAzpiTtnYzm5wx4AaABAg,PkenunwpduU,20191209,@Baljit_Roomi,no,no,1,,Very nice 👍
UgzU3PdIeaavhOwYb7V4AaABAg,PkenunwpduU,20191209,@wait4justicejustice149,no,no,15,,"#KisanMajdoorEktaJindabad
Lots of Respect #Pakistan Long Live the Mother Land of BaBa Guru #Nanak Maharaj ji 🙏🏻🙏🏻🙏🏻🚩🚩👳‍♂️👳‍♀️✊👲🧔🇵🇰🇵🇰"
UgzU3PdIeaavhOwYb7V4AaABAg.9IfR0fTjHjM9JSsN5LJkgZ,PkenunwpduU,20191209,@far8086,no,yes,0,,"Much love from Pakistan our Sikh veer
🇵🇰❤🇮🇳"
UgzU3PdIeaavhOwYb7V4AaABAg.9IfR0fTjHjM9T2TGk9K5TZ,PkenunwpduU,20191209,@AliAhmed-fq5lj,no,yes,0,,"For the farmers, labour, and the hardworking class everywhere in the world who continue to suffer in the hands of the big corporations.✊✊✊
#westandwiththeIndianfarmers"
Ugwa7Pshat8aV7sD33x4AaABAg,PkenunwpduU,20191209,@MassabWaqas,no,no,1,,Lovely! Ansu aa gaye dekh k ! SalaamKisaan!
UgzDMp5juGNI3MsA59F4AaABAg,PkenunwpduU,20191209,@shazadsalam3963,no,no,3,,Look how we treat our farmers in Pakistan
UgzHwc-at7bfmDt0aM94AaABAg,PkenunwpduU,20191209,@sarfraz4009,no,no,2,,Nice.100
UgzCyWJau8tfkbarItB4AaABAg,PkenunwpduU,20191209,@raheel3028,no,no,7,,This is tribute to Our Sikh kissan Brothers as well ❤️
UgzCyWJau8tfkbarItB4AaABAg.9IYJ92Ny1099IfRDnVFffc,PkenunwpduU,20191209,@wait4justicejustice149,no,yes,0,,🙏🏻🙏🏻🙏🏻🙏🏻🙏🏻🙏🏻🙏🏻
UgyjqokouITCkoC5sN54AaABAg,PkenunwpduU,20191209,@sabeerfayyaz,no,no,2,song_voice_lyrics,"From music to story, and to the lyrics, everything pays tribute to our farmers. #SalamKisaan"
UgyWEyshIFQRV93Agm14AaABAg,PkenunwpduU,20191209,@thumbv,no,no,0,india_bangladesh;song_voice_lyrics,"No one has asked Pakistan to support Indian Kisaan...  it's our internal affair and we are capable to resolve this. I am an Indian Punjabi and I don't like Pakistani interference in our matters. I also request my punjabi and Indian people to be aware about misleading songs and lectures from outsiders, especially our enemy countries. We already have too many good singers like Sartaj, Bawa etc... so we don't need any  Pakistani songs and any Pakistani lecture."
UgyWEyshIFQRV93Agm14AaABAg.9ILfEYbPtxS9IRTs4JqsK3,PkenunwpduU,20191209,@kashikhan5361,no,yes,5,india_bangladesh;song_voice_lyrics,"Idiot look at the upload date of this song dec 2019, it’s Pakistani song about Pakistan farmers not Indian farmers which is recent. 🤡"
UgyWEyshIFQRV93Agm14AaABAg.9ILfEYbPtxS9IfRWP6m4dn,PkenunwpduU,20191209,@wait4justicejustice149,no,yes,2,,@kashikhan5361  eh Nakli sikh aa Fake I'd Hindu User Pakistan is Respectable Country for us Long Live #Pakistan the Mother Land of BaBa Guru #Nanak Patsha ji
UgyWEyshIFQRV93Agm14AaABAg.9ILfEYbPtxS9IfRN0s_k82,PkenunwpduU,20191209,@wait4justicejustice149,no,yes,0,,"To feer ety Bond den aya aa 
ਦਿਲ ਦਿਲ ਖਾਲਿਸਤਾਨ ਜਾਨ ਜਾਨ ਪਾਕਿਸਤਾਨ"
UgzvkhquCH_BKDvnbJx4AaABAg,PkenunwpduU,20191209,@YouTubeRadar56,no,no,8,,I'm daughter of farmer. My grandfather was a farmer. And I'm proud of it.
UgzvkhquCH_BKDvnbJx4AaABAg.9IL6WySsd009cyFXwfW2XP,PkenunwpduU,20191209,@owaistoor8094,no,yes,1,,Than why not you?
UgzKtbVlOL-ildhnCxx4AaABAg,PkenunwpduU,20191209,@sherakahlon5008,no,no,4,,I Feel Proud i am 👳💦Farmer  #farmer
Ugz6WYF1Bb4-WNAWI8B4AaABAg,PkenunwpduU,20191209,@alipadda28,no,no,3,india_bangladesh,"Proud to be a farmer and I really worried about Indian Punjabi farmer's 
Kisanektazindabad ♥️💪"
Ugz_UYr6KNymuhWdWqR4AaABAg,PkenunwpduU,20191209,@z-a-king.rock47fellas,no,no,0,,KISAN EKTA ZINDABAD.
UgzUsQTrTgJM8rglnRl4AaABAg,PkenunwpduU,20191209,@virusgaming8616,no,no,15,,"I feel proud because my grand father was a farmer, my father is a farmer , my brother Is a farmer, I am also famer"
UgzUsQTrTgJM8rglnRl4AaABAg.9IBHcE50J1yAUVUzh05qd0,PkenunwpduU,20191209,@Naheedqh,no,yes,1,,"Yynyg
YYyyyy"
UgzUsQTrTgJM8rglnRl4AaABAg.9IBHcE50J1yAUVUwsEfZV0,PkenunwpduU,20191209,@Naheedqh,no,yes,0,,Nanny y
UgzBl_CYEEmZK20Y38V4AaABAg,PkenunwpduU,20191209,@zaigham4129,no,no,0,,❤️
UgydQ0nx7hHlIl5m-Bl4AaABAg,PkenunwpduU,20191209,@saqlainiqbal8440,no,no,0,,#SalamKisan #ShukriaKisan 👑
Ugy1jbPeP_002pefNLl4AaABAg,PkenunwpduU,20191209,@abduls44,no,no,0,,"Ay allah hmare pakistan k hr kone kone ko apni protection rakhna
Kiu k ap sb se pehtar hifazat krne wale he🤲"
UgxGlOdacXGJbqo7xYB4AaABAg,PkenunwpduU,20191209,@sheryarraja6005,no,no,1,,No matter how modern we are...without farmers there is no food
UgzQcf1Tk6GlkBTrJTl4AaABAg,PkenunwpduU,20191209,@visualsbyibtsam,no,no,1,,Salam to every Kisan all over the world 🙌
UgxZxeZ_EUK34wvmnft4AaABAg,PkenunwpduU,20191209,@areeshazulfiqar5408,no,no,0,,Just beautiful... watching with teary eyes. Forever greatful to these land savers
Ugz6QGXLr5Qsf2OCXjJ4AaABAg,PkenunwpduU,20191209,@farooqfarooq631,no,no,0,,Salam kissan
UgwPymYr8BTc55PM0eZ4AaABAg,PkenunwpduU,20191209,@fateenliaqat7035,no,no,0,,Such a Great Tribute to Farmers. ❤️
Ugy33vFXa7yhHPx7VBJ4AaABAg,PkenunwpduU,20191209,@zash619,no,no,0,song_voice_lyrics,Heart touching song 🇵🇰
UgxYCFh1fyt8oEtz4Fx4AaABAg,PkenunwpduU,20191209,@zash619,no,no,1,song_voice_lyrics,Beautiful song 🇵🇰
UgxEGRR3wTNto0UZ5uF4AaABAg,PkenunwpduU,20191209,@nawabzada5800,no,no,0,,It should be in punjabi . Here a 12 crore punjabi in pak punjab so if it was in punjabi then see the views
UgyjFh2WO-cPapViINp4AaABAg,PkenunwpduU,20191209,@mudassirhameed3114,no,no,0,,This is actual pakistan lovely and hardworking people great effort salam kisan
UgylykvwDJJvCtJnwKd4AaABAg,PkenunwpduU,20191209,@amiryounisbhatti2706,no,no,0,,I love kisaan
UgwARTeLbrwmeaUst0h4AaABAg,PkenunwpduU,20191209,@makeinindiaartsaharanpur6425,no,no,3,india_bangladesh,Love from India
Ugw4AgnbCe9MTo-p0Op4AaABAg,PkenunwpduU,20191209,@shakeelanjum2072,no,no,0,,I belong to a farmer family.
Ugzq0SHFDcyTSeubIch4AaABAg,PkenunwpduU,20191209,@nikaawan9555,no,no,2,,"SLAAM KISAAAN❣️
SLAAAAM PAKISTAN 🇵🇰❣️
DEDICATED TO ALL FARMERS AROUND THE WORLD.... ESPECIALLY THE KHALISTANI FARMERS...WHO ARE FIGHTING FOE THEIR RIGHTS....THE WHOLE PAKISTANI FARMERS COMMUNITY IS WITH YOU GUYS......GO GET THEM...AT LEAST YOU GUYS ARE FIGHTING.....LOVE AND SUPPORT FROM PAKISTAN 🇵🇰.❣️❣️❣️❣️❣️❣️💪💪💪💪💪💪"
Ugzr8hWzLC06-qsJLLR4AaABAg,PkenunwpduU,20191209,@khizrarose7098,no,no,0,,Salam kaisaan💖💖💖💖💖💖💖💖💖💖💖💖💖💖💖👏🏻👏🏻👏🏻👏🏻👏🏻👏🏻👏🏻👏🏻👏🏻👏🏻👏🏻👏🏻👏🏻👏🏻👏🏻👏🏻👏🏻
Ugw3vC8_EjQaRVx213B4AaABAg,PkenunwpduU,20191209,@raokamran3112,no,no,0,song_voice_lyrics,"I proud tobe a farmer 
Yar ankho say anso nikal gaye yah song sun kay phlay 2 . 3 saal bhot loss howa"
UgxUB34RUFiOwJZdSap4AaABAg,PkenunwpduU,20191209,@shahzadkhan-bh1ui,no,no,0,,Amazingggg
Ugz3sY7j5yaXJ3ZGsNR4AaABAg,PkenunwpduU,20191209,@alisaeed8628,no,no,0,,❤️❤️❤️❤️❤️❤️❤️❤️❤️❤️❤️❤️👍
Ugyj3liumlVSyydIqBd4AaABAg,PkenunwpduU,20191209,@viralup456,no,no,1,,Like it_ from usa
Ugz5IZiithhix6LfZfF4AaABAg,PkenunwpduU,20191209,@zohaibhussain7614,no,no,0,,Kisan hmari shan
UgxRBJD1UHdiprd3HWl4AaABAg,PkenunwpduU,20191209,@bushraparveen9900,no,no,3,grievance;india_bangladesh,"Agriculture is most underratted sector in Pakistan...Kissan ka zikr to milta hy but just siyasi byanaat main, sasti khaad, acha beej, fixed market prices, market infrastructure, or crop insurance farmer ka haq hy...yhan mehnat kissan krta hy profit middleman or sarmayadar ly jata hy..kissan awaz othay to dandy oper sy khata hy Pak-India dono hi farmers ko un k haqooq deny main nakaam hain."
UgyXURZ_t5w3MTopUU94AaABAg,PkenunwpduU,20191209,@shahzadjutt6850,no,no,0,,AMAZINGGGGGGGGGGGGGGGGGGGGGGGGGG
UgwXU9j5L1k-xPGc-p94AaABAg,PkenunwpduU,20191209,@hannanaslamkamboh,no,no,0,,Very nice fatima fertiliser
UgylXw5OunJiseffC5Z4AaABAg,PkenunwpduU,20191209,@mtalhatajammal5923,no,no,0,,Salam kissan all over the world
UgyBlClugWovTEu3lRZ4AaABAg,PkenunwpduU,20191209,@Its_MLK_ALVI,no,no,1,,Justiceforkissan love from 🇵🇰
UgzYXuaRqx3STRRKfr54AaABAg,PkenunwpduU,20191209,@abdulmuneeb194,no,no,1,,Yes we all say that do not want to eat vegetables
Ugz_KFPkhgVGbIh-esl4AaABAg,PkenunwpduU,20191209,@5899-b3p,no,no,0,,Kutta ka bacho kissan ka khoon Pena band kro
UgzapQJZfZQb7FyzF4N4AaABAg,PkenunwpduU,20191209,@nailaambareen8798,no,no,0,,Wow
UgwcL4rLTvFyWAIkw7R4AaABAg,PkenunwpduU,20191209,@lakproduction007,no,no,0,,Alhamdulliah Farmer
UgxpwiGISpU7Dn44KzF4AaABAg,PkenunwpduU,20191209,@VillageINSIDER92,no,no,1,,"I am proud bcz I was a part of this company, fatima fertiliser sarsabz urea"
Ugzo8UlG3nUC0e49wat4AaABAg,PkenunwpduU,20191209,@faryalsafeer5254,no,no,1,,Farmers are back bone of economy
Ugz-KgBZZtr3m_VOzdp4AaABAg,PkenunwpduU,20191209,@MyMissFaariaZainab,no,no,0,,https://www.youtube.com/watch?v=PSJnEdm0xMw&ab_channel=MyMissFaariaZainab
UgwhpUb0uwa4shKUnFV4AaABAg,PkenunwpduU,20191209,@SilahSilah-fm7ek,no,no,0,,Salam to farmer's
UgzKl5WoITpQVyNsKqV4AaABAg,PkenunwpduU,20191209,@jahanzebkhan8307,no,no,0,,Good job
UgyONOVkpeAgIS39_xF4AaABAg,PkenunwpduU,20191209,@omerahmed3959,no,no,1,,Pakistan zindabAd from 🇬🇧
UgyXLvSO928hD8Fvztx4AaABAg,PkenunwpduU,20191209,@familyguy0-p6v,no,no,6,,"Farmers are the backbone of the country.
Salute to farmers ❤️"
Ugy0MWnspqscdTF1R5h4AaABAg,PkenunwpduU,20191209,@hiramaheentravelogue7184,no,no,0,song_voice_lyrics,Beautiful lyrics... And the voice just did the Justice.. hats off to both background singers 💕💕
UgybTDvvur1fcEIzr7V4AaABAg,PkenunwpduU,20191209,@chabdullahgamingchampion508,no,no,0,,v good video...salam kissan
UgwG1zDvHwMgDNJyj5F4AaABAg,PkenunwpduU,20191209,@mardollaryt7067,no,no,2,,I feel proud to be a kisan mera family members sub kisaan dar h
UgxbefgID31akMN9unZ4AaABAg,PkenunwpduU,20191209,@muhammadtalha3749,no,no,0,,🥲🥲🥲
UgxgHi5JefxAu8u1WtJ4AaABAg,PkenunwpduU,20191209,@Billyyyy7373,no,no,57,,Support sikh farmers love from Pakistan 🇵🇰
UgyAZ3jBllUw0I7mpvB4AaABAg,PkenunwpduU,20191209,@zafarullahchaudhry6168,no,no,1,,i am proud that we r farmers
UgwD6Nh-CwsmxF0v9y54AaABAg,PkenunwpduU,20191209,@marythegenius5124,no,no,0,,what a master piece it is
UgxRO4H0DWP5o8ihtvh4AaABAg,PkenunwpduU,20191209,@SHORTS-ti4vq,no,no,1,,"SARSABZ ROYAL DEALER DISPLAY COMPETITION 2020
https://youtu.be/sbbGIGbNgYg"
Ugzc8JAHOAtzSmSq3ll4AaABAg,PkenunwpduU,20191209,@kggamers6325,no,no,0,song_voice_lyrics,Beautiful song and brilliant story
Ugxgrpf-O3uIR01XhcJ4AaABAg,PkenunwpduU,20191209,@xaranboi,no,no,0,,I love my pakistan. I love my kissan. . . May Allah bless all farmers of the world. ...
UgxUsFS7BVmdxM84S7F4AaABAg,PkenunwpduU,20191209,@611amir,no,no,1,,Feel proud of being bread maker for Pakistan and world . Salam kisan
Ugw3zQ5r6r85AFg4cUh4AaABAg,PkenunwpduU,20191209,@imajimaj9753,no,no,0,,پاکستان زندہ باد 🇵🇰🇵🇰🇵🇰🇵🇰🇵🇰🇵🇰🇵🇰🌹🌹✨✨✨✨✨✨✨✨✨✨✨✨✨✨
UgzU5PteH1_e_-i_8rt4AaABAg,PkenunwpduU,20191209,@sufyaniqbal8939,no,no,1,,Dil sy suno to ankhon sy ansu any lagty hain. ya jo log  khaton main  kaam kry han kisi k man baap hain. kisi k bachy hain. apny apko is mahnat k alam main soch kr dako to feel ay gi. Slaam Kisan. Slaam Pakistan.
UgyXTSBN272jviiDbbl4AaABAg,PkenunwpduU,20191209,@MalikBilal-vb9ve,no,no,0,india_bangladesh,"Same feelings for our Indian kissan
-love from Pak❤️❤️❤️❤️"
UgzMnRZ3m3PlvujVEld4AaABAg,PkenunwpduU,20191209,@azramislam962,no,no,0,,Tribute to neighbors..
UgyLZJBqjviu-5fYqC94AaABAg,PkenunwpduU,20191209,@Shabana-zs2du,no,no,0,,"Kisaan duniya ka koi bhi ho sanjha hy....Kisaan ka hum pr hr luqmay ka ehsan hy...Shukriya kisan,shukriya sarsabz💝💝✌"
UgwC9V1hJKEgfSserRx4AaABAg,PkenunwpduU,20191209,@YoutubeDairyFarming,no,no,1,,Some scenes in my village
Ugy57bvV3IBkKeWQtd14AaABAg,PkenunwpduU,20191209,@Travelwithshahiryar,no,no,49,india_bangladesh,one like for our indian farmers brother lets pray God help them to get their rights from brutal modi government
Ugy57bvV3IBkKeWQtd14AaABAg.9HFffDB2OisA756vwymlWh,PkenunwpduU,20191209,@SaraanSarangi,no,yes,0,grievance,Even farmers in Pakistani punjab are facing problems. Unfortunately punjab ka sab khaaty hain magar koi punjabi farmers ka ehsaas nai krta. Mushkil waqt hai punjab pay. Qk punjab divided hai.
UgzIsCKovlBbqjSczcl4AaABAg,PkenunwpduU,20191209,@ibrarroha8790,no,no,0,india_bangladesh,"Any indian here?
Please like"
UgynWX5h74g4fpNG2RV4AaABAg,PkenunwpduU,20191209,@AliHassan-ub8hi,no,no,1,,Proud to be a farmer son
UgwgCHrzW127XLNrpSN4AaABAg,PkenunwpduU,20191209,@amiryounisbhatti2706,no,no,0,,Kissan s are very powerful
UgzEJQo03Mz4qClWrbJ4AaABAg,PkenunwpduU,20191209,@amiryounisbhatti2706,no,no,0,,I like kissan hard working
UgxWpII8iYDwZNBpGa54AaABAg,PkenunwpduU,20191209,@RajwinderKaur-ok1fk,no,no,12,india_bangladesh,i respect pakistan from my bottom of heart .from punjab india .reh gye jo lahore oh v ta khoon sada hai .❤❤❤❤❤❤🇵🇰🇵🇰🇵🇰🇵🇰🇵🇰🇵🇰🇵🇰🇵🇰🇵🇰
UgxWpII8iYDwZNBpGa54AaABAg.9HFBpCEFjZ79H_Nyly-nUW,PkenunwpduU,20191209,@abdulrehman-fr1hp,no,yes,0,,Thank you.We stand with peaceful protest of farmers.
UgxWpII8iYDwZNBpGa54AaABAg.9HFBpCEFjZ79IHW42SlF-U,PkenunwpduU,20191209,@alviawan3425,no,yes,0,india_bangladesh,we also miss all of you indian punjab from lahore
Ugw82TxkKlH7QXUP7GJ4AaABAg,PkenunwpduU,20191209,@uzmazulfikaar4664,no,no,0,,"Nation's Real and true Hero's.
I don't have status even to Salute you👏👌☝️Love by the Core of my Heart 💞❤️💞"
UgzeaFl5ZZ-RU6GMsm94AaABAg,PkenunwpduU,20191209,@alibajwa1211,no,no,0,,❤️❤️
UgyQrYHAB_ETPlth_Ch4AaABAg,PkenunwpduU,20191209,@saimasaima3159,no,no,0,,Salam kisan
UgwT9W4BQbdOa3qxrZt4AaABAg,PkenunwpduU,20191209,@asimrazzaq999,no,no,0,salam_pakistan,"Salam kisan,  Salam Pakistan"
UgzfErSSi6yG6RDKU294AaABAg,PkenunwpduU,20191209,@Random-choices365,no,no,0,,Kisaan hmari shaan
UgxDLs3UNf1T8beGZJN4AaABAg,PkenunwpduU,20191209,@mansooralishah1191,no,no,1,,Here after Delhi protests
UgwR2nNJYbZuCPd5V394AaABAg,PkenunwpduU,20191209,@basharat1414,no,no,0,song_voice_lyrics,"i think the title  of this  song is wrong i,e tribute to framers of Pakistan this should be tribute to framers of whole world  ❤😘❤😘👍"
Ugz0D9ClyuLAOYRumNJ4AaABAg,PkenunwpduU,20191209,@areebsiddiqui8224,no,no,3,song_voice_lyrics,There is magic in Ali Noor's voice
UgxJMEI3-kgPWCXOOVx4AaABAg,PkenunwpduU,20191209,@tajamalhassan7322,no,no,0,,Thankyou sarsabz for giving us tribute
UgxVmo2oEIcbsgcrbs54AaABAg,PkenunwpduU,20191209,@hammed2888,no,no,123,,I feel proud because my  father is farmer.
UgxVmo2oEIcbsgcrbs54AaABAg.9HDGr0Ovcvw9HKsucPVEeb,PkenunwpduU,20191209,@roastingpro4279,no,yes,6,,Masha Allah
UgxVmo2oEIcbsgcrbs54AaABAg.9HDGr0Ovcvw9HS9P8kyOEF,PkenunwpduU,20191209,@ammaraslamhirai6549,no,yes,6,,You should be.🙌🏽
UgxVmo2oEIcbsgcrbs54AaABAg.9HDGr0Ovcvw9HIM9RbMo2h,PkenunwpduU,20191209,@hammed2888,no,yes,5,,Thanks for all
UgxVmo2oEIcbsgcrbs54AaABAg.9HDGr0Ovcvw9HNVI1TGmtT,PkenunwpduU,20191209,@ABDULMOIZ-l6m,no,yes,5,,Mashallah
UgxVmo2oEIcbsgcrbs54AaABAg.9HDGr0Ovcvw9HsPaplaLmz,PkenunwpduU,20191209,@stormrider7859,no,yes,4,,Pakistan proud of you brother
UgxVmo2oEIcbsgcrbs54AaABAg.9HDGr0Ovcvw9JYEZO2z2_i,PkenunwpduU,20191209,@ammaraashraf3494,no,yes,2,,Which city
UgwRAtSE9LCP3ByasJl4AaABAg,PkenunwpduU,20191209,@abbehamasood7390,no,no,9,,They r lovely nd hard working peoples love nd respect to all farmers
Ugyz9azyCJyXMV33Nal4AaABAg,PkenunwpduU,20191209,@abdulhaseeb9299,no,no,0,,Good hogya ji kisan
UgyaZxm4EO2y1cpuK-54AaABAg,PkenunwpduU,20191209,@manurussiwala3643,no,no,122,india_bangladesh,Who is here after injustice to indian farmers
UgyaZxm4EO2y1cpuK-54AaABAg.9HDCRWvVL3c9I4ZtjXtcN7,PkenunwpduU,20191209,@rajwinder34,no,yes,3,,I am jaspal singh bhinder
UgyaZxm4EO2y1cpuK-54AaABAg.9HDCRWvVL3c9IVFBEBMnEd,PkenunwpduU,20191209,@tajkamalsingh8289,no,yes,2,india_bangladesh,"@SeeForFix  I have said that sikhs and punjabi people are only in india who stand for kashmir people in there bad time and majority  farmers are from punjab and haryana so you not say bad words to farmers and support them
English kaam hati hai pehla punjabi ma likha tha"
UgyaZxm4EO2y1cpuK-54AaABAg.9HDCRWvVL3c9IMIChVAn_2,PkenunwpduU,20191209,@ramanreetsandhu5669,no,yes,1,india_bangladesh;song_voice_lyrics,"@SeeForFix  Still, any farmer can relate to it, especially Indian Farmers and music has no boundaries. It do not lessen their contribution. Share it with Modi or Indian Fertilizer corporates."
UgyaZxm4EO2y1cpuK-54AaABAg.9HDCRWvVL3c9IVDvNEmcNC,PkenunwpduU,20191209,@tajkamalsingh8289,no,yes,1,india_bangladesh,@SeeForFix  salleya punjab te sikh hi na ikala pura india cho jo kashmir nal aukha time support kiti thik hai te farmers apna punjab haryana toh jyadatar na
UgyaZxm4EO2y1cpuK-54AaABAg.9HDCRWvVL3c9IVYTD_gasR,PkenunwpduU,20191209,@tajkamalsingh8289,no,yes,1,,@SeeForFix  ok👍👍
UgyaZxm4EO2y1cpuK-54AaABAg.9HDCRWvVL3c9J0evEJXI70,PkenunwpduU,20191209,@theoutpost3608,no,yes,0,,@SeeForFix  Nafrat zalim se kiya jaata he aam logon se nahi. Islam is wija se phela tha kyun k sahaba k dilon me sirf zulm se nafrat thi zaalim k leye nahi. Hate the sin not the sinner. Is leye aap sirf un ki hakoomat k khilaf bolen aam logo ko chor den!!!
UgyaZxm4EO2y1cpuK-54AaABAg.9HDCRWvVL3c9J0gRhqmfd-,PkenunwpduU,20191209,@theoutpost3608,no,yes,0,,@SeeForFix  pata he. Lekinn wo jaahil hen aur Quran me likha he jab jaahil(ignorant) tumhare se baes karne ki koshish kare to tum us bas salam keh do yehni jawab mat do. Unhen bolne do jo wo bolte hen hum ne islam ko dekhna he un ko nahi!!!
UgyO3XhjPRFGxNsU6at4AaABAg,PkenunwpduU,20191209,@Abdul.50,no,no,1,,Proud to be son of farmer......
Ugw8Y31uSfI2a2Tcs254AaABAg,PkenunwpduU,20191209,@IslamicDelight04,no,no,2,,I guess it is best commercial of pakistan😍💝
UgzOK4MqpFY9QGHE6x94AaABAg,PkenunwpduU,20191209,@tariqnaveed8472,no,no,0,,Great
Ugz6k1Sy9-2-6yjTy1V4AaABAg,PkenunwpduU,20191209,@deararcher,no,no,0,,"Very beautiful video 💖
Absolutely fascinating 🥰
Real depiction of efforts of our farmers.
Salute to hard work of farmers.
Applause for team of Sarsabz team for bringing such amazing video to us 💐"
Ugx6NeYRZ1-QtAo3bbp4AaABAg,PkenunwpduU,20191209,@AdzClub,no,no,14,india_bangladesh,Love from india
UgxypLAXbrvLoXiO6d14AaABAg,PkenunwpduU,20191209,@sameerraees6707,no,no,3,song_voice_lyrics,Great emotions with great voice!
UgxIlL1ggXf9STvsIXR4AaABAg,PkenunwpduU,20191209,@urwassplashcentre7225,no,no,17,salam_pakistan,"They work day and night to provide us food, they are us and they are equal to us salam pakistan"
UgxIlL1ggXf9STvsIXR4AaABAg.9H2nFFfr77r9H4z-dAJhgb,PkenunwpduU,20191209,@sameerraees6707,no,yes,2,,"Dr saima your statement do not do justice, they are not equal to us infact they are more than us😊"
Ugxx4yqGjU0wpSttjyR4AaABAg,PkenunwpduU,20191209,@urwassplashcentre7225,no,no,1,,Salaam kissan
UgxkDgRddP5bc5WJAo94AaABAg,PkenunwpduU,20191209,@abdullahbinzafar806,no,no,0,,Behtreeen ❤💯
UgxIz1m46X2-CZxo7VZ4AaABAg,PkenunwpduU,20191209,@SaraanSarangi,no,no,1,,thanks to farmers otherwise pakistan has ghanta economy :)
UgxIz1m46X2-CZxo7VZ4AaABAg.9H1hR2ZCrUX9H3FnxbMjKU,PkenunwpduU,20191209,@saadasad3880,no,yes,1,india_bangladesh,India mai farmers or state ka jhagra chal raha hai isliye Pakistan mai is add ko abhi chala raha hain t.v par bohat
UgxIz1m46X2-CZxo7VZ4AaABAg.9H1hR2ZCrUXAMYtdadF-ZH,PkenunwpduU,20191209,@SaraanSarangi,no,yes,0,,​ @saadasad3880 penyak hi hai hmari gov bhi. Floods ny sara punjab ujaar dia
Ugy8PMEaP2meydLaaV94AaABAg,PkenunwpduU,20191209,@okvlogs6896,no,no,2,,Proud to be the generation of a Farmer Allahumdulliah....
Ugy8PMEaP2meydLaaV94AaABAg.9H-8_iFdTS-9H0c9mE2NaT,PkenunwpduU,20191209,@sadiamuneeb6558,no,yes,0,fraud_gang_replies,Fatima Group is Fraud Gang
Ugy8PMEaP2meydLaaV94AaABAg.9H-8_iFdTS-9NjDXVhst4C,PkenunwpduU,20191209,@okvlogs6896,no,yes,1,,@sadiamuneeb6558  ma'am i am talking about my ancestors
Ugw4UGuk8ueQjbl70DN4AaABAg,PkenunwpduU,20191209,@relax69167,no,no,1,song_voice_lyrics,Is this the song for tiktok
Ugw4UGuk8ueQjbl70DN4AaABAg.9GyYwq3sXbr9H0c7ECoer1,PkenunwpduU,20191209,@sadiamuneeb6558,no,yes,0,fraud_gang_replies,Fatima Group is Fraud Gang
Ugw4UGuk8ueQjbl70DN4AaABAg.9GyYwq3sXbr9H22sxwOe3w,PkenunwpduU,20191209,@relax69167,no,yes,0,,@sadiamuneeb6558  no they are not
Ugw4UGuk8ueQjbl70DN4AaABAg.9GyYwq3sXbr9HEh_ekb1Xf,PkenunwpduU,20191209,@farmankazmi8203,no,yes,0,,@sadiamuneeb6558  To phr
UgwuSxE5F2Oam6TEC9l4AaABAg,PkenunwpduU,20191209,@s.m7980,no,no,0,,Very nice
UgyNhuzpfBH5XSIQhG14AaABAg,PkenunwpduU,20191209,@Seen_say_Sania,no,no,3,,Who is here after it won best Add award?
Ugw8DqQDPyKzoJ5Gn7p4AaABAg,PkenunwpduU,20191209,@tiktokvideos-wg5ez,no,no,0,,Great
UgyRUveH8nFgWGvAGhh4AaABAg,PkenunwpduU,20191209,@farooqmughal100,no,no,0,,Awesome
UgzjpOZef2roIe9Je_R4AaABAg,PkenunwpduU,20191209,@muhammadaliumer532,no,no,1,,"Product :Pakistan, Salam. Kissan🌟❤️"
UgzN6cHMqm0w9V_UFoN4AaABAg,PkenunwpduU,20191209,@daniyajahangir1150,no,no,6,,"Pakistan, my motherland ❤️  🇵🇰"
Ugx5znLg_t8DL8Pi--h4AaABAg,PkenunwpduU,20191209,@aleenaasif1781,no,no,0,song_voice_lyrics,very true and a very beautiful song tribute to all labours of pakistan and all ofthe world
Ugyhhjwa-nO7ICEHp6x4AaABAg,PkenunwpduU,20191209,@MUHAMMADKAMRAN-uw6zk,no,no,0,song_voice_lyrics,Favourite song
UgzII30ZAXSJFEK_A_N4AaABAg,PkenunwpduU,20191209,@rameezkhalid5241,no,no,1,,so thats what pakistan is best for
UgwdV10wFk_Qd4b-B_p4AaABAg,PkenunwpduU,20191209,@enotiofficial5258,no,no,1,,One Of The Best Video On YouTube...
Ugyg1gXmEjFeavP8Ih54AaABAg,PkenunwpduU,20191209,@mujeebisaazish6895,no,no,2,,beautiful
UgyZtkbJ_l_QA4Kj1d94AaABAg,PkenunwpduU,20191209,@haidermajeed3923,no,no,1,,This video touch the farmer feeling and struggled
UgwZ8MrRW0Z2Jf5LDcN4AaABAg,PkenunwpduU,20191209,@masifraza83,no,no,3,song_voice_lyrics,This made me fall in our hard working farmers and their families.. heart touching lyrics and the beautiful voice of Ali Noor.. ♥️♥️🇵🇰🇵🇰♥️♥️
UgwZ8MrRW0Z2Jf5LDcN4AaABAg.93Rke3S5-VO9H0cKkPZAoz,PkenunwpduU,20191209,@sadiamuneeb6558,no,yes,0,fraud_gang_replies,Fatima Group is Fraud Gang
UgzBkT82JxwoHT_GKWR4AaABAg,PkenunwpduU,20191209,@aesthixxx_2010,no,no,1,song_voice_lyrics,What a beautiful song. Love u kisan love u Pakistan
UgwS0sJR0wyQ0t2cvbp4AaABAg,PkenunwpduU,20191209,@rehmanaziz911,no,no,1,song_voice_lyrics,beautiful music
UgwsS4JMRs2YJD1d-3F4AaABAg,PkenunwpduU,20191209,@faizanali8782,no,no,1,song_voice_lyrics,asha ha song aro sab sa asha ha pakistan ha
UgwHumTlKhs3hA95Tlx4AaABAg,PkenunwpduU,20191209,@fatimaalishah4218,no,no,3,,"I am not crying, you're crying."
UgwHumTlKhs3hA95Tlx4AaABAg.93AipigmBbX9H0c0fOMlvR,PkenunwpduU,20191209,@sadiamuneeb6558,no,yes,0,fraud_gang_replies,Fatima Group is Fraud Gang
UgyY5OEUb4DdP9ou1FN4AaABAg,PkenunwpduU,20191209,@psych_behind_things,no,no,1,,Sala Kissan!  <3
UgzbbYF6xq0edfQp3EN4AaABAg,PkenunwpduU,20191209,@夸我帅对面的小伙,no,no,59,,Like it——from China
UgzbbYF6xq0edfQp3EN4AaABAg.935irKSZFpF9J11K2rCS9z,PkenunwpduU,20191209,@datastady3422,no,yes,1,,thanks iron brother
Ugx9h5WJQq5FG6lte6d4AaABAg,PkenunwpduU,20191209,@Sadamshah91,no,no,1,,kissan ko ganne ki nh sehat or taleem ki zroorat hai
UgxNR_n5HmZ4RV2l8Yl4AaABAg,PkenunwpduU,20191209,@learnislam6993,no,no,6,song_voice_lyrics,"English Translation of this Song


Who work's day and night
Fills the dirt with colors
In all passing seasons
Who fights all difficulties 
It's only due to you, our happiness increases
Thorough your hard work will we increase the world's value
Keep going like that
And all routes will reach a destination
It's only through your will and determination Pakistan is green
Salam, O farmer
The clouds of sadness
That reign upon you
This sun and these rains
That have broken you
This hope shall not break away
It's only due to you, our happiness increases
Thorough your hard work will we increase the world's value
Keep going like that
And all routes will reach a destination
It's only through your will and determination Pakistan is green
Salam, O farmer"
UgxNR_n5HmZ4RV2l8Yl4AaABAg.92s2u9sjN629H0c4zPRdZk,PkenunwpduU,20191209,@sadiamuneeb6558,no,yes,0,fraud_gang_replies,Fatima Group is Fraud Gang
UgzoW_3YONIEa95jtYt4AaABAg,PkenunwpduU,20191209,@david-ns7vx,no,no,0,,We all neend to respect them....I have no words for my farmers I  slot all of you
UgxsJ1T2LvGZmZg72TN4AaABAg,PkenunwpduU,20191209,@YTAmjad,no,no,0,,Salaam Kisan
UgzbINj569wvprJzhBZ4AaABAg,PkenunwpduU,20191209,@blackmoney986,no,no,3,song_voice_lyrics,Who is the singer and director of this video? Kudos to them for making such a beautiful song
UgzbINj569wvprJzhBZ4AaABAg.92oB3zJJLZa996a-O90I0D,PkenunwpduU,20191209,@MrHakb,no,yes,1,song_voice_lyrics,Ali Noor sung it and Jami Directed the video
UgzbINj569wvprJzhBZ4AaABAg.92oB3zJJLZa999R3cW_Doh,PkenunwpduU,20191209,@blackmoney986,no,yes,0,,@MrHakb  thanks
UgyIQk1ictOzzcjZSgZ4AaABAg,PkenunwpduU,20191209,@ClassInsecta,no,no,2,,"Societal marketing  
good job 
I'm  becoming agri graduate"
UgzgL0usVGlQ_D_HadB4AaABAg,PkenunwpduU,20191209,@anousheykhan2475,no,no,0,,Pakistan zindabad ❤️
Ugxq035P6iVi8E3SjYt4AaABAg,PkenunwpduU,20191209,@westwarwickshell,no,no,0,,Thank You for making it. We all need a reminder to NEVER GIVE UP
UgxNRQCTssqLPoqQ5454AaABAg,PkenunwpduU,20191209,@markralph4739,no,no,1,song_voice_lyrics,Quite melodious.  Though didn't understand but good music
UgwS3jAtcsThAM9JHhp4AaABAg,PkenunwpduU,20191209,@muhammadmuteeurrehman1823,no,no,1,song_voice_lyrics,please sike lyrics ko english mein bi translate kar de koi
UgwS3jAtcsThAM9JHhp4AaABAg.92hg0J-JXnu92osnX2n9i4,PkenunwpduU,20191209,@hussainmd8954,no,yes,0,,دام عزك يا وطني
UgzzBYavF7mtjl88Nfd4AaABAg,PkenunwpduU,20191209,@MuhammadBilal-wl7qd,no,no,0,salam_pakistan,Salam Pakistan -Love Kissan.
UgzzBYavF7mtjl88Nfd4AaABAg.92guaz2Cg0t92t8biE7RyG,PkenunwpduU,20191209,@vijydancerharoonabad4187,no,yes,0,,nice
UgzoVlzQxUpLc6WwoZJ4AaABAg,PkenunwpduU,20191209,@rohailrashid9826,no,no,87,salam_pakistan,We need to make this permanent not temporary. They are us and we are them. SALAM PAKISTAN 🇵🇰🇵🇰
UgzoVlzQxUpLc6WwoZJ4AaABAg.92gs4q_-Ean9H0bwZAVoVZ,PkenunwpduU,20191209,@sadiamuneeb6558,no,yes,1,fraud_gang_replies,Fatima Group is Fraud Gang
UgzoVlzQxUpLc6WwoZJ4AaABAg.92gs4q_-Ean9HKeFszBlQD,PkenunwpduU,20191209,@mardollaryt7067,no,yes,0,,Hi @sadiamuneeb6558
Ugwf6qRvlQvfRUz1Zjl4AaABAg,PkenunwpduU,20191209,@MUHAMMADasif-dm6se,no,no,1,,Thanks a lot for this Sarsabz.....
UgwLT3PwSRpfSeM7med4AaABAg,PkenunwpduU,20191209,@actorsfan3004,no,no,12,song_voice_lyrics,The video is Very well directed according to lyrics. And noori putted his soulful voice and given verstyle way of singing.
UgwLT3PwSRpfSeM7med4AaABAg.92bMCWm3KQr9pT1QG7Ziiz,PkenunwpduU,20191209,@actorsfan3004,no,yes,0,,Sadia I am talking about the artist work not about any organization. It's reflecting like national anthem if you can feel
UgwLT3PwSRpfSeM7med4AaABAg.92bMCWm3KQr9H0c8bbsTsw,PkenunwpduU,20191209,@sadiamuneeb6558,no,yes,0,fraud_gang_replies,Fatima Group is Fraud Gang
UgwgohbPCMIBCXBJfF14AaABAg,PkenunwpduU,20191209,@ZAINABBAS,no,no,22,song_voice_lyrics,"Its great to see one of the underappreciated sector of Pakistan which contributes the most to the economy get some love and recognition, Awesome Music, Lyrics and Voice."
UgwgohbPCMIBCXBJfF14AaABAg.92aW1TSHVwJ9H0c-cVuYeF,PkenunwpduU,20191209,@sadiamuneeb6558,no,yes,0,fraud_gang_replies,Fatima Group is Fraud Gang
Ugypy-6v7oa_ZmyP19d4AaABAg,PkenunwpduU,20191209,@Alimate,no,no,40,song_voice_lyrics,its a motivational song for everyone across the globe ...
Ugypy-6v7oa_ZmyP19d4AaABAg.92_G6ToW3kh9H0bxcUNt3R,PkenunwpduU,20191209,@sadiamuneeb6558,no,yes,0,fraud_gang_replies,Fatima Group is Fraud Gang
Ugypy-6v7oa_ZmyP19d4AaABAg.92_G6ToW3kh9H7lDte3Vii,PkenunwpduU,20191209,@lordgaming8563,no,yes,0,,@sadiamuneeb6558  I nun ssh McLeod d
Ugypy-6v7oa_ZmyP19d4AaABAg.92_G6ToW3kh9H7l9sHOYj1,PkenunwpduU,20191209,@lordgaming8563,no,yes,0,,g t f r nrnr d
Ugw6Nf6tzs8HYYtchah4AaABAg,PkenunwpduU,20191209,@appleiumair,no,no,2,song_voice_lyrics,"Behtreen song, Ali Noor nailed it !! 🇵🇰👌"
Ugw6Nf6tzs8HYYtchah4AaABAg.92Zvhj-I7sj9H0cHMjgl6G,PkenunwpduU,20191209,@sadiamuneeb6558,no,yes,0,fraud_gang_replies,Fatima Group is Fraud Gang
UgxASXyu7CuT9K8Sl9p4AaABAg,PkenunwpduU,20191209,@komalfatima3177,no,no,3,song_voice_lyrics,Beautiful song!!!  Ali Noor is a class apart.  He is always getting better.  He reminds me of my college days when he was debutante and a sensation in pop music industry.  .
UgxwgGqXC5k4ymoCXAx4AaABAg,PkenunwpduU,20191209,@shadmanhero,no,no,1,,Salam kissan
UgxHVIUnNCf9c05r6JV4AaABAg,PkenunwpduU,20191209,@syedsalmanhaider8623,no,no,43,song_voice_lyrics,"This is actual Pakistan, lovely and hardworking people, love the lyric and song, my salam to the team and love to Pakistan"
Ugw-J9CxICuabG1iZQx4AaABAg,PkenunwpduU,20191209,@shahhaiderali3,no,no,26,india_bangladesh;song_voice_lyrics,"Finally some good music from Pakistan this year 
-Love from India"
Ugw-J9CxICuabG1iZQx4AaABAg.92ZFEBLTup59H0bzkcpQq0,PkenunwpduU,20191209,@sadiamuneeb6558,no,yes,0,fraud_gang_replies,Fatima Group is Fraud Gang
UgwHjooYqCpi3HfqG6N4AaABAg,PkenunwpduU,20191209,@harisrizwan4407,no,no,2,song_voice_lyrics,great song..........felt proud today👍💪
UgzevwlnYHkpIO2p7nx4AaABAg,PkenunwpduU,20191209,@LION-jr6if,no,no,39,song_voice_lyrics,"Heart touching lyrics, and a very emotional tune."
UgzevwlnYHkpIO2p7nx4AaABAg.92XcF2Wbtly9H0byZzdzir,PkenunwpduU,20191209,@sadiamuneeb6558,no,yes,0,fraud_gang_replies,Fatima Group is Fraud Gang
UgzevwlnYHkpIO2p7nx4AaABAg.92XcF2Wbtly9H2MrLgMKsj,PkenunwpduU,20191209,@kosarabbas1179,no,yes,0,,qe10is  @sadiamuneeb6558  wo28th a q09p5t tcn
UgyB5t0OMZOVmn8JBox4AaABAg,PkenunwpduU,20191209,@fahadsobani,no,no,10,,Great concept and execution. Thank you for reminding the importance of farmers
UgyydEgl0wrbDsUzO-d4AaABAg,PkenunwpduU,20191209,@halim8911,no,no,2,song_voice_lyrics,Great message and beautiful voice!!
UgxON74n9oLWW-3qk894AaABAg,PkenunwpduU,20191209,@wAseemKhAn265,no,no,20,song_voice_lyrics,"Heard a beautiful song after a long time ""Just Love it and repeat mode on"" .
Love Long Noori , Love Live Pakistan <3
#SarsabzPakistan"
UgxON74n9oLWW-3qk894AaABAg.92WdUxp89859H0cC9vvWvA,PkenunwpduU,20191209,@sadiamuneeb6558,no,yes,0,fraud_gang_replies,Fatima Group is Fraud Gang
UgzzVwhC0_-f1LzvPJR4AaABAg,PkenunwpduU,20191209,@-k5703,no,no,2,song_voice_lyrics,"Beautiful message, beautiful song"
UgymlhClgIJ5q8FGwXV4AaABAg,PkenunwpduU,20191209,@shahbaz6250,no,no,3,,salaam kissan!!✌
UgyIqWYtXvn_-thyO-h4AaABAg,PkenunwpduU,20191209,@asad_iqbal011,no,no,10,,"I can't stop my Tears after it
This video is a wonderful gift on the end of year"
UgyIqWYtXvn_-thyO-h4AaABAg.92W1KMOMVeR9H0cB-CEf6_,PkenunwpduU,20191209,@sadiamuneeb6558,no,yes,0,fraud_gang_replies,Fatima Group is Fraud Gang
UgyPva978RYzx5Av-kp4AaABAg,PkenunwpduU,20191209,@karachitooworld,no,no,7,song_voice_lyrics,Having tears in my eyes after listening this song...... $alaam kisaan ......
UgyPva978RYzx5Av-kp4AaABAg.92Us87yJcoa9H0cE1T5Pwl,PkenunwpduU,20191209,@sadiamuneeb6558,no,yes,0,fraud_gang_replies,Fatima Group is Fraud Gang
UgyPva978RYzx5Av-kp4AaABAg.92Us87yJcoa9H2fEJ0ssJl,PkenunwpduU,20191209,@karachitooworld,no,yes,0,song_voice_lyrics,Why it is fraud? But I like the song..whether it is made by Fatima or maryam group :)
UgyTNx2uAkaQ08i1iWF4AaABAg,PkenunwpduU,20191209,@ALLDRAMASCHANNEL,no,no,3,song_voice_lyrics,beautiful video ❤️ & Ali noor 🎶♥️👌
Ugway4I3LhAxNd4YJtZ4AaABAg,PkenunwpduU,20191209,@ASAD-gb4hg,no,no,2,,Beautifully built and in the right name!
UgxLdL7FsITTgdN8tHh4AaABAg,PkenunwpduU,20191209,@anaziety,no,no,1,,Worth appreciating 👌
UgxJ6Aw_NimWpzkatZ94AaABAg,PkenunwpduU,20191209,@shahidnazir7607,no,no,2,,Salam Kissan
UgzGk2BaHPxzw_YqmQh4AaABAg,PkenunwpduU,20191209,@hameedameen7034,no,no,1,,"Salaam kisaan . Sar sabs pakistan and
Good job sibite hassan"
Ugx34yMtQ25YpViHPGl4AaABAg,PkenunwpduU,20191209,@hadiyanadeem3105,no,no,57,,1 like for hardworking kissan of our motherland.
Ugx34yMtQ25YpViHPGl4AaABAg.92SDF9hxwiR9995XTm_J2Z,PkenunwpduU,20191209,@GhulamHussain-pv8sg,no,yes,0,,hadiya nadeem how aur you
Ugx34yMtQ25YpViHPGl4AaABAg.92SDF9hxwiR9H0bvANvfeX,PkenunwpduU,20191209,@sadiamuneeb6558,no,yes,0,fraud_gang_replies,Fatima Group is Fraud Gang
UgxMOfQfALEph52uKup4AaABAg,PkenunwpduU,20191209,@blackwidow6915,no,no,2,,Boht boht acha اشتہار
Ugzmn95nSglU1oJepWF4AaABAg,PkenunwpduU,20191209,@blackmoney986,no,no,2,song_voice_lyrics,Beautiful song beautiful composition. The tv ad brought me here.
Ugzmn95nSglU1oJepWF4AaABAg.92PCQ0No6yA9H0cO79qiDC,PkenunwpduU,20191209,@sadiamuneeb6558,no,yes,0,fraud_gang_replies,Fatima Group is Fraud Gang
UgyOCl5IEA8U7qSGK-t4AaABAg,PkenunwpduU,20191209,@xaharrehman9099,no,no,1,,Salaam Pakistan & Salaam Kissan!!!!!!
Ugx14q--PePhMMQxTXp4AaABAg,PkenunwpduU,20191209,@xaharrehman9099,no,no,9,song_voice_lyrics,"ALHAMDULILLAH & MASHAA'ALLAH for the making of this awaking song. Love the theme, words, directions, locations....... All so deep!!!!!

ALLAH bless Pakistan & humanity."
Ugx14q--PePhMMQxTXp4AaABAg.92P-VpKIUUz92hfy3rsm_N,PkenunwpduU,20191209,@muhammadmuteeurrehman1823,no,yes,0,song_voice_lyrics,kiya aap iske lyrics english mein translate kar sakti hain
Ugx14q--PePhMMQxTXp4AaABAg.92P-VpKIUUz9H0c6I8_Vbz,PkenunwpduU,20191209,@sadiamuneeb6558,no,yes,0,fraud_gang_replies,Fatima Group is Fraud Gang
UgwZw75HSYz7BBJyY5t4AaABAg,PkenunwpduU,20191209,@danishelahi6796,no,no,2,song_voice_lyrics,Yaar an amazing song and on top the video is amazing ..... im a fan ! Definitely sharing !
UgzXLbJ_Zu6DmpQ5DfV4AaABAg,PkenunwpduU,20191209,@shazinjaved3672,no,no,2,,Mashallah Zabardast
UgxDX8twmnbt4BS5IDR4AaABAg,PkenunwpduU,20191209,@MrDarknight1988,no,no,1,song_voice_lyrics,Amazing video and song. A very positive message for our hardworking farmers. Great job Sarsabz Pakistan.
UgxDX8twmnbt4BS5IDR4AaABAg.92OVqw1e4uE9H0cN-yCUOP,PkenunwpduU,20191209,@sadiamuneeb6558,no,yes,0,fraud_gang_replies,Fatima Group is Fraud Gang
UgzpSErsM1knluezlG54AaABAg,PkenunwpduU,20191209,@aroojsarmad4092,no,no,16,,Thank you Sarsabz for bringing farmers efforts to our attention! Salam Kissan!
UgzpSErsM1knluezlG54AaABAg.92OU6KG8PIs9H0cD5Ky1Bn,PkenunwpduU,20191209,@sadiamuneeb6558,no,yes,0,fraud_gang_replies,Fatima Group is Fraud Gang
Ugw5l4h-lwqSXxsRFEx4AaABAg,PkenunwpduU,20191209,@Thedesijam,no,no,7,,Sarsabz did a great job!! Thank you Farmers for bringing food to our plates!!
Ugw5l4h-lwqSXxsRFEx4AaABAg.92OTRKqTbDS9H0cIKfgUcT,PkenunwpduU,20191209,@sadiamuneeb6558,no,yes,0,fraud_gang_replies,Fatima Group is Fraud Gang
Ugw5l4h-lwqSXxsRFEx4AaABAg.92OTRKqTbDS9HDOC4OaVE3,PkenunwpduU,20191209,@tajamalhassan7322,no,yes,0,,Our pleasure mam
UgyJ-lPgmrMvSnxE2wJ4AaABAg,PkenunwpduU,20191209,@AminorOnline,no,no,2,,"Hey, what a great track!"
UgwDvgRxiuke8ZqLjyB4AaABAg,PkenunwpduU,20191209,@hafsaatahir,no,no,4,song_voice_lyrics,What an amazing video and song! Thank you Sarsabz!
UgzIfs53DhqDWp0s25t4AaABAg,PkenunwpduU,20191209,@randomvideomaker565,no,no,5,song_voice_lyrics,Farmers are the backbone of our economy! Thank you Sarsabz for bringing this to our attention! Loved the song and video!
Ugz1NCCsvt09gBDcMWh4AaABAg,PkenunwpduU,20191209,@DrumCirclePakistan,no,no,49,,What a great way to end the year with such amazing video! Hats off to Sarsabz team for bringing this to us and highlighting the efforts of farmers they put all year long! Salam Kissan!
Ugz1NCCsvt09gBDcMWh4AaABAg.92OSkz2giGQ92hftZLHzxX,PkenunwpduU,20191209,@muhammadmuteeurrehman1823,no,yes,0,song_voice_lyrics,kiya aap iske lyrics english mein translate kar sakte hain
Ugz1NCCsvt09gBDcMWh4AaABAg.92OSkz2giGQ9H0c1eKBDkX,PkenunwpduU,20191209,@sadiamuneeb6558,no,yes,0,fraud_gang_replies,Fatima Group is Fraud Gang
UgxapzBFv50VTNB-eYR4AaABAg,PkenunwpduU,20191209,@MrHakb,no,no,2,song_voice_lyrics,Beautifully shot and song has a great vibe
Ugy0XObAJI4jRzwr5hh4AaABAg,PkenunwpduU,20191209,@Asimhkhan75,no,no,4,song_voice_lyrics,Amazing song. Wonderful initiative and concept. And those killer expressions from 2.50 onward. This song will go a long way.
Ugy0XObAJI4jRzwr5hh4AaABAg.92N-rp9rjHe9H0cJXrip2M,PkenunwpduU,20191209,@sadiamuneeb6558,no,yes,0,fraud_gang_replies,Fatima Group is Fraud Gang
Ugwd-3ZC93hjqDS6Ij54AaABAg,PkenunwpduU,20191209,@shahzaib947,no,no,3,,"Love this !!! Keep up your Amazing Work @Sarsabz
Its so good it makes me cry! Allah Pakistan ko bohat taraqi de, logoun ko aik dosre se nafratain khatam kr mohabbat krne ki tofeeq de. Aur sab se barh kr awaam ke diloun me apne pyare Pakistan se muhabbat ka jazba paida kre.... Ameen !!! #SalaamKisaan #SalaamPakistan #PakistanZindabad"
Ugz5yzh8hqXn6ab71jl4AaABAg,QfR5uPqdmjo,20251215,@almaskamran3956,no,no,0,,great thought ❤
Ugwcr7P7iG5UPOEFmV14AaABAg,QfR5uPqdmjo,20251215,@AhilAnees-s5d,no,no,0,,❤️❤❤❤❤❤❤
Ugzhsl5D4KZo7Eow5MJ4AaABAg,QfR5uPqdmjo,20251215,@MudassarMaddy737,no,no,0,,Keep it up the best work 👍
UgyqbjNheFuTrefEMEZ4AaABAg,QfR5uPqdmjo,20251215,@AsifGoraya-l6h,no,no,0,,😂
UgxlDJac7S-OocG6TFp4AaABAg,QfR5uPqdmjo,20251215,@RajaRashid-y9w,no,no,0,,duafatima
UgxE27Xk3IJ2I9cNvqx4AaABAg,QfR5uPqdmjo,20251215,@NasoKhan-c9y,no,no,0,,🎉Igui
Ugx9cYcrXVDTqhfaKOZ4AaABAg,QfR5uPqdmjo,20251215,@Aitazazmughal01,no,no,2,,#SalamKissan #SarsabzPakistan
UgwJhjz-ErK4O9ZWcqN4AaABAg,QfR5uPqdmjo,20251215,@Ghulam.512,no,no,2,,"Salam Kissan Sarsabz Pakistan 🇵🇰🌾

Dil se shukriya Pakistan ke mehnati kisanón ko  aap hi hamari zameen ki rooh aur mulk ki taqat ho. Aap ki mehnat se hamare gharon tak rozi pohanchti hai aur Pakistan sarsabz rehta hai.

Saath hi Sarsabz Fertilizer management ka bhi tahe-dil se shukriya, jo Kissan ko empower karne ke liye Kissan Day (18 Dec) jaise meaningful events ke zariye rehnumai, himmat aur support faraham kar rahe hain. Aap ki koshishen kisani ko mazid behtar aur mustahkam bana rahi hain.

Allah aap sab ki mehnat ko qabool kare aur Pakistan ko hamesha sarsabz o shaadab rakhe. 🌱🤲

#SalamKissan #SarsabzPakistan"
UgwGgUHr7M94D__vkgp4AaABAg,VhEivknE98w,20231126,@Ghulam.512,no,no,1,,Making life easy ❤
UgwwKjINYqqRJBuGonZ4AaABAg,VhEivknE98w,20231126,@M.Bilal.Khan480,no,no,0,,"Kissan ki mehnat ko salam peish karna tou banta hai! Manayiye Sarsabz Fertilizer ke saath 18th December ko Kissan Day! 

#SalamKissan #KissanDay #SarsabzPakistan"
Ugyr-FyNgl-eTPm9aq14AaABAg,VhEivknE98w,20231126,@waseemafzal577,no,no,0,,Ma Sha Allah Great
UgzY-DnaoIw-jXVVKTp4AaABAg,VhEivknE98w,20231126,@Aitazazmughal01,no,no,0,,Excellent 🎉🎉🎉
UgxdBbIhFXVdyhIn7C14AaABAg,VhEivknE98w,20231126,@Aitazazmughal01,no,no,1,,So amazing ❤❤❤
UgxRhMeK7FbByUVXLgB4AaABAg,VhEivknE98w,20231126,@ahsanmughal51214,no,no,1,,MashaAllah nice 👍👍👍
UgzBiX32hpqs2sPIJpR4AaABAg,VhEivknE98w,20231126,@warishakhan219,no,no,1,,Superb
UgzUPh1ibqsaXrEk9Y14AaABAg,VhEivknE98w,20231126,@warishakhan219,no,no,0,,👍
UgyE9F2-rwXeMbhDejV4AaABAg,VhEivknE98w,20231126,@warishakhan219,no,no,1,,Great
UgzXFSywnYHqXGM0N5R4AaABAg,VhEivknE98w,20231126,@warishakhan219,no,no,1,,Amazing
UgzCGkex8QujiGYuj4Z4AaABAg,VhEivknE98w,20231126,@faysalbinzafar,no,no,0,,Great initiative
UgzXQXdzqrl2M_2uhJt4AaABAg,VhEivknE98w,20231126,@muazzamahmed8164,no,no,0,,Great 👍
Ugz_MqNZ-IK5jA0YL394AaABAg,VhEivknE98w,20231126,@muazzamahmed8164,no,no,0,,Superb ❤️😊
Ugz_MqNZ-IK5jA0YL394AaABAg.9xfknw7281Q9xg_aiocKGD,VhEivknE98w,20231126,@Sarsabz,yes,yes,0,,Thank you 😊
UgzWXHJpESuDF_UwgnV4AaABAg,VhEivknE98w,20231126,@adnanali9969,no,no,0,,Super
Ugz5HVRlcmW2NGxJIVh4AaABAg,VhEivknE98w,20231126,@adnanali9969,no,no,0,,Amazing
Ugx6iEvAAY06wlv1yCB4AaABAg,VhEivknE98w,20231126,@Asifpathan8890,no,no,1,,Amazing 😍🤩
Ugy4lbnCgdhxIDMQRLp4AaABAg,VhEivknE98w,20231126,@naziasalman28,no,no,1,,Amazing
UgxBfoLV2vnBws_QfbV4AaABAg,VhEivknE98w,20231126,@muhammadshaban530,no,no,1,,Good to know
UgzukmCzh51FtJQQ7G14AaABAg,VhEivknE98w,20231126,@muhammadshaban530,no,no,1,,Excellent 👌👌😊
Ugzi5VzHp7DB9HmJ4gd4AaABAg,VhEivknE98w,20231126,@prs_cbefdd,no,no,1,,Best Video 📷
UgwZxLMSh186B5y3gut4AaABAg,VhEivknE98w,20231126,@prs_cbefdd,no,no,1,,Awesome
UgxeKoVKpfExiras7NB4AaABAg,VhEivknE98w,20231126,@SEHRISHSHOAIB0,no,no,1,,Informative
Ugz4GTgv0thgF3p2Gb14AaABAg,VhEivknE98w,20231126,@SEHRISHSHOAIB0,no,no,0,,Nice
Ugy2a0X2xaehSECW4I54AaABAg,VhEivknE98w,20231126,@sanashoukat5443,no,no,1,,Superb
Ugx_WCjhAw30NCipJMp4AaABAg,VhEivknE98w,20231126,@sanashoukat5443,no,no,1,,Very Best
Ugy9j8lAoNv5CSfXSTF4AaABAg,VhEivknE98w,20231126,@zeeshanabbasi5060,no,no,0,,👍👍👍
UgyJ3xcRxpjS9Ml-xUl4AaABAg,VhEivknE98w,20231126,@zeeshanabbasi5060,no,no,1,,Superb
Ugy_2TjveX5t4C1ARjN4AaABAg,VhEivknE98w,20231126,@tahirsatti3701,no,no,1,,Nice Video
UgzPGYXflpSo9-B1CUt4AaABAg,VhEivknE98w,20231126,@tahirsatti3701,no,no,1,,Brilliant ❤❤❤
Ugy4Z5rbhuR96WqRtk14AaABAg,XzpUJvQMPHc,20251218,@almaskamran3956,no,no,0,,best brand
Ugx3ztkz_ThFvZnKKHN4AaABAg,XzpUJvQMPHc,20251218,@AdsNest,no,no,0,,"HI Syngenta Team! I really Appreciated  your videos. I'm the creator of Ads Nest, where I make professional AI-powered commercials, cinematic videos, and animated content. I've worked with Sarsabz (Fatima Fertilizer), Syngenta Pakistan, Agrolix International, and Kissan Ghar. If you're looking to make your stories even more engaging, I'd love to create a FREE sample for your channel."
Ugx4GmYVkYyNKBhtRRt4AaABAg,XzpUJvQMPHc,20251218,@MudassarMaddy737,no,no,0,,Best brand
Ugz45RevLmyyjEX5rN94AaABAg,XzpUJvQMPHc,20251218,@engtoseefgulzar,no,no,0,,💚 #Sarsabz
Ugz6B4gMa1J6hYMRfF54AaABAg,XzpUJvQMPHc,20251218,@Natashanaseem25,no,no,0,,👍🏻👍🏻👍🏻👍🏻👍🏻
UgzyldM6UyWQ1FHuDGB4AaABAg,XzpUJvQMPHc,20251218,@shahzadkhan-bh1ui,no,no,0,,❤❤
UgzrPjOXiioMVedKc-F4AaABAg,XzpUJvQMPHc,20251218,@TahaHassanTahahassan-l9m,no,no,0,,❤️
Ugw5LUe6wAbEP5cHLQx4AaABAg,XzpUJvQMPHc,20251218,@Chemist_sana,no,no,1,,Good
UgxKCo4fdYNLQ_OkZdF4AaABAg,XzpUJvQMPHc,20251218,@Aitazazmughal01,no,no,2,,"سلام کسان، سرسبز پاکستان 🇵🇰🌾

دل سے سلام اور شکریہ پاکستان کے اُن کسانوں کو جو خاموشی سے دن رات محنت کر کے ہماری زمین کو زرخیز اور قوم کو خودکفیل بناتے ہیں۔ آپ کی محنت صرف فصل نہیں اُگاتی بلکہ پاکستان کے روشن مستقبل کی بنیاد رکھتی ہے۔ کسان واقعی اس ملک کی اصل طاقت ہیں۔


#SalamKissan #SarsabzPakistan"
Ugz95sWzxc3zv8TxKgl4AaABAg,XzpUJvQMPHc,20251218,@Ghulam.512,no,no,1,,"Salam Kissan Sarsabz Pakistan 🇵🇰🌾

Dil se shukriya Pakistan ke mehnati kisanón ko  aap hi hamari zameen ki rooh aur mulk ki taqat ho. Aap ki mehnat se hamare gharon tak rozi pohanchti hai aur Pakistan sarsabz rehta hai.

Saath hi Sarsabz Fertilizer management ka bhi tahe-dil se shukriya, jo Kissan ko empower karne ke liye Kissan Day (18 Dec) jaise meaningful events ke zariye rehnumai, himmat aur support faraham kar rahe hain. Aap ki koshishen kisani ko mazid behtar aur mustahkam bana rahi hain.

Allah aap sab ki mehnat ko qabool kare aur Pakistan ko hamesha sarsabz o shaadab rakhe. 🌱🤲

#SalamKissan #SarsabzPakistan"
UgyCrZXvtzjZ_AUFFMl4AaABAg,XzpUJvQMPHc,20251218,@Grossinsights,no,no,1,,Nice 👍❤
UgxBYVbHBrSTPbapRqF4AaABAg,bRiMDHr8mTI,20251211,@almaskamran3956,no,no,0,,fantastic
UgxCMvCkqJqrhsaITgR4AaABAg,bRiMDHr8mTI,20251211,@MudassarMaddy737,no,no,1,,Excellent 👌
UgzlqQJpm8Re-_m7IEV4AaABAg,bRiMDHr8mTI,20251211,@NasirabbasNasirabbas-e7i,no,no,0,,❤❤❤❤
UgwNLBNPDoUI2JeEQv54AaABAg,bRiMDHr8mTI,20251211,@Aitazazmughal01,no,no,3,,Keep rising
Ugz1V_s_g5KL3Z-CrsJ4AaABAg,bRiMDHr8mTI,20251211,@Ghulam.512,no,no,2,,"Salam Kissan Sarsabz Pakistan 🇵🇰🌾

Dil se shukriya Pakistan ke mehnati kisanón ko  aap hi hamari zameen ki rooh aur mulk ki taqat ho. Aap ki mehnat se hamare gharon tak rozi pohanchti hai aur Pakistan sarsabz rehta hai.

Saath hi Sarsabz Fertilizer management ka bhi tahe-dil se shukriya, jo Kissan ko empower karne ke liye Kissan Day (18 Dec) jaise meaningful events ke zariye rehnumai, himmat aur support faraham kar rahe hain. Aap ki koshishen kisani ko mazid behtar aur mustahkam bana rahi hain.

Allah aap sab ki mehnat ko qabool kare aur Pakistan ko hamesha sarsabz o shaadab rakhe. 🌱🤲

#SalamKissan #SarsabzPakistan"
Ugw_x9M0wpsipPD02gV4AaABAg,bRiMDHr8mTI,20251211,@Chemist_sana,no,no,1,,Kisan day b hota h that's great 👍
Ugx0fAzHqGPXhDCX0B94AaABAg,bRiMDHr8mTI,20251211,@MirAkbarShah-y8o,no,no,0,,❤❤❤
UgzGGeLG2rMK2HkjzWx4AaABAg,ewOknRTj03w,20251217,@almaskamran3956,no,no,0,,Masha Allah ❤
UgxFz6mMUgttUKdv9Il4AaABAg,ewOknRTj03w,20251217,@MudassarMaddy737,no,no,0,,Well-done 👏
UgxHB6hiiarFXlsS7bh4AaABAg,ewOknRTj03w,20251217,@engtoseefgulzar,no,no,0,,حقیقت
UgyP--PEFDmQhYYUgFZ4AaABAg,ewOknRTj03w,20251217,@Aitazazmughal01,no,no,1,,Awesome❤❤❤
UgxzS2gkxFEOrHN4Szp4AaABAg,ewOknRTj03w,20251217,@Aitazazmughal01,no,no,2,,"دعا ہے کہ اللہ تعالیٰ ہمارے کسانوں کی محنت کو قبول فرمائے، ان کی پیداوار میں برکت دے اور پاکستان کو ہمیشہ سرسبز اور خوشحال رکھے۔ 🌱🤲

#SalamKissan #SarsabzPakistan"
UgwBqZWbH6QpQEUrYyx4AaABAg,ewOknRTj03w,20251217,@Ghulam.512,no,no,1,,"Salam Kissan Sarsabz Pakistan 🇵🇰🌾

Dil se shukriya Pakistan ke mehnati kisanón ko  aap hi hamari zameen ki rooh aur mulk ki taqat ho. Aap ki mehnat se hamare gharon tak rozi pohanchti hai aur Pakistan sarsabz rehta hai.

Saath hi Sarsabz Fertilizer management ka bhi tahe-dil se shukriya, jo Kissan ko empower karne ke liye Kissan Day (18 Dec) jaise meaningful events ke zariye rehnumai, himmat aur support faraham kar rahe hain. Aap ki koshishen kisani ko mazid behtar aur mustahkam bana rahi hain.

Allah aap sab ki mehnat ko qabool kare aur Pakistan ko hamesha sarsabz o shaadab rakhe. 🌱🤲

#SalamKissan #SarsabzPakistan"
UgxA9ZLN476nhz8cfqB4AaABAg,f80kPfGiBHc,20210718,@engineermunim7287,no,no,0,,Very funny
UgyXJ3Ms3o5f-Zw-Jy54AaABAg,f80kPfGiBHc,20210718,@samiadurrani6693,no,no,1,,.
UgyczVUsWZwFkihGUs14AaABAg,f80kPfGiBHc,20210718,@saifvlogs1264,no,no,3,,"Pak Pakistan Zindabad
Pak Army Zindabad
-Pak ISI Zindabad
Pak Navy Zindabad-Pak Police Zindabad"
UgyKFIO9yUaFVWwjf-14AaABAg,f80kPfGiBHc,20210718,@saifvlogs1264,no,no,0,,"Pak Pakistan Zindabad
Pak Army Zindabad
-Pak ISI Zindabad
Pak Navy Zindabad-Pak Police Zindabad"
UgxtzTC4jt0h-uywhdZ4AaABAg,f80kPfGiBHc,20210718,@saifvlogs1264,no,no,0,,"Pak Pakistan Zindabad
Pak Army Zindabad
-Pak ISI Zindabad

Pak Navy Zindabad
-Pak Police Zindabad"
Ugyml-AeQH1wmKdBJqx4AaABAg,f80kPfGiBHc,20210718,@hanzla_awan02,no,no,2,,KeeP iT uP....
UgzxOVbw6aLhvK6HT_54AaABAg,f80kPfGiBHc,20210718,@Dassimundywithdasii,no,no,3,,Great
UgzxOVbw6aLhvK6HT_54AaABAg.9Q0twEv2BGl9Q3L0tujkja,f80kPfGiBHc,20210718,@Sarsabz,yes,yes,1,,Thanks.
Ugy_xxNKtTVY7pwYh1R4AaABAg,f80kPfGiBHc,20210718,@muhammadtahir7669,no,no,1,,V Nice
Ugy_xxNKtTVY7pwYh1R4AaABAg.9PwKtDqNaKv9Q3L2iMBUT-,f80kPfGiBHc,20210718,@Sarsabz,yes,yes,0,,Thank you.
Ugzgagjp9EUv0tgFIYt4AaABAg,hfIC9a-Fots,20251213,@almaskamran3956,no,no,0,,awesome
UgxtLwvB1NZ-Z51pnER4AaABAg,hfIC9a-Fots,20251213,@AhmedAli-q3l4s,no,no,0,,🎉🎉🎉🎉🎉😂😂😂😂😂❤❤❤❤❤😅😅😅
UgwJE-grAWruRBIZwsZ4AaABAg,hfIC9a-Fots,20251213,@MudassarMaddy737,no,no,0,,Salam kissan ❤
UgwKZfZ5jjADl7-gYDh4AaABAg,hfIC9a-Fots,20251213,@nasirnadeem-z8u,no,no,0,,❤❤❤❤😊
UgwbuUc4m0_hn5txelt4AaABAg,hfIC9a-Fots,20251213,@Aitazazmughal01,no,no,1,,Salam ❤
UgyMPZ5rV9aB2SjQfyJ4AaABAg,hfIC9a-Fots,20251213,@Ghulam.512,no,no,1,,Salam Kissan ❤❤❤
Ugz84KrviAaOulJZ_Bt4AaABAg,llIKvpyxhKM,20211211,@Farazahmm,no,no,0,,Kiya awaz hai kamal ❤
Ugzif5NmjXs10e74QDN4AaABAg,llIKvpyxhKM,20211211,@greenapple5852,no,no,0,,Salam Kisan ❤
UgxteoJtTi6j_AgxphR4AaABAg,llIKvpyxhKM,20211211,@zoyaali7810,no,no,0,,#Salamkissan ❤
Ugy8nrlK0_YSsfMzkKF4AaABAg,llIKvpyxhKM,20211211,@cjroyalyt4323,no,no,0,,SALAM KISAAN I LOVE ALL KISAN
Ugyjh5oePOQd284aOMN4AaABAg,llIKvpyxhKM,20211211,@echoesoflife01-i6,no,no,3,song_voice_lyrics,Such a wonderful song with extraordinary message. I am listening this song round about 1 and half years. This song strongly gives us a message to respect our farmers because they are very innocent and they have a heart full of gold. So kindly respect the farmers (Salam Kissan)
UgxyEpZ5ayInkKzINSJ4AaABAg,llIKvpyxhKM,20211211,@rajputxaqibmahi,no,no,1,song_voice_lyrics,Mai Dhai 🎤 🎶
UgzBhdxYZIqFbytKRqt4AaABAg,llIKvpyxhKM,20211211,@GhulamMustafa-jo4pi,no,no,0,,Liked and Shared in groups also ❤❤❤
UgwO0sitfpEZvm55dDB4AaABAg,llIKvpyxhKM,20211211,@GhulamMustafa-jo4pi,no,no,0,,Kissan Hamari Shan ❤❤❤
UgwitqHs9LX7R3hqY-94AaABAg,llIKvpyxhKM,20211211,@GhulamMustafa-jo4pi,no,no,0,,Salam Kissan ❤️ ❤️
UgyyAsvZYQRDnWOJNk94AaABAg,llIKvpyxhKM,20211211,@majidhussain9365,no,no,0,,Beautiful video for motivated our kisan.
UgzOc58thkyQiym6V8t4AaABAg,llIKvpyxhKM,20211211,@majidhussain9365,no,no,0,,"Jeo kisan, hame ha tum pe yaken"
UgwcRooLG42lQyAHqi54AaABAg,llIKvpyxhKM,20211211,@MuhammadShahid-vb5lx,no,no,1,,Salam frmar
UgxkVJdAn4Fco0SoZqR4AaABAg,llIKvpyxhKM,20211211,@MuhammadShahid-vb5lx,no,no,0,,nice farmar
UgzD-t1T3xBPoqPlRTZ4AaABAg,llIKvpyxhKM,20211211,@Sheeshgar,no,no,1,song_voice_lyrics,Mai Dhai's voice gives you goosebumps 🔥🔥
UgztM-49dR0GywYngjF4AaABAg,llIKvpyxhKM,20211211,@alejandraahmed1177,no,no,0,song_voice_lyrics,I love the song although the beginning of the song was the beautiful.
UgzFAwjD4Vvny-wKBaR4AaABAg,llIKvpyxhKM,20211211,@kashifraheel3627,no,no,0,,Superrb 💕❤
Ugy1b4y1QwgEdwnputx4AaABAg,llIKvpyxhKM,20211211,@AdeelKhalidSE,no,no,0,song_voice_lyrics,"We are sons of soil
Mai Dhai's voice is very soothing."
UgyKEPbcV4o6OVAINJ94AaABAg,llIKvpyxhKM,20211211,@lowendhelper7764,no,no,0,,Khudara apni fasal deny wali zameeno ko mat bechain apni naslon k mustaqbil k liy❤🇵🇰
Ugz8qJcQeoBqUmmEeL54AaABAg,llIKvpyxhKM,20211211,@Funny_meme6654,no,no,1,song_voice_lyrics,Voice of women is incridible❤
UgxcBDJz9iOfAAe-kZd4AaABAg,llIKvpyxhKM,20211211,@msabbasi01,no,no,0,,Please add subtitles for the language in the beginning. Balochi ha ya Sindhi lekin uss k subtitles honay chahyain.
Ugy4D5bAp2vGTwCtVLV4AaABAg,llIKvpyxhKM,20211211,@SajjadAli-si8yq,no,no,0,,She is calling the city name I'm from there
Ugwn4Twky80HJoFS9Ct4AaABAg,llIKvpyxhKM,20211211,@Hassan_Hayat128,no,no,1,,Out calaas make more
Ugwn4Twky80HJoFS9Ct4AaABAg.9byXC-hd7oB9c-d_ZmwrZL,llIKvpyxhKM,20211211,@Sarsabz,yes,yes,0,,❤️❤️
Ugwq81XO5ThwwaTgdcZ4AaABAg,llIKvpyxhKM,20211211,@imranmedia1104,no,no,2,,🏵️🏵️🏵️🏵️🏵️
Ugwh1qB-bFwH549LctR4AaABAg,llIKvpyxhKM,20211211,@09umerkhalid12,no,no,5,,My Father is also a Farmer.My Grandfather was a Farmer.I am a proud son of hardworking Forefathers.
UgxpJmOcqigQC-zcRWR4AaABAg,llIKvpyxhKM,20211211,@Hamad...AHL.,no,no,2,,"Muhammad Hammad Ali Sarwar 
From TOBA, Lilla interchange, Pind Dadan Khan (JHELUM) 
Salam Kissan 👍👍💟"
UgzozQl42t_usAyomZB4AaABAg,llIKvpyxhKM,20211211,@falakRay748,no,no,4,,"Mery mulk ka kisaan bht bare Dill wala h,, Allah Apko Khush rakhy sub kisano ko ameen"
UgwB7KlBIl-ml1wFzpZ4AaABAg,llIKvpyxhKM,20211211,@raoarshad6483,no,no,2,,Masterpiece
UgwQkYUuFYQgG342lJJ4AaABAg,llIKvpyxhKM,20211211,@Savenature4425,no,no,1,song_voice_lyrics,Beautiful!❤️ heartwarming song and video....SALAM KISAN! love mai dhai 🌸
UgwgnKxD6RF8S5EfHeB4AaABAg,llIKvpyxhKM,20211211,@baderbloch3343,no,no,1,,nice Ehatsham farook
Ugyxn-pcMrgSOvL_bTN4AaABAg,llIKvpyxhKM,20211211,@mehtaaaab,no,no,2,,1:59 that smile on his face😍
Ugyq3hIGJ1Pj51iqDEB4AaABAg,llIKvpyxhKM,20211211,@sash.scheherzade,no,no,5,song_voice_lyrics,The only Advert that I don't skip these days! Love the lyrics and music rhythm.
Ugyq3hIGJ1Pj51iqDEB4AaABAg.9Wf01Z5q0qG9bzCtGjyPD6,llIKvpyxhKM,20211211,@fa-style9752,no,yes,0,,Same here.. love listening it
UgxftlO-FTHW3ICE5bl4AaABAg,llIKvpyxhKM,20211211,@saqibhussain4792,no,no,2,,"Hatts Off to this effort of Sarsabz Fertilizers for this tribute to Farmers of Pakistan.
#SalamKissan #SarsabzPakistan #KissanDay"
UgxftlO-FTHW3ICE5bl4AaABAg.9Wf-AsDETOK9Wjb05iamS9,llIKvpyxhKM,20211211,@Sarsabz,yes,yes,0,,Thank you 😊
UgyxFFVO4LroAYX4ZNx4AaABAg,llIKvpyxhKM,20211211,@naumanm1,no,no,3,song_voice_lyrics,In love with the song and visuals! Beautiful message <3
UgwbOY1HrVlDOTzUi0t4AaABAg,llIKvpyxhKM,20211211,@rockit6269,no,no,1,,The Sindhi part Is my favorite where can I find it
Ugw46WXDIg7WReX8Y6p4AaABAg,llIKvpyxhKM,20211211,@MustafaRajachannel,no,no,3,,"Salam kisaan 
Salaam Pakistan"
UgzHotoEhTCWqh88sdF4AaABAg,llIKvpyxhKM,20211211,@TheNabeelHaider,no,no,1,,"Faboulus, great work"
UgzHotoEhTCWqh88sdF4AaABAg.9W_yoUZMxBC9WjaynFnnem,llIKvpyxhKM,20211211,@Sarsabz,yes,yes,0,,Thank you 😊
UgxrnTFMELmXv5CRUi54AaABAg,llIKvpyxhKM,20211211,@salarjaved519,no,no,3,,"<3 incredible :') , so audible to the cultural souls within."
UgwWuLuaMtIN23apTMl4AaABAg,llIKvpyxhKM,20211211,@hafizhamzaarshadmuhammadar7877,no,no,1,,Salaam kisssan😘😘😘😘
Ugys8gNv7awjGd_ATkh4AaABAg,llIKvpyxhKM,20211211,@MrWBartist,no,no,2,song_voice_lyrics,Salam Kissan or Slam Tere Song Ko Bhi
UgxfKwcuELHvWM8xWXh4AaABAg,llIKvpyxhKM,20211211,@falltuid573,no,no,8,song_voice_lyrics,What a Beautiful Kissan song   Appreciated
UgxfKwcuELHvWM8xWXh4AaABAg.9WPJNSIb3lbA18FEYdUWqs,llIKvpyxhKM,20211211,@7qs,no,yes,0,song_voice_lyrics,"Have No Fear
    * 		Deuteronomy 31:8-9 The Lord himself goes before you and will be with you; he will never leave you nor forsake you. Do not be afraid; do not be discouraged.

* 		John 14:27 Peace I leave with you; my peace I give you. I do not give to you as the world gives. Do not let your hearts be troubled and do not be afraid.

* 		Psalm 23:4 Even though I walk through the darkest valley, I will fear no evil, for you are with me; your rod and your staff, they comfort me.

* 		Psalm 27:1 The Lord is my light and my salvation—whom shall I fear? The Lord is the stronghold of my life—of whom shall I be afraid?

* 		Psalm 27:12 The LORD is my light and my salvation; whom shall I fear? The Lord is the stronghold of my life; of whom shall I be afraid?

* 		Isaiah 41:10 Fear not, for I am with you; be not dismayed, for I am your God; I will strengthen you, I will help you, I will uphold you with my righteous right hand.

* 		Isaiah 43:1-2 Do not fear, for I have redeemed you; I have summoned you by name; you are mine. When you pass through the waters, I will be with you; and when you pass through the rivers, they will not sweep over you. When you walk through the fire, you will not be burned; the flames will not set you ablaze.""


Bible Verses About Strength
* 		Colossians 1:11 May you be strengthened with all power according to his glorious might so that you may have great endurance and patience.

* 		James 1:2-3 Consider it pure joy, my brothers and sisters, whenever you face trials of many kinds, because you know that the testing of your faith produces perseverance.

* 		1 Peter 5:7 Casting all your anxieties on him, because he cares for you.

* 		Deuteronomy 31:6 Be strong and courageous. Do not be afraid or terrified because of them, for the Lord your God goes with you; he will never leave you nor forsake you.

* 		Joshua 1:9 Have I not commanded you? Be strong and courageous. Do not be afraid; do not be discouraged, for the Lord your God will be with you wherever you go.

* 		Psalm 31:24 Be strong, and let your heart take courage, all you who wait for the Lord!

* 		2 Timothy 1:7 For God did not give us a spirit of timidity, but a spirit of power, of love and of self-discipline.

* 		Hebrews 13:5-6 Because God has said, ""Never will I leave you; never will I forsake you."" So we say with confidence, ""The Lord is my helper; I will not be afraid. What can mere mortals do to me?""

* 		1 Peter 5:10 And the God of all grace, who called you to his eternal glory in Christ, after you have suffered a little while, will himself restore you and make you strong, firm and steadfast.

* 		Psalm 32:7-8 You are my hiding place; you will protect me from trouble and surround me with songs of deliverance. I will instruct you and teach you in the way you should go; I will counsel you with my loving eye on you.

* 		Romans 8:38-39 No, in all these things we are more than conquerors through him who loved us. For I am convinced that neither death nor life, neither angels nor demons, neither the present nor the future, nor any powers, neither height nor depth, nor anything else in all creation, will be able to separate us from the love of God that is in Christ Jesus our Lord.

* 		Psalm 33:22 Let your unfailing love be with us, Lord, even as we put our hope in you.

* 		Hebrews 10:24-25 And let us consider how we may spur one another on toward love and good deeds.

* 		Psalm 116:1-2 I love the Lord, for he heard my voice; he heard my cry for mercy. Because he turned his ear to me, I will call on him as long as I live.

* 		Revelation 21:4 He will wipe every tear from their eyes. There will be no more death or mourning or crying or pain, for the old order of things has passed away."
UgwsA6hzrIYAZwaOIMV4AaABAg,llIKvpyxhKM,20211211,@MUzair-gb7xo,no,no,1,,Heart touching
UgwYcMySmdsTGQ7ljLB4AaABAg,llIKvpyxhKM,20211211,@Tayyiba_Mumtaz7,no,no,1,song_voice_lyrics,Mai dhai 😭😭😍😍😍😍😍😍
UgwOqPTJ4tPLfy4ksxF4AaABAg,llIKvpyxhKM,20211211,@sohailahmed4782,no,no,2,song_voice_lyrics,Amazing sound of Mai Dhai Tharparkar's Queen
UgyUukWGO2ClWXIWqpp4AaABAg,llIKvpyxhKM,20211211,@Teentaalstudio,no,no,2,,Mai Dai is epic
Ugw1bcDDkWdfFPanpHB4AaABAg,llIKvpyxhKM,20211211,@javedalee9451,no,no,0,,شروع میں جو لائنز ہیں کیا وہ مکمل گانے کا لنک مل سکتا ہے؟
UgyWKhG6wrBejcPpJv14AaABAg,llIKvpyxhKM,20211211,@Rashidkhan-updates,no,no,1,song_voice_lyrics,I love mai dhai voice
Ugx-uDb2e2G6sTZTn-h4AaABAg,llIKvpyxhKM,20211211,@khanyyyyy,no,no,1,,❤️🌾🌾🌱 love
UgzutUTJr3mssIK82Jt4AaABAg,llIKvpyxhKM,20211211,@skyrisron9637,no,no,3,,Salute to All Farmers
UgwnqnqjH419bzSUOXd4AaABAg,llIKvpyxhKM,20211211,@skyrisron9637,no,no,5,,Love this. Heart touching
UgypoM-rnOKyoMRT0dd4AaABAg,llIKvpyxhKM,20211211,@farhanambeer3800,no,no,1,,I'm oi.  Ok
Ugxt7K4-E6kWrqUFp3h4AaABAg,llIKvpyxhKM,20211211,@abraraslam4885,no,no,1,,Nice.
UgzvjA91r6uk9VMeDsx4AaABAg,llIKvpyxhKM,20211211,@attankumar3373,no,no,1,,Very hardvork  former
UgyVz7GV6RklSRJ6oJx4AaABAg,llIKvpyxhKM,20211211,@sabagulzar7897,no,no,8,,A great tribute to all those farmers who have always remained an important pillar of Pakistan's economy 💕 We are nothing without your hadwork dear farmers ❤️
UgyVz7GV6RklSRJ6oJx4AaABAg.9W65GyYyvvf9WIIeiEUNqb,llIKvpyxhKM,20211211,@ZARAR_CHEEMA99,no,yes,0,,Bibi G tribute tu govt de rahi hai.
UgwF4EhkT35V2XIv-_N4AaABAg,llIKvpyxhKM,20211211,@horticulturist123,no,no,0,,Humiray sath jo slip bnya wo kyun add nahe keya😂 #UAF
UgzVlhp_4wFO3DSkXDt4AaABAg,llIKvpyxhKM,20211211,@sohaya583,no,no,3,,"Salaam kisaan, without you we are nothing, truly I appreciate all those working tirelessly such hardworking they are. Lots of love 💕💕💕💕 for all hardworking farmers out there in scorching 🌞🌞🌞"
UgzmgX306OpL54WCqAR4AaABAg,llIKvpyxhKM,20211211,@muhammadyousaf1988,no,no,0,,"400 per kg ghee ur cooking oil ho raha ha , sunflower 🌻 aur canola pakistan 🇵🇰 ma jitna merzi ugya ja sakt ha palm 🌴 oil import kam ke ja saktie aur kissan khushal ho jy"
Ugx5tjJUaIWwNSvypuN4AaABAg,llIKvpyxhKM,20211211,@syedsahab5285,no,no,1,,"Apealing ,good and beautiful effort."
UgxBG7dNsvC5vnJ6hqF4AaABAg,llIKvpyxhKM,20211211,@ahmedjan4035,no,no,1,song_voice_lyrics,Beautiful song
UgypEYK5RtqO7uzXEHx4AaABAg,llIKvpyxhKM,20211211,@engineermunim7287,no,no,0,,Slam saraikistan k kissan
UgzXLBHrPL5HmXcP6Ph4AaABAg,llIKvpyxhKM,20211211,@LuckyBoy-jz9vj,no,no,1,,Salam Kisan
Ugw75O2IjssuaYFASbp4AaABAg,llIKvpyxhKM,20211211,@AbdulWahab-lz2hu,no,no,9,salam_pakistan,"Salam or Great Land kisan's.
Salam Pakistan 🙌🇵🇰🤲"
Ugzz6zqQ9ZXZnUCt9G14AaABAg,llIKvpyxhKM,20211211,@nadeemvibes125,no,no,1,song_voice_lyrics,Amazing and lovely voice
UgyNLqlfYBnw6C7j-vx4AaABAg,llIKvpyxhKM,20211211,@hamzatayyab110,no,no,1,,Farmer Zindabaad
UgxhJJc4L5cWVSXTFKd4AaABAg,llIKvpyxhKM,20211211,@animalloresreal,no,no,1,,Beautiful people.
UgyjERsznYgcnc7rJX94AaABAg,llIKvpyxhKM,20211211,@Rizwanvlock,no,no,1,,Good job and join me
UgwHlaBGX-AlUBjzc0x4AaABAg,llIKvpyxhKM,20211211,@salamatproductions6744,no,no,1,,Good job by Ruksana Apa and Nida Malik.
UgwsGGCPxLEj09vq1B54AaABAg,llIKvpyxhKM,20211211,@ayeshazeeshanashazee5516,no,no,1,,Slam kisan slam kisan
Ugx67VjDAWOmvzI0Xct4AaABAg,llIKvpyxhKM,20211211,@amnaaslam2178,no,no,1,,Fantastic
UgzHNpaAP1FYGmvkDsJ4AaABAg,llIKvpyxhKM,20211211,@alimunwar1167,no,no,1,,im kisan love you Pakistan
UgxjJQM9w2wx9i_qswR4AaABAg,llIKvpyxhKM,20211211,@mirzayousf871,no,no,1,,Salm kissan
UgxquVHVr5U-n_WNP7J4AaABAg,llIKvpyxhKM,20211211,@shamashama2528,no,no,3,,Salam kisan 💕
Ugw5BNFk2SCM8XqkKEl4AaABAg,llIKvpyxhKM,20211211,@syedafatima8326,no,no,1,,Bht mehnat krty hain kisaan log 💓
UgyirkA1wWmt-RAgoJ94AaABAg,llIKvpyxhKM,20211211,@abdussattar1599,no,no,6,,"Ya Allah, Make it remarkable."
Ugy-dx2vmdqbTTSe6Gl4AaABAg,llIKvpyxhKM,20211211,@alisher6502,no,no,1,,Slam kissan ❤
UgxW8M8fxq7qdIZLooZ4AaABAg,llIKvpyxhKM,20211211,@robinamustafa8906,no,no,1,,Parhi likhi awam ki ink sath mil kar kam krna chaye zameen ka chapa chapa abad ho .hr koi mehnat kre
UgxCqrvQetn8-q6AIZB4AaABAg,llIKvpyxhKM,20211211,@robinamustafa8906,no,no,3,,I think is mulk ki gurbet us waqt dor ho gi.jb log aaram ko chor ker sheki bekhrny ki  bijaye mehnat ko apna saar banyain gi.ink bacho ko muft taleem dani cahye
UgyrPTFuq98V5chPfep4AaABAg,llIKvpyxhKM,20211211,@newandoldmoviesanddramascl6574,no,no,4,,Absolutely fantastic mind blowing 💯💯👍🌹
UgxpyIAH2aN6KBYBS7x4AaABAg,llIKvpyxhKM,20211211,@danyalsaleem06danyalsaleem6,no,no,1,,So caring
UgwagN6aruX3c-Y0g6l4AaABAg,llIKvpyxhKM,20211211,@umarfahim243,no,no,6,song_voice_lyrics,I'm not understanding the language of woman singing but her voice is magic
UgwmPyMGSj2RpDOCCbV4AaABAg,llIKvpyxhKM,20211211,@HkStories13890,no,no,2,,Ye Asal me hamara Fakhar hai 🇵🇰🇵🇰🇵🇰
UgzgH8rQFu7jTourHyF4AaABAg,llIKvpyxhKM,20211211,@HkStories13890,no,no,1,,Slam Kissan 🇵🇰 🇵🇰 پاکستان زندہ باد 🇵🇰
UgzkMk3fI1eZaSUzpdl4AaABAg,llIKvpyxhKM,20211211,@sajjadalimir8474,no,no,5,song_voice_lyrics,"Both voices are mind blowing, music is also superb Thank You SarSabaz"
UgzkMk3fI1eZaSUzpdl4AaABAg.9W5o36KfAyc9W61Hvd1ffP,llIKvpyxhKM,20211211,@binteshakeelnaz7735,no,yes,0,,Raq_&____''57*
Ugya0dHn-f1Q79IJp4N4AaABAg,llIKvpyxhKM,20211211,@hamaidkhan2522,no,no,4,,Absolutely beautiful..... Listen to it atleast 10 times a day.... Congratulations to the entire team for coming up with such sensory treat. Huge respect to the female vocalist she makes me cry every single time.
UgwLT5rCHyJ6paqbj154AaABAg,llIKvpyxhKM,20211211,@shejescorner,no,no,2,,best ad ever really i was crying
UgywGTSTsf2Obsmxrep4AaABAg,llIKvpyxhKM,20211211,@enjoythelife814,no,no,1,,Amazing video
UgyI9gZRrzfAvmow-jB4AaABAg,llIKvpyxhKM,20211211,@thinkingoutloud5011,no,no,2,,seldom do brands make suck awareness campaigns and i love it  when they do  always wish corporate sector shud contribute in education and fixing issues
UgzHCLd-jICvubpu0014AaABAg,llIKvpyxhKM,20211211,@zainabkhalid4889,no,no,1,song_voice_lyrics,Amazing voice
UgzU-qDHygG3tIqp4nV4AaABAg,llIKvpyxhKM,20211211,@naveedkamalnaveed7072,no,no,2,,I  Love Islam . love my village and village simple life ..Pakistan zindabad
UgwuoI3S-P2dsKXuIwV4AaABAg,llIKvpyxhKM,20211211,@SouthHindimovies2,no,no,1,,Greatest
UgxZgiWpA5GUkHyRv4N4AaABAg,llIKvpyxhKM,20211211,@SouthHindimovies2,no,no,1,,Kmal
UgwUKLR1HkN3JebQ6Qd4AaABAg,llIKvpyxhKM,20211211,@yourmotivation7683,no,no,0,,Well done @nida sajid 👏
UgxVqtKvramKxWr_m6R4AaABAg,llIKvpyxhKM,20211211,@kaskitchenhouse4805,no,no,1,,Salam kisaan
Ugyy2OQN611_CyDj-M14AaABAg,llIKvpyxhKM,20211211,@kaskitchenhouse4805,no,no,1,,Nice
UgycpyrRzcC8MaHEu0J4AaABAg,llIKvpyxhKM,20211211,@farisfaris9267,no,no,3,song_voice_lyrics,Sobhan Allaha u do what they really deserve beautiful song infact Respect
UgycpyrRzcC8MaHEu0J4AaABAg.9W5hHyT7sFh9W5jKSoxhHh,llIKvpyxhKM,20211211,@mohsinjadoon8239,no,yes,0,,qq10
UgycpyrRzcC8MaHEu0J4AaABAg.9W5hHyT7sFh9kctPTLgca2,llIKvpyxhKM,20211211,@cjroyalyt4323,no,yes,0,,lun pa chur
Ugz4QQV5wmlc-1LpW4J4AaABAg,llIKvpyxhKM,20211211,@hassanvshussain9667,no,no,1,,❤️❤️
UgzO40ay08zCEWsB6pV4AaABAg,llIKvpyxhKM,20211211,@mianpo0moon7vii34,no,no,0,,Ququ7i0jloò
UgzhqhQwEasEyxD8qnF4AaABAg,llIKvpyxhKM,20211211,@azizahmed3478,no,no,2,,Good
Ugz-GOd4H05jfAaiVhd4AaABAg,llIKvpyxhKM,20211211,@masterbrench,no,no,1,,nice
UgwAH4-gLVMTYZLltaZ4AaABAg,llIKvpyxhKM,20211211,@khubabbajwaofficial9529,no,no,8,song_voice_lyrics,Mind blowing performance. Out of understanding  but What a magical voice of female .
Ugw4q4Qg1T2aDhnMMyp4AaABAg,llIKvpyxhKM,20211211,@robinarazaak9116,no,no,2,,Salam kisan
UgylSdXnCnuFzFQ-uZx4AaABAg,llIKvpyxhKM,20211211,@faisalmehmood1889,no,no,1,,I love every product of FG. Amazing ads every time♥️😍 and salam kisan👍👏
UgxLZZvO2ZwN9zH8MM14AaABAg,llIKvpyxhKM,20211211,@sajidhussain3543,no,no,3,,Great effort by Fatima Group. Proud to be a part of Fatima Family
UgwLy5mHdxK4-G3WxZ94AaABAg,llIKvpyxhKM,20211211,@TrankZ-EDITS,no,no,3,,Well done 👏👏👏👏👏👏👏 salam Kisaan
UgxQ6lnU65-3D4Ew4Y54AaABAg,llIKvpyxhKM,20211211,@syedwajidali6509,no,no,1,,very beautiful video from apni desi life chanle pak
UgwrW7e-CwoTwqpXPPh4AaABAg,llIKvpyxhKM,20211211,@syedwajidali6509,no,no,1,,salam all kissn from apni desi life chanle pak
UgxOiCsGTOnGUCDlhKJ4AaABAg,llIKvpyxhKM,20211211,@syedwajidali6509,no,no,1,,very beautiful video from apni Desi Life chanle pak
UgysorEv1z0xhfyWr8Z4AaABAg,llIKvpyxhKM,20211211,@KhalidAli-ih1zf,no,no,1,,"salam hay kissan per uski mehnat per Pakistan zindabad 
GOOD VIDEO"
UgyjGnHYavBOfu0OyBt4AaABAg,llIKvpyxhKM,20211211,@parigul6286,no,no,2,,Heart touching & true
UgyYl3u1akAAbMaBQ4p4AaABAg,llIKvpyxhKM,20211211,@mukhtiarahmed776,no,no,1,,"Slam kissan,hard worker ever."
UgwHmieDoI00BNmZsvd4AaABAg,llIKvpyxhKM,20211211,@starjatt5890,no,no,3,,MashaALLHA  ..boht acha
UgzPb02a8lGhTMi6G8h4AaABAg,llIKvpyxhKM,20211211,@hassanvshussain9667,no,no,4,,Amazing ♥️
UgxS-5jCTrMLKSmz3mR4AaABAg,llIKvpyxhKM,20211211,@saim6018,no,no,3,,Nice
UgwDWKBLhvLUO6JGzMx4AaABAg,llIKvpyxhKM,20211211,@saimajaved9607,no,no,2,,Salam kisan
UgwDWKBLhvLUO6JGzMx4AaABAg.9W5T3lD6B7k9W5_hlIYnFj,llIKvpyxhKM,20211211,@lnkvlogs,no,yes,0,,Please support me 🥺🥺
Ugw76tkuaVjstzHS2l94AaABAg,llIKvpyxhKM,20211211,@SAZafar9371,no,no,5,,"Beautiful video. may Allah SWT Give immense prosperity to Pakistan and its people, Aameen."
UgwwwMZj8FCDyRpoobR4AaABAg,llIKvpyxhKM,20211211,@Rajakhan-kw4fe,no,no,1,,𝐍𝐢𝐜𝐞
UgxI2gLHnDQ6nPx_5lV4AaABAg,llIKvpyxhKM,20211211,@chiropractorkarachi,no,no,1,,Kisan Zindabad
UgxI2gLHnDQ6nPx_5lV4AaABAg.9W54XnoeCfg9W54ZCC-jXi,llIKvpyxhKM,20211211,@chiropractorkarachi,no,yes,0,,Salam kisan
UgznL_XNpn2uEjFGTbh4AaABAg,llIKvpyxhKM,20211211,@mohsinamjad2611,no,no,4,,"Very good video. Shows how technology is being integrated into our traditional farming.
Agri-tech is a very rapidly growing sector. Loved how the farmer used normal water bottles to replicate drip farming."
UgwY2Lg4AdQHtEdiC554AaABAg,llIKvpyxhKM,20211211,@luqmanasifgujjar3827,no,no,7,,Salam kissan ❤️ sukriya sarsabz
UgwtzLVxqXGE9Gly5lx4AaABAg,llIKvpyxhKM,20211211,@tubssamterracegardeningvlo1251,no,no,3,,Stay safe stay connected 👍 jazak Allah khair
UgyNhgncWDcsgmXmA1R4AaABAg,llIKvpyxhKM,20211211,@younuszaidi9688,no,no,1,grievance,کاش کسان کی زندگی بھی کوئی حکومت کرتی آسان ؟
UgxWdkQJ2UysfNZv4l54AaABAg,llIKvpyxhKM,20211211,@wiky-awan,no,no,4,,Good effort to tribute people who produce food by working hard....
UgyhxITgUW_BzX0y4Sl4AaABAg,llIKvpyxhKM,20211211,@e-techstudio4797,no,no,1,,Green Pakistan.. Thanks Sarsabaz Fertilizer (Fatima).. with Love..
Ugzq_VWWblST4pBae9p4AaABAg,llIKvpyxhKM,20211211,@Sheeshgar,no,no,19,,Now this is called an Advertisement. Life grows from the hard lands of North to the Barren lands of South just because of the blood and sweat of these farmers.  Absolutely fantastic. Superb yaar. Hats Off.
Ugzq_VWWblST4pBae9p4AaABAg.9VvyRbC5SpI9W2undN_R7e,llIKvpyxhKM,20211211,@Maliknaeemmekalsoom,no,yes,0,,Qqqaw
UgzwDzHlg4e6dPGKVEl4AaABAg,llIKvpyxhKM,20211211,@sheerytariq3753,no,no,2,,Tribute and salute to are farmers... 👨‍🌾👩‍🌾
UgxHTIwg42g_vNhfeAh4AaABAg,llIKvpyxhKM,20211211,@Khan-jz8qn,no,no,2,song_voice_lyrics,kamal ki ki music and voice wow
UgwvRFQq9nj_14luh_h4AaABAg,llIKvpyxhKM,20211211,@nasreenazam,no,no,7,,Great job sarsabz. 👏🏻👏🏻👏🏻👏🏻👏🏻👏🏻
UgwvRFQq9nj_14luh_h4AaABAg.9VuLkDXsmUz9W5_BUQ0K-b,llIKvpyxhKM,20211211,@lnkvlogs,no,yes,0,,Support me please 🥺🥺
UgyIWWPAgciV7xkcTpp4AaABAg,llIKvpyxhKM,20211211,@eshanabbasi4683,no,no,8,,Salaam kissan♥️♥️♥️♥️🇵🇰🇵🇰🇵🇰
UgzcwJsXPOBOdN224zB4AaABAg,llIKvpyxhKM,20211211,@eshanabbasi4683,no,no,1,,Salaam kissan
UgyZ2hKwpkqgWIA8VQp4AaABAg,llIKvpyxhKM,20211211,@arifshaheen9492,no,no,1,,Great
UgzpSs4-gH5DTNop66F4AaABAg,llIKvpyxhKM,20211211,@RabiaAzam,no,no,2,,"Beautiful intergenerational story about sacrifice, hardwork and science to build prosperity. Great work!"
UgyPyMa-RKG5kgJL9-F4AaABAg,llIKvpyxhKM,20211211,@moviesbitzz,no,no,18,,Although I am not a farmers but every Sarsabz ad is mind blowing! This particular ad boost patriotism! Well done team sarsabz!
UgyPyMa-RKG5kgJL9-F4AaABAg.9VtgBmyGpFZ9W5aR-k57uj,llIKvpyxhKM,20211211,@shahzadqamar1718,no,yes,0,,Book kip ol0pyy
UgyPyMa-RKG5kgJL9-F4AaABAg.9VtgBmyGpFZ9Vth70R0uGy,llIKvpyxhKM,20211211,@Sarsabz,yes,yes,3,,Thank you 😊
UgxNJ5G9FmkHz4_vKK94AaABAg,llIKvpyxhKM,20211211,@duabutt968,no,no,0,,",5
0n"
Ugz1RWUYVhkTPz9toll4AaABAg,llIKvpyxhKM,20211211,@TheArtCraftBySABA,no,no,2,,old is gold love old person old time love from #iqbalkitchencuisine
Ugz2le9BI0xNDQGH3oN4AaABAg,llIKvpyxhKM,20211211,@anumyasir5882,no,no,0,,Ia##I'mI'm... K;0l
UgwEZ7tYeIt7IY9Aw-d4AaABAg,llIKvpyxhKM,20211211,@maidhaiofficialchannel4199,no,no,2,,Thanks
UgwEZ7tYeIt7IY9Aw-d4AaABAg.9Vrei6H5EFH9VtqRAR-vIe,llIKvpyxhKM,20211211,@iftipride,no,yes,0,song_voice_lyrics,Lyrics plz
UgyVMklCMXLNuyJAXXx4AaABAg,llIKvpyxhKM,20211211,@shahidbutt2603,no,no,2,,MashaAllah  Pakistan  Hamesha  Sarsab O Shad Abad Rahey  Ameen
UgyVMklCMXLNuyJAXXx4AaABAg.9VrdQQUJ-1w9VtCgW0BxVx,llIKvpyxhKM,20211211,@xdpollaxdpolla673,no,yes,0,,Is it
UgxNy6CoyS5jn2TfIGp4AaABAg,llIKvpyxhKM,20211211,@AsadArshad360,no,no,6,,Superb efforts by Fatima Fertilizers leading towards Sarsabz Pakistan..
UgxNy6CoyS5jn2TfIGp4AaABAg.9Vr_a80nRrt9VrdZdQlLC5,llIKvpyxhKM,20211211,@Sarsabz,yes,yes,0,,Thank you 😊
Ugzg3FVkMa0UPHWZfld4AaABAg,llIKvpyxhKM,20211211,@o.k1807,no,no,2,,Salam Kissan
UgxWlZJBuSRg7jNmwil4AaABAg,llIKvpyxhKM,20211211,@HasanKhan-ki2ws,no,no,6,,Absolutely beautiful and thanks you to show the image of Pakistani farmer's
Ugw-W1RxhVgcgNRGOqZ4AaABAg,llIKvpyxhKM,20211211,@HasanKhan-ki2ws,no,no,7,,Such a great idea . good job. salam sarsabz  fertilizer. Salam kisan.
Ugw-W1RxhVgcgNRGOqZ4AaABAg.9VrPIK8-9PE9Vrdb8mbEql,llIKvpyxhKM,20211211,@Sarsabz,yes,yes,3,,Thank you 😊
UgyzTAGcOjn2Y95U6X94AaABAg,llIKvpyxhKM,20211211,@majidmoein3495,no,no,15,song_voice_lyrics,"Excellent message while covering up golden agriculture land of Pakistan & magical background voice of Mai Dhaii.. 

Thumbs Up for great effort 👍✌🏻
#SalamKissan #SarsabzPakistan"
Ugz0prB1KHY1UyMPdH14AaABAg,llIKvpyxhKM,20211211,@muhammadasim7866,no,no,2,,Thank u
UgxReNa4IKLdO4Is2rV4AaABAg,llIKvpyxhKM,20211211,@MBMDIGITALFARMING,no,no,1,,Good sir
UgwZXcvLEG8L5F8cmid4AaABAg,llIKvpyxhKM,20211211,@zubairahmed4215,no,no,2,,It's not a just add whole tradition of our land what's your name man
UgzXCl2JztGTpRCgR4F4AaABAg,llIKvpyxhKM,20211211,@zubairahmed4215,no,no,10,,Perfect perfect creative mind salute man
UgzwRJmf3WOEjlDY0h94AaABAg,llIKvpyxhKM,20211211,@homecuisineandchef774,no,no,2,,New gift 🎁🔔👍♥️❣️💐🌹
UgxJ--cAGz67VMbHn0d4AaABAg,llIKvpyxhKM,20211211,@homecuisineandchef774,no,no,4,,Beautiful ❤️❤️❤️
UgxoVI1UNbZwbgochrF4AaABAg,llIKvpyxhKM,20211211,@homecuisineandchef774,no,no,2,,68 like good Sharing 👍❤️💐😊❤️
UgwiI8moDFwdNf2x6yh4AaABAg,llIKvpyxhKM,20211211,@tulipisland835,no,no,13,song_voice_lyrics,"Heart ❤ touching song, heart touching thing "" made of Pakistan"""
UgwiI8moDFwdNf2x6yh4AaABAg.9Vq0xlHlBBq9W_J-f-OMqg,llIKvpyxhKM,20211211,@aleinaali7443,no,yes,2,,Poowowo
UgwFEdB4KHzAYWSuGqV4AaABAg,llIKvpyxhKM,20211211,@tulipisland835,no,no,7,,Salam kisaan.... Salaam Pakistan 🇵🇰
Ugwhsk4sJZa1JQUBjER4AaABAg,llIKvpyxhKM,20211211,@latifsahib7667,no,no,2,,🥰🥰🥰🥰❤️🇵🇰🇵🇰🇵🇰🇵🇰🇵🇰
UgyuivvYrxuRHq67VAt4AaABAg,llIKvpyxhKM,20211211,@marvishah1462,no,no,3,song_voice_lyrics,"Who’s the female singer in the starting? 
What song is she singing?"
UgyuivvYrxuRHq67VAt4AaABAg.9VpXvZ8wnQH9Vq9O7t8pqn,llIKvpyxhKM,20211211,@Sarsabz,yes,yes,2,,"Mai Dhai, She is singing about 
 farmer's hardwork"
Ugw1TZwfVxWtzoFzULZ4AaABAg,llIKvpyxhKM,20211211,@jiwaypakistan1,no,no,3,,Beautiful Ad.
UgyXJg_0DUrss0WEYQF4AaABAg,llIKvpyxhKM,20211211,@jashanpreetsingh1993,no,no,7,,Kissan majdoor ekta zindabad 🌾🙏🏼🌾🙏🏼💪💪✊🏻
UgzJ5uZABeGyTnEMRfZ4AaABAg,llIKvpyxhKM,20211211,@nrn1256,no,no,2,,Beautiful ...Salam kisan👍
UgzwimKyRN9vDUoPK2N4AaABAg,llIKvpyxhKM,20211211,@muhammadtahir7669,no,no,2,,S beautiful ❤️
UgynT8OwdNh24LjNxIl4AaABAg,t2JC0sCMAUk,20251213,@zeeshu711,no,no,0,,Sarsabz Pakistan 🇵🇰 Salam Kissan is a great initiative
UgwnoPjN0-1Bg1jDD1t4AaABAg,t2JC0sCMAUk,20251213,@zeeshu711,no,no,0,,Keep up the good work
Ugz6lR10l-DIMpFeZax4AaABAg,t2JC0sCMAUk,20251213,@MudassarMaddy737,no,no,0,,Keep it up the best work 👍
UgyYAIB661p9hNAnWwx4AaABAg,t2JC0sCMAUk,20251213,@engtoseefgulzar,no,no,0,,❤
Ugwu1d8Qw9N2Oiur_MN4AaABAg,t2JC0sCMAUk,20251213,@AliRaza-d1q8n,no,no,0,,Job ka tarika
UgyAL2F_0RQjUsmsqxB4AaABAg,t2JC0sCMAUk,20251213,@Aitazazmughal01,no,no,2,,"سلام کسان، سرسبز پاکستان 🇵🇰🌾

دل سے سلام اور شکریہ پاکستان کے اُن کسانوں کو جو خاموشی سے دن رات محنت کر کے ہماری زمین کو زرخیز اور قوم کو خودکفیل بناتے ہیں۔ آپ کی محنت صرف فصل نہیں اُگاتی بلکہ پاکستان کے روشن مستقبل کی بنیاد رکھتی ہے۔ کسان واقعی اس ملک کی اصل طاقت ہیں۔

ساتھ ہی سرسبز فرٹیلائزر مینجمنٹ کو خراجِ تحسین، جو کسانوں کے ساتھ قدم سے قدم ملا کر چل رہے ہیں۔ کسان ڈے (18 دسمبر) جیسے باوقار اور بامقصد پروگرامز کے ذریعے کسانوں کو نہ صرف سراہا جا رہا ہے بلکہ جدید زرعی رہنمائی اور اعتماد بھی دیا جا رہا ہے۔ یہ کاوشیں کسان کی زندگی میں مثبت تبدیلی لا رہی ہیں۔

دعا ہے کہ اللہ تعالیٰ ہمارے کسانوں کی محنت کو قبول فرمائے، ان کی پیداوار میں برکت دے اور پاکستان کو ہمیشہ سرسبز اور خوشحال رکھے۔ 🌱🤲

#SalamKissan #SarsabzPakistan"
UgyHvTFgoUHJdl0JnSh4AaABAg,t2JC0sCMAUk,20251213,@Ghulam.512,no,no,3,,"Salam Kissan Sarsabz Pakistan 🇵🇰🌾

Dil se shukriya Pakistan ke mehnati kisanón ko  aap hi hamari zameen ki rooh aur mulk ki taqat ho. Aap ki mehnat se hamare gharon tak rozi pohanchti hai aur Pakistan sarsabz rehta hai.

Saath hi Sarsabz Fertilizer management ka bhi tahe-dil se shukriya, jo Kissan ko empower karne ke liye Kissan Day (18 Dec) jaise meaningful events ke zariye rehnumai, himmat aur support faraham kar rahe hain. Aap ki koshishen kisani ko mazid behtar aur mustahkam bana rahi hain.

Allah aap sab ki mehnat ko qabool kare aur Pakistan ko hamesha sarsabz o shaadab rakhe. 🌱🤲

#SalamKissan #SarsabzPakistan"
Ugw7QcSbNmMkgquF9kd4AaABAg,t2JC0sCMAUk,20251213,@Allahcreations99,no,no,2,,"From sunrise to sunset, through heat, cold, and rain, farmers work tirelessly so that the world never sleeps hungry.

Every seed you plant carries hope,
Every harvest you reap brings life,
And every drop of sweat you shed feeds millions.

Farmers teach us patience, hard work, and faith in the future.
Your sacrifices often go unseen, but your contribution can never be replaced.

🙏 Salam to our farmers — your dedication, resilience, and love for the land inspire generations.
May your fields always stay green, your efforts be rewarded, and your lives be filled with respect, prosperity, and peace. 
#salamkissan #sarsabzpakistan #kissanday"
UgylH-SIFKf0w2PiHV14AaABAg,wt_rH3e-ORY,20201207,@shahzadkhan-bh1ui,no,no,1,,Great
UgxW8HPR56LUGgX_jIF4AaABAg,wt_rH3e-ORY,20201207,@thoughtsSpills,no,no,1,,Finally someone talking about farmers nd giving them tribute.... Doing great job..... ♥️♥️♥️Isi trhan in mehnatkash kissano ko appreciate krte rahe.... Well done #Sarsabz ❤️
UgxW8HPR56LUGgX_jIF4AaABAg.9H-HAJpXR0_9H-JUVzA5Iw,wt_rH3e-ORY,20201207,@Sarsabz,yes,yes,0,,Thank you :) let’s celebrate Kissan Day on 18th December & pay a tribute to our hardworking farmers of Pakistan!
UgyuUXlh4LaUnwE7ZYh4AaABAg,wt_rH3e-ORY,20201207,@nimrapervez4251,no,no,2,,beautiful message and wonderful how sarsabz is paying tribute to the unsung heroes!
UgyuUXlh4LaUnwE7ZYh4AaABAg.9H-H3nhXjiH9H-JVuP0d-O,wt_rH3e-ORY,20201207,@Sarsabz,yes,yes,0,,Thank you :) let’s celebrate Kissan Day on 18th December & pay a tribute to our hardworking farmers of Pakistan!
UgywIoiXPIgfbPGHQeR4AaABAg,wt_rH3e-ORY,20201207,@drmahinufarhad5281,no,no,1,,What a beautiful message from Sarsabz! 👏👏
UgywIoiXPIgfbPGHQeR4AaABAg.9Gyj0hhmGB79Gyl24P7Zu-,wt_rH3e-ORY,20201207,@Sarsabz,yes,yes,0,,Thank you :) let’s celebrate Kissan Day on 18th December & pay a tribute to our hardworking farmers of Pakistan!
Ugyj1rNJq7gVz8YksaJ4AaABAg,yITH0i--5Fo,20201210,@ameerahmad4265,no,no,1,,"Wese  الحمدللہ 
Ulma ki rehnumai k bgair ye na mumkin ha islam me bhi rizq k zyah se mana or iski qaddar ki trgeeb dilai gaii ha ... 
Ye baat mene apne peer ilyas Attar qadri se sekkhi or الحمدللہ  me aik aik lehsan k joye se le kr bri se bri sbzi k zyyah se bachti hon.... Or jb kachra nikalty wqt koii aik tukra bhi sbzi ka ya annaj ka ajaye to use sanbhal kr rkh leti k is aik dany pr ptta nahii kitnoo ki mehnat ha hmmary liye ..or Allah ki bnai hwi chez ki na qadrii ha hm apni chez ko aise zaya kren gy kia.... So i always respect of my food.... Don't waste food....just suply to the poor if u have extra.... don't pour in your dustbins... Just keep remembering while pouring it might be enough for others needy persons...."
Ugw_riXbPz-1D_-HfzB4AaABAg,yITH0i--5Fo,20201210,@sajjad1334,no,no,1,,♥️♥️♥️
Ugw_riXbPz-1D_-HfzB4AaABAg.9HGg5wRbI1Y9HMkiSGp0ts,yITH0i--5Fo,20201210,@Sarsabz,yes,yes,0,,:)
UgxxP9u-JyH_8J7Zsgh4AaABAg,yITH0i--5Fo,20201210,@asimsaeed4472,no,no,0,,"AoA 
Mare zamin kalrathe ha
Man already zabrdast uriya lay aya hun or us k 7 
ammonium sulfate dall skta hun ?
Pahly pani k 7
Plz rahnumi kary shukriya"
Ugy-lgRoihPpYWdXJdx4AaABAg,yITH0i--5Fo,20201210,@saimaahmed960,no,no,0,,njmu
UgwNpoaxa3ZBtPeMqrl4AaABAg,yITH0i--5Fo,20201210,@khadijafarrukhmischievous4632,no,no,1,,👍👍
