video_id,video_title,upload_date,comment_id,is_reply,author,is_uploader,text,likes,timestamp
HtONbl5yVIU,"Time to Appreciate the Unsung Heroes, Kissan! | Salam Kissan, Sarsabz Pakistan | Kissan Day 18th Dec",20201213,Ugw-9uOsLmDB_sGaegJ4AaABAg,no,@aleenaamer952,no,Aala yaar,0,1631750400
HtONbl5yVIU,"Time to Appreciate the Unsung Heroes, Kissan! | Salam Kissan, Sarsabz Pakistan | Kissan Day 18th Dec",20201213,Ugxhq7uevtfWYoj-EC14AaABAg,no,@muhammadusmansaleem5394,no,Great demonstration of message!,0,1631750400
HtONbl5yVIU,"Time to Appreciate the Unsung Heroes, Kissan! | Salam Kissan, Sarsabz Pakistan | Kissan Day 18th Dec",20201213,Ugxhq7uevtfWYoj-EC14AaABAg.9HPOZPq09we9HQDB8ai86M,yes,@abdulmuneeb194,no,Yes I agree,0,1631750400
HtONbl5yVIU,"Time to Appreciate the Unsung Heroes, Kissan! | Salam Kissan, Sarsabz Pakistan | Kissan Day 18th Dec",20201213,UgxyJNsvPbiRAU-dpkl4AaABAg,no,@MyMissFaariaZainab,no,Its your great effort for importance of farmers,1,1631750400
HtONbl5yVIU,"Time to Appreciate the Unsung Heroes, Kissan! | Salam Kissan, Sarsabz Pakistan | Kissan Day 18th Dec",20201213,Ugyu4n8Olakvxg_H9ON4AaABAg,no,@MyMissFaariaZainab,no,https://www.youtube.com/watch?v=PSJnEdm0xMw&ab_channel=MyMissFaariaZainab,0,1631750400
HtONbl5yVIU,"Time to Appreciate the Unsung Heroes, Kissan! | Salam Kissan, Sarsabz Pakistan | Kissan Day 18th Dec",20201213,Ugxcvv0yV9TB4psoE4F4AaABAg,no,@femikamal5290,no,Well said 👍👍,1,1631750400
HtONbl5yVIU,"Time to Appreciate the Unsung Heroes, Kissan! | Salam Kissan, Sarsabz Pakistan | Kissan Day 18th Dec",20201213,Ugxcvv0yV9TB4psoE4F4AaABAg.9HDL-GW7CdO9HMkdU6FXbg,yes,@Sarsabz,yes,Thank you. let’s celebrate Kissan Day on 18th December.,0,1631750400
HtONbl5yVIU,"Time to Appreciate the Unsung Heroes, Kissan! | Salam Kissan, Sarsabz Pakistan | Kissan Day 18th Dec",20201213,UgwDFRVBJLK8-8Jty2t4AaABAg,no,@humaalamdar8547,no,Mashaallah nice  work,1,1631750400
HtONbl5yVIU,"Time to Appreciate the Unsung Heroes, Kissan! | Salam Kissan, Sarsabz Pakistan | Kissan Day 18th Dec",20201213,UgwDFRVBJLK8-8Jty2t4AaABAg.9HDKxomSoTO9HMkUXG3wdS,yes,@Sarsabz,yes,Thank you for your appreciation!,0,1631750400
HtONbl5yVIU,"Time to Appreciate the Unsung Heroes, Kissan! | Salam Kissan, Sarsabz Pakistan | Kissan Day 18th Dec",20201213,Ugw122ywDysIy63B36l4AaABAg,no,@ibrahimsheikh5443,no,grape message,1,1631750400
HtONbl5yVIU,"Time to Appreciate the Unsung Heroes, Kissan! | Salam Kissan, Sarsabz Pakistan | Kissan Day 18th Dec",20201213,Ugw122ywDysIy63B36l4AaABAg.9HCi2klEiR99HMk_dAawsp,yes,@Sarsabz,yes,Thank you. let’s celebrate Kissan Day on 18th December.,0,1631750400
KGmwOesEH2c,Leading Sustainable Change for Pakistan | Fatima Fertilizer in partnership with UNDP,20241027,UgzwzL4hlXnLJgBw5Td4AaABAg,no,@jamalansari1674,no,How does this video have 13 m views but only 113 likes and 24 comments,0,1757980800
KGmwOesEH2c,Leading Sustainable Change for Pakistan | Fatima Fertilizer in partnership with UNDP,20241027,Ugy7P5Ahl55yZkDmLtJ4AaABAg,no,@ahsanmughal51214,no,Love this amazing video ❤,0,1757980800
KGmwOesEH2c,Leading Sustainable Change for Pakistan | Fatima Fertilizer in partnership with UNDP,20241027,UgyFO7Xn-D0Sx8wB_294AaABAg,no,@ansarabbas2406,no,I'm also in this video ad🎉😊,0,1757980800
KGmwOesEH2c,Leading Sustainable Change for Pakistan | Fatima Fertilizer in partnership with UNDP,20241027,UgyFl8VvedCiFWwO4Bp4AaABAg,no,@faiziaamir5180,no,mashaa Allah.beautiful voice of Khalid Syed.,0,1757980800
KGmwOesEH2c,Leading Sustainable Change for Pakistan | Fatima Fertilizer in partnership with UNDP,20241027,Ugymk6NVMl70lgy-mb54AaABAg,no,@usmankhurshid,no,"It's really a hard working efforts that helps former to make Good crops that improve Pakistan agriculture.
I really appreciate and thankful it to explore my village town Leepa Valley❤.",0,1757980800
KGmwOesEH2c,Leading Sustainable Change for Pakistan | Fatima Fertilizer in partnership with UNDP,20241027,Ugz746ueh3fHORMQ_Ip4AaABAg,no,@Junaidkhan-qx6lt,no,💗💗💗💗💗💗💗💗💗 Love uu Creator Love Uuuu,0,1757980800
KGmwOesEH2c,Leading Sustainable Change for Pakistan | Fatima Fertilizer in partnership with UNDP,20241027,Ugylz-YcOR06Jtce8Mt4AaABAg,no,@MSafdarGujjar-h7i,no,Great ❤,0,1757980800
KGmwOesEH2c,Leading Sustainable Change for Pakistan | Fatima Fertilizer in partnership with UNDP,20241027,Ugy_oaHGl9l4wTe-uUR4AaABAg,no,@NaeemHussain-ss1is,no,Great work 👍,1,1757980800
KGmwOesEH2c,Leading Sustainable Change for Pakistan | Fatima Fertilizer in partnership with UNDP,20241027,UgwVS_yGseI8_N7QIld4AaABAg,no,@Ejazkhanofficial77,no,Such a good initiative.. most of views in this video from my homeland Leepa valley ❤️,2,1757980800
KGmwOesEH2c,Leading Sustainable Change for Pakistan | Fatima Fertilizer in partnership with UNDP,20241027,Ugynw555oYhorQ9Qkz14AaABAg,no,@afiasalam,no,"❤Brilliant on the creative index, heartwarming on the promise it holds within it. Kudos Jami and team!",1,1757980800
KGmwOesEH2c,Leading Sustainable Change for Pakistan | Fatima Fertilizer in partnership with UNDP,20241027,UgyMtpMKp4BIm2lKC_V4AaABAg,no,@waseemkhan446,no,Awesome,1,1757980800
KGmwOesEH2c,Leading Sustainable Change for Pakistan | Fatima Fertilizer in partnership with UNDP,20241027,Ugw5aa6zOg0krY3dDl14AaABAg,no,@Bilsunscripted,no,Excellent initiative and video 👍🏻👍🏻,1,1757980800
KGmwOesEH2c,Leading Sustainable Change for Pakistan | Fatima Fertilizer in partnership with UNDP,20241027,UgwAI4hGOY-EbVvj2ld4AaABAg,no,@MuhammadHassan-np9uo,no,"What a beautiful and powerful video. Fatima group being first company is pakistan to officially adopt UNSDG framework is a big achievement. Happy to be part of this project. Working in the right direction at the very right time.
Future is for those who conserve it.",1,1757980800
KGmwOesEH2c,Leading Sustainable Change for Pakistan | Fatima Fertilizer in partnership with UNDP,20241027,UgxgVMOunRkWDc8oYeZ4AaABAg,no,@waqassajid1770,no,"""Loved watching this video! Sarsabz and UNDP's work is truly commendable. Your efforts are bringing positive change to the lives of Pakistani farmers. Keep it up!""",2,1757980800
KGmwOesEH2c,Leading Sustainable Change for Pakistan | Fatima Fertilizer in partnership with UNDP,20241027,Ugyll-47xa_OTJvr1wN4AaABAg,no,@ShafaatAshrafAwan,no,"""Absolutely breathtaking! 🌄💚 The scenic landscapes and lush rice fields of Kashmir are the perfect backdrop for this powerful message. It's wonderful to see these natural wonders showcased while leading sustainable change. 🌾🇵🇰",2,1757980800
KGmwOesEH2c,Leading Sustainable Change for Pakistan | Fatima Fertilizer in partnership with UNDP,20241027,UgyRDsGEpXYtLOwOr9R4AaABAg,no,@ShafaatAshrafAwan,no,Thank you for this incredible initiative! 🌍💚 Fatima Fertilizer and UNDP's partnership to promote sustainable agriculture is truly inspiring. It’s crucial to empower farmers with sustainable practices to address climate change and ensure food security. This is a wonderful step towards responsible agriculture and community development. Looking forward to seeing more progress and impact from this collaboration! 💪🚜,1,1757980800
KGmwOesEH2c,Leading Sustainable Change for Pakistan | Fatima Fertilizer in partnership with UNDP,20241027,UgwkfWPQsOCHi4uAgE94AaABAg,no,@mehreentaufiq3748,no,Great initiative and beautiful video!,1,1757980800
KGmwOesEH2c,Leading Sustainable Change for Pakistan | Fatima Fertilizer in partnership with UNDP,20241027,Ugxp5e7a6o6gTVUEYe94AaABAg,no,@rukhshindaabbas4819,no,Great initiative!!,2,1757980800
KGmwOesEH2c,Leading Sustainable Change for Pakistan | Fatima Fertilizer in partnership with UNDP,20241027,UgwTK4b2Ro_Jm-1lI9R4AaABAg,no,@MontuBahi-w7p,no,Good,2,1757980800
KGmwOesEH2c,Leading Sustainable Change for Pakistan | Fatima Fertilizer in partnership with UNDP,20241027,Ugys31uEkAARoDy8JnZ4AaABAg,no,@RabiaNaseer-s4s,no,Beautiful message and beautiful direction! So aesthetically pleasing! 🤩,2,1757980800
KGmwOesEH2c,Leading Sustainable Change for Pakistan | Fatima Fertilizer in partnership with UNDP,20241027,Ugy0u8L4fC3Qw5XBmA94AaABAg,no,@rmgarden,no,Amazing! Such a great initiative.,5,1757980800
KGmwOesEH2c,Leading Sustainable Change for Pakistan | Fatima Fertilizer in partnership with UNDP,20241027,Ugy0u8L4fC3Qw5XBmA94AaABAg.AA56z8VpH9gAA6S8IGnCf7,yes,@Sarsabz,yes,Thank you so much! 😊,0,1757980800
KGmwOesEH2c,Leading Sustainable Change for Pakistan | Fatima Fertilizer in partnership with UNDP,20241027,UgwH9p2cluviV9BSm-54AaABAg,no,@Agriologyworld,no,Appreciated work,2,1757980800
KGmwOesEH2c,Leading Sustainable Change for Pakistan | Fatima Fertilizer in partnership with UNDP,20241027,UgxTqtW1opnjr2b54s54AaABAg,no,@pkteawasfantastic27219,no,"Very Nice video Sarsabz  Fatima Fertilizer.
keep it up 👍👍👍💚",3,1757980800
KGmwOesEH2c,Leading Sustainable Change for Pakistan | Fatima Fertilizer in partnership with UNDP,20241027,UgxTqtW1opnjr2b54s54AaABAg.AA55nYBVfltAA6S6XR2_d1,yes,@Sarsabz,yes,Thank you 😊,1,1757980800
LC0NhNPU1Ic,Behind every meal is a farmer's hard work.,20251217,UgwrksVHQHjpSMbNgOp4AaABAg,no,@almaskamran3956,no,that's true ❤,0,1786838400
LC0NhNPU1Ic,Behind every meal is a farmer's hard work.,20251217,Ugwhy-OhLF6yv5vLnU94AaABAg,no,@MudassarMaddy737,no,Fantastic 😍,0,1776297600
LC0NhNPU1Ic,Behind every meal is a farmer's hard work.,20251217,Ugwhjp7jCDy8XhLLyKB4AaABAg,no,@SaminashahidShahid-t8y,no,♥️♥️♥️♥️♥️♥️♥️♥️♥️♥️♥️♥️♥️♥️😝😝😛😭😭,0,1776297600
LC0NhNPU1Ic,Behind every meal is a farmer's hard work.,20251217,UgxuFK7ahu_q7njlc854AaABAg,no,@Aitazazmughal01,no,#SalamKissan #SarsabzPakistan,1,1768521600
LC0NhNPU1Ic,Behind every meal is a farmer's hard work.,20251217,UgykL0lIN77SKLGb3rx4AaABAg,no,@Aitazazmughal01,no,💕,0,1768521600
LC0NhNPU1Ic,Behind every meal is a farmer's hard work.,20251217,UgwszqKGM-E_mI6QmnR4AaABAg,no,@Ghulam.512,no,Thank you🌹,0,1768521600
LC0NhNPU1Ic,Behind every meal is a farmer's hard work.,20251217,UgxxmSn470koUwjuJXt4AaABAg,no,@Ghulam.512,no,"Salam Kissan Sarsabz Pakistan 🇵🇰🌾

Dil se shukriya Pakistan ke mehnati kisanón ko  aap hi hamari zameen ki rooh aur mulk ki taqat ho. Aap ki mehnat se hamare gharon tak rozi pohanchti hai aur Pakistan sarsabz rehta hai.

Saath hi Sarsabz Fertilizer management ka bhi tahe-dil se shukriya, jo Kissan ko empower karne ke liye Kissan Day (18 Dec) jaise meaningful events ke zariye rehnumai, himmat aur support faraham kar rahe hain. Aap ki koshishen kisani ko mazid behtar aur mustahkam bana rahi hain.

Allah aap sab ki mehnat ko qabool kare aur Pakistan ko hamesha sarsabz o shaadab rakhe. 🌱🤲

#SalamKissan #SarsabzPakistan❤❤❤",1,1768521600
NluNk5dpZw0,Salam Kissan 2025 | Kissan Day 18th Dec | A Tribute to Farmers by Sarsabz Fertilizers,20251211,UgxLcJAXm9TpMRieo614AaABAg,no,@AsdfZcbb,no,🙏💖🌻💚💚💚🥥🦩🦩🌾🌾,0,1786838400
NluNk5dpZw0,Salam Kissan 2025 | Kissan Day 18th Dec | A Tribute to Farmers by Sarsabz Fertilizers,20251211,UgzbUf6DnjDL7d93utl4AaABAg,no,@almaskamran3956,no,outstanding ❤,0,1786838400
NluNk5dpZw0,Salam Kissan 2025 | Kissan Day 18th Dec | A Tribute to Farmers by Sarsabz Fertilizers,20251211,UgyfIdS_HDUoRH80WGB4AaABAg,no,@MudassarMaddy737,no,Well-done 👏,0,1776297600
NluNk5dpZw0,Salam Kissan 2025 | Kissan Day 18th Dec | A Tribute to Farmers by Sarsabz Fertilizers,20251211,UgwtDgYnqvWLQT2R7Ih4AaABAg,no,@Aitazazmughal01,no,Nice ❤❤❤,0,1768521600
NluNk5dpZw0,Salam Kissan 2025 | Kissan Day 18th Dec | A Tribute to Farmers by Sarsabz Fertilizers,20251211,UgxklEZ6VZzc1CHj1A14AaABAg,no,@Ghulam.512,no,"Salam Kissan Sarsabz Pakistan 🇵🇰🌾

Dil se shukriya Pakistan ke mehnati kisanón ko  aap hi hamari zameen ki rooh aur mulk ki taqat ho. Aap ki mehnat se hamare gharon tak rozi pohanchti hai aur Pakistan sarsabz rehta hai.

Saath hi Sarsabz Fertilizer management ka bhi tahe-dil se shukriya, jo Kissan ko empower karne ke liye Kissan Day (18 Dec) jaise meaningful events ke zariye rehnumai, himmat aur support faraham kar rahe hain. Aap ki koshishen kisani ko mazid behtar aur mustahkam bana rahi hain.

Allah aap sab ki mehnat ko qabool kare aur Pakistan ko hamesha sarsabz o shaadab rakhe. 🌱🤲

#SalamKissan #SarsabzPakistan",0,1768521600
NluNk5dpZw0,Salam Kissan 2025 | Kissan Day 18th Dec | A Tribute to Farmers by Sarsabz Fertilizers,20251211,UgyOGztkNxcOWCSnZ8F4AaABAg,no,@Ghulam.512,no,Thank you❤ Sarsabz ❤,0,1768521600
NluNk5dpZw0,Salam Kissan 2025 | Kissan Day 18th Dec | A Tribute to Farmers by Sarsabz Fertilizers,20251211,UgwhofMEGkVa2wrH8Wt4AaABAg,no,@Allahcreations99,no,"Salam kissan 
#salamkissan #sabzpakistan #fatimagroup",1,1765843200
NluNk5dpZw0,Salam Kissan 2025 | Kissan Day 18th Dec | A Tribute to Farmers by Sarsabz Fertilizers,20251211,UgyVx_CgVm2ULdRCd9R4AaABAg,no,@talayamehr,no,"Salam Kisan
#Sarsabz Pakistan 
#FatimaGroup",1,1765843200
PX7Lvjs639U,Salam Kissan | Kissan Day 18th Dec | A Tribute to Farmers by Sarsabz Fertilizer,20231210,UgynByxWX5rU0gCYhI54AaABAg,no,@reyangoraya635,no,😢😢😢,0,1771200000
PX7Lvjs639U,Salam Kissan | Kissan Day 18th Dec | A Tribute to Farmers by Sarsabz Fertilizer,20231210,UgzRNotYVkE6YdZNT1V4AaABAg,no,@MFazal-v6w,no,"Yoki

. N nl😊",0,1768521600
PX7Lvjs639U,Salam Kissan | Kissan Day 18th Dec | A Tribute to Farmers by Sarsabz Fertilizer,20231210,Ugy_ekQkzlkqBRQqQe54AaABAg,no,@AHYArmy,no,0:14 1⁰,0,1768521600
PX7Lvjs639U,Salam Kissan | Kissan Day 18th Dec | A Tribute to Farmers by Sarsabz Fertilizer,20231210,UgwbNSFAbwFDUGCpMQF4AaABAg,no,@MuhammadAslam-j6z1w,no,App  kissan Ka shukriya Asda Nahi Kar saktay Jo taqleef wooh utatha hay uss Ka madava app Nahi Kar saktay  UN ki maddath Karo UN say hamdardi Karo.,1,1768521600
PX7Lvjs639U,Salam Kissan | Kissan Day 18th Dec | A Tribute to Farmers by Sarsabz Fertilizer,20231210,Ugz9XDnvl6UUAdyfWDF4AaABAg,no,@KhalidMehmood-v9c,no,😊,1,1768521600
PX7Lvjs639U,Salam Kissan | Kissan Day 18th Dec | A Tribute to Farmers by Sarsabz Fertilizer,20231210,UgzjoBJmGjQtn2SbZvR4AaABAg,no,@mjmsupreme3438,no,Meray kisan meri jan ❤,0,1768521600
PX7Lvjs639U,Salam Kissan | Kissan Day 18th Dec | A Tribute to Farmers by Sarsabz Fertilizer,20231210,UgzGH3T2ByZUCwmu5vZ4AaABAg,no,@KashifHussain-fs7bh,no,❤❤❤❤❤❤,0,1768521600
PX7Lvjs639U,Salam Kissan | Kissan Day 18th Dec | A Tribute to Farmers by Sarsabz Fertilizer,20231210,Ugw5xk_0XhgCkrRW4W14AaABAg,no,@raeeskh99,no,Great kisan❤❤❤❤❤,1,1768521600
PX7Lvjs639U,Salam Kissan | Kissan Day 18th Dec | A Tribute to Farmers by Sarsabz Fertilizer,20231210,UgzuMNLyuUcAS5oy17N4AaABAg,no,@AnoshaMehmood-v3y,no,Gj😊,0,1768521600
PX7Lvjs639U,Salam Kissan | Kissan Day 18th Dec | A Tribute to Farmers by Sarsabz Fertilizer,20231210,UgwHjf_7vx7smtTSlJl4AaABAg,no,@Arshadhussainmughal-o1k,no,"A heartfelt tribute to our farmers—Sarsabz Fertilizer’s celebration of Kissan Day highlights the dedication, resilience, and vital role of farmers in driving the nation’s prosperity.",55,1768521600
PX7Lvjs639U,Salam Kissan | Kissan Day 18th Dec | A Tribute to Farmers by Sarsabz Fertilizer,20231210,Ugx18oSXyrIPypKX_OV4AaABAg,no,@EjazAli-6PNG,no,"سلام کسان 
سر سبز پاکستان",5,1768521600
PX7Lvjs639U,Salam Kissan | Kissan Day 18th Dec | A Tribute to Farmers by Sarsabz Fertilizer,20231210,UgwmeL4x0TLY8wQScWh4AaABAg,no,@UsmanAli-u4l,no,Love you farmers,1,1768521600
PX7Lvjs639U,Salam Kissan | Kissan Day 18th Dec | A Tribute to Farmers by Sarsabz Fertilizer,20231210,Ugzv89SomhF8jdXhift4AaABAg,no,@WaqarKhan-v9e,no,😅❤❤😂🎉😢Wapar❤😊😅😮,2,1768521600
PX7Lvjs639U,Salam Kissan | Kissan Day 18th Dec | A Tribute to Farmers by Sarsabz Fertilizer,20231210,UgwYOzvsovqx1pgL00J4AaABAg,no,@GodBlessYouAll-n3d,no,God Bless You All Framers ❤🙏,1,1768521600
PX7Lvjs639U,Salam Kissan | Kissan Day 18th Dec | A Tribute to Farmers by Sarsabz Fertilizer,20231210,UgxMkHhyo1ltWSua4_54AaABAg,no,@Dasi.looook,no,"Slam kissan❤
I am a farmer❤",1,1768521600
PX7Lvjs639U,Salam Kissan | Kissan Day 18th Dec | A Tribute to Farmers by Sarsabz Fertilizer,20231210,UgwtbNbvQMwxBP_XJzR4AaABAg,no,@ASADMalik-g6v,no,😢😢😢😢,0,1768521600
PX7Lvjs639U,Salam Kissan | Kissan Day 18th Dec | A Tribute to Farmers by Sarsabz Fertilizer,20231210,Ugxd5mKGNYSieuA-1ax4AaABAg,no,@NusratJahan-vf4kh,no,Salam kisan❤❤❤❤😊,1,1768521600
PX7Lvjs639U,Salam Kissan | Kissan Day 18th Dec | A Tribute to Farmers by Sarsabz Fertilizer,20231210,UgzCybPHr_IywJlHn-Z4AaABAg,no,@asadaliali-bl2sl,no,Happy kisan day❤,1,1768521600
PX7Lvjs639U,Salam Kissan | Kissan Day 18th Dec | A Tribute to Farmers by Sarsabz Fertilizer,20231210,UgzSkVyqeUtuczXgGCR4AaABAg,no,@Moosa-x8l,no,GMPakistansy,1,1768521600
PX7Lvjs639U,Salam Kissan | Kissan Day 18th Dec | A Tribute to Farmers by Sarsabz Fertilizer,20231210,UgzP5jQS7ijOkueaSCd4AaABAg,no,@mariatariq8868,no,Salam Kisan❤,1,1768521600
PX7Lvjs639U,Salam Kissan | Kissan Day 18th Dec | A Tribute to Farmers by Sarsabz Fertilizer,20231210,Ugw5KT7fAYxQhtWEw-x4AaABAg,no,@ImranAkram-i3h,no,A farmer is the back bone of our nation,7,1768521600
PX7Lvjs639U,Salam Kissan | Kissan Day 18th Dec | A Tribute to Farmers by Sarsabz Fertilizer,20231210,Ugz39kGxEdZ1txDXbPd4AaABAg,no,@MuhammadSafi-o6q,no,😅,0,1768521600
PX7Lvjs639U,Salam Kissan | Kissan Day 18th Dec | A Tribute to Farmers by Sarsabz Fertilizer,20231210,Ugzdad78HFhvNIEPe9V4AaABAg,no,@insafjoyia125,no,Sarsab and Fatima Group play a vital role for growth of Pakistan 🇵🇰 Farmers with their competitive prices,1,1768521600
PX7Lvjs639U,Salam Kissan | Kissan Day 18th Dec | A Tribute to Farmers by Sarsabz Fertilizer,20231210,UgwSV5nBPY_SzhG5u694AaABAg,no,@HEMABARBAK786,no,Qasem khuda ki inn kesanon ki wajah se aaj khushhal hai Pakistan salute ❤🌹,8,1768521600
PX7Lvjs639U,Salam Kissan | Kissan Day 18th Dec | A Tribute to Farmers by Sarsabz Fertilizer,20231210,UgwSV5nBPY_SzhG5u694AaABAg.AQrRkTkKsycAQsQalwKHPE,yes,@HEMABARBAK786,no,❤,1,1768521600
PX7Lvjs639U,Salam Kissan | Kissan Day 18th Dec | A Tribute to Farmers by Sarsabz Fertilizer,20231210,UgzclTpdmVo5X2VePjF4AaABAg,no,@thisisilyasraza,no,❤,0,1768521600
PX7Lvjs639U,Salam Kissan | Kissan Day 18th Dec | A Tribute to Farmers by Sarsabz Fertilizer,20231210,UgzwgGL2Kpo6WXMAk4p4AaABAg,no,@SamarChota,no,😊😊😊😊😊😊😊😊😊😊😊😊😊😊😊😊😊❤❤❤❤,0,1768521600
PX7Lvjs639U,Salam Kissan | Kissan Day 18th Dec | A Tribute to Farmers by Sarsabz Fertilizer,20231210,UgwCkEnZtlwPHmJFojh4AaABAg,no,@ZeeshanZaffer-n2f,no,Kisaan Zindaabad,1,1768521600
PX7Lvjs639U,Salam Kissan | Kissan Day 18th Dec | A Tribute to Farmers by Sarsabz Fertilizer,20231210,Ugwu4sz-eZLHSmHu-J54AaABAg,no,@saniashahid5668,no,Allah tallha apne hifzu eman mein rkhein Ameen sum e,2,1768521600
PX7Lvjs639U,Salam Kissan | Kissan Day 18th Dec | A Tribute to Farmers by Sarsabz Fertilizer,20231210,UgxuNcCEdbRQkItAaGB4AaABAg,no,@appleapple-wj7xu,no,❤,1,1768521600
PX7Lvjs639U,Salam Kissan | Kissan Day 18th Dec | A Tribute to Farmers by Sarsabz Fertilizer,20231210,UgzIUXdbIQuytom7QFZ4AaABAg,no,@watcheronly71,no,Actual people who are helping pakistan not politcians,0,1768521600
PX7Lvjs639U,Salam Kissan | Kissan Day 18th Dec | A Tribute to Farmers by Sarsabz Fertilizer,20231210,UgyAas4G1ZJlDIidH3J4AaABAg,no,@AlliArbab,no,"😅 
0:16",1,1768521600
PX7Lvjs639U,Salam Kissan | Kissan Day 18th Dec | A Tribute to Farmers by Sarsabz Fertilizer,20231210,UgzUnko9mWOCOuoIU3F4AaABAg,no,@ahmedsunghaar6222,no,پاکستان میں بڑے بڑے دسترخوان سجانے والے کبھی غریب کسان کو حق نہیں دیتے اور نہ دلاتے۔ کسان کے بچے پیٹ بھر کر کھانا نہیں کھا سکتے۔ ھنود ان پر مسلط ھیں۔ اللہ تعالیٰ کے علاؤہ کو ئ ان کا وارث نہیں۔  نہ جج نہ جرنیل اور نہ کوئ سیاستدان ۔,1,1768521600
PX7Lvjs639U,Salam Kissan | Kissan Day 18th Dec | A Tribute to Farmers by Sarsabz Fertilizer,20231210,Ugz0PBQLBZgnGz1dF6Z4AaABAg,no,@AliShair-w9f2g,no,Pó,1,1768521600
PX7Lvjs639U,Salam Kissan | Kissan Day 18th Dec | A Tribute to Farmers by Sarsabz Fertilizer,20231210,Ugw_PK2PJozdBFIxykJ4AaABAg,no,@ahsanmughal51214,no,Salam Kissan ❤,11,1765843200
PX7Lvjs639U,Salam Kissan | Kissan Day 18th Dec | A Tribute to Farmers by Sarsabz Fertilizer,20231210,UgzcYMTPp7sKtjNtlxR4AaABAg,no,@ahsanmughal51214,no,Love sarsabz ❤,27,1765843200
PX7Lvjs639U,Salam Kissan | Kissan Day 18th Dec | A Tribute to Farmers by Sarsabz Fertilizer,20231210,UgyHxXdC_uUNlPHeUHV4AaABAg,no,@MsSomia-x5y,no,Salam pakistan ❤,17,1765843200
PX7Lvjs639U,Salam Kissan | Kissan Day 18th Dec | A Tribute to Farmers by Sarsabz Fertilizer,20231210,UgyboJqgkTobveMI01x4AaABAg,no,@hirakhalil1549,no,❤,2,1765843200
PX7Lvjs639U,Salam Kissan | Kissan Day 18th Dec | A Tribute to Farmers by Sarsabz Fertilizer,20231210,UgzjOwwoEaTvmwE0Wyx4AaABAg,no,@MuhammadHussain48GD,no,"M, Hussain",7,1765843200
PX7Lvjs639U,Salam Kissan | Kissan Day 18th Dec | A Tribute to Farmers by Sarsabz Fertilizer,20231210,UgyZSlZmpiJq_eHQLct4AaABAg,no,@funnyvideoall4592,no,Great farmers,2,1765843200
PX7Lvjs639U,Salam Kissan | Kissan Day 18th Dec | A Tribute to Farmers by Sarsabz Fertilizer,20231210,UgzQRiPPA3NFSK1tEX14AaABAg,no,@FarhanShah-f1p3r,no,Farh❤🇦🇪🥃🍺🍻🥂🥛🍾🍿🍬🍭🫕🫔,0,1765843200
PX7Lvjs639U,Salam Kissan | Kissan Day 18th Dec | A Tribute to Farmers by Sarsabz Fertilizer,20231210,UgzeP2GbjrFu6KzRNnd4AaABAg,no,@FarhanShah-f1p3r,no,❤🇦🇪🕊️,6,1765843200
PX7Lvjs639U,Salam Kissan | Kissan Day 18th Dec | A Tribute to Farmers by Sarsabz Fertilizer,20231210,Ugwx-6kMrcaZ_40am6F4AaABAg,no,@Munilstudypoint,no,Allah ❤❤❤❤❤❤ hai,0,1757980800
PX7Lvjs639U,Salam Kissan | Kissan Day 18th Dec | A Tribute to Farmers by Sarsabz Fertilizer,20231210,UgzGDtFrHqnBcLn42v14AaABAg,no,@TanveerShab-m5y,no,Bout acha laga❤❤,0,1757980800
PX7Lvjs639U,Salam Kissan | Kissan Day 18th Dec | A Tribute to Farmers by Sarsabz Fertilizer,20231210,Ugyc4dtBZzXL02IfTot4AaABAg,no,@Dodearmoiz,no,Mashallah Subhan Allah Bohat Zabardast Promo banaya hai 🎉❤,1,1757980800
PX7Lvjs639U,Salam Kissan | Kissan Day 18th Dec | A Tribute to Farmers by Sarsabz Fertilizer,20231210,Ugwf7SSplV9Yy_EXHwl4AaABAg,no,@shazia6933,no,Tribute to Pakistan Kisaan Team! 🎉,0,1757980800
PX7Lvjs639U,Salam Kissan | Kissan Day 18th Dec | A Tribute to Farmers by Sarsabz Fertilizer,20231210,UgzJaURaXgqJp02_aUF4AaABAg,no,@kalsoomx-23,no,Thank you to all farmers and their families who never give up .were proud of you ❤,4,1757980800
PX7Lvjs639U,Salam Kissan | Kissan Day 18th Dec | A Tribute to Farmers by Sarsabz Fertilizer,20231210,UgyLWxhLDTAg2Gv0fZt4AaABAg,no,@RajaTahir-v3i,no,Assalam walekum,2,1757980800
PX7Lvjs639U,Salam Kissan | Kissan Day 18th Dec | A Tribute to Farmers by Sarsabz Fertilizer,20231210,UgxYl0Jjej5ztGnUXF94AaABAg,no,@Ali-xw7kh,no,All formers  ko slaam ❤,1,1757980800
PX7Lvjs639U,Salam Kissan | Kissan Day 18th Dec | A Tribute to Farmers by Sarsabz Fertilizer,20231210,Ugx5N1cOVMrSW1u_Hi94AaABAg,no,@MuhammadUsman-s8e3d,no,Salam hai kisan bhayon ko jo din rat mehnat ker k hamaray liye Anwao Iqsam ka anaj muhayya kertay hai.,0,1757980800
PX7Lvjs639U,Salam Kissan | Kissan Day 18th Dec | A Tribute to Farmers by Sarsabz Fertilizer,20231210,UgxUliQrt9qhMsGCWGh4AaABAg,no,@Muslimtoday-s4b,no,"Agricultural land should be kept away from construction .Due to construction,agricultural benefits are decreasing yearly",0,1757980800
PX7Lvjs639U,Salam Kissan | Kissan Day 18th Dec | A Tribute to Farmers by Sarsabz Fertilizer,20231210,UgwAbavfMSa-reB9NmZ4AaABAg,no,@Muslimtoday-s4b,no,Our farmer our future and life.Government should assist them financially,1,1757980800
PX7Lvjs639U,Salam Kissan | Kissan Day 18th Dec | A Tribute to Farmers by Sarsabz Fertilizer,20231210,UgxOyqRLK26kf5Vdr7J4AaABAg,no,@maliknaeem9202,no,❤❤❤❤❤,0,1757980800
PX7Lvjs639U,Salam Kissan | Kissan Day 18th Dec | A Tribute to Farmers by Sarsabz Fertilizer,20231210,Ugw4zJBLXLKMX2IZHwJ4AaABAg,no,@maliknaeem9202,no,Allah Pak kisanon ki lambi Umra Karen Kisan Hai To Hamen Kisan Nahin To Ham Bhi Nahin Allah Pak ki lambi Umra Karen❤❤❤🎉🎉,1,1757980800
PX7Lvjs639U,Salam Kissan | Kissan Day 18th Dec | A Tribute to Farmers by Sarsabz Fertilizer,20231210,UgyWIieeU_VSKfOzNDF4AaABAg,no,@MrZahid-d1b,no,Wow 😳,1,1757980800
PX7Lvjs639U,Salam Kissan | Kissan Day 18th Dec | A Tribute to Farmers by Sarsabz Fertilizer,20231210,Ugw2nAKiHn1fnSt7BpJ4AaABAg,no,@naheedtahir7661,no,Love Allah 🎉❤ Love محمد صلى الله عليه واله وسلم❤🎉 Love pakistan 🎉❤ Love parents 🎉❤Love humans 🎉❤,9,1757980800
PX7Lvjs639U,Salam Kissan | Kissan Day 18th Dec | A Tribute to Farmers by Sarsabz Fertilizer,20231210,Ugx4WRbKrl30uc-TW754AaABAg,no,@zehratalpur2345,no,❤,1,1757980800
PX7Lvjs639U,Salam Kissan | Kissan Day 18th Dec | A Tribute to Farmers by Sarsabz Fertilizer,20231210,UgxLBfI-hdTFqnwOgad4AaABAg,no,@sunieelBhatti-sahyri,no,❤❤❤❤❤🎉🎉🎉🎉,1,1757980800
PX7Lvjs639U,Salam Kissan | Kissan Day 18th Dec | A Tribute to Farmers by Sarsabz Fertilizer,20231210,UgxLBfI-hdTFqnwOgad4AaABAg.ACBN3VYY8LjACBOLTZhDue,yes,@sunieelBhatti-sahyri,no,❤❤❤❤❤,0,1757980800
PX7Lvjs639U,Salam Kissan | Kissan Day 18th Dec | A Tribute to Farmers by Sarsabz Fertilizer,20231210,UgwvjHuBwcOrPhCw9Zt4AaABAg,no,@AliAhmad-kv1eb,no,Thank you,1,1757980800
PX7Lvjs639U,Salam Kissan | Kissan Day 18th Dec | A Tribute to Farmers by Sarsabz Fertilizer,20231210,Ugye4BRjIkVaJyiUvl54AaABAg,no,@JunaidJamshaid-hp7vi,no,Thank u so Mach Kisan,0,1757980800
PX7Lvjs639U,Salam Kissan | Kissan Day 18th Dec | A Tribute to Farmers by Sarsabz Fertilizer,20231210,UgzEfqbbCXssIQxBXOB4AaABAg,no,@JunaidJamshaid-hp7vi,no,I love kisan,0,1757980800
PX7Lvjs639U,Salam Kissan | Kissan Day 18th Dec | A Tribute to Farmers by Sarsabz Fertilizer,20231210,UgzhsGa4gpvmh6h6U6N4AaABAg,no,@AyaatKhan-w1y,no,Assalam walekum Baki yaar bilkul sahi baat hai kisan hi hamare read ki haddi Hain,1,1757980800
PX7Lvjs639U,Salam Kissan | Kissan Day 18th Dec | A Tribute to Farmers by Sarsabz Fertilizer,20231210,Ugx1rngKI0N_V9Dgost4AaABAg,no,@IslamicHeritageHub786,no,Happy farmer's day,1,1757980800
PX7Lvjs639U,Salam Kissan | Kissan Day 18th Dec | A Tribute to Farmers by Sarsabz Fertilizer,20231210,UgxWkjCrVBpkf8HI3RV4AaABAg,no,@Mohsin-u2q,no,❤❤❤❤❤❤❤❤❤❤❤,0,1757980800
PX7Lvjs639U,Salam Kissan | Kissan Day 18th Dec | A Tribute to Farmers by Sarsabz Fertilizer,20231210,Ugx7jI5O5znfLaUrjFN4AaABAg,no,@JahangerJahanger-l6h,no,Sunarooh Rajput iko sarkar tee iko hee so sarkaran Jo iko hee raaj kandaea so sarkar nam Jo so Rajput sonarooh,0,1757980800
PX7Lvjs639U,Salam Kissan | Kissan Day 18th Dec | A Tribute to Farmers by Sarsabz Fertilizer,20231210,Ugx7cQfbRO2l219S4JV4AaABAg,no,@FareedWork,no,Nice to work,1,1757980800
PX7Lvjs639U,Salam Kissan | Kissan Day 18th Dec | A Tribute to Farmers by Sarsabz Fertilizer,20231210,UgxUloZRZ3NyBFnrMVp4AaABAg,no,@GharKaBaghofficial,no,☹️❤️❤️❤️💞,0,1757980800
PX7Lvjs639U,Salam Kissan | Kissan Day 18th Dec | A Tribute to Farmers by Sarsabz Fertilizer,20231210,UgyXtlkD27vMKiclq9Z4AaABAg,no,@PrveenSandhu-tb2vx,no,Allah pak sab kesano ku hamesha salamat rakhe ameen soma ameen 🌳🌳🌴🌳🌴🌳🌴🌳🌴🌳🌴🌳🌴🌳🌴🌳🌴🌳🌴🌳,0,1757980800
PX7Lvjs639U,Salam Kissan | Kissan Day 18th Dec | A Tribute to Farmers by Sarsabz Fertilizer,20231210,UgwufEr916OyGH5wo4V4AaABAg,no,@PrveenSandhu-tb2vx,no,Mashaallah mashaallah mashaallah ⭐⭐⭐🌳🌳🌳🌳🌴🌳🌴🌳🌴🌳🌴🌳🌴🌳🌴🌳🌴🌳🌴🌳🌴,2,1757980800
PX7Lvjs639U,Salam Kissan | Kissan Day 18th Dec | A Tribute to Farmers by Sarsabz Fertilizer,20231210,Ugz7k0mu8P94IvWNenR4AaABAg,no,@gulaharaloch7364,no,the farmers working very hard so help his,0,1757980800
PX7Lvjs639U,Salam Kissan | Kissan Day 18th Dec | A Tribute to Farmers by Sarsabz Fertilizer,20231210,UgyXJuinGH9PEGAgIIJ4AaABAg,no,@punjabiyanpk,no,"Salam sarsabs or thanks sarsbas Kisi ne TU kisan ki mushkalat ko samjha 
Tribute to Kisan
Salam kisan 
Kisan day",4,1757980800
PX7Lvjs639U,Salam Kissan | Kissan Day 18th Dec | A Tribute to Farmers by Sarsabz Fertilizer,20231210,UgxcR8cGTg37PLV66bN4AaABAg,no,@rubabkazmi3491,no,"❤ kissan Day banana aik zaberdast iqdam hay.Dosto jiss per 1947 Kay agaz main Land reforms ka agenda Quaid Azam lay kar asy thay.Aaj hum Kahan hoy iss per ammal kia hota.Abhi bhi waqat hay Land reforms kar Kay awam ko moqa do zarat main taraqi Kay liay.1947 masawat kee bunyad per APNA sab Kuch choor kar asy thay.Reforms Kay bad coprative society china model ikhtiar karain jab hum apni asli Manzil tak pohanch pain gey .Dunya main zarat main bay inteha taraqi hooi hay.uss ko apnayy baghair taasub Kay.
Yeh hay Quaid Azam ka Pakistan.Bhai bunyadain Sahi kartay jaain Allah madad Kary ga.Zarai Inqlab Lain Lands Reforms kar Kay. Pakistan zindabad.
Regards
Syed Riaz Ali Khan",1,1757980800
PX7Lvjs639U,Salam Kissan | Kissan Day 18th Dec | A Tribute to Farmers by Sarsabz Fertilizer,20231210,UgxrDdsC2ThMrfUUTw94AaABAg,no,@MuhammadTaha-lv7lj,no,Sindh zindabad❤,0,1757980800
PX7Lvjs639U,Salam Kissan | Kissan Day 18th Dec | A Tribute to Farmers by Sarsabz Fertilizer,20231210,UgzqQFJfnyCs9YDRIHF4AaABAg,no,@humanist9347,no,Happy Farmers Day,1,1757980800
PX7Lvjs639U,Salam Kissan | Kissan Day 18th Dec | A Tribute to Farmers by Sarsabz Fertilizer,20231210,UgySpfwrwonLIuYhycp4AaABAg,no,@MuhammadEjaz-p7y,no,Farmar of Pakistan and good fertilizer company thank with pk,6,1757980800
PX7Lvjs639U,Salam Kissan | Kissan Day 18th Dec | A Tribute to Farmers by Sarsabz Fertilizer,20231210,UgxY8lOgyzxwG1wivu94AaABAg,no,@UnvcU667,no,❤❤❤❤❤,0,1757980800
PX7Lvjs639U,Salam Kissan | Kissan Day 18th Dec | A Tribute to Farmers by Sarsabz Fertilizer,20231210,UgwDyj75ZasVti7A95d4AaABAg,no,@UnvcU667,no,❤❤❤❤❤❤❤❤❤❤,0,1757980800
PX7Lvjs639U,Salam Kissan | Kissan Day 18th Dec | A Tribute to Farmers by Sarsabz Fertilizer,20231210,UgyVrxNg4t4ei87fL394AaABAg,no,@muhammdmz,no,🌼🌹🍀🌿🌳🌲🌴🌱👌,0,1757980800
PX7Lvjs639U,Salam Kissan | Kissan Day 18th Dec | A Tribute to Farmers by Sarsabz Fertilizer,20231210,UgwC9D6C2Mh2AadmSPR4AaABAg,no,@worldwithfarman,no,"Ma sha ALLAH, they are super hero",1,1757980800
PX7Lvjs639U,Salam Kissan | Kissan Day 18th Dec | A Tribute to Farmers by Sarsabz Fertilizer,20231210,UgxbkH1Ymk3paWe9SxR4AaABAg,no,@shkeeldonshkeeldon,no,❤❤❤hi❤❤❤❤,2,1757980800
PX7Lvjs639U,Salam Kissan | Kissan Day 18th Dec | A Tribute to Farmers by Sarsabz Fertilizer,20231210,UgwxZHiajVwQbNqVWTt4AaABAg,no,@DrSalman-v6p,no,Heart touching amazing songs jitni bar Suno Dil hee nhy bharta  tear my eyes,2,1757980800
PX7Lvjs639U,Salam Kissan | Kissan Day 18th Dec | A Tribute to Farmers by Sarsabz Fertilizer,20231210,UgxjxPf89IG70ndgGjt4AaABAg,no,@saadiakhurram6271,no,Good effort,1,1757980800
PX7Lvjs639U,Salam Kissan | Kissan Day 18th Dec | A Tribute to Farmers by Sarsabz Fertilizer,20231210,UgwzTgyN1d2kA7bv2tt4AaABAg,no,@PrinceKhan-ls3vw,no,❤❤❤,0,1757980800
PX7Lvjs639U,Salam Kissan | Kissan Day 18th Dec | A Tribute to Farmers by Sarsabz Fertilizer,20231210,UgyakEJeizKJ9dUIDC94AaABAg,no,@wahibahmed5644,no,Nyce,0,1757980800
PX7Lvjs639U,Salam Kissan | Kissan Day 18th Dec | A Tribute to Farmers by Sarsabz Fertilizer,20231210,Ugy-hA9fl1D7LnwB6JR4AaABAg,no,@zoyaali7810,no,#Salamkissan ❤,1,1757980800
PX7Lvjs639U,Salam Kissan | Kissan Day 18th Dec | A Tribute to Farmers by Sarsabz Fertilizer,20231210,UgwF6_--iT5AwOsXO3V4AaABAg,no,@shahzad3014,no,❤❤❤,0,1757980800
PX7Lvjs639U,Salam Kissan | Kissan Day 18th Dec | A Tribute to Farmers by Sarsabz Fertilizer,20231210,UgyA49THgcZyVxkuzDd4AaABAg,no,@dostYouTubeper,no,🥰🥰🥰🥰🥰😍🙋,0,1757980800
PX7Lvjs639U,Salam Kissan | Kissan Day 18th Dec | A Tribute to Farmers by Sarsabz Fertilizer,20231210,UgwBTdZ0BuBkgR7n3ud4AaABAg,no,@KinzaKhan-ud4bm,no,سرسبز کھاد پاؤ ۔۔تے خوشحال ہو جاؤ 🥰🥰🥰,0,1726444800
PX7Lvjs639U,Salam Kissan | Kissan Day 18th Dec | A Tribute to Farmers by Sarsabz Fertilizer,20231210,UgzafXIFDqMuP7YH6Yx4AaABAg,no,@asgamers4835,no,Thank you Sarsabz Fertilizer for this amazing gift i received today once again thanks your company is best for farmers .❤❤❤,37,1726444800
PX7Lvjs639U,Salam Kissan | Kissan Day 18th Dec | A Tribute to Farmers by Sarsabz Fertilizer,20231210,Ugz-z8R-VUtFyG8BYk14AaABAg,no,@IMRANxSIGMA,no,"کسان کی خوشیاں تب ہی ممکن ہے جب ہم سب ان کےبارے میں سوچ اچھی رکھے گئے ہم یہ سمجھتے ہے کہ کسان نے اپنی فصل بیچ کر کافی رقم لی ہے مگر اس کے پیچھے اس ک دن رات کی محنت ہوتی ہے لہذا ہم کو اس بات کا خیال رکھنا ضروری ہے کہ ہم اپنی ضرورت کے مطابق اجناس استمعال کریں
کسان زندہ ہم زندہ کسان خوشحال پاکستان خوشحال",0,1726444800
PX7Lvjs639U,Salam Kissan | Kissan Day 18th Dec | A Tribute to Farmers by Sarsabz Fertilizer,20231210,UgyWOJ2DocRR3Ygwje94AaABAg,no,@waqassajid1770,no,"#Tags (#SalamKissan #KissanDay #SarsabzPakistan  
Watching a farmer's hard work instills a profound emption in a person, Something that word's can't fully express.their tireless labour in the sun,love for the land,all reflect on their faces through smile and a sense of respect.Farmers are empathetic and diligent worker's,whose sacrifices provide sustence for all over lives.",1,1726444800
PX7Lvjs639U,Salam Kissan | Kissan Day 18th Dec | A Tribute to Farmers by Sarsabz Fertilizer,20231210,Ugxe3eHy9o7UhNpEDjt4AaABAg,no,@abdulmutaal6487,no,"Salam Pakistan,  Salam kissan",1,1726444800
PX7Lvjs639U,Salam Kissan | Kissan Day 18th Dec | A Tribute to Farmers by Sarsabz Fertilizer,20231210,UgxGiuLj_mCjfJpI9CV4AaABAg,no,@abdulmutaal6487,no,👍,1,1726444800
PX7Lvjs639U,Salam Kissan | Kissan Day 18th Dec | A Tribute to Farmers by Sarsabz Fertilizer,20231210,Ugyvpq9dqqeGNRstq5h4AaABAg,no,@abdulmutaal6487,no,Salam kisann,1,1726444800
PX7Lvjs639U,Salam Kissan | Kissan Day 18th Dec | A Tribute to Farmers by Sarsabz Fertilizer,20231210,UgymyffUmKfil2Tihbt4AaABAg,no,@SaimaAdnanAli,no,We salute to all farmers,1,1726444800
PX7Lvjs639U,Salam Kissan | Kissan Day 18th Dec | A Tribute to Farmers by Sarsabz Fertilizer,20231210,UgzP07o_OpPCEhK-6u94AaABAg,no,@SaimaAdnanAli,no,Great 👍😊,2,1726444800
PX7Lvjs639U,Salam Kissan | Kissan Day 18th Dec | A Tribute to Farmers by Sarsabz Fertilizer,20231210,Ugwx-PuEliiMxFo-rCZ4AaABAg,no,@SaimaAdnanAli,no,Woow,0,1726444800
PX7Lvjs639U,Salam Kissan | Kissan Day 18th Dec | A Tribute to Farmers by Sarsabz Fertilizer,20231210,UgwI7-B6QdHXHMsf23V4AaABAg,no,@saimaadnan4228,no,Amazing,1,1726444800
PX7Lvjs639U,Salam Kissan | Kissan Day 18th Dec | A Tribute to Farmers by Sarsabz Fertilizer,20231210,Ugys0_EQF7Sw516E-t14AaABAg,no,@saimaadnan4228,no,Great 👍,8,1726444800
PX7Lvjs639U,Salam Kissan | Kissan Day 18th Dec | A Tribute to Farmers by Sarsabz Fertilizer,20231210,Ugw7zPB_m07kQepL9AV4AaABAg,no,@ALIHAMZA-kb4tz,no,You're doing great ❤,5,1726444800
PX7Lvjs639U,Salam Kissan | Kissan Day 18th Dec | A Tribute to Farmers by Sarsabz Fertilizer,20231210,UgyetJ5KrVdiVggEpkh4AaABAg,no,@TahirAbbas-c4k,no,❤❤❤❤❤❤,0,1726444800
PX7Lvjs639U,Salam Kissan | Kissan Day 18th Dec | A Tribute to Farmers by Sarsabz Fertilizer,20231210,UgyNpmDtAFZoQNNF-jp4AaABAg,no,@talaltalks,no,"Awesome Video. Loved it 😍

#SalamKissan #SarsabzPakistan #KissanDay",5,1726444800
PX7Lvjs639U,Salam Kissan | Kissan Day 18th Dec | A Tribute to Farmers by Sarsabz Fertilizer,20231210,UgwMniftXfPGYvbx8o14AaABAg,no,@AsifAli41424,no,"It is really impressive because everything in the flood was lost and some people also became abusive. It is affected by them to go through the sea of difficulties but they do not lose hope. As well as the digital aspects of the Sarsz created a large number of reliefs. High output e.g. 10% additional sports plays in farmers' life and their well-role. For the farmers, a day hates to celebrate the head that reminds their efforts that return the cord of our country.#sarsabKissan",4,1726444800
PX7Lvjs639U,Salam Kissan | Kissan Day 18th Dec | A Tribute to Farmers by Sarsabz Fertilizer,20231210,Ugw2idgo9CuDhjvzQXl4AaABAg,no,@Rayhan.2.6.6.8,no,Love from Bangladesh 🤗❤,1,1726444800
PX7Lvjs639U,Salam Kissan | Kissan Day 18th Dec | A Tribute to Farmers by Sarsabz Fertilizer,20231210,UgxzPo0gwAhXaOGXUIp4AaABAg,no,@Asifpathan8890,no,"Sir results announcement kb hogi
#sarsabzkissan",1,1726444800
PX7Lvjs639U,Salam Kissan | Kissan Day 18th Dec | A Tribute to Farmers by Sarsabz Fertilizer,20231210,UgxkOWridoUZh6RSrS14AaABAg,no,@faizanali.94,no,"As we know that Pakistan is one of the biggest agricultural country but some people/builders are converting their lands into commercial purpose due to short cut to become biggest richer which is the affecting of shortage of foods so please arrange a awareness program to keep in mind to save our country and their assets.

Regards,",0,1726444800
PX7Lvjs639U,Salam Kissan | Kissan Day 18th Dec | A Tribute to Farmers by Sarsabz Fertilizer,20231210,UgzYFSRE_FCTaRozI0V4AaABAg,no,@muhammaddanyal4799,no,"It is really impressive because everything was lost in the flood and some people even became abusive.  They are inspired to go through a sea of ​​difficulties but they do not lose hope.  Along with this hope, the digital aspects of SARS have created a large number of reliefs.  High yield E.G.  An additional 10% plays an important role in the lives of farmers and their well-being.  A day for farmers to celebrate Sarsis hates to remember their efforts that return the backbone of our country's economy.
#SarsabzPakistan #SarsabzKahani",3,1726444800
PX7Lvjs639U,Salam Kissan | Kissan Day 18th Dec | A Tribute to Farmers by Sarsabz Fertilizer,20231210,UgzYFSRE_FCTaRozI0V4AaABAg.9z9Q4nhoC6A9zLQiX8kzlM,yes,@LalZaman-dc4zu,no,Nice,0,1726444800
PX7Lvjs639U,Salam Kissan | Kissan Day 18th Dec | A Tribute to Farmers by Sarsabz Fertilizer,20231210,UgwWIMcUTHgOjECF2ZJ4AaABAg,no,@muhammaddanyal4799,no,"کسان ہمارے معاشرے کی ریڑھ کی ہڈی ہیں۔ وہی ہیں جو ہمیں وہ تمام کھانا مہیا کرتے ہیں جو ہم کھاتے ہیں۔ نتیجتاً ملک کی پوری آبادی کا انحصار کسانوں پر ہے۔ چاہے وہ سب سے چھوٹا ملک ہو یا بڑا ملک ان کی وجہ سے ہی ہم کرہ ارض پر رہنے کے قابل ہیں۔ اس طرح کسان دنیا کے اہم ترین لوگ ہیں۔ کسانوں کی اتنی اہمیت کے با وجود ان کے پاس مناسب زندگی نہیں ہے۔


#sarsabz

#Sarsabzkissan",3,1726444800
PX7Lvjs639U,Salam Kissan | Kissan Day 18th Dec | A Tribute to Farmers by Sarsabz Fertilizer,20231210,UgwWIMcUTHgOjECF2ZJ4AaABAg.9z7tmdC5rAG9zKxqp11FeN,yes,@ZeeshanKhan-dt9jb,no,Nice 👍,1,1726444800
PX7Lvjs639U,Salam Kissan | Kissan Day 18th Dec | A Tribute to Farmers by Sarsabz Fertilizer,20231210,UgwWIMcUTHgOjECF2ZJ4AaABAg.9z7tmdC5rAG9zL2c-P9RrE,yes,@muhammaddanyal4799,no,@ZeeshanKhan-dt9jb  thanks,1,1726444800
PX7Lvjs639U,Salam Kissan | Kissan Day 18th Dec | A Tribute to Farmers by Sarsabz Fertilizer,20231210,UgxPTKA7TAb_2uj76r94AaABAg,no,@kiranrajput6894,no,"Narrated Anas bin Malik:
Allah's Apostle said, ""There is none amongst the Muslims who plants a tree or sows seeds, and then a bird, or a person or an animal eats from it, but is regarded as a charitable gift for him.""
  Slam kisan 
Salam sarsabz pakistan.",1,1726444800
PX7Lvjs639U,Salam Kissan | Kissan Day 18th Dec | A Tribute to Farmers by Sarsabz Fertilizer,20231210,UgyeULzgDFwVkEdYWv54AaABAg,no,@Falak_Sher_Ahmad,no,"A farmer is a magician who produces money from mud.and Agriculture is the most healthful most useful and most noble employment of a farmer. 
my deep respect for the land and it's harvest is the legacy of generation of farmers who put food on our tables preserved our landscape  and inspire us with a powerfull work ethic.salam kisan 
Salam sarsabz Pakistan.
#FatimaGroup #Sarsabz #SalamKisaan",0,1726444800
PX7Lvjs639U,Salam Kissan | Kissan Day 18th Dec | A Tribute to Farmers by Sarsabz Fertilizer,20231210,UgxZsZ8kNs1e3vIQd-B4AaABAg,no,@ahmadfalak5355,no,"Once in your lif need doctor, a lawyer, a policeman and a preacher, but everyday three times a day, you need a farmer.

#SalamKisan #FatimaGroup #SarsabzPakistan",0,1726444800
PX7Lvjs639U,Salam Kissan | Kissan Day 18th Dec | A Tribute to Farmers by Sarsabz Fertilizer,20231210,Ugwy3MvlDJGh1J61bqt4AaABAg,no,@nayabfalak2122,no,"Our deep respect for the land and its harvest is the legacy of generations of farmers who put food on our tables, preserved our landscape, and inspired us with a powerful work ethic.

#SalamKisan #FatimaGroup #SarsabzPakistan",12,1726444800
PX7Lvjs639U,Salam Kissan | Kissan Day 18th Dec | A Tribute to Farmers by Sarsabz Fertilizer,20231210,UgyiyQEYd0jlPEU4P9J4AaABAg,no,@muhammaddanyal4799,no,سرسبز نے ایک بار پھر معاشرے میں کسانوں کی اہمیت کو اجاگر کیا۔ ان کی انتھک کوششوں کے بغیر، ہمیں روزمرہ کی ضروری اشیاء کی شدید قلت کا سامنا کرنا پڑے گا۔ سرسبز کو شاباش,2,1726444800
PX7Lvjs639U,Salam Kissan | Kissan Day 18th Dec | A Tribute to Farmers by Sarsabz Fertilizer,20231210,Ugz2cfzNfg0KJsKhrDl4AaABAg,no,@muhammaddanyal4799,no,"کسان ہمارے معاشرے کی ریڑھ کی ہڈی ہیں۔ وہی ہیں جو ہمیں وہ تمام کھانا مہیا کرتے ہیں جو ہم کھاتے ہیں۔ نتیجتاً ملک کی پوری آبادی کا انحصار کسانوں پر ہے۔ چاہے وہ سب سے چھوٹا ملک ہو یا بڑا ملک ان کی وجہ سے ہی ہم کرہ ارض پر رہنے کے قابل ہیں۔ اس طرح کسان دنیا کے اہم ترین لوگ ہیں۔ کسانوں کی اتنی اہمیت کے با وجود ان کے پاس مناسب زندگی نہیں ہے۔


#sarsabz

#Sarsabzkissan",2,1726444800
PX7Lvjs639U,Salam Kissan | Kissan Day 18th Dec | A Tribute to Farmers by Sarsabz Fertilizer,20231210,UgxiHSG7m4W0Sm6AOot4AaABAg,no,@sarahbalochkajahan2022,no,You all the very farmers are actually so very amazing as well as so very wonderful that you all actually work so very selflessly as well as so very compassionately so that we all you can actually provide us with all that very food which is very much a basic necessity for our very survival. Thanksgiving to all farmers. Following as Sarah Baloch,1,1726444800
PX7Lvjs639U,Salam Kissan | Kissan Day 18th Dec | A Tribute to Farmers by Sarsabz Fertilizer,20231210,UgxYRsS64gfvep7H06p4AaABAg,no,@Uniguething749,no,Good luck 🤞,1,1726444800
PX7Lvjs639U,Salam Kissan | Kissan Day 18th Dec | A Tribute to Farmers by Sarsabz Fertilizer,20231210,UgxlMuc6lvN6JB-0Ukt4AaABAg,no,@ghulammurtazapanhwer8166,no,"@Sarsabz    CONGRATULATIONS 
HAPPY 100K 🎉🎉🎉🎉🎉🎉🎉🎉🎉🎉❤❤❤❤❤❤❤❤❤❤❤❤❤❤❤
INSHALLAH I BIGGEST WISH TO WIN.",3,1726444800
PX7Lvjs639U,Salam Kissan | Kissan Day 18th Dec | A Tribute to Farmers by Sarsabz Fertilizer,20231210,Ugy3wf3vskNBNbIAG6t4AaABAg,no,@Ayanali-ch3kx2ig5v,no,"کسان ہمارے معاشرے کی ریڑھ کی ہڈی ہیں۔ وہی ہیں جو ہمیں وہ تمام کھانا مہیا کرتے ہیں جو ہم کھاتے ہیں۔ نتیجتاً ملک کی پوری آبادی کا انحصار کسانوں پر ہے۔ چاہے وہ سب سے چھوٹا ملک ہو یا بڑا ملک ان کی وجہ سے ہی ہم کرہ ارض پر رہنے کے قابل ہیں۔ اس طرح کسان دنیا کے اہم ترین لوگ ہیں۔ کسانوں کی اتنی اہمیت کے با وجود ان کے پاس مناسب زندگی نہیں ہے۔


#sarsabz

#Sarsabzkissan",3,1726444800
PX7Lvjs639U,Salam Kissan | Kissan Day 18th Dec | A Tribute to Farmers by Sarsabz Fertilizer,20231210,Ugy3wf3vskNBNbIAG6t4AaABAg.9yjioswuObM9yz6hOj1ht_,yes,@muhammaddanyal4799,no,❤❤❤,1,1726444800
PX7Lvjs639U,Salam Kissan | Kissan Day 18th Dec | A Tribute to Farmers by Sarsabz Fertilizer,20231210,Ugy3wf3vskNBNbIAG6t4AaABAg.9yjioswuObM9zKxtGu0xw9,yes,@ZeeshanKhan-dt9jb,no,❤❤❤,0,1726444800
PX7Lvjs639U,Salam Kissan | Kissan Day 18th Dec | A Tribute to Farmers by Sarsabz Fertilizer,20231210,UgxgqM4ujxyIHA7UoFR4AaABAg,no,@BushraAsif-ud3sh,no,"کسان ہمارے معاشرے کی ریڑھ کی ہڈی ہیں۔ وہی ہیں جو ہمیں وہ تمام کھانا مہیا کرتے ہیں جو ہم کھاتے ہیں۔ نتیجتاً ملک کی پوری آبادی کا انحصار کسانوں پر ہے۔ چاہے وہ سب سے چھوٹا ملک ہو یا بڑا ملک ان کی وجہ سے ہی ہم کرہ ارض پر رہنے کے قابل ہیں۔ اس طرح کسان دنیا کے اہم ترین لوگ ہیں۔ کسانوں کی اتنی اہمیت کے با وجود ان کے پاس مناسب زندگی نہیں ہے۔


#sarsabz

#Sarsabzkissan",9,1726444800
PX7Lvjs639U,Salam Kissan | Kissan Day 18th Dec | A Tribute to Farmers by Sarsabz Fertilizer,20231210,UgxgqM4ujxyIHA7UoFR4AaABAg.9yjOzrzXrt59z7tpgGaKH_,yes,@muhammaddanyal4799,no,❤❤❤,0,1726444800
PX7Lvjs639U,Salam Kissan | Kissan Day 18th Dec | A Tribute to Farmers by Sarsabz Fertilizer,20231210,Ugw8f1fASwBFKr5pP7J4AaABAg,no,@BushraAsif-ud3sh,no,"کسان ہمارے معاشرے کی ریڑھ کی ہڈی ہیں۔ وہی ہیں جو ہمیں وہ تمام کھانا مہیا کرتے ہیں جو ہم کھاتے ہیں۔ نتیجتاً ملک کی پوری آبادی کا انحصار کسانوں پر ہے۔ چاہے وہ سب سے چھوٹا ملک ہو یا بڑا ملک ان کی وجہ سے ہی ہم کرہ ارض پر رہنے کے قابل ہیں۔ اس طرح کسان دنیا کے اہم ترین لوگ ہیں۔ کسانوں کی اتنی اہمیت کے با وجود ان کے پاس مناسب زندگی نہیں ہے۔


#sarsabz

#Sarsabzkissan",19,1726444800
PX7Lvjs639U,Salam Kissan | Kissan Day 18th Dec | A Tribute to Farmers by Sarsabz Fertilizer,20231210,Ugwbe_Sq2r-vbsJ54QB4AaABAg,no,@mohsinhashmi4443,no,"Farmer of Pakistan is the only hope for Survival of Food supplies.   let's put our hands together to make him stronger as ever. The stronger he will be, the secure whole nation will be. Aameen suma Aameen 

Sarsabz Khadien, Kissan payien Muradien",2,1726444800
PX7Lvjs639U,Salam Kissan | Kissan Day 18th Dec | A Tribute to Farmers by Sarsabz Fertilizer,20231210,Ugw8lamb_s5-uODrFlB4AaABAg,no,@MSafdarGujjar786,no,"ہمارا خون بھی شامل ہے تزئین گلستان میں 
ہمیں بھی یاد کرلینا چمن میں جب بہار آئے
#sarsabz #kissanday # شکریہ کسان",15,1726444800
PX7Lvjs639U,Salam Kissan | Kissan Day 18th Dec | A Tribute to Farmers by Sarsabz Fertilizer,20231210,UgziCZ66HKGXsspjfId4AaABAg,no,@Asifpathan8890,no,یہ واقعی متاثر کن ہے کیونکہ سیلاب میں سب کچھ کھو گیا تھا اور کچھ لوگ بھی بدسلوکی بن گئے. ان سے متاثر ہوتا ہے کہ وہ مشکلات کے سمندر کے ذریعے جائیں لیکن وہ امید نہیں کھوتے ہیں. اس امید کے ساتھ ساتھ سارسز کے ڈیجیٹل پہلوؤں کے ساتھ ساتھ ریلیف کی ایک بڑی تعداد پیدا کی. اعلی پیداوار E.G. 10٪ اضافی کھیلوں کو کسانوں کی زندگی میں اور ان کی اچھی طرح سے اہم کردار ادا کرتا ہے. کسانوں کے لئے ایک دن جشن منانے کے لئے سرسز سے نفرت کرتا ہے جو اپنی کوششوں کو یاد دلاتے ہیں جو ہماری ملک کی معیشت کی ہڈی واپس آتی ہیں.#sarsabz,4,1726444800
PX7Lvjs639U,Salam Kissan | Kissan Day 18th Dec | A Tribute to Farmers by Sarsabz Fertilizer,20231210,UgxgnB-zE2KaqLphTtx4AaABAg,no,@dragonxop4752,no,Thank you Sarsabz,17,1726444800
PX7Lvjs639U,Salam Kissan | Kissan Day 18th Dec | A Tribute to Farmers by Sarsabz Fertilizer,20231210,UgzC7AWrdDyzxol0Qw14AaABAg,no,@azizjan8364,no,"It's really impressive because everything was lost in the flood and some people even became desperate. In fact, they have to go through a sea of hardships but they never lose hope. With Lashpur's digital initiatives, this hope breathes a sigh of relief, contributing to the lives and well-being of 10 additional farmers like higher yields. A day for farmers to celebrate the greenery to remind them of their efforts which are the backbone of our country's economy,

#sarsabz",4,1726444800
PX7Lvjs639U,Salam Kissan | Kissan Day 18th Dec | A Tribute to Farmers by Sarsabz Fertilizer,20231210,UgzC7AWrdDyzxol0Qw14AaABAg.9yb5PvnZuVX9z7tsr0-X7o,yes,@muhammaddanyal4799,no,❤❤❤❤,0,1726444800
PX7Lvjs639U,Salam Kissan | Kissan Day 18th Dec | A Tribute to Farmers by Sarsabz Fertilizer,20231210,Ugwcz1xBYS48R01JFjd4AaABAg,no,@areejfatima621,no,"Really inspiring and heart touching..

Farmers play a pivotal role in our society, serving as the backbone of our food supply. Their labor and dedication ensure that we have a reliable source of nourishment, contributing to the well-being of communities. Beyond sustenance, farmers drive economic growth by supporting agribusiness and local markets. Additionally, their stewardship of the land plays a crucial role in environmental sustainability, making farmers indispensable contributors to the fabric of our society. 
Salute to our kisans.Hats off!!!",2,1726444800
PX7Lvjs639U,Salam Kissan | Kissan Day 18th Dec | A Tribute to Farmers by Sarsabz Fertilizer,20231210,Ugwcz1xBYS48R01JFjd4AaABAg.9yaaT4MY8lPA-GWNU2oZli,yes,@Sarsabz,yes,"Congratulations on winning! Please email your complete details (Address, phone number, and city) to sarsabzofficialpk@gmail.com using the same email address associated with your YouTube account.",0,1726444800
PX7Lvjs639U,Salam Kissan | Kissan Day 18th Dec | A Tribute to Farmers by Sarsabz Fertilizer,20231210,Ugwcz1xBYS48R01JFjd4AaABAg.9yaaT4MY8lPA-iRu0DN82f,yes,@Sarsabz,yes,"youtube.com/@areejfatima621 Please email your complete details (Address, phone number, and city) to sarsabzofficialpk@gmail.com using the same email address associated with your YouTube account.",0,1726444800
PX7Lvjs639U,Salam Kissan | Kissan Day 18th Dec | A Tribute to Farmers by Sarsabz Fertilizer,20231210,Ugwcz1xBYS48R01JFjd4AaABAg.9yaaT4MY8lPA03wKt_JX2G,yes,@Sarsabz,yes,"youtube.com/@areejfatima621 Time is ticking. Please email your complete details (Address, phone number, and city) to sarsabzofficialpk@gmail.com using the same email address associated with your YouTube account.",0,1726444800
PX7Lvjs639U,Salam Kissan | Kissan Day 18th Dec | A Tribute to Farmers by Sarsabz Fertilizer,20231210,Ugwcz1xBYS48R01JFjd4AaABAg.9yaaT4MY8lPA16jXMR0GQa,yes,@Sarsabz,yes,"youtube.com/@areejfatima621 Time is ticking!
A last but soft reminder, please email your complete details (Address, phone number, and city) to sarsabzofficialpk@gmail.com using the same email address associated with your YouTube account.",0,1726444800
PX7Lvjs639U,Salam Kissan | Kissan Day 18th Dec | A Tribute to Farmers by Sarsabz Fertilizer,20231210,Ugyo0spchSe2SKlX8kd4AaABAg,no,@zamieditz,no,❤❤,0,1726444800
PX7Lvjs639U,Salam Kissan | Kissan Day 18th Dec | A Tribute to Farmers by Sarsabz Fertilizer,20231210,UgyNpQJXHOvu3p4unFd4AaABAg,no,@NadaanNadia,no,Salam pakistan salam kisan❤️,1,1726444800
PX7Lvjs639U,Salam Kissan | Kissan Day 18th Dec | A Tribute to Farmers by Sarsabz Fertilizer,20231210,UgytZ-BdJy4FlsIuGSt4AaABAg,no,@pakistancomefirst,no,Happy kissan day,1,1726444800
PX7Lvjs639U,Salam Kissan | Kissan Day 18th Dec | A Tribute to Farmers by Sarsabz Fertilizer,20231210,Ugyp_2bxAyYfhxGvBrd4AaABAg,no,@DietWithMariyaKhans,no,"مٹ رہا ہے میرا وجود تیری خلقت سجانے کو 
میں کسان آیا ہو تیرا چولہہ جلانے کو
تحریر✍️ ماریہ خان",5,1726444800
PX7Lvjs639U,Salam Kissan | Kissan Day 18th Dec | A Tribute to Farmers by Sarsabz Fertilizer,20231210,UgxQJ0hngO5iZLwd-oR4AaABAg,no,@Amjidali-vy8ks9lg2w,no,"سرسبز نے ایک بار پھر معاشرے میں کسانوں کی اہمیت کو اجاگر کیا۔ ان کی انتھک کوششوں کے بغیر، ہمیں روزمرہ کی ضروری اشیاء کی شدید قلت کا سامنا کرنا پڑے گا۔ سرسبز کو شاباش!
#sarsabz 
#kissanday 
#18December",39,1726444800
PX7Lvjs639U,Salam Kissan | Kissan Day 18th Dec | A Tribute to Farmers by Sarsabz Fertilizer,20231210,Ugy5oeG1_WG94sdya0l4AaABAg,no,@AliAsif-rg2jb,no,"سلام ان کسانوں کو جو کھیتوں میں دن رات محنت کر کے ہمارے دسترخوانوں کو انواع و اقسام کے کھانوں سے سجاتے ہیں۔ آپ کی محنت اور بے لوث لگن ہمارا قیمتی اثاثہ ہیں. ہمیں آپ پر فخر ہے.

#شکریہ کسان.


‏#sarsabz #kissanday‏",21,1726444800
PX7Lvjs639U,Salam Kissan | Kissan Day 18th Dec | A Tribute to Farmers by Sarsabz Fertilizer,20231210,UgwFFXfA07sYMGB5HGN4AaABAg,no,@murtazajutt4321,no,❤May Allah bless our Farmers❤❤,24,1726444800
PX7Lvjs639U,Salam Kissan | Kissan Day 18th Dec | A Tribute to Farmers by Sarsabz Fertilizer,20231210,UgxbdkgrD_LhGZtdZUt4AaABAg,no,@murtazajutt4321,no,Thanks sarsarsabz ❤❤❤,2,1726444800
PX7Lvjs639U,Salam Kissan | Kissan Day 18th Dec | A Tribute to Farmers by Sarsabz Fertilizer,20231210,Ugw95IsqAYalW1mvi2l4AaABAg,no,@murtazajutt4321,no,Farmers are real heroes of our life because they make food for us and help us to survive in this world with food,2,1726444800
PX7Lvjs639U,Salam Kissan | Kissan Day 18th Dec | A Tribute to Farmers by Sarsabz Fertilizer,20231210,UgwMda5F7KhS6_wKCOV4AaABAg,no,@murtazajutt4321,no,Very appreciative,1,1726444800
PX7Lvjs639U,Salam Kissan | Kissan Day 18th Dec | A Tribute to Farmers by Sarsabz Fertilizer,20231210,UgwF9R3EccWqNqH7zdd4AaABAg,no,@alikaimkhani786,no,Salam kesan of Pakistan,2,1726444800
PX7Lvjs639U,Salam Kissan | Kissan Day 18th Dec | A Tribute to Farmers by Sarsabz Fertilizer,20231210,Ugzr3eXDJTgJlv_NuhV4AaABAg,no,@HaroonKhan-mr5ms,no,"ہمارے ملک کی خوراک کی ضرورتوں کو پورا کرنے والے بیروز کو کسانوں کے قومی دن کی مبارکباد زراعت سے آپ کی وابستگی ترقی اور ہماری آنے والی نسلوں کی نشونما کی ضامن ہے۔ ہمارے کسان بھائیوں کو ان کی غیر متزلزل لگن کے لئے سلام

#sarsabz

#کسان ڈے",68,1726444800
PX7Lvjs639U,Salam Kissan | Kissan Day 18th Dec | A Tribute to Farmers by Sarsabz Fertilizer,20231210,Ugzr3eXDJTgJlv_NuhV4AaABAg.9yXhOV6w74K9z7uCgHB1rN,yes,@muhammaddanyal4799,no,❤❤❤,2,1726444800
PX7Lvjs639U,Salam Kissan | Kissan Day 18th Dec | A Tribute to Farmers by Sarsabz Fertilizer,20231210,UgzYn6IdBuFP6PMBmC94AaABAg,no,@sudaisjan4662,no,"Happy National Farmers' Day to the farmers who meet our nation's food needs. Your commitment to agriculture is a guarantee of growth and development for our future generations. Salute to our farmer brothers for their unwavering dedication

#KissanDay",30,1726444800
PX7Lvjs639U,Salam Kissan | Kissan Day 18th Dec | A Tribute to Farmers by Sarsabz Fertilizer,20231210,UgzYn6IdBuFP6PMBmC94AaABAg.9yXfnOxsMHN9z7uE5BxP7V,yes,@muhammaddanyal4799,no,❤❤❤❤,2,1726444800
PX7Lvjs639U,Salam Kissan | Kissan Day 18th Dec | A Tribute to Farmers by Sarsabz Fertilizer,20231210,UgzKv14rkrHMP6y2orl4AaABAg,no,@alitariq9750,no,Great tribute. Tmam kissan bhaion ka shukriya jo din raat mehnat kr ke is mulk ko chlatae hen,8,1726444800
PX7Lvjs639U,Salam Kissan | Kissan Day 18th Dec | A Tribute to Farmers by Sarsabz Fertilizer,20231210,UgxpIJdnUwfr-PKV6MV4AaABAg,no,@umairsiddiq8788,no,"Amazing initiative by Sarsabz, Kissan are the backbone of our agricultural country, their dedication towards work save the country from food shortage. #SalamKissan #Sarsabz #FatimaGroup",1,1726444800
PX7Lvjs639U,Salam Kissan | Kissan Day 18th Dec | A Tribute to Farmers by Sarsabz Fertilizer,20231210,UgyZpYtyxn37VqvDHB94AaABAg,no,@hadeeses,no,Thank you so much for appreciate kisan,1,1726444800
PX7Lvjs639U,Salam Kissan | Kissan Day 18th Dec | A Tribute to Farmers by Sarsabz Fertilizer,20231210,Ugwnj5rX8m9l1yvcL5h4AaABAg,no,@Jahangeervlogs786,no,Salam kisan❤🇵🇰,1,1726444800
PX7Lvjs639U,Salam Kissan | Kissan Day 18th Dec | A Tribute to Farmers by Sarsabz Fertilizer,20231210,UgxNyj4R6EQZzg1GkNB4AaABAg,no,@aftabbhatti1275,no,Thank you kissan and god bless u all 😊❤,1,1726444800
PX7Lvjs639U,Salam Kissan | Kissan Day 18th Dec | A Tribute to Farmers by Sarsabz Fertilizer,20231210,Ugw_IVDlry-owh0TT6p4AaABAg,no,@KhadijaAftab-e2h,no,"Your dedication cultivates the foundation of our communities. Through seasons of hard work, you sow prosperity and resilience. Your hands shape not just fields but the tapestry of life, ensuring no one goes hungry. Thank you for grounding us in the certainty that the land will yield its bounty. Your tireless efforts are the backbone of our society. #Salaam Kissan #Sarsabz Fertilizers",7,1726444800
PX7Lvjs639U,Salam Kissan | Kissan Day 18th Dec | A Tribute to Farmers by Sarsabz Fertilizer,20231210,UgzcBt3ojBqrgm9ycxF4AaABAg,no,@saimananazali2471,no,Proud of our farmers 🫡,1,1726444800
PX7Lvjs639U,Salam Kissan | Kissan Day 18th Dec | A Tribute to Farmers by Sarsabz Fertilizer,20231210,UgyaEXTRvr_Kt4QItzR4AaABAg,no,@funwithbakkar421,no,Slam Kasaan ❤❤❤❤❤,1,1726444800
PX7Lvjs639U,Salam Kissan | Kissan Day 18th Dec | A Tribute to Farmers by Sarsabz Fertilizer,20231210,UgxfHQxznyPFzknS3Ol4AaABAg,no,@dreadlord888,no,PROUD TO BE MUSLIM❤,2,1726444800
PX7Lvjs639U,Salam Kissan | Kissan Day 18th Dec | A Tribute to Farmers by Sarsabz Fertilizer,20231210,UgwxJTBPOyP7JxndvUx4AaABAg,no,@haiemansoor,no,سلام ان کسانوں کو جو کھیتوں میں دن رات محنت کر کے ہمارے دسترخوانوں کو انواع و اقسام کے کھانوں سے سجاتے ہیں۔ آپ کی محنت اور بے لوث لگن ہمارا قیمتی اثاثہ ہیں. ہمیں آپ پر فخر ہے.,8,1726444800
PX7Lvjs639U,Salam Kissan | Kissan Day 18th Dec | A Tribute to Farmers by Sarsabz Fertilizer,20231210,UgwkW0RZQYoA0rIWEn54AaABAg,no,@saadbutt19845,no,❤❤❤❤❤❤,0,1726444800
PX7Lvjs639U,Salam Kissan | Kissan Day 18th Dec | A Tribute to Farmers by Sarsabz Fertilizer,20231210,UgzBDn81Yh0j6yMTvxZ4AaABAg,no,@SalarAzhar-d6z,no,"Really farmers are the backbone of our country and its economy .
We should respect them .",6,1726444800
PX7Lvjs639U,Salam Kissan | Kissan Day 18th Dec | A Tribute to Farmers by Sarsabz Fertilizer,20231210,Ugy4rBe1qarb6wR0LA54AaABAg,no,@Thecore_crew2,no,Thanks ❤,1,1726444800
PX7Lvjs639U,Salam Kissan | Kissan Day 18th Dec | A Tribute to Farmers by Sarsabz Fertilizer,20231210,UgwAXBQGQLLMq9G4SEp4AaABAg,no,@sulemantariq8163,no,"Farmers, the silent architects of our plates, plant dreams in the soil, growing a symphony of sustenance that feeds the world. Meanwhile, brilliantly & effortlessly displayed by Fatima as always. Fatima you done & dusted. #SarsabzPakistan #SalamKissan #KissanDay",1,1726444800
PX7Lvjs639U,Salam Kissan | Kissan Day 18th Dec | A Tribute to Farmers by Sarsabz Fertilizer,20231210,Ugy-eMAvw5t_hHcW_wt4AaABAg,no,@uzairtahir-hz8se,no,Farmers work hard,1,1726444800
PX7Lvjs639U,Salam Kissan | Kissan Day 18th Dec | A Tribute to Farmers by Sarsabz Fertilizer,20231210,UgxDxd6oNeA5W2oxA4d4AaABAg,no,@HassamRaza-l3e,no,Thank you❤,0,1726444800
PX7Lvjs639U,Salam Kissan | Kissan Day 18th Dec | A Tribute to Farmers by Sarsabz Fertilizer,20231210,UgxoOIc5X-lgG8KinNN4AaABAg,no,@ansirabbassunhara3523,no,❤❤,0,1726444800
PX7Lvjs639U,Salam Kissan | Kissan Day 18th Dec | A Tribute to Farmers by Sarsabz Fertilizer,20231210,UgyGGfdNAocbGnQbJu94AaABAg,no,@NaseebNaseeb-mf8kq,no,Ducky Army like Kra 😊,0,1726444800
PX7Lvjs639U,Salam Kissan | Kissan Day 18th Dec | A Tribute to Farmers by Sarsabz Fertilizer,20231210,Ugxr7x6TE1mxBJrBDsd4AaABAg,no,@ShahidKhan-dm9lc,no,Allah AP ki Mehnat ka Sila ATA Frmaye Ameen 🤲🌹🌹🌹🤲,2,1726444800
PX7Lvjs639U,Salam Kissan | Kissan Day 18th Dec | A Tribute to Farmers by Sarsabz Fertilizer,20231210,UgxmFZB4WEs5a-cNMR14AaABAg,no,@Gta_vice_cityfp,no,Thanks,0,1726444800
PX7Lvjs639U,Salam Kissan | Kissan Day 18th Dec | A Tribute to Farmers by Sarsabz Fertilizer,20231210,Ugx1rnLbR3Rv6dzfpiB4AaABAg,no,@UsamaKhan-y5f,no,Thanks kissan,1,1726444800
PX7Lvjs639U,Salam Kissan | Kissan Day 18th Dec | A Tribute to Farmers by Sarsabz Fertilizer,20231210,Ugz-W3nQvc0wp37CuFJ4AaABAg,no,@MrIrfan514,no,"A Tribute to Heroes of Agriculture Sector of Pakistan.  ""Kissan"".   
Fatima Fertilizer is the first ever Company in Pakistan who not only identified the importance & recognised the efforts of farmers in building the agri economy as well as supporting  ,"" Kissan ""  in achieving this goal

 SalamKissan # salam Pakistan #. Sarsabz Pakistan",1,1726444800
PX7Lvjs639U,Salam Kissan | Kissan Day 18th Dec | A Tribute to Farmers by Sarsabz Fertilizer,20231210,UgwCmhKAhgcHOFuyTJp4AaABAg,no,@ASKVLOGS804,no,Thanks ❤❤,1,1726444800
PX7Lvjs639U,Salam Kissan | Kissan Day 18th Dec | A Tribute to Farmers by Sarsabz Fertilizer,20231210,UgwcYZYsHaLUaf6TGgd4AaABAg,no,@usmanaziz5506,no,"Impressive effort by Sarsabz team. Powerful message to keep determined and focussed despite of challenges which come during process. Nice way to say tribute to farmers for efforts they are putting to serve and feed nation. 
Kudos to all farmers and very well done Sarsabz team for acknowledging their efforts.
#SalamKissan#FarmerDay#SarsabzPakistan#SarsabzTeam",6,1726444800
PX7Lvjs639U,Salam Kissan | Kissan Day 18th Dec | A Tribute to Farmers by Sarsabz Fertilizer,20231210,Ugy-KdtwzBOx0xbxYQt4AaABAg,no,@fainanking181,no,Pakistan kisan our pride,1,1726444800
PX7Lvjs639U,Salam Kissan | Kissan Day 18th Dec | A Tribute to Farmers by Sarsabz Fertilizer,20231210,Ugyd40lfxLEtvARFdCB4AaABAg,no,@ASGHAR215,no,Good work and salute to Farmers. 👍,1,1726444800
PX7Lvjs639U,Salam Kissan | Kissan Day 18th Dec | A Tribute to Farmers by Sarsabz Fertilizer,20231210,UgzGG2Cd_A7z-MUUkJF4AaABAg,no,@asifabbas7922,no,"#Salam Kissan, # Sarsabz Pakistan. It is honor to pay tribute to the Farmers of Pakistan on recognizing their extreme hard work, passion, unwavering commitment and dedication. I like the message of hope exhibited by Kissan. Hope brings new energy with every passing day and helps kissan to fight on with great challenges of life. Those who never leave hope, won every battle in the life.",2,1726444800
PX7Lvjs639U,Salam Kissan | Kissan Day 18th Dec | A Tribute to Farmers by Sarsabz Fertilizer,20231210,UgxE6FVkMYBWtGsMUzt4AaABAg,no,@ninjagaming6202,no,Happy kesaan day,1,1726444800
PX7Lvjs639U,Salam Kissan | Kissan Day 18th Dec | A Tribute to Farmers by Sarsabz Fertilizer,20231210,UgzEtEuCaeT_GfE8Uih4AaABAg,no,@AliBhai674r,no,😂,0,1726444800
PX7Lvjs639U,Salam Kissan | Kissan Day 18th Dec | A Tribute to Farmers by Sarsabz Fertilizer,20231210,UgwJdpKCma01kIXg4at4AaABAg,no,@shafqaturrehman1201,no,Our Pakistani farmers are proud of our beloved country Pakistan,3,1726444800
PX7Lvjs639U,Salam Kissan | Kissan Day 18th Dec | A Tribute to Farmers by Sarsabz Fertilizer,20231210,UgzPYNzjPzJw39-QTw54AaABAg,no,@Journalist_Unis,no,Well done sibt e Hasan bhai,1,1726444800
PX7Lvjs639U,Salam Kissan | Kissan Day 18th Dec | A Tribute to Farmers by Sarsabz Fertilizer,20231210,UgxW46dtDocswplKbpx4AaABAg,no,@AbdulRehman-bz5nx,no,Ducky Bhai army,0,1726444800
PX7Lvjs639U,Salam Kissan | Kissan Day 18th Dec | A Tribute to Farmers by Sarsabz Fertilizer,20231210,Ugx_XX9Mxb0aAZWvIrZ4AaABAg,no,@saimliaqatliaqatali4202,no,THANKS,0,1726444800
PX7Lvjs639U,Salam Kissan | Kissan Day 18th Dec | A Tribute to Farmers by Sarsabz Fertilizer,20231210,Ugw5MubX0vdFOWMYyu54AaABAg,no,@Your_BestFriendNomi,no,Duck bhaii,0,1726444800
PX7Lvjs639U,Salam Kissan | Kissan Day 18th Dec | A Tribute to Farmers by Sarsabz Fertilizer,20231210,UgxkXmuRgkkNpXK_VmR4AaABAg,no,@acutecute2008,no,"Very strong and emotional expression of emotions for farmers community. A very touchy message, i always get involved and lost in emotions. Extremely powerful theme expressed by Fatima Fertilizer team, showcasing farmer's efforts and courage while facing very hard natural climatic conditions, falling down along with his family and then gathering courage and then standing tall with a pride of smile on his face and his family member. Salam Kissan, Sarsabz Pakistan.  Stay Strong Kissan and Team Sarsabz.",1,1726444800
PX7Lvjs639U,Salam Kissan | Kissan Day 18th Dec | A Tribute to Farmers by Sarsabz Fertilizer,20231210,UgyPz-RsEkFLbJ3rKDB4AaABAg,no,@hashimchaudhry3898,no,Proud to be a farmer💖,1,1726444800
PX7Lvjs639U,Salam Kissan | Kissan Day 18th Dec | A Tribute to Farmers by Sarsabz Fertilizer,20231210,Ugzewr4l0Lpf6hgEIZx4AaABAg,no,@happy-l8y2s,no,We should be very thankful for food on our tables.The clothes our back. And to the farmers who make it possible. Thank u so mush kissaan.❤❤❤❤❤❤❤❤❤❤,1,1726444800
PX7Lvjs639U,Salam Kissan | Kissan Day 18th Dec | A Tribute to Farmers by Sarsabz Fertilizer,20231210,UgzAwuGq7DwW5XPkCA94AaABAg,no,@yameenvillagevlog3612,no,بہت خوبصورت دی سے ویڈیو بنائیں اپ کو میں داد دیتی ہوں❤❤,13,1726444800
PX7Lvjs639U,Salam Kissan | Kissan Day 18th Dec | A Tribute to Farmers by Sarsabz Fertilizer,20231210,Ugyo8gxavkvBSSCl9rF4AaABAg,no,@AdanMalik3694,no,Happy kissan day thanks for all kissan 😊 ❤,1,1726444800
PX7Lvjs639U,Salam Kissan | Kissan Day 18th Dec | A Tribute to Farmers by Sarsabz Fertilizer,20231210,UgzZ17YAwxmcc7_htRp4AaABAg,no,@majidakhatoon2331,no,Kisses ke azamt KO salam🎉🎉 🎉,1,1726444800
PX7Lvjs639U,Salam Kissan | Kissan Day 18th Dec | A Tribute to Farmers by Sarsabz Fertilizer,20231210,UgyZVhJz3MAO7X5SCFh4AaABAg,no,@SaadBabar-zi1jx,no,Thanks kisam from Ducky bhau,1,1726444800
PX7Lvjs639U,Salam Kissan | Kissan Day 18th Dec | A Tribute to Farmers by Sarsabz Fertilizer,20231210,UgwxQsuL-ZAth_k-CFZ4AaABAg,no,@9ts-sigma,no,Kisan na hoty tu hum bhoky mar jaty 😢❤,0,1726444800
PX7Lvjs639U,Salam Kissan | Kissan Day 18th Dec | A Tribute to Farmers by Sarsabz Fertilizer,20231210,Ugzsct9A4iDgsaKu0bR4AaABAg,no,@waqarabbasi7059,no,"In the face of devastating floods, Pakistan's resilient farmers stood undeterred, cultivating hope from the mud and chaos. Their unwavering spirit not only revived crops but also breathed life into communities, fostering a brighter future and fortifying Pakistan's economic landscape. Salute to the indomitable farmers, the unsung heroes of resilience and renewal.

#SalamKissan ❤",1,1726444800
PX7Lvjs639U,Salam Kissan | Kissan Day 18th Dec | A Tribute to Farmers by Sarsabz Fertilizer,20231210,Ugy2UWh4try8aCEAQ0t4AaABAg,no,@RokharivloG,no,❤❤❤❤❤❤❤❤❤,0,1726444800
PX7Lvjs639U,Salam Kissan | Kissan Day 18th Dec | A Tribute to Farmers by Sarsabz Fertilizer,20231210,Ugzjx8raKdZH7dMH7up4AaABAg,no,@ezmaeman4806,no,"کسان تجھے سلام!

سلام ميرے وطن کے بہادر کسانوں کو جو اپنی محنت سے کرتے ہيں سب کام راس!

میرا کسان - میرا پاکستان!
 #kissanday",2,1726444800
PX7Lvjs639U,Salam Kissan | Kissan Day 18th Dec | A Tribute to Farmers by Sarsabz Fertilizer,20231210,Ugw9ZOcUHOwDV9Vyujp4AaABAg,no,@ezmaeman4806,no,"ہمارے ملک کی خوراک کی ضرورتوں کو پورا کرنے والے ہیروز کو کسانوں کے قومی دن کی مبارکباد. زراعت سے آپ کی وابستگی ترقی اور ہماری آنے والی نسلوں کی نشونما کی ضامن ہے۔ ہمارے کسان بھائیوں کو ان کی غیر متزلزل لگن کے لئے سلام۔

#KissanDay",3,1726444800
PX7Lvjs639U,Salam Kissan | Kissan Day 18th Dec | A Tribute to Farmers by Sarsabz Fertilizer,20231210,Ugz4dvdKBfbnxsVLIrV4AaABAg,no,@Bilal_Sheikh911,no,Thanks to all our farmers who work hard for us ❤❤❤🫶,26,1726444800
PX7Lvjs639U,Salam Kissan | Kissan Day 18th Dec | A Tribute to Farmers by Sarsabz Fertilizer,20231210,UgxDDJrYhIcTnnpszNB4AaABAg,no,@khangaming635,no,Came here from ducky bhie vlog❤❤❤❤,0,1726444800
PX7Lvjs639U,Salam Kissan | Kissan Day 18th Dec | A Tribute to Farmers by Sarsabz Fertilizer,20231210,Ugy6sFTzTu3vtZWbE694AaABAg,no,@MianAmir-br1gr,no,Thank you ❤❤,1,1726444800
PX7Lvjs639U,Salam Kissan | Kissan Day 18th Dec | A Tribute to Farmers by Sarsabz Fertilizer,20231210,UgyIuxP4zgdU4b_bhQp4AaABAg,no,@nextwarhere01,no,you all are doing great work     love from ducky bhai,2,1726444800
PX7Lvjs639U,Salam Kissan | Kissan Day 18th Dec | A Tribute to Farmers by Sarsabz Fertilizer,20231210,Ugy7yvdCObl46e-z64t4AaABAg,no,@foziaaltaf,no,"Salam Kissan Happy Kissan Day! 

#SalamKissan #KissanDay #SarsabzPakistan",1,1726444800
PX7Lvjs639U,Salam Kissan | Kissan Day 18th Dec | A Tribute to Farmers by Sarsabz Fertilizer,20231210,Ugx_viG9OD2ZtDOAhbd4AaABAg,no,@foziaaltaf,no,Salam Kissan Happy Kissan Day,1,1726444800
PX7Lvjs639U,Salam Kissan | Kissan Day 18th Dec | A Tribute to Farmers by Sarsabz Fertilizer,20231210,UgytqGh-KzVv0I4iwFx4AaABAg,no,@mdanishshah8152,no,Mash Allah bahot khoob,0,1726444800
PX7Lvjs639U,Salam Kissan | Kissan Day 18th Dec | A Tribute to Farmers by Sarsabz Fertilizer,20231210,UgzkkQo4dAitDJQmZdZ4AaABAg,no,@ibaadjan6838,no,❤❤❤Kisan Allah aapko Hamesha Salamat Rakhe,1,1726444800
PX7Lvjs639U,Salam Kissan | Kissan Day 18th Dec | A Tribute to Farmers by Sarsabz Fertilizer,20231210,UgwgWxRzvZAhAsopkyR4AaABAg,no,@ff.army4447,no,Nicebest🎉🎉🎉🎉🎉🎉❤❤❤❤❤,1,1726444800
PX7Lvjs639U,Salam Kissan | Kissan Day 18th Dec | A Tribute to Farmers by Sarsabz Fertilizer,20231210,Ugx75dyNDdHvqdvIYTp4AaABAg,no,@KashifKhan-tz8be,no,❤❤,0,1726444800
PX7Lvjs639U,Salam Kissan | Kissan Day 18th Dec | A Tribute to Farmers by Sarsabz Fertilizer,20231210,Ugwiht1jFxrYfZoja6d4AaABAg,no,@pakistantech409,no,Ducky family,0,1726444800
PX7Lvjs639U,Salam Kissan | Kissan Day 18th Dec | A Tribute to Farmers by Sarsabz Fertilizer,20231210,UgwFbhCVyBdWqXYSiQB4AaABAg,no,@VoiceofReality09,no,Thank you farmer's ❤,1,1726444800
PX7Lvjs639U,Salam Kissan | Kissan Day 18th Dec | A Tribute to Farmers by Sarsabz Fertilizer,20231210,UgxBYYrcaSHEY-2LCsp4AaABAg,no,@StoapCast_1,no,Farmers we all loves you with the core of our heart ❤❤❤❤❤❤❤❤❤❤❤,1,1726444800
PX7Lvjs639U,Salam Kissan | Kissan Day 18th Dec | A Tribute to Farmers by Sarsabz Fertilizer,20231210,Ugy50uBCjR4D1NVicAt4AaABAg,no,@ShafiqKhan-m8u,no,Thanks to all farmers❤❤,1,1726444800
PX7Lvjs639U,Salam Kissan | Kissan Day 18th Dec | A Tribute to Farmers by Sarsabz Fertilizer,20231210,UgxkEd6t4kW9qBUJZNV4AaABAg,no,@AyaanAsif-v1z,no,Salaam kisaan,1,1726444800
PX7Lvjs639U,Salam Kissan | Kissan Day 18th Dec | A Tribute to Farmers by Sarsabz Fertilizer,20231210,Ugyc4swuzPdvxo6mRup4AaABAg,no,@youmangoatland,no,Thnks kisan 🎉🎉🎉 bhai,0,1726444800
PX7Lvjs639U,Salam Kissan | Kissan Day 18th Dec | A Tribute to Farmers by Sarsabz Fertilizer,20231210,Ugw9ZM_xLssvQP84NmJ4AaABAg,no,@dr4lie523,no,Heart touching video by SARSABZ and thanks to FATIMA GROUP for recognizing the hard working farmers of Pakistan.,1,1726444800
PX7Lvjs639U,Salam Kissan | Kissan Day 18th Dec | A Tribute to Farmers by Sarsabz Fertilizer,20231210,Ugx017lPbj-8QmAOSw94AaABAg,no,@samali2,no,🎉🎉🎉,0,1726444800
PX7Lvjs639U,Salam Kissan | Kissan Day 18th Dec | A Tribute to Farmers by Sarsabz Fertilizer,20231210,UgyeZt_OGe71VBEcejB4AaABAg,no,@09125imran,no,"Thank you, Sarsabz Team, for shedding light on the challenges faced by our farmers during last year's rains in Pakistan. The portrayal of a farmer selling their property is moving, showcasing the harsh impact of climate change. As urban consumers, we often overlook their struggles. Let's prioritize climate change in our national agenda, supporting farmers with sustainable practices, financial aid, and awareness.
Sending heartfelt gratitude to farmers for their dedication and hard work. Your resilience is inspiring. Thanks for ensuring a steady food supply. Your efforts don't go unnoticed. Wishing you success and prosperity.
#SalamKissan #KissanDay #SarsabzPakistan #FatimaGroup",0,1726444800
PX7Lvjs639U,Salam Kissan | Kissan Day 18th Dec | A Tribute to Farmers by Sarsabz Fertilizer,20231210,UgyNLutNP7s9EqjzqiV4AaABAg,no,@muhammadusmanahmed3659,no,"This video depicted the misery and pain , our farmer brothers/sisters and their family have gone through. No doubt being agricultural country, Farmers are the backbone of PAKISTAN's economy. The zeal, passion and determination  they have exerted in the fields after sustaining very difficult situation like floods , There is only one word for them, #SALAM_KISSAN. Dear Farmers _ You are not less than a SUPER HERO.",1,1726444800
PX7Lvjs639U,Salam Kissan | Kissan Day 18th Dec | A Tribute to Farmers by Sarsabz Fertilizer,20231210,Ugx1NTtMTzDMkvTToh54AaABAg,no,@desiboys2686,no,Alhamdullilah im kisan ❤,1,1726444800
PX7Lvjs639U,Salam Kissan | Kissan Day 18th Dec | A Tribute to Farmers by Sarsabz Fertilizer,20231210,UgxDgcsxDy4EWfylKNd4AaABAg,no,@danishwithyou,no,❤❤❤,0,1726444800
PX7Lvjs639U,Salam Kissan | Kissan Day 18th Dec | A Tribute to Farmers by Sarsabz Fertilizer,20231210,UgztWtmuuZsd82VsdTd4AaABAg,no,@2cguy,no,thanks to ducky bhai and  turab bhai for letting us know,1,1726444800
PX7Lvjs639U,Salam Kissan | Kissan Day 18th Dec | A Tribute to Farmers by Sarsabz Fertilizer,20231210,Ugz2heFkfBircAV95m54AaABAg,no,@Sherryking295,no,Nice,1,1726444800
PX7Lvjs639U,Salam Kissan | Kissan Day 18th Dec | A Tribute to Farmers by Sarsabz Fertilizer,20231210,Ugyj3s-5SkUBz8DIBTN4AaABAg,no,@AsifKhan-ow9dt,no,Love you 😘😘😘😘😘😘,1,1726444800
PX7Lvjs639U,Salam Kissan | Kissan Day 18th Dec | A Tribute to Farmers by Sarsabz Fertilizer,20231210,Ugz-9xTKTkFPhCDrD5t4AaABAg,no,@insanebunny6868,no,Salam Kisaaan ❤️ Salam Pakistan ❤️‍🩹 #duckybhai,1,1726444800
PX7Lvjs639U,Salam Kissan | Kissan Day 18th Dec | A Tribute to Farmers by Sarsabz Fertilizer,20231210,Ugzmd3bQIiEClBCqZNd4AaABAg,no,@sohailahmed-mk7uw,no,"Salam Kissan, Our ture hero's. The story depicts the realty of the hardships faced by our  kissan.",17,1726444800
PX7Lvjs639U,Salam Kissan | Kissan Day 18th Dec | A Tribute to Farmers by Sarsabz Fertilizer,20231210,Ugzmd3bQIiEClBCqZNd4AaABAg.9ySevoZBNv1AQrLPtccWJr,yes,@MuhmaadTeyab,no,😮,0,1768521600
PX7Lvjs639U,Salam Kissan | Kissan Day 18th Dec | A Tribute to Farmers by Sarsabz Fertilizer,20231210,Ugw2GCt8twEuS5z0PQB4AaABAg,no,@muhammadsohaibkhan225,no,"To Pakistani farmers, your dedication and resilience cultivate not just corps, but hope and sustenance. Your unwavering commitment sustains our nation. Your toil feeds our future. Your labor is honoured and cherished deeply. Thank you",2,1726444800
PX7Lvjs639U,Salam Kissan | Kissan Day 18th Dec | A Tribute to Farmers by Sarsabz Fertilizer,20231210,UgxOsfpMrGA8pUfqKfR4AaABAg,no,@mfarooqzafar1151,no,Solute to Kisan,1,1726444800
PX7Lvjs639U,Salam Kissan | Kissan Day 18th Dec | A Tribute to Farmers by Sarsabz Fertilizer,20231210,Ugzc5ipFQ4-Cnz_x_JB4AaABAg,no,@waheedulhassan_vlogs,no,"Famers are playing their role as fore fighters for Pakistan economy and considered as backbone for economic growth, served their life for the food of others and to fill other stomach.
Their dedication, work and love for their work should be appraise and celebrate like fatima group.
Happy Kisaan Day❤❤❤",1,1726444800
PX7Lvjs639U,Salam Kissan | Kissan Day 18th Dec | A Tribute to Farmers by Sarsabz Fertilizer,20231210,UgyC0c8VdI-ugY0YfZt4AaABAg,no,@GhulamAbbas-cx6cs,no,"Farmers are our pride❤❤
You are the backbone for our country economic growth..",1,1726444800
PX7Lvjs639U,Salam Kissan | Kissan Day 18th Dec | A Tribute to Farmers by Sarsabz Fertilizer,20231210,Ugy1QeeERfvz15-SQA94AaABAg,no,@MohammadTalha-t3s,no,"The video gave me goosebumps. The sacrifice, hardwork and resilience of the farmers is commendable. Salute to the farmers.#Salamkissan",2,1726444800
PX7Lvjs639U,Salam Kissan | Kissan Day 18th Dec | A Tribute to Farmers by Sarsabz Fertilizer,20231210,UgyX-RByz3G_wvANF_N4AaABAg,no,@AhmedSiddiqui-wn1el,no,Proud to be farmers,1,1726444800
PX7Lvjs639U,Salam Kissan | Kissan Day 18th Dec | A Tribute to Farmers by Sarsabz Fertilizer,20231210,UgwveS3gth9MtN4YU3V4AaABAg,no,@proogameing8890,no,Wow,0,1726444800
PX7Lvjs639U,Salam Kissan | Kissan Day 18th Dec | A Tribute to Farmers by Sarsabz Fertilizer,20231210,UgzjKXnGhQSTdhATuPp4AaABAg,no,@asadafzal8795,no,"Really inspiring and emotional.
Biggest thanks goes only and only to our very farmers who actually workdays as well as nights for us so that we can actually get all that food to eat. Salute to all those farmers who are actually working so persistently as well as so very tirelessly for all the people like us. Hats off only and only to all my hard-working farmers, who actually are so very much humble that they actually make all that very variety of food items available for us while we just actually keep doing all of our work here. Thanksgiving to all farmers",2,1726444800
PX7Lvjs639U,Salam Kissan | Kissan Day 18th Dec | A Tribute to Farmers by Sarsabz Fertilizer,20231210,Ugx4UbBjQPU9lQfZqQN4AaABAg,no,@kousarperveenkousarperveen6069,no,سلام پاکستان,1,1726444800
PX7Lvjs639U,Salam Kissan | Kissan Day 18th Dec | A Tribute to Farmers by Sarsabz Fertilizer,20231210,UgxHSaPhL78O5hYRAER4AaABAg,no,@AamirMalik-om5gn,no,"Pakistan relies heavily on agriculture, with farmers playing a crucial role in the nation's agrarian landscape. Our farmers face challenges head-on but their resolute stands as tall as the robust crop they cultivate. Flood and heavy rains might have assessed the resilience of their crops but these could not diminish the unyielding determination that flows through our farmers' veins. Similar to seeds weathering storms to grow into towering trees, our farmers will ascend beyond these obstacles.
Humare kisaanon ko salam.",0,1726444800
PX7Lvjs639U,Salam Kissan | Kissan Day 18th Dec | A Tribute to Farmers by Sarsabz Fertilizer,20231210,UgxPWMLPMxaKcPflPTx4AaABAg,no,@awais4u219,no,Who Is here From Ducky Bhai Vlogs,0,1726444800
PX7Lvjs639U,Salam Kissan | Kissan Day 18th Dec | A Tribute to Farmers by Sarsabz Fertilizer,20231210,UgyI1GSv_jlPXNf_YyB4AaABAg,no,@talhacheema2351,no,THANKS  my father is also a farmar.❤,1,1726444800
PX7Lvjs639U,Salam Kissan | Kissan Day 18th Dec | A Tribute to Farmers by Sarsabz Fertilizer,20231210,UgzE6099j2f38UAwVsJ4AaABAg,no,@AbidAli-mq3jz,no,"Being son of a Farmer, I found this song so engaging and moving. Everyone can feel the joys behind smiles and miseries behind wrinkles; our hardworking farmers & families go through. Bravo Kissan. We owe you a BIG THANK YOU❤",5,1726444800
PX7Lvjs639U,Salam Kissan | Kissan Day 18th Dec | A Tribute to Farmers by Sarsabz Fertilizer,20231210,UgwYJx2sySkcZSgMcix4AaABAg,no,@muhammaduzairasif4190,no,"#salamkissan#fatimagroup#ffl
After watching this video my heart filled with gratitude 😇👍 and thankfulness 😊 for our hardworking farmers for being source of light and hope for every person of Pakistan  in the darkest time of nation (flood).

Message to farmers :
Your hardwork, dedication, passion and positivity sustains us all. Through seasons of growth and uncertainty (flood) you stand resilient. 
Thank you 😊☺️ for being the backbone of our food supply, for turning earth into a canvas of sustenance and for countless hours you invest to feed communities. You work is gift  to us all and on Farmers day we acknowledge and appreciate impact you make 👍

Regards
Muhammad Uzair Asif
Fatima Fertilizer Company Limited",2,1726444800
PX7Lvjs639U,Salam Kissan | Kissan Day 18th Dec | A Tribute to Farmers by Sarsabz Fertilizer,20231210,UgzQusxlQEsZ1y_mcB14AaABAg,no,@thewealthdecodedusa,no,Thanks alot Allah gives for success and sabr❤,1,1726444800
PX7Lvjs639U,Salam Kissan | Kissan Day 18th Dec | A Tribute to Farmers by Sarsabz Fertilizer,20231210,UgzJOdbrU-lq9Yg508t4AaABAg,no,@rizwangillaniblog,no,"Salam Kissan Sarsabz Pakistan❤❤❤
👇",1,1726444800
PX7Lvjs639U,Salam Kissan | Kissan Day 18th Dec | A Tribute to Farmers by Sarsabz Fertilizer,20231210,UgyjWgTRqyGqb4DCY2Z4AaABAg,no,@farivlogs203,no,after Ducky bhai video,0,1726444800
PX7Lvjs639U,Salam Kissan | Kissan Day 18th Dec | A Tribute to Farmers by Sarsabz Fertilizer,20231210,UgzOgNW3Jz6D-nBecJ94AaABAg,no,@Sanaullahtanoliofficial,no,Salam kisan kisan tere Azmat ko salam,1,1726444800
PX7Lvjs639U,Salam Kissan | Kissan Day 18th Dec | A Tribute to Farmers by Sarsabz Fertilizer,20231210,UgyYycgmjeRFI92I-MN4AaABAg,no,@sadiqafridi9492,no,Happy kissan day🎉❤,1,1726444800
PX7Lvjs639U,Salam Kissan | Kissan Day 18th Dec | A Tribute to Farmers by Sarsabz Fertilizer,20231210,Ugw-QizPyNYhuwjXwDZ4AaABAg,no,@abdulrehmanshah9312,no,"❤❤❤کسانوں کو کھاد نہیں مل رہی یہ کسی کو نظر نہیں ائے گا 
کیا کسان ڈے منانے سے کسانوں کی مشکلات دور ہو سکتی ہیں ؟؟؟",2,1726444800
PX7Lvjs639U,Salam Kissan | Kissan Day 18th Dec | A Tribute to Farmers by Sarsabz Fertilizer,20231210,UgwNZ7VvgutBWhQLQmV4AaABAg,no,@omchowkchelharcity1042,no,@SalamKissan,0,1726444800
PX7Lvjs639U,Salam Kissan | Kissan Day 18th Dec | A Tribute to Farmers by Sarsabz Fertilizer,20231210,Ugzwu_xOyXTaGnhidrF4AaABAg,no,@sudaisjan4662,no,"Ask the farmer about the meaning of halal sustenance. Sweat flows from the body of a farmer. In cold nights, in the hot sun, he takes care of his crops like he protects his child. In order to save, he puts his bed in the fields, wheat, cotton, rice or sugarcane he grows, he spends his life on all these crops . #Sarasbz",4,1726444800
PX7Lvjs639U,Salam Kissan | Kissan Day 18th Dec | A Tribute to Farmers by Sarsabz Fertilizer,20231210,UgwgRtGZ7evx1nE3EQt4AaABAg,no,@UnsaMalik3893,no,Zindabad kisan pakistan,2,1726444800
PX7Lvjs639U,Salam Kissan | Kissan Day 18th Dec | A Tribute to Farmers by Sarsabz Fertilizer,20231210,Ugz4QAHfBIS9aaiIEQF4AaABAg,no,@nomanaziz537,no,Happy kissan day,1,1726444800
PX7Lvjs639U,Salam Kissan | Kissan Day 18th Dec | A Tribute to Farmers by Sarsabz Fertilizer,20231210,Ugx1uqWTr0tHy6KY1op4AaABAg,no,@hasnainali3462,no,"Excellent Tribute to all the Farmers who are our unsung heroes of the nation and toil tirelessly to cultivate the fertile lands of our beloved nation. 
In every furrow they plow, in every seed they sow, and in every sunrise and sunset witnessed from their fields, our farmers embody the spirit of dedication, resilience and hardwork. Expressing our collective gratitude for the abundance that graces our tables, thanks to the hardwork and dedication of each and every farmer across the Nation.
#Salam_Kissan_Tribute is compiled in a very marvellous emotional way. It felt like we are nothing without our Kissan and nation's prosperity is in Kissan's prosperity. In our downsides, we must help each other as Fatima group is committed to help our Kissans through their enriched Fertilizers productss.
#KissanDay #SarsabzPakistan #SalamKissan",2,1726444800
PX7Lvjs639U,Salam Kissan | Kissan Day 18th Dec | A Tribute to Farmers by Sarsabz Fertilizer,20231210,Ugx-WEW05zNarrGobgB4AaABAg,no,@ysstudios1,no,Pakistan ke kisan hamari shan❤,1,1726444800
PX7Lvjs639U,Salam Kissan | Kissan Day 18th Dec | A Tribute to Farmers by Sarsabz Fertilizer,20231210,UgxrTndM2nRTnQ3xuGZ4AaABAg,no,@shorts2You,no,"Sarsabz and kissan together will take Pakistan to the top❤sarsabz is the best in appreciating whose hard work.
If the condition of farmers is good then the condition of Pakistan will be good.",1,1726444800
PX7Lvjs639U,Salam Kissan | Kissan Day 18th Dec | A Tribute to Farmers by Sarsabz Fertilizer,20231210,UgzbueD5LQuWIZ99S994AaABAg,no,@Samee_3k,no,Thanks❤,1,1726444800
PX7Lvjs639U,Salam Kissan | Kissan Day 18th Dec | A Tribute to Farmers by Sarsabz Fertilizer,20231210,UgwVNRppxWBhXWIMQxV4AaABAg,no,@AnwarQureshi-h3k,no,Salam kissan,1,1726444800
PX7Lvjs639U,Salam Kissan | Kissan Day 18th Dec | A Tribute to Farmers by Sarsabz Fertilizer,20231210,UgxpDYFnqSlpGxQLhix4AaABAg,no,@islamicvideo4321i,no,Kisan day Mubarak ho,1,1726444800
PX7Lvjs639U,Salam Kissan | Kissan Day 18th Dec | A Tribute to Farmers by Sarsabz Fertilizer,20231210,UgzzgGrKvQIFcuWQYet4AaABAg,no,@islamicvideo4321i,no,Love 💞 you kisan brother,1,1726444800
PX7Lvjs639U,Salam Kissan | Kissan Day 18th Dec | A Tribute to Farmers by Sarsabz Fertilizer,20231210,Ugz4npUZl-bxVK0eQrl4AaABAg,no,@HafizAbubakarbwp,no,Thanks again for kisan,12,1726444800
PX7Lvjs639U,Salam Kissan | Kissan Day 18th Dec | A Tribute to Farmers by Sarsabz Fertilizer,20231210,UgzrHF6Pow3m8GMEkNx4AaABAg,no,@waseemtulla5795,no,Happy Kissan day,1,1726444800
PX7Lvjs639U,Salam Kissan | Kissan Day 18th Dec | A Tribute to Farmers by Sarsabz Fertilizer,20231210,Ugws69XX_UK5N60Max54AaABAg,no,@AbdulGhaniAbdulGhani-cc5dq,no,Kisan tuje pure qom ka Salam 🤗,1,1726444800
PX7Lvjs639U,Salam Kissan | Kissan Day 18th Dec | A Tribute to Farmers by Sarsabz Fertilizer,20231210,UgwA83nykGDz-gvhD854AaABAg,no,@mohammadmustafa773,no,"No one can deny the efforts of a Kissan, Even a CEO is thankful to farmer for the efforts he/she has put in so he is having his bread in lunch beautifully portrayed in the video. #Salam Kissan #18December2023",2,1726444800
PX7Lvjs639U,Salam Kissan | Kissan Day 18th Dec | A Tribute to Farmers by Sarsabz Fertilizer,20231210,Ugyp0dzoSwXU-7Vrfm54AaABAg,no,@HashirKhan178,no,Kisaan ko tribute wo hmary liya kiya krty hain hmein un ki mdad krni chahyw na kh khana waste kr dw. Aayein hm sab mil kr kisano ki madd krein aur sarsabz ko imdad bhi dein.Happy kisan day to all kisan watching. Let us create a happy environment . Salam un kisano ko jo hmry liye kiya kiya kr rhy hain aur apni jgh bhi kho rhy hain . Salute to all kisans,1,1726444800
PX7Lvjs639U,Salam Kissan | Kissan Day 18th Dec | A Tribute to Farmers by Sarsabz Fertilizer,20231210,UgwL7aj9hraQIW0cpOF4AaABAg,no,@CarLove_010,no,پاکستان کے کسان ہماری شان,2,1726444800
PX7Lvjs639U,Salam Kissan | Kissan Day 18th Dec | A Tribute to Farmers by Sarsabz Fertilizer,20231210,UgyfpPL2tnFbBolaN7x4AaABAg,no,@harajakbar6697,no,❤❤❤❤,0,1726444800
PX7Lvjs639U,Salam Kissan | Kissan Day 18th Dec | A Tribute to Farmers by Sarsabz Fertilizer,20231210,Ugw9hKDADiFliaih7Qt4AaABAg,no,@Saifbirdsvlog009,no,Thank you to all kisan I love you hor adwanc happy kisan day,0,1726444800
PX7Lvjs639U,Salam Kissan | Kissan Day 18th Dec | A Tribute to Farmers by Sarsabz Fertilizer,20231210,UgwZe9mPUQwv3HPQ2SV4AaABAg,no,@littlefun.w,no,❤❤,0,1726444800
PX7Lvjs639U,Salam Kissan | Kissan Day 18th Dec | A Tribute to Farmers by Sarsabz Fertilizer,20231210,Ugw5YcQQJnVBDaE_Kkp4AaABAg,no,@waseemfaqir4164,no,Allah hamare sath ha,1,1726444800
PX7Lvjs639U,Salam Kissan | Kissan Day 18th Dec | A Tribute to Farmers by Sarsabz Fertilizer,20231210,Ugyk9xGr9JgI0rDfDDl4AaABAg,no,@gamingtribune24-7,no,"Song is good, full of motivation and emotions,
Message for farmers
1st of all Allah Pak bless all the farmers who have land near rivers, 2ndly farmers ko chaheeay k apnay reservoirs banain tak jin dino pani key kami ho to wahan say pani key puraee ho jaisa k india mein hota hai, phir aap ko chaheeay k aap modern farming key taraf jayen jiddat lain taakay aap ka crops export level pay aye or last mein agri land ko towns mein convert kerain keun ka agriculture hamari backbone hai",1,1726444800
PX7Lvjs639U,Salam Kissan | Kissan Day 18th Dec | A Tribute to Farmers by Sarsabz Fertilizer,20231210,UgxL3-Bl-jOW_D5CFaV4AaABAg,no,@MoeedShiekh-pt2gk,no,😢😢😢😮,0,1726444800
PX7Lvjs639U,Salam Kissan | Kissan Day 18th Dec | A Tribute to Farmers by Sarsabz Fertilizer,20231210,UgzPAF9y-SNG9TORCqN4AaABAg,no,@nightfurry16,no,Yar kesan bohot mehnat karte hai congratulations for kesan day❤❤❤❤❤❤❤❤❤❤❤❤❤❤❤❤❤❤❤,1,1726444800
PX7Lvjs639U,Salam Kissan | Kissan Day 18th Dec | A Tribute to Farmers by Sarsabz Fertilizer,20231210,Ugxge-nNKYpdlk8nH_x4AaABAg,no,@ariflatki9754,no,Salam kissan Sarsabaz Pakistan❤,1,1726444800
PX7Lvjs639U,Salam Kissan | Kissan Day 18th Dec | A Tribute to Farmers by Sarsabz Fertilizer,20231210,UgyjUDUDcsq_hZnqt1V4AaABAg,no,@ariflatki9754,no,I salute of Farmer this is hardworking person Allah pak kissano ko Sehyat dy or lambi Omar atta farmay Ameen❤,5,1726444800
PX7Lvjs639U,Salam Kissan | Kissan Day 18th Dec | A Tribute to Farmers by Sarsabz Fertilizer,20231210,UgwKSkEUX4bkR0dJ2uZ4AaABAg,no,@Islamic-kd7ew1vr4t,no,I love all things about village I am also live in village but unfortunately not connected with farming,2,1726444800
PX7Lvjs639U,Salam Kissan | Kissan Day 18th Dec | A Tribute to Farmers by Sarsabz Fertilizer,20231210,UgzWAkfPL7X-V4LbZ5R4AaABAg,no,@ariflatki9754,no,Pakistan ki Shan Kisan hamri Shan and Jan Alhumduillah My Father is Farmer to be proud a farmer❤,2,1726444800
PX7Lvjs639U,Salam Kissan | Kissan Day 18th Dec | A Tribute to Farmers by Sarsabz Fertilizer,20231210,UgyrBy6XB5dGJ5E2h-x4AaABAg,no,@umairumair6677,no,Very good ❤❤❤😢,1,1726444800
PX7Lvjs639U,Salam Kissan | Kissan Day 18th Dec | A Tribute to Farmers by Sarsabz Fertilizer,20231210,UgwXZt0E9-Us8kTQscR4AaABAg,no,@behind-the-world-07,no,Happy Kisan Day! Saluting the dedication and hard work of our farmers who contribute tirelessly to nourish the nation. Your efforts are the backbone of our prosperity. Salam Kisaan❤🎉,3,1726444800
PX7Lvjs639U,Salam Kissan | Kissan Day 18th Dec | A Tribute to Farmers by Sarsabz Fertilizer,20231210,UgyX6g1_gSx_cKYPo6V4AaABAg,no,@haroonch6203,no,🎉😊😊😊😊😊😊😊😊😊😊😊😊😊😊😊😊😊😊😊😊❤❤❤❤❤❤❤❤❤❤❤❤❤❤❤❤❤❤❤❤❤❤❤❤❤❤❤❤❤❤❤❤❤❤❤❤❤🎉🎉🎉🎉,0,1726444800
PX7Lvjs639U,Salam Kissan | Kissan Day 18th Dec | A Tribute to Farmers by Sarsabz Fertilizer,20231210,UgygOzYSjpuZTEb9ILp4AaABAg,no,@yasiriftikhar1432,no,Our Hero's__The Farmers 🥰❤,1,1726444800
PX7Lvjs639U,Salam Kissan | Kissan Day 18th Dec | A Tribute to Farmers by Sarsabz Fertilizer,20231210,Ugzl8u8YvNSVX8NAudN4AaABAg,no,@bikelover14413,no,So nice,1,1726444800
PX7Lvjs639U,Salam Kissan | Kissan Day 18th Dec | A Tribute to Farmers by Sarsabz Fertilizer,20231210,UgxGPZxNRy0moDw26nt4AaABAg,no,@afzalattari5605,no,Salam kisan  ❤️❤️,1,1726444800
PX7Lvjs639U,Salam Kissan | Kissan Day 18th Dec | A Tribute to Farmers by Sarsabz Fertilizer,20231210,UgwBoLV6XFjx0Z8aqIp4AaABAg,no,@bukharisyedah1140,no,wow superb. kissan hy tou hum ghr bethy sb kch khaty ❤❤,1,1726444800
PX7Lvjs639U,Salam Kissan | Kissan Day 18th Dec | A Tribute to Farmers by Sarsabz Fertilizer,20231210,UgxgnOxMmqXtEDBuCkt4AaABAg,no,@sonokhan9627,no,Love u kisans,1,1726444800
PX7Lvjs639U,Salam Kissan | Kissan Day 18th Dec | A Tribute to Farmers by Sarsabz Fertilizer,20231210,UgxgnOxMmqXtEDBuCkt4AaABAg.9yS64LxbxDu9yS6VYMOfmN,yes,@zakirrajput855,no,کسان کی محنت کو سلام ہے ہاتھ میں پیسے ہیں کھاد کے لیے پریشان ہیں کمپنی کوئی اسانیاں پیدا کرے❤,0,1726444800
PX7Lvjs639U,Salam Kissan | Kissan Day 18th Dec | A Tribute to Farmers by Sarsabz Fertilizer,20231210,UgybT1NHApxJXN791Rx4AaABAg,no,@muhammadsiraj9666,no,"I love Pakistan aur farmers
جس کھیت سے دہقاں کو میسر نہیں روزی
اس کھیت کے ہر خوشۂ گندم کو جلا دو",2,1726444800
PX7Lvjs639U,Salam Kissan | Kissan Day 18th Dec | A Tribute to Farmers by Sarsabz Fertilizer,20231210,UgwcT1cUypGQqdMUdP54AaABAg,no,@AnsarBaloch-kv5rx,no,Thanks kissan❤,1,1726444800
PX7Lvjs639U,Salam Kissan | Kissan Day 18th Dec | A Tribute to Farmers by Sarsabz Fertilizer,20231210,UgwBEpkgOrmIybQurCl4AaABAg,no,@mianzahidzahid4896,no,Thanks kisan,9,1726444800
PX7Lvjs639U,Salam Kissan | Kissan Day 18th Dec | A Tribute to Farmers by Sarsabz Fertilizer,20231210,UgwGns04DN8-FDLRkN94AaABAg,no,@maharshafimailsi8907,no,❤❤❤,0,1726444800
PX7Lvjs639U,Salam Kissan | Kissan Day 18th Dec | A Tribute to Farmers by Sarsabz Fertilizer,20231210,UgxMZJ1KT-LQO7yN5Bx4AaABAg,no,@uniqueqazi1245,no,Salam kisaan🎉❤❤,1,1726444800
PX7Lvjs639U,Salam Kissan | Kissan Day 18th Dec | A Tribute to Farmers by Sarsabz Fertilizer,20231210,Ugw4HYncXmPiQlrZKFV4AaABAg,no,@asadaliasad8992,no,Salute to kissan💖💖👍,1,1726444800
PX7Lvjs639U,Salam Kissan | Kissan Day 18th Dec | A Tribute to Farmers by Sarsabz Fertilizer,20231210,Ugwej4sOPkKuldxvmWF4AaABAg,no,@asadnarokeala44,no,Nice ❤😊🎉,1,1726444800
PX7Lvjs639U,Salam Kissan | Kissan Day 18th Dec | A Tribute to Farmers by Sarsabz Fertilizer,20231210,UgwtIxGUCyNbaBGUTKZ4AaABAg,no,@Kainatzawar,no,Bhtt khubsort kaam keep it up,1,1726444800
PX7Lvjs639U,Salam Kissan | Kissan Day 18th Dec | A Tribute to Farmers by Sarsabz Fertilizer,20231210,UgywRlrOge-8atsOoPZ4AaABAg,no,@zainsarfraz5475,no,😢😢😢,0,1726444800
PX7Lvjs639U,Salam Kissan | Kissan Day 18th Dec | A Tribute to Farmers by Sarsabz Fertilizer,20231210,UgyP5HMOROqcHIziKtR4AaABAg,no,@Kainatzawar,no,Sibite hassan well done👍,0,1726444800
PX7Lvjs639U,Salam Kissan | Kissan Day 18th Dec | A Tribute to Farmers by Sarsabz Fertilizer,20231210,UgzJEhxyuaGT6LKByRZ4AaABAg,no,@AliBhai-3010r,no,Thanks,1,1726444800
PX7Lvjs639U,Salam Kissan | Kissan Day 18th Dec | A Tribute to Farmers by Sarsabz Fertilizer,20231210,UgylR_4G7oCKWGlAj8J4AaABAg,no,@AliAhmad-kv1eb,no,Thank you Fatima fartilizar,1,1726444800
PX7Lvjs639U,Salam Kissan | Kissan Day 18th Dec | A Tribute to Farmers by Sarsabz Fertilizer,20231210,UgwPsAc3KQjIAk9wd5B4AaABAg,no,@SohailKhan-gs1me,no,Thank you ❤,0,1726444800
PX7Lvjs639U,Salam Kissan | Kissan Day 18th Dec | A Tribute to Farmers by Sarsabz Fertilizer,20231210,Ugxet49zfGJL6arAEI54AaABAg,no,@officialzafarimam,no,Salam  kissan ❤,1,1726444800
PX7Lvjs639U,Salam Kissan | Kissan Day 18th Dec | A Tribute to Farmers by Sarsabz Fertilizer,20231210,UgzdFXcvT8f1p05dNzd4AaABAg,no,@thirstycrow8191,no,Sibte hassan ❤,0,1726444800
PX7Lvjs639U,Salam Kissan | Kissan Day 18th Dec | A Tribute to Farmers by Sarsabz Fertilizer,20231210,UgyE55yccIt1CNjctlF4AaABAg,no,@MaherShahzadMuhammadShahzad,no,Happy kissan day,2,1726444800
PX7Lvjs639U,Salam Kissan | Kissan Day 18th Dec | A Tribute to Farmers by Sarsabz Fertilizer,20231210,UgxmYzcchBSDQVVdArx4AaABAg,no,@sufwaanali9584,no,Salam Kissan ❤❤ Salam Sarsabz Pakistan ❤❤ Pakistan Zindabad❤,1,1726444800
PX7Lvjs639U,Salam Kissan | Kissan Day 18th Dec | A Tribute to Farmers by Sarsabz Fertilizer,20231210,UgwaTj0ZvNiqQcdlEt94AaABAg,no,@sufwaanali9584,no,❤❤❤❤ Kisan Hyn tw Hum hYn ye mUlk hai Ye nH Tw hUm nHi ❤❤❤❤,1,1726444800
PX7Lvjs639U,Salam Kissan | Kissan Day 18th Dec | A Tribute to Farmers by Sarsabz Fertilizer,20231210,Ugz3Dx2On_8tGcQrlQB4AaABAg,no,@soldiergamerz786,no,Congratulations 👏👏🎉 for 100k subscribers on YouTube 😘❤,2,1726444800
PX7Lvjs639U,Salam Kissan | Kissan Day 18th Dec | A Tribute to Farmers by Sarsabz Fertilizer,20231210,UgxxLx-itD37JNHCvUV4AaABAg,no,@muazzamahmed8164,no,Awesome 💯,1,1726444800
PX7Lvjs639U,Salam Kissan | Kissan Day 18th Dec | A Tribute to Farmers by Sarsabz Fertilizer,20231210,UgxyYkwngkxilHa7NGl4AaABAg,no,@muazzamahmed8164,no,Superb ❤️💛,1,1726444800
PX7Lvjs639U,Salam Kissan | Kissan Day 18th Dec | A Tribute to Farmers by Sarsabz Fertilizer,20231210,UgyQUqiOa3afGvwROhJ4AaABAg,no,@ranaumar4343,no,Very informative  👏  proud to bi a part of this group ❤,2,1726444800
PX7Lvjs639U,Salam Kissan | Kissan Day 18th Dec | A Tribute to Farmers by Sarsabz Fertilizer,20231210,Ugzer25tT603eiOdk0l4AaABAg,no,@ashrafsuhail,no,Great great 🎉.. Salam kisan .. wonderful Sib Hassan 👍,1,1726444800
PX7Lvjs639U,Salam Kissan | Kissan Day 18th Dec | A Tribute to Farmers by Sarsabz Fertilizer,20231210,Ugz-4ebfUq7q1kVplZx4AaABAg,no,@mohammed_afroz07,no,Love from India ❤❤,1,1726444800
PX7Lvjs639U,Salam Kissan | Kissan Day 18th Dec | A Tribute to Farmers by Sarsabz Fertilizer,20231210,UgzGJPhFUdq9s97qT6d4AaABAg,no,@nimrarafiq2083,no,salute is to hard,1,1726444800
PX7Lvjs639U,Salam Kissan | Kissan Day 18th Dec | A Tribute to Farmers by Sarsabz Fertilizer,20231210,Ugz_t-6IoEc661g70yh4AaABAg,no,@MK-M.Bakhsh-Hashmi,no,"No farmer no food 
Respect farmer 
Provide them facilities",1,1726444800
PX7Lvjs639U,Salam Kissan | Kissan Day 18th Dec | A Tribute to Farmers by Sarsabz Fertilizer,20231210,Ugx2i9KgESi1alIhvkJ4AaABAg,no,@abdullahshahidshahidbashir4523,no,I love  you ❤😊❤😊❤😊❤😊🎉,1,1726444800
PX7Lvjs639U,Salam Kissan | Kissan Day 18th Dec | A Tribute to Farmers by Sarsabz Fertilizer,20231210,UgxKwaO1_pMacl8ZkcZ4AaABAg,no,@amaanboss5758,no,Who loves Quran 😊,33,1726444800
PX7Lvjs639U,Salam Kissan | Kissan Day 18th Dec | A Tribute to Farmers by Sarsabz Fertilizer,20231210,Ugy4yB1Ik1JIGFyOaQN4AaABAg,no,@amaanboss5758,no,Who loves Allah pak,0,1726444800
PX7Lvjs639U,Salam Kissan | Kissan Day 18th Dec | A Tribute to Farmers by Sarsabz Fertilizer,20231210,UgyTtfuUN88TUuGr2i94AaABAg,no,@crazytaimoor8077,no,Thanks❤,0,1726444800
PX7Lvjs639U,Salam Kissan | Kissan Day 18th Dec | A Tribute to Farmers by Sarsabz Fertilizer,20231210,UgzYhWXrGKkoZRwuJQJ4AaABAg,no,@2819khan,no,Thank you so so much,2,1726444800
PX7Lvjs639U,Salam Kissan | Kissan Day 18th Dec | A Tribute to Farmers by Sarsabz Fertilizer,20231210,Ugww6ntpDtlQnL-tLJt4AaABAg,no,@Paintwithme12_456,no,Shukriya,1,1726444800
PX7Lvjs639U,Salam Kissan | Kissan Day 18th Dec | A Tribute to Farmers by Sarsabz Fertilizer,20231210,UgxWIHocTY94Oo178Rp4AaABAg,no,@Mohsin604,no,Love you ❤,0,1726444800
PX7Lvjs639U,Salam Kissan | Kissan Day 18th Dec | A Tribute to Farmers by Sarsabz Fertilizer,20231210,Ugw-azwI8_uuHBCgDbx4AaABAg,no,@adilmehmood3419,no,Salute to kisans brothers and sisters our good health and life is just because of your hard work and support . May Allah give you more strength ❤❤,3,1726444800
PX7Lvjs639U,Salam Kissan | Kissan Day 18th Dec | A Tribute to Farmers by Sarsabz Fertilizer,20231210,Ugwk1b7NO7ZKuIlUbi94AaABAg,no,@murtazastanekzai5799,no,Yes 🙌 solute to all farmers we appreciate and respect all hard efforts of our farmers❤.very emotional add by sarsabz co I saw it on YouTube and it brings me hear to comment on it. A blend of shown tradition was awesome,4,1726444800
PX7Lvjs639U,Salam Kissan | Kissan Day 18th Dec | A Tribute to Farmers by Sarsabz Fertilizer,20231210,UgwCiYuRAyJQ7G0ziBp4AaABAg,no,@hammadtouraiz3426,no,thank you,0,1726444800
PX7Lvjs639U,Salam Kissan | Kissan Day 18th Dec | A Tribute to Farmers by Sarsabz Fertilizer,20231210,UgzO1gCZMSEo5UhKdY14AaABAg,no,@gullfoodsecrets6446,no,thank you so much sarsabz😊🥺,41,1726444800
PX7Lvjs639U,Salam Kissan | Kissan Day 18th Dec | A Tribute to Farmers by Sarsabz Fertilizer,20231210,UgzSPB_zic2tgHcFVqF4AaABAg,no,@RizwanGaming009,no,Good 😂,1,1726444800
PX7Lvjs639U,Salam Kissan | Kissan Day 18th Dec | A Tribute to Farmers by Sarsabz Fertilizer,20231210,Ugx0XLjelpEyw1VljVx4AaABAg,no,@Black_EyeYT,no,Happy Kissan day❤❤,1,1726444800
PX7Lvjs639U,Salam Kissan | Kissan Day 18th Dec | A Tribute to Farmers by Sarsabz Fertilizer,20231210,UgwgBLL6azaJsjACcXh4AaABAg,no,@SignLanguageForDeaf,no,Salam Kissan,1,1726444800
PX7Lvjs639U,Salam Kissan | Kissan Day 18th Dec | A Tribute to Farmers by Sarsabz Fertilizer,20231210,UgzG5SDHEt-KjY87IEl4AaABAg,no,@Unknown_4_editz,no,We support you ❤,1,1726444800
PX7Lvjs639U,Salam Kissan | Kissan Day 18th Dec | A Tribute to Farmers by Sarsabz Fertilizer,20231210,UgyeIu8Ztdw05iAJZrt4AaABAg,no,@abdullahyameen9777,no,Thanks pakistan ❤ 😌,1,1726444800
PX7Lvjs639U,Salam Kissan | Kissan Day 18th Dec | A Tribute to Farmers by Sarsabz Fertilizer,20231210,UgxrhAkHW6sqA7SaqFN4AaABAg,no,@ChjamshidChjamshid-z3s,no,Thanks  pakistan ❤❤❤😢😢,1,1726444800
PX7Lvjs639U,Salam Kissan | Kissan Day 18th Dec | A Tribute to Farmers by Sarsabz Fertilizer,20231210,UgyWvkLPZeNdWfjTa_B4AaABAg,no,@soccerstars2003,no,Salam Kisan,1,1726444800
PX7Lvjs639U,Salam Kissan | Kissan Day 18th Dec | A Tribute to Farmers by Sarsabz Fertilizer,20231210,UgxJRHxrOfmczRgc8ax4AaABAg,no,@jhoolalal1098,no,🎉🎉🎉🎉🎉,0,1726444800
PX7Lvjs639U,Salam Kissan | Kissan Day 18th Dec | A Tribute to Farmers by Sarsabz Fertilizer,20231210,UgxiMftbTIOmHNzDuFl4AaABAg,no,@RahanKhan-w1g,no,❤❤❤❤,0,1726444800
PX7Lvjs639U,Salam Kissan | Kissan Day 18th Dec | A Tribute to Farmers by Sarsabz Fertilizer,20231210,UgwSKyc_E0gwyG5yMkJ4AaABAg,no,@ayeshasheikh3756,no,"I am delighted to learn that Sarsabz Fertilizer maintains dedication to recognizing the commitment of farmers, who are the backbone of our nation. Their unwavering efforts undoubtedly contribute significantly to our prosperity, as exemplified by their celebration of Kissan Day on December 18, 2023. This observance serves as a testament to Sarsabz Fertilizer's commitment to promoting the agricultural community in Pakistan and acknowledging the pivotal role farmers play in fostering the prosperity of our country. #SalamKissan #SarsabzPakistan #KissanDay
Hats off to their resilience who combat floods that destroy their crops and they stand up again.",0,1726444800
PX7Lvjs639U,Salam Kissan | Kissan Day 18th Dec | A Tribute to Farmers by Sarsabz Fertilizer,20231210,UgzocDVEaAJa_5-h7rR4AaABAg,no,@brony66,no,Respect,1,1726444800
PX7Lvjs639U,Salam Kissan | Kissan Day 18th Dec | A Tribute to Farmers by Sarsabz Fertilizer,20231210,Ugyyk18dJI9H4p8Sy9J4AaABAg,no,@shaheenriazawan7370,no,proud to be farmers Alhamdulilah❤,3,1726444800
PX7Lvjs639U,Salam Kissan | Kissan Day 18th Dec | A Tribute to Farmers by Sarsabz Fertilizer,20231210,UgyZSYPXc2-nxHIalod4AaABAg,no,@zainmixer786,no,Nice ❤❤❤,1,1726444800
PX7Lvjs639U,Salam Kissan | Kissan Day 18th Dec | A Tribute to Farmers by Sarsabz Fertilizer,20231210,UgzVooFDE7zvIqR7Ahp4AaABAg,no,@muskanscuisine30,no,Thanks to all our farmers who work hard for us ❤️❤️❤️🫶🏻,10,1726444800
PX7Lvjs639U,Salam Kissan | Kissan Day 18th Dec | A Tribute to Farmers by Sarsabz Fertilizer,20231210,UgxsYMWb8hjYxuPGK914AaABAg,no,@shakeelhussain5224,no,Salam kissan❤,0,1726444800
PX7Lvjs639U,Salam Kissan | Kissan Day 18th Dec | A Tribute to Farmers by Sarsabz Fertilizer,20231210,UgwMw26c8XvETSkgMWR4AaABAg,no,@Tasawar.09,no,Thanks❤,0,1726444800
PX7Lvjs639U,Salam Kissan | Kissan Day 18th Dec | A Tribute to Farmers by Sarsabz Fertilizer,20231210,Ugyu_ZPYmvxl88z0Jzl4AaABAg,no,@HammadKhattak-om9pm,no,Our pride,0,1726444800
PX7Lvjs639U,Salam Kissan | Kissan Day 18th Dec | A Tribute to Farmers by Sarsabz Fertilizer,20231210,UgzWXwJDXB7DCYBVNoF4AaABAg,no,@malikzeeshan402,no,Slam kissam❤,1,1726444800
PX7Lvjs639U,Salam Kissan | Kissan Day 18th Dec | A Tribute to Farmers by Sarsabz Fertilizer,20231210,UgwsYH9yQ0qt2sW7bGV4AaABAg,no,@umarshah_10,no,thank you 😘🥰,0,1726444800
PX7Lvjs639U,Salam Kissan | Kissan Day 18th Dec | A Tribute to Farmers by Sarsabz Fertilizer,20231210,Ugxmqp3_serhvmx6FgV4AaABAg,no,@isfand21,no,"Watching this tribute to farmers fills me with gratitude for the hands that feed the world, this video is a heartfelt salute to the farmers who toil under the sun to nourish us all, #SalamKissan",5,1726444800
PX7Lvjs639U,Salam Kissan | Kissan Day 18th Dec | A Tribute to Farmers by Sarsabz Fertilizer,20231210,Ugz7kBE0pwzyG1eHl1h4AaABAg,no,@Fra62hdHs8evd,no,Thank,1,1726444800
PX7Lvjs639U,Salam Kissan | Kissan Day 18th Dec | A Tribute to Farmers by Sarsabz Fertilizer,20231210,Ugz-siEGrwbrpGv9Mbl4AaABAg,no,@daniyalkhan7988,no,Thank you kisan❤❤❤,1,1726444800
PX7Lvjs639U,Salam Kissan | Kissan Day 18th Dec | A Tribute to Farmers by Sarsabz Fertilizer,20231210,UgzC6ZPSE7BbtBAe3tl4AaABAg,no,@Khudabux143,no,❤❤❤❤,0,1726444800
PX7Lvjs639U,Salam Kissan | Kissan Day 18th Dec | A Tribute to Farmers by Sarsabz Fertilizer,20231210,UgzR-iFovhzgvK-B4Hl4AaABAg,no,@Ramzanchisti,no,Shukriya aapka sarsabz thank you very very much I love kisan❤❤❤❤,1,1726444800
PX7Lvjs639U,Salam Kissan | Kissan Day 18th Dec | A Tribute to Farmers by Sarsabz Fertilizer,20231210,UgzTGbC5D37_p1qJyZx4AaABAg,no,@Ramzanchisti,no,Thank you,0,1726444800
PX7Lvjs639U,Salam Kissan | Kissan Day 18th Dec | A Tribute to Farmers by Sarsabz Fertilizer,20231210,UgxTZzfHJHaRvvJ56rp4AaABAg,no,@khalidkhan-zw8uu,no,❤❤,0,1726444800
PX7Lvjs639U,Salam Kissan | Kissan Day 18th Dec | A Tribute to Farmers by Sarsabz Fertilizer,20231210,UgwsiGU71wh9YcjenxN4AaABAg,no,@HassamRiaz-tc4ug,no,Thank you,0,1726444800
PX7Lvjs639U,Salam Kissan | Kissan Day 18th Dec | A Tribute to Farmers by Sarsabz Fertilizer,20231210,UgwIlzT9DJ-lg8OuQAN4AaABAg,no,@syedumairrasheedvlogs7250,no,Salaam Kisaan❤️🇵🇰,1,1726444800
PX7Lvjs639U,Salam Kissan | Kissan Day 18th Dec | A Tribute to Farmers by Sarsabz Fertilizer,20231210,UgwaBBmzgvCN3e94obx4AaABAg,no,@SLEGEND744,no,Thank you,0,1726444800
PX7Lvjs639U,Salam Kissan | Kissan Day 18th Dec | A Tribute to Farmers by Sarsabz Fertilizer,20231210,UgyZp3cTJ-QP0AMNytN4AaABAg,no,@OFFCIAL.LEOMOVIE,no,thank you,0,1726444800
PX7Lvjs639U,Salam Kissan | Kissan Day 18th Dec | A Tribute to Farmers by Sarsabz Fertilizer,20231210,UgzsrHNjU1i6AOtPHcB4AaABAg,no,@fahadmughalft,no,Happy 🎉🎉🎉🎉🎉🎉,3,1726444800
PX7Lvjs639U,Salam Kissan | Kissan Day 18th Dec | A Tribute to Farmers by Sarsabz Fertilizer,20231210,Ugzdu_yiScegbiE7uox4AaABAg,no,@fahadmughalft,no,Happy,0,1726444800
PX7Lvjs639U,Salam Kissan | Kissan Day 18th Dec | A Tribute to Farmers by Sarsabz Fertilizer,20231210,Ugxd17bQLvx2jvGrZkR4AaABAg,no,@alisher4544,no,❤,0,1726444800
PX7Lvjs639U,Salam Kissan | Kissan Day 18th Dec | A Tribute to Farmers by Sarsabz Fertilizer,20231210,UgzrE0SMNdSlBroIfKV4AaABAg,no,@Handm827,no,❤❤❤,0,1726444800
PX7Lvjs639U,Salam Kissan | Kissan Day 18th Dec | A Tribute to Farmers by Sarsabz Fertilizer,20231210,Ugyjcn4iPaBXzHd0FQR4AaABAg,no,@abdullahihsan1453,no,Thanks for all alll all things,1,1726444800
PX7Lvjs639U,Salam Kissan | Kissan Day 18th Dec | A Tribute to Farmers by Sarsabz Fertilizer,20231210,UgzRkwvuxZWOQoc4TcN4AaABAg,no,@RDX295gaming,no,Our pride kissan❤❤❤❤ appreciate it to all our kissan 🫰🥰🥰🥰happy happy kissan day to all farmers 🥰🫰 in advance,2,1726444800
PX7Lvjs639U,Salam Kissan | Kissan Day 18th Dec | A Tribute to Farmers by Sarsabz Fertilizer,20231210,UgyzMGpfFe3ikjPbw914AaABAg,no,@BilalCh-g8k,no,Good job 😊,8,1726444800
PX7Lvjs639U,Salam Kissan | Kissan Day 18th Dec | A Tribute to Farmers by Sarsabz Fertilizer,20231210,UgzrtZFcIXPkmYbZnVR4AaABAg,no,@zainpardesi3111,no,😋❤️❤️,0,1726444800
PX7Lvjs639U,Salam Kissan | Kissan Day 18th Dec | A Tribute to Farmers by Sarsabz Fertilizer,20231210,UgzNDOVfURwi43n5vaJ4AaABAg,no,@zainpardesi3111,no,❤❤❤,0,1726444800
PX7Lvjs639U,Salam Kissan | Kissan Day 18th Dec | A Tribute to Farmers by Sarsabz Fertilizer,20231210,UgxvmkWi7Xqp4AQ04RN4AaABAg,no,@zainpardesi3111,no,❤,0,1726444800
PX7Lvjs639U,Salam Kissan | Kissan Day 18th Dec | A Tribute to Farmers by Sarsabz Fertilizer,20231210,UgwuB-IVux3f1SEbDNV4AaABAg,no,@abdullahkhan9560,no,Massalllah ❤❤❤❤❤❤❤❤❤,2,1726444800
PX7Lvjs639U,Salam Kissan | Kissan Day 18th Dec | A Tribute to Farmers by Sarsabz Fertilizer,20231210,UgzUy69B_TqbFBJEqId4AaABAg,no,@umzzzzyt,no,Happy kissan day ♥️🫶🏼,2,1726444800
PX7Lvjs639U,Salam Kissan | Kissan Day 18th Dec | A Tribute to Farmers by Sarsabz Fertilizer,20231210,UgwydvhRapfaeRLbOFZ4AaABAg,no,@Parrotlovers5631,no,"I was here 
I love this thing 
Happy Kishan day all of u",1,1726444800
PX7Lvjs639U,Salam Kissan | Kissan Day 18th Dec | A Tribute to Farmers by Sarsabz Fertilizer,20231210,UgxNgmd9AISfSV2PVEJ4AaABAg,no,@DilawarKhan-ws8xz,no,Pakistan ka Kisan  hamari  shan🎉🎉🎉🎉,2,1726444800
PX7Lvjs639U,Salam Kissan | Kissan Day 18th Dec | A Tribute to Farmers by Sarsabz Fertilizer,20231210,UgwcZ-a_gV7Z7oFEPsV4AaABAg,no,@amaa_z__ahme_d.56,no,"Thanks sarsabz for supporting farmer community
Really Appreciated ❤❤",3,1726444800
PX7Lvjs639U,Salam Kissan | Kissan Day 18th Dec | A Tribute to Farmers by Sarsabz Fertilizer,20231210,UgxlSNjllvnS-jVUymp4AaABAg,no,@jasimbutt9525,no,🙏❤️,0,1726444800
PX7Lvjs639U,Salam Kissan | Kissan Day 18th Dec | A Tribute to Farmers by Sarsabz Fertilizer,20231210,Ugwa9pNNCY96zKbckyV4AaABAg,no,@romanharoon45,no,🎉🎉🎉,0,1726444800
PX7Lvjs639U,Salam Kissan | Kissan Day 18th Dec | A Tribute to Farmers by Sarsabz Fertilizer,20231210,UgzBxtx_j3SlrOAgnxt4AaABAg,no,@vmeditz2476,no,Pakistan ke kisan hamari shan🎉🎉ALKHAMDULILLAH I AM FARMER❤,1,1726444800
PX7Lvjs639U,Salam Kissan | Kissan Day 18th Dec | A Tribute to Farmers by Sarsabz Fertilizer,20231210,UgyRBFPNm2e2jgT4k7N4AaABAg,no,@eman12341,no,Appreciate kissan I like you kissan I m support you kissan,1,1726444800
PX7Lvjs639U,Salam Kissan | Kissan Day 18th Dec | A Tribute to Farmers by Sarsabz Fertilizer,20231210,UgzhTogNhVEm15gbgCd4AaABAg,no,@Short-lived315,no,Salam kissan i am proud for you ❤,1,1726444800
PX7Lvjs639U,Salam Kissan | Kissan Day 18th Dec | A Tribute to Farmers by Sarsabz Fertilizer,20231210,UgyiMF2-duMNIkZwleh4AaABAg,no,@Pathwarisher12,no,❤❤,0,1726444800
PX7Lvjs639U,Salam Kissan | Kissan Day 18th Dec | A Tribute to Farmers by Sarsabz Fertilizer,20231210,UgxuTFNMWQpMpNddr0p4AaABAg,no,@Islamicvideos-m9u,no,Thank you,1,1726444800
PX7Lvjs639U,Salam Kissan | Kissan Day 18th Dec | A Tribute to Farmers by Sarsabz Fertilizer,20231210,UgxmgGEwx8nCbmDYsjh4AaABAg,no,@HaSaNAli-jw6yp,no,"SALAM KiSSaN
From Ducky Bhai
👇",1,1726444800
PX7Lvjs639U,Salam Kissan | Kissan Day 18th Dec | A Tribute to Farmers by Sarsabz Fertilizer,20231210,UgyHnZPaJw4WJOZLkS54AaABAg,no,@Usmanali295-c7h,no,Thanks,1,1726444800
PX7Lvjs639U,Salam Kissan | Kissan Day 18th Dec | A Tribute to Farmers by Sarsabz Fertilizer,20231210,UgwQkcMp70TauzFAOkZ4AaABAg,no,@aunmehdi2805,no,Thank you sarsabz kissan❤❤❤❤,3,1726444800
PX7Lvjs639U,Salam Kissan | Kissan Day 18th Dec | A Tribute to Farmers by Sarsabz Fertilizer,20231210,UgyD6zkDL-epAAE1Wg14AaABAg,no,@ahmedbhai1167,no,Hum ye kaam bachpan se karte hen Alhumdulillah ❤😊,1,1726444800
PX7Lvjs639U,Salam Kissan | Kissan Day 18th Dec | A Tribute to Farmers by Sarsabz Fertilizer,20231210,UgyPN6gk-44D8C181414AaABAg,no,@DuckyxRajab55,no,Thanks alot🎉❤,1,1726444800
PX7Lvjs639U,Salam Kissan | Kissan Day 18th Dec | A Tribute to Farmers by Sarsabz Fertilizer,20231210,Ugypd9qOrMrfegnUFFJ4AaABAg,no,@irfanhussainpets,no,🎉🎉🎉🎉🎉🎉,0,1726444800
PX7Lvjs639U,Salam Kissan | Kissan Day 18th Dec | A Tribute to Farmers by Sarsabz Fertilizer,20231210,Ugw8TkB5PtD5lk-VjFV4AaABAg,no,@zahidkhichi3227,no,Tamam mehnatkash kisanon ko Allah tala apni hip Jo Aman mein rakhen,2,1726444800
PX7Lvjs639U,Salam Kissan | Kissan Day 18th Dec | A Tribute to Farmers by Sarsabz Fertilizer,20231210,UgyDMx5CL34QxhV2g754AaABAg,no,@engineerqamar,no,This is truly inspirational as everything was lost in floods and some people even became pessimist. Infact they have to go through a sea of hardahips but they never lost hope. This hope together with digital initiatives of Sarsabz created a sigh of relief. Higher yields e.g. 10 ℅ extra plays pivotal role in farmers life and their well being. Hats off to Sarsabz for celebrating a day for Farmers to commemorate their efforts who are back bone of our country's economy.,7,1726444800
PX7Lvjs639U,Salam Kissan | Kissan Day 18th Dec | A Tribute to Farmers by Sarsabz Fertilizer,20231210,UgyDMx5CL34QxhV2g754AaABAg.9yQ0m7iM0Bm9yQTPHQ14kW,yes,@Sarsabz,yes,❤❤🙌,1,1726444800
PX7Lvjs639U,Salam Kissan | Kissan Day 18th Dec | A Tribute to Farmers by Sarsabz Fertilizer,20231210,Ugz0mherevTsVvkjJsJ4AaABAg,no,@hamidroman3283,no,"#Salam Kissan#  new salam kissan covers the difficulties faced and struggles of our farmers in crisis situation and tells that ""HAR MUSHKAL K BAAD ASANI hy""...Our farmers are back bone  of country s agriculture and economy and with thier untiring efforts we are able to enjoy the food....Keep rising ""Our Kissans & Pakistan"".",7,1726444800
PX7Lvjs639U,Salam Kissan | Kissan Day 18th Dec | A Tribute to Farmers by Sarsabz Fertilizer,20231210,UgxGmlzBAAhdq_0FKvV4AaABAg,no,@muhammadyaquob7268,no,"Farmers are the backbone of civilization and guardians of our food security. your tireless efforts in face of adversity ensure that 240 Million people of this country are fed and clothed. No country can develop without farmers. Let us salute all the farmers for all the hard work they put in to ensure that we never sleep hungry. A very emotional message for everyone to remain hopeful, positive and determined no matter what the circumstances are.",2,1726444800
PX7Lvjs639U,Salam Kissan | Kissan Day 18th Dec | A Tribute to Farmers by Sarsabz Fertilizer,20231210,UgxGmlzBAAhdq_0FKvV4AaABAg.9yPiWldhN9KA-GWKnMIQl3,yes,@Sarsabz,yes,"Congratulations on winning! Please email your complete details (Address, phone number, and city) to sarsabzofficialpk@gmail.com using the same email address associated with your YouTube account.",0,1726444800
PX7Lvjs639U,Salam Kissan | Kissan Day 18th Dec | A Tribute to Farmers by Sarsabz Fertilizer,20231210,UgxGmlzBAAhdq_0FKvV4AaABAg.9yPiWldhN9KA-iRo5Pp4ub,yes,@Sarsabz,yes,"youtube.com/@muhammadyaquob7268 Please email your complete details (Address, phone number, and city) to sarsabzofficialpk@gmail.com using the same email address associated with your YouTube account.",0,1726444800
PX7Lvjs639U,Salam Kissan | Kissan Day 18th Dec | A Tribute to Farmers by Sarsabz Fertilizer,20231210,UgxGmlzBAAhdq_0FKvV4AaABAg.9yPiWldhN9KA03wF3YS5WP,yes,@Sarsabz,yes,"youtube.com/@muhammadyaquob7268 Time is ticking. Please email your complete details (Address, phone number, and city) to sarsabzofficialpk@gmail.com using the same email address associated with your YouTube account.",0,1726444800
PX7Lvjs639U,Salam Kissan | Kissan Day 18th Dec | A Tribute to Farmers by Sarsabz Fertilizer,20231210,UgxGmlzBAAhdq_0FKvV4AaABAg.9yPiWldhN9KA16jTybQZBY,yes,@Sarsabz,yes,"youtube.com/@muhammadyaquob7268 Time is ticking!
A last but soft reminder, please email your complete details (Address, phone number, and city) to sarsabzofficialpk@gmail.com using the same email address associated with your YouTube account.",0,1726444800
PX7Lvjs639U,Salam Kissan | Kissan Day 18th Dec | A Tribute to Farmers by Sarsabz Fertilizer,20231210,Ugxlsk3kjPirnHj3t814AaABAg,no,@GhulamMustafa-jo4pi,no,Salam Kissan ❤❤❤❤❤❤,1,1726444800
PX7Lvjs639U,Salam Kissan | Kissan Day 18th Dec | A Tribute to Farmers by Sarsabz Fertilizer,20231210,Ugw6FiH-FvIylacBl_d4AaABAg,no,@GhulamMustafa-jo4pi,no,Liked and Shared in groups also,2,1726444800
PX7Lvjs639U,Salam Kissan | Kissan Day 18th Dec | A Tribute to Farmers by Sarsabz Fertilizer,20231210,UgwnaEE1FCP6r0OARP54AaABAg,no,@GhulamMustafa-jo4pi,no,Kissan Hamari Shan,0,1726444800
PX7Lvjs639U,Salam Kissan | Kissan Day 18th Dec | A Tribute to Farmers by Sarsabz Fertilizer,20231210,Ugyed2_XJ5el7wv26al4AaABAg,no,@azeemqaimkhani1378,no,"زمین کے ماٹے میں نہا کے نباتات بڑھوا دئے
خوشی ہارے چٹانوں کو، پھولوں کو ادھار دئے

افضل فصل کا خواب تھا، نمبردار بناجائیں
مزہ زندگی کا تاج ہے، کسان کے ہاتھوں میں چھا جائیں

ہمیں اپنے زمینوں کو اچھی طرح نڈ",0,1726444800
PX7Lvjs639U,Salam Kissan | Kissan Day 18th Dec | A Tribute to Farmers by Sarsabz Fertilizer,20231210,UgxDCCgvz6Ktn-ujhqJ4AaABAg,no,@Maliks-z5o,no,Farmers of pakistan are out pride in ki waja se he hmy kahany k liye cheezain milti hn ye na hoty to shayid hum sabzi cheezain na kha paty insane k liye janwar k liye hr ksi k liye kam krty hn ❤all kisan is very hardworking hum sb ko chaiye k hum in p fakr kry i am proud of all kisan 😊❤ sb kam ye hmry liye krty itni garmi mein itni mehant or sakt se salt sardi mein b 😢 i love all kisan ❤❤,2,1726444800
PX7Lvjs639U,Salam Kissan | Kissan Day 18th Dec | A Tribute to Farmers by Sarsabz Fertilizer,20231210,UgwlWv4defzUnQ1GhDF4AaABAg,no,@idresskhan4420,no,Congratulations 100k subscriber,26,1726444800
PX7Lvjs639U,Salam Kissan | Kissan Day 18th Dec | A Tribute to Farmers by Sarsabz Fertilizer,20231210,Ugw3IiuBgDk6lUjkgM94AaABAg,no,@Asifpathan8890,no,"حلال رزق کا مطلب کسان سے پوچھو پسینہ بن کے بدن سے لہو نکلتا ہے سرد راتوں میں تپتی دھوپ میں وہ اپنی فصل کا خیال رکھتا ہے جیسے وہ اپنے بچے کو دیتا ہے تحفظ ایسے وہ اپنی فصل کی پوری خوراک رکھتا ہے بارش اندھی اور طوفان سے بچانے کی خاطر وہ اپنی چارپائی کھیتوں میں ڈال رکھتا ہے گندم کپاس چاول یا اگائے وہ گنا انہی سب فصلوں پہ وہ اپنی زندگی کا ملال رکھتا ہے
#Sarsabz
@sarsabzkisan
#sarsabzpakistan",11,1726444800
PX7Lvjs639U,Salam Kissan | Kissan Day 18th Dec | A Tribute to Farmers by Sarsabz Fertilizer,20231210,UgwNIB0TsL7wKfdIXi94AaABAg,no,@Asifpathan8890,no,"No country can develop without farmers. Let us salute all the farmers for all the hard work they put in to ensure that we never sleep hungry.# Happy Farmers Day.

The meaning of halal sustenance is ask the farmer.

#HappyFarmersDay #Kisanday #Sarsabz #FatimaFertilizer #agriculture",3,1726444800
PX7Lvjs639U,Salam Kissan | Kissan Day 18th Dec | A Tribute to Farmers by Sarsabz Fertilizer,20231210,Ugzva5SAW0Yfay-BElV4AaABAg,no,@mujeebkhan2618,no,"No country can develop without farmers. Let us salute all the farmers for all the hard work they put in to ensure that we never sleep hungry. Happy Farmers Day.

The meaning of halal sustenance is ask the farmer.

#HappyFarmersDay #Kisanday #Sarsabz #FatimaFertilizer #agriculture

#18december2024",7,1726444800
PX7Lvjs639U,Salam Kissan | Kissan Day 18th Dec | A Tribute to Farmers by Sarsabz Fertilizer,20231210,Ugzva5SAW0Yfay-BElV4AaABAg.9yOgFYEQqXX9yS_7_79wik,yes,@zainsarfraz5475,no,Pa atha kuj ult A,0,1726444800
PX7Lvjs639U,Salam Kissan | Kissan Day 18th Dec | A Tribute to Farmers by Sarsabz Fertilizer,20231210,Ugx130MjMptP3T6HzCh4AaABAg,no,@QamarAbbas-b4x,no,"This video still gives me Goosebumps every time I see this. Superb effort by team Sarsabz! #Heartbroken#Grief#Depression# followed by #Joy#Gratitude#Exuberant# wow, what a range of emotions in a single video. 
Tons of appreciation to every single farmer who is working so hard to provide all food that we are actually eating today. Kudos to Sarsabz as well for initiating Salam Kissan theme back in 2019 and celebrating it every year with all their hearts.",7,1726444800
PX7Lvjs639U,Salam Kissan | Kissan Day 18th Dec | A Tribute to Farmers by Sarsabz Fertilizer,20231210,Ugz3GA_anz_MxVoMj5V4AaABAg,no,@hurairab0,no,"We love kissan because my father is farmer 
Wo mehnat krta hn or ham aj parh raha hn I appreciate My father and All farmers ❤❤❤❤❤",9,1726444800
PX7Lvjs639U,Salam Kissan | Kissan Day 18th Dec | A Tribute to Farmers by Sarsabz Fertilizer,20231210,UgxjBeCMKMv0pTDOT5J4AaABAg,no,@Islamic_short43-y,no,"Salam Kissan 
Kissan Shan hai Pakistan ka
Kissan Jan Pakistan ka 
Hamari har SAS Kissan ke Sath 🎉❤",3,1726444800
PX7Lvjs639U,Salam Kissan | Kissan Day 18th Dec | A Tribute to Farmers by Sarsabz Fertilizer,20231210,UgwRjw6YR5_2XyDw0Cd4AaABAg,no,@AasmaJehan,no,Congratulations for 100 k,3,1726444800
PX7Lvjs639U,Salam Kissan | Kissan Day 18th Dec | A Tribute to Farmers by Sarsabz Fertilizer,20231210,UgzvYpiwvmeGYtiF3DV4AaABAg,no,@islamic_short_z,no,Shehar ma dihat waly attendance lgwaye❤,0,1726444800
PX7Lvjs639U,Salam Kissan | Kissan Day 18th Dec | A Tribute to Farmers by Sarsabz Fertilizer,20231210,UgzHXK4trQZ6VsAzLdl4AaABAg,no,@Sunnymehmood1,no,Salam Kissan. Keep growing Fatima Fertilizer. Masha Allah. Good initiative,7,1726444800
PX7Lvjs639U,Salam Kissan | Kissan Day 18th Dec | A Tribute to Farmers by Sarsabz Fertilizer,20231210,UgwHXxWygKDroerarHJ4AaABAg,no,@udcollection6907,no,the best song for kisan ilove my bahikisan 😂😂😂😂😭😭,1,1726444800
PX7Lvjs639U,Salam Kissan | Kissan Day 18th Dec | A Tribute to Farmers by Sarsabz Fertilizer,20231210,UgyARwPJKAUA4FRh3I14AaABAg,no,@abdulsami3716,no,"Really inspiring and emotional.
This song is really based on reality and naturalization of Farmers.
Salute to all Pakistani Kisan and Sasabz Pakistan.",9,1726444800
PX7Lvjs639U,Salam Kissan | Kissan Day 18th Dec | A Tribute to Farmers by Sarsabz Fertilizer,20231210,UgzZQqnP3VqefQzPbYl4AaABAg,no,@AkshayKumar-hx9rv,no,🎉🎉🎉🇮🇳🇮🇳🇮🇳,0,1726444800
PX7Lvjs639U,Salam Kissan | Kissan Day 18th Dec | A Tribute to Farmers by Sarsabz Fertilizer,20231210,UgxqFiCOLdl28bTc_Nx4AaABAg,no,@asifshahzad4339,no,"Salute to Alla Kisaans 🙋
Life without food,
Is like a tree without roots.
Life without food,
Is like a bad dream come true
Food comes from farms,
These farms make our country charm,
Our country’s pride is hidden in farms,
But the growing population rings an alarm",2,1726444800
PX7Lvjs639U,Salam Kissan | Kissan Day 18th Dec | A Tribute to Farmers by Sarsabz Fertilizer,20231210,Ugxum5NilS5qCs831MB4AaABAg,no,@ShazimabbasShazimabbas,no,Salam kissan ❤,1,1726444800
PX7Lvjs639U,Salam Kissan | Kissan Day 18th Dec | A Tribute to Farmers by Sarsabz Fertilizer,20231210,UgxZC_ntnaFsFvkXQlR4AaABAg,no,@bualivibes,no,Zabardast,1,1726444800
PX7Lvjs639U,Salam Kissan | Kissan Day 18th Dec | A Tribute to Farmers by Sarsabz Fertilizer,20231210,Ugw8BpLFqfde3hRM7ht4AaABAg,no,@GhulamFareed-oy8yw,no,Kisan zindabad,1,1726444800
PX7Lvjs639U,Salam Kissan | Kissan Day 18th Dec | A Tribute to Farmers by Sarsabz Fertilizer,20231210,UgxIA7YEOwKEwdL6lMB4AaABAg,no,@Hunnybunny8980,no,Nice,1,1726444800
PX7Lvjs639U,Salam Kissan | Kissan Day 18th Dec | A Tribute to Farmers by Sarsabz Fertilizer,20231210,UgyQNMp0Cgp2ngWyCC14AaABAg,no,@Engrzafarali,no,A huge shoutout to our incredible farmers! Your passion for growing our food is nothing short of amazing. Thanks a million for keeping our plates full and our communities thriving! 🌱🚜 #FarmersRock #SalamKissan #KissanDay #SarsabzPakistan,6,1726444800
PX7Lvjs639U,Salam Kissan | Kissan Day 18th Dec | A Tribute to Farmers by Sarsabz Fertilizer,20231210,UgxUeRUz3DzEFuHxacB4AaABAg,no,@ehtishammaqsood2820,no,"In the vast expanse of the countryside, a silent tribute unfolds daily to the tenacity of hardworking #farmers. #SalamKissan to these unsung heroes who labor tirelessly, their sweat and determination nurturing the fields that sustain us. With the support of #Sarsabz fertilizers, they cultivate life in every furrow, embodying the spirit of resilience. These dedicated souls, rising with the sun, sow the seeds of our collective prosperity and ensure the bounty that graces our tables.",17,1726444800
PX7Lvjs639U,Salam Kissan | Kissan Day 18th Dec | A Tribute to Farmers by Sarsabz Fertilizer,20231210,UgxUeRUz3DzEFuHxacB4AaABAg.9yNjhpdDWcq9yNoEUVlOuV,yes,@Hunnybunny8980,no,I like it ❤,2,1726444800
PX7Lvjs639U,Salam Kissan | Kissan Day 18th Dec | A Tribute to Farmers by Sarsabz Fertilizer,20231210,UgxUeRUz3DzEFuHxacB4AaABAg.9yNjhpdDWcq9yNoGYzoRqD,yes,@Hunnybunny8980,no,Great effort bro... 🎉❤,0,1726444800
PX7Lvjs639U,Salam Kissan | Kissan Day 18th Dec | A Tribute to Farmers by Sarsabz Fertilizer,20231210,UgxUeRUz3DzEFuHxacB4AaABAg.9yNjhpdDWcqAQv5x-sCrM8,yes,@ZarkaWaseem-pn1wf,no,1:52 Pppp,0,1768521600
PX7Lvjs639U,Salam Kissan | Kissan Day 18th Dec | A Tribute to Farmers by Sarsabz Fertilizer,20231210,UgxUeRUz3DzEFuHxacB4AaABAg.9yNjhpdDWcq9yNoJZFeMcl,yes,@Hunnybunny8980,no,You are brilliant bro ❤,1,1726444800
PX7Lvjs639U,Salam Kissan | Kissan Day 18th Dec | A Tribute to Farmers by Sarsabz Fertilizer,20231210,UgxUeRUz3DzEFuHxacB4AaABAg.9yNjhpdDWcq9yNoA3wPX4W,yes,@Hunnybunny8980,no,Nice bro,0,1726444800
PX7Lvjs639U,Salam Kissan | Kissan Day 18th Dec | A Tribute to Farmers by Sarsabz Fertilizer,20231210,UgzUDQiQLFtrXMLPkhF4AaABAg,no,@bilalshahid1099,no,کسان بھائیوں کی محنت و عظمت کو سلام او شکریہ سرسبز ہمیں یہ موقع فراہم کرنے کا ❤,2,1726444800
PX7Lvjs639U,Salam Kissan | Kissan Day 18th Dec | A Tribute to Farmers by Sarsabz Fertilizer,20231210,Ugz5tb7ONT3NO7VRlQB4AaABAg,no,@Rafay-fc5uu,no,Sarsabz is best,1,1726444800
PX7Lvjs639U,Salam Kissan | Kissan Day 18th Dec | A Tribute to Farmers by Sarsabz Fertilizer,20231210,UgxrBySqjGvIPj7Ko194AaABAg,no,@muhammadzeeshan4667,no,The farmer in only man in our our economy who buys everthing at retail sells everything  at wholesale and pays the freight both ways. The ultimate goal of farming is not the beings. That master eye is the best fertilizer.😢,0,1726444800
PX7Lvjs639U,Salam Kissan | Kissan Day 18th Dec | A Tribute to Farmers by Sarsabz Fertilizer,20231210,UgyJfEUACFErV1uZRux4AaABAg,no,@foodkahanibymarriam,no,kisan tum ko slam agar tum na ho to hum na ho     tum ko slam tum hamari zindagi hamara khana ho 😟😟😟😟😟😟😟😟😟😟😟😟😟🙁🙁🙁🙁🙁🙁🙁🙁🙁🙁🙁🙁🙁🙁🙁🙁🙁🙁🙁🙁🙁🙁🙁🙁🙁🙁🙁🙁🙁❤❤❤❤❤❤❤❤❤❤❤❤❤❤❤❤ khuda tumhari zindagi kare Aamin           love you kisan🙁🙁🙁🙁🙁🙁🙁🙁🙁🙁🙁🙁🙁❤❤❤❤❤❤❤💔💔❤❤❤❤❤,1,1726444800
PX7Lvjs639U,Salam Kissan | Kissan Day 18th Dec | A Tribute to Farmers by Sarsabz Fertilizer,20231210,UgyP_KcnZQ67HmlEyFV4AaABAg,no,@anwarqazi5935,no,Sarsabz netrophas Zameen ki jan,7,1726444800
PX7Lvjs639U,Salam Kissan | Kissan Day 18th Dec | A Tribute to Farmers by Sarsabz Fertilizer,20231210,Ugyvm9vWXXwOEwfZszZ4AaABAg,no,@Heriibhardwaj,no,I am Indian but all World farmer salute 💞💞💞💞💞💞,2,1726444800
PX7Lvjs639U,Salam Kissan | Kissan Day 18th Dec | A Tribute to Farmers by Sarsabz Fertilizer,20231210,Ugzw_0D7jM-hgCvYefR4AaABAg,no,@Malik_Faizan706,no,Pakistan KY  kahsan  hamari jan love you For all khsan❤❤❤❤❤😂😢😮😅 Mubarak to kahsan day😢❤😊😊❤❤❤❤❤,2,1726444800
PX7Lvjs639U,Salam Kissan | Kissan Day 18th Dec | A Tribute to Farmers by Sarsabz Fertilizer,20231210,UgxkOOkWrchMNt4MfXt4AaABAg,no,@gulariaz,no,Proudly supporting our farmers not only today but everyday. Thank you for the countless hours and acres dedicated to feeding the world. You are a national treasure🤍🌽🌾 Love ❤️ to My beloved Country assets ❣️,5,1726444800
PX7Lvjs639U,Salam Kissan | Kissan Day 18th Dec | A Tribute to Farmers by Sarsabz Fertilizer,20231210,UgxQkVYt8ihfpZWkc8V4AaABAg,no,@saleemhafiz19,no,Superb,1,1726444800
PX7Lvjs639U,Salam Kissan | Kissan Day 18th Dec | A Tribute to Farmers by Sarsabz Fertilizer,20231210,Ugw5M5MPY-YeeODJXi14AaABAg,no,@RehanAbid-c4m,no,"kisan boht mahnti hy, fatima ki wja se kafi bahter fasal hoti hy. boht acha kaam kia hy. ma fatima ka worker bhi hun or kisan bhi.",2,1726444800
PX7Lvjs639U,Salam Kissan | Kissan Day 18th Dec | A Tribute to Farmers by Sarsabz Fertilizer,20231210,Ugw99I-_qhh5ChxnztN4AaABAg,no,@FaisalDilbagh1,no,"Such a range of emotions while watching this video! Hard to express in words, starting from:
Compassion towards our farmers during recent 2010 and 2022 floods, heartfelt scenes of struggles and hardship they had to face as a family.
Inspiration : When everything is lost in floods, starting from scratch again and coming up to their feet with scarifies that a normal person can't even imagine. A true motivation in itself.
Motivation : Overcoming challenges consistently with their sweat and hard work.
Hopefulness : Even during worst of times they were busy in sowing seed of hope for us!
Thankfulness : Thank you for ensuring food on our table.
#SalamKissan #KissanDay #SarsabzPakistan",2,1726444800
PX7Lvjs639U,Salam Kissan | Kissan Day 18th Dec | A Tribute to Farmers by Sarsabz Fertilizer,20231210,UgwHkotcNUAWfCp1Uxh4AaABAg,no,@fiazahmad4068,no,"The Salam Kisan Project from Fatima Group has emerged as one of the best performance products in Pakistan, specifically targeting farmers. With an understanding of the challenges faced by the agricultural community, this initiative aims to enhance their productivity and improve rural livelihoods. The project offers a holistic approach by providing high-quality seeds, fertilizers, and pesticides that are crucial for crop growth. Fatima Group leverages its expertise in agriculture to not only provide superior products but also support farmers with training programs and knowledge sharing sessions. This customer-centric approach ensures that farmers can make informed decisions and achieve sustainable yields while optimizing their resources effectively. Salam Kisan Project showcases Fatima Group's commitment towards uplifting rural communities and making a significant impact on the agricultural landscape of Pakistan",1,1726444800
PX7Lvjs639U,Salam Kissan | Kissan Day 18th Dec | A Tribute to Farmers by Sarsabz Fertilizer,20231210,UgxKcuBQUAxpiEypvdd4AaABAg,no,@manzarabbas1821,no,Farmers are the real super heroes who ensure food security and this tribute to farmers by Sarsabz fertilizers is really appreciable. Salam Kissan,8,1726444800
PX7Lvjs639U,Salam Kissan | Kissan Day 18th Dec | A Tribute to Farmers by Sarsabz Fertilizer,20231210,UgwBeOUe9iTfIjVXO0l4AaABAg,no,@marslan2615,no,Pakistan k kisano I LOVE YOU❤❤❤,1,1726444800
PX7Lvjs639U,Salam Kissan | Kissan Day 18th Dec | A Tribute to Farmers by Sarsabz Fertilizer,20231210,UgydWF8rFOl61IqC3Kx4AaABAg,no,@ijgamerz,no,All farmers I proud of you You are our life 🧬 I proud of farmer,53,1726444800
PX7Lvjs639U,Salam Kissan | Kissan Day 18th Dec | A Tribute to Farmers by Sarsabz Fertilizer,20231210,Ugym6GkzDNM0YgQ-vT94AaABAg,no,@Raj0787,no,Love from india,1,1726444800
PX7Lvjs639U,Salam Kissan | Kissan Day 18th Dec | A Tribute to Farmers by Sarsabz Fertilizer,20231210,Ugz3_Exc2SJYqvzi6al4AaABAg,no,@Cartooncomedian256,no,Who come when sher main dehat talk about kisan day farmers day......,0,1726444800
PX7Lvjs639U,Salam Kissan | Kissan Day 18th Dec | A Tribute to Farmers by Sarsabz Fertilizer,20231210,UgwwsGu_XUVFuAWEB0x4AaABAg,no,@moazzamshah77,no,"one farmer invest his every thing for provide food to us. he believes on allah that he must returns it in better than he invested.

all farmers are our proud.",1,1726444800
PX7Lvjs639U,Salam Kissan | Kissan Day 18th Dec | A Tribute to Farmers by Sarsabz Fertilizer,20231210,UgwdOiHbdzBtnE57OLR4AaABAg,no,@Golo-n1b,no,Kon kon direct shar ma deht vlog SA ya aya,0,1726444800
PX7Lvjs639U,Salam Kissan | Kissan Day 18th Dec | A Tribute to Farmers by Sarsabz Fertilizer,20231210,UgzHIAf_WBGP4Af7R1R4AaABAg,no,@buzdarMunda,no,Nice love you a🎉🎉🎉,1,1726444800
PX7Lvjs639U,Salam Kissan | Kissan Day 18th Dec | A Tribute to Farmers by Sarsabz Fertilizer,20231210,UgwGlUuuOJkyxnePv0x4AaABAg,no,@buzdarMunda,no,ماشااللہ,1,1726444800
PX7Lvjs639U,Salam Kissan | Kissan Day 18th Dec | A Tribute to Farmers by Sarsabz Fertilizer,20231210,UgwxaGYi5HTS4oPpqZh4AaABAg,no,@abdullahfoodsecrets5575,no,Kisan is our pride -🎉🎉🎉🎉🎉❤❤❤ slam kisan sarsabz Pakistan ❤❤❤❤ happy national former day,1,1726444800
PX7Lvjs639U,Salam Kissan | Kissan Day 18th Dec | A Tribute to Farmers by Sarsabz Fertilizer,20231210,UgzSR80sHuOUF9NwZ054AaABAg,no,@shahabahmed4852,no,"Pakistan Farmers are our Pride......🎉
Salute to hard work of all of you who put your hardworking & soil for better good crop & life


Also special Thanks to Fatima Team who culture develop for Kisan Salam & Sarsabz Pakistan

Happy National Former Day...🎉🎉🎉🎉❤❤❤❤",8,1726444800
PX7Lvjs639U,Salam Kissan | Kissan Day 18th Dec | A Tribute to Farmers by Sarsabz Fertilizer,20231210,UgzSR80sHuOUF9NwZ054AaABAg.9yN24woulwNAQUGErmji4x,yes,@MalikWaqas-v1u8d,no,ll,0,1765843200
PX7Lvjs639U,Salam Kissan | Kissan Day 18th Dec | A Tribute to Farmers by Sarsabz Fertilizer,20231210,UgzENVlK7PxVI_cUUI14AaABAg,no,@Ibrahimedits-z2t,no,"It is not the farm that makes the farmer,It's the love ,hard work and character.
Stay blessed all our country farmers",15,1726444800
PX7Lvjs639U,Salam Kissan | Kissan Day 18th Dec | A Tribute to Farmers by Sarsabz Fertilizer,20231210,UgxdK7k-JD4M-JVQ_Rt4AaABAg,no,@ishfaqahmad4880,no,I am becoz of shehar mai dihat,0,1726444800
PX7Lvjs639U,Salam Kissan | Kissan Day 18th Dec | A Tribute to Farmers by Sarsabz Fertilizer,20231210,UgxKWBR2kkFuCnmNUgZ4AaABAg,no,@hafizraheelasif,no,MashAllah 🤍🤍🤍,1,1726444800
PX7Lvjs639U,Salam Kissan | Kissan Day 18th Dec | A Tribute to Farmers by Sarsabz Fertilizer,20231210,Ugyc3bHczI9mPO-O0St4AaABAg,no,@khezerjutt826,no,Say mashallah Allah kisan ko or sar sabaz ko mazeed kamyabi day Ameen hamari dwa ap ky sath ha ❤❤❤,2,1726444800
PX7Lvjs639U,Salam Kissan | Kissan Day 18th Dec | A Tribute to Farmers by Sarsabz Fertilizer,20231210,UgyVOR5eYqovyeTNYJR4AaABAg,no,@xSTARFAZI,no,<3,0,1726444800
PX7Lvjs639U,Salam Kissan | Kissan Day 18th Dec | A Tribute to Farmers by Sarsabz Fertilizer,20231210,Ugx2Qnf7ZYxhD6iNG5h4AaABAg,no,@MeowMoments_official,no,"Salute to our heroes who face such a terrible flood and lose their homes, crops and all their hard work and still do not give up. In such a difficult time, they decorate our table with different kinds of food with their hard work, sweat and soil. Our formers drop soil from the field behind our, each grains of dirt like a seed revealing who are farmers. They are the backbone and strength of our country. The fatmer is not working from 8 AM to 5 PM they are always 'on stand by. Farming is not just a job, its way of life. Thanks and appreciate 'SARSABZ' for highlights the importance of farmer.",1,1726444800
PX7Lvjs639U,Salam Kissan | Kissan Day 18th Dec | A Tribute to Farmers by Sarsabz Fertilizer,20231210,Ugx2Qnf7ZYxhD6iNG5h4AaABAg.9yMKQCIOW1uA0Mcs4nslZC,yes,@Sarsabz,yes,"youtube.com/@jawadbaig1357 Congratulations on winning! Please email your complete details (Address, phone number, and city) to sarsabzofficialpk@gmail.com using the same email address associated with your YouTube account.",0,1726444800
PX7Lvjs639U,Salam Kissan | Kissan Day 18th Dec | A Tribute to Farmers by Sarsabz Fertilizer,20231210,Ugx2Qnf7ZYxhD6iNG5h4AaABAg.9yMKQCIOW1uA0OSd_ky7Sw,yes,@MeowMoments_official,no,@Sarsabz  Bundles of thanks for appreciated of my feelings about farmer,0,1726444800
PX7Lvjs639U,Salam Kissan | Kissan Day 18th Dec | A Tribute to Farmers by Sarsabz Fertilizer,20231210,Ugx2Qnf7ZYxhD6iNG5h4AaABAg.9yMKQCIOW1uA0P8oVKnN6a,yes,@MeowMoments_official,no,#SalamKissan #KissanDay #SarsabzPakistan,0,1726444800
PX7Lvjs639U,Salam Kissan | Kissan Day 18th Dec | A Tribute to Farmers by Sarsabz Fertilizer,20231210,UgxCGBpuU3tbKOjmy8p4AaABAg,no,@huraimbutt80,no,Kisan ke bageer ham kuch bi nhi hai ❤❤❤❤❤❤❤❤,1,1726444800
PX7Lvjs639U,Salam Kissan | Kissan Day 18th Dec | A Tribute to Farmers by Sarsabz Fertilizer,20231210,UgyDhyE2GiDAQ_pVlth4AaABAg,no,@huraimbutt80,no,❤❤❤❤❤ mashallah i am proud of you❤❤❤❤❤ 😍😘😘😘,1,1726444800
PX7Lvjs639U,Salam Kissan | Kissan Day 18th Dec | A Tribute to Farmers by Sarsabz Fertilizer,20231210,Ugw6yJXjdxb6pvRxtY14AaABAg,no,@BOSS-cn6nz,no,Sarsabz love you many many more ❤❤❤❤,1,1726444800
PX7Lvjs639U,Salam Kissan | Kissan Day 18th Dec | A Tribute to Farmers by Sarsabz Fertilizer,20231210,Ugy-T8OHxzEvyfoHBfV4AaABAg,no,@sohailkhali,no,Farmers are very good person he work for person happy kasan day to all my kasan brothers,1,1726444800
PX7Lvjs639U,Salam Kissan | Kissan Day 18th Dec | A Tribute to Farmers by Sarsabz Fertilizer,20231210,Ugy5kvHHP3g0WgG6FeZ4AaABAg,no,@muhammadumer1011,no,"The weight of despair threatened to shatter their spirit, but in the depths of adversity, a resilient ember of hope refused to be extinguished.
To the resilient and hardworking farmers,

Your dedication is the heartbeat of our communities, pulsing life into the fields that sustain us all. Through the sun's relentless embrace and the quiet persistence of moonlit nights, you toil with unwavering commitment.
سرسبز کسان سرسبز پاکستان",2,1726444800
PX7Lvjs639U,Salam Kissan | Kissan Day 18th Dec | A Tribute to Farmers by Sarsabz Fertilizer,20231210,UgwxNlFzKjUnV0oEG4Z4AaABAg,no,@syedahmadshah6795,no,"Heart touching...real reflection of Kisans' troubles and feelings after Huge flood and struggles for rehabilitation.
Great initiative by FG for Kissan day...Salaam Kissan",3,1726444800
PX7Lvjs639U,Salam Kissan | Kissan Day 18th Dec | A Tribute to Farmers by Sarsabz Fertilizer,20231210,Ugx7Hq-WeBAEmv5ys6B4AaABAg,no,@Luciferrrrrrrrrrr,no,Love from India ♥️,0,1726444800
PX7Lvjs639U,Salam Kissan | Kissan Day 18th Dec | A Tribute to Farmers by Sarsabz Fertilizer,20231210,Ugxo8BW6XSNZxKTC2WR4AaABAg,no,@Natashanaseem25,no,"Halal Rizq Ka Matlab KISAN Se Puchho..
Apnay Bachoon Ka Pait Bhartay Hain K Se KISAN Se Puchho..
Pasina Ban Ke Badan Se LAHU
Nikaalta Hai...
Ghar Main 2 PAISY La K Khushioon Ki Baahaar Lata Hai...

#SalamKissan #KissanDay #SarsabzPakistan",1,1726444800
PX7Lvjs639U,Salam Kissan | Kissan Day 18th Dec | A Tribute to Farmers by Sarsabz Fertilizer,20231210,Ugyfu9vIZbZSv9o-mrR4AaABAg,no,@NASR_EDITZ,no,Love from india ❤,1,1726444800
PX7Lvjs639U,Salam Kissan | Kissan Day 18th Dec | A Tribute to Farmers by Sarsabz Fertilizer,20231210,Ugy6-_ixqOJ_QAb53wJ4AaABAg,no,@Arham-Burhan,no,"Such a powerful tribute to the Kissans of Pakistan, capturing the various emotions they experience during critical situations, especially in the aftermath of floods.
Solute to all Farmers, how Farmers were effected in flood and how bravely revive and started normal life again. This Ad gives us different emotions; hope to dispiritedness, sadness to happiness, demotivation to motivation and resilience. Farmers always have a vital role in our economy and prosperity of our country.  
Kissan Zindabad, Sarsabz Pakistan Zindabad!!!

#SalamKissan #SarsabzPakistan #KissanDay",2,1726444800
PX7Lvjs639U,Salam Kissan | Kissan Day 18th Dec | A Tribute to Farmers by Sarsabz Fertilizer,20231210,UgxAqzA-AbT35CDQqOB4AaABAg,no,@chhamza1891,no,Kissan bhai hmary leay bht kch krty hain hmry leay anaajj ugaty hain sabzia ugaty hain but hum log har jaga unko bhool jaty hain..unko wo respect nai dii jatii jo wo deserve krty hain..bichara kissan itnii mehnat krta ALLAH pak inkii mehnat ka silaa dain inhy zyada sy zyada orr thanks to @SARSABZ to deticate this song for farmer❤ good effort,0,1726444800
PX7Lvjs639U,Salam Kissan | Kissan Day 18th Dec | A Tribute to Farmers by Sarsabz Fertilizer,20231210,Ugx8KRHpF5jnJD52oGN4AaABAg,no,@MaintenanceTurboMachinery,no,"It was a fantastic video that demonstrated how good things can come after adversity. What we must do is give our all and put our faith in Allah. My message to farmers is as follows:
""I simply want to say thank you to all of my wonderful farmers, who sometimes go to bed hungry themselves but still put up a great deal of work to ensure that we always have access to food"".",3,1726444800
PX7Lvjs639U,Salam Kissan | Kissan Day 18th Dec | A Tribute to Farmers by Sarsabz Fertilizer,20231210,UgxCg8VWcuoqKzRnh7V4AaABAg,no,@IndiaServer-q4s,no,"Formers are back bone of our country, Advance happy former day😍😍",1,1726444800
PX7Lvjs639U,Salam Kissan | Kissan Day 18th Dec | A Tribute to Farmers by Sarsabz Fertilizer,20231210,UgyqwwHVHjEz_3swcFl4AaABAg,no,@powerhub3322,no,"An incredible story that portrays the part of our Pakistan's agriculture that is the most affected by the farmers, the natural and climatic changes that devastate our lush fields which are the annual, semi-annual prize of our farmer brothers. And in this story, I would like to thank Sarsabz and Fatima Group for greening the fields that have become the eyes of climate change in the agriculture sector with green manure, which has helped our food crops in Pakistan. And it has helped to stabilize the country's economy.And I have a message for my farmer brothers that you guys are a precious asset of us especially Fatima group in which thanks to you we Pakistanis are blessed with good food and in the same way you stay connected with the Sarsabz Fatima group inshallah. The increase in the yield of the crop will light the hearths of many houses and my greetings to the farmer brothers. #SalamKassanDay #FatimaGroup #Sarsabz",1,1726444800
PX7Lvjs639U,Salam Kissan | Kissan Day 18th Dec | A Tribute to Farmers by Sarsabz Fertilizer,20231210,Ugw-RHlnfH5dm6Dpbi54AaABAg,no,@Fahadkeprindy,no,Love you 💕 kasan,1,1726444800
PX7Lvjs639U,Salam Kissan | Kissan Day 18th Dec | A Tribute to Farmers by Sarsabz Fertilizer,20231210,Ugx_LNaKe7bCFf1LMdl4AaABAg,no,@taimurfarid,no,Zabrdest ayeshaaa bjii,1,1726444800
PX7Lvjs639U,Salam Kissan | Kissan Day 18th Dec | A Tribute to Farmers by Sarsabz Fertilizer,20231210,UgxBrUzV8NL5Bb_fA294AaABAg,no,@iqbalawais5403,no,"Hats off to Sarsabz for shining a spotlight on the invaluable contributions of our farmers!This ad beautifully captures the dedication, hard work and essential role farmers play in shaping our society! 
Thank you for recognizing and celebrating the unsung heroes! #salamkissan 🫡",25,1726444800
PX7Lvjs639U,Salam Kissan | Kissan Day 18th Dec | A Tribute to Farmers by Sarsabz Fertilizer,20231210,UgxBrUzV8NL5Bb_fA294AaABAg.9yLz4ZwziqB9yMJgiIM7oy,yes,@waleedmushtaq129,no,May Allah Pak Make Pakistan Sar Sabz Again.. Ameen ❤,0,1726444800
PX7Lvjs639U,Salam Kissan | Kissan Day 18th Dec | A Tribute to Farmers by Sarsabz Fertilizer,20231210,UgxBrUzV8NL5Bb_fA294AaABAg.9yLz4ZwziqB9yMJvGZlU8W,yes,@htmalik4627,no,👍,0,1726444800
PX7Lvjs639U,Salam Kissan | Kissan Day 18th Dec | A Tribute to Farmers by Sarsabz Fertilizer,20231210,UgxBrUzV8NL5Bb_fA294AaABAg.9yLz4ZwziqB9yMM6RWEi3i,yes,@shanmushtaq-z2m,no,❤,0,1726444800
PX7Lvjs639U,Salam Kissan | Kissan Day 18th Dec | A Tribute to Farmers by Sarsabz Fertilizer,20231210,UgxBrUzV8NL5Bb_fA294AaABAg.9yLz4ZwziqB9yMMghCcEln,yes,@ayeshaaslamfreelancer6647,no,👍,0,1726444800
PX7Lvjs639U,Salam Kissan | Kissan Day 18th Dec | A Tribute to Farmers by Sarsabz Fertilizer,20231210,UgxBrUzV8NL5Bb_fA294AaABAg.9yLz4ZwziqB9yOEhC9Apob,yes,@FOODIESofficial835,no,Gud👍,0,1726444800
PX7Lvjs639U,Salam Kissan | Kissan Day 18th Dec | A Tribute to Farmers by Sarsabz Fertilizer,20231210,UgxBrUzV8NL5Bb_fA294AaABAg.9yLz4ZwziqB9yOM-An8m5a,yes,@ClashAttack07,no,❤👍,0,1726444800
PX7Lvjs639U,Salam Kissan | Kissan Day 18th Dec | A Tribute to Farmers by Sarsabz Fertilizer,20231210,UgxBrUzV8NL5Bb_fA294AaABAg.9yLz4ZwziqB9yOYoTVXhCI,yes,@goharali4174,no,❤,0,1726444800
PX7Lvjs639U,Salam Kissan | Kissan Day 18th Dec | A Tribute to Farmers by Sarsabz Fertilizer,20231210,UgxBrUzV8NL5Bb_fA294AaABAg.9yLz4ZwziqB9ySJc38Sqpm,yes,@amznewera1290,no,Nice awareness message ❤,0,1726444800
PX7Lvjs639U,Salam Kissan | Kissan Day 18th Dec | A Tribute to Farmers by Sarsabz Fertilizer,20231210,UgxBrUzV8NL5Bb_fA294AaABAg.9yLz4ZwziqB9yMAuFTjGdE,yes,@mariaaslam1678,no,👍,0,1726444800
PX7Lvjs639U,Salam Kissan | Kissan Day 18th Dec | A Tribute to Farmers by Sarsabz Fertilizer,20231210,UgxBrUzV8NL5Bb_fA294AaABAg.9yLz4ZwziqB9yMK6TOsnry,yes,@aqsamalik7820,no,Wowwww ..,0,1726444800
PX7Lvjs639U,Salam Kissan | Kissan Day 18th Dec | A Tribute to Farmers by Sarsabz Fertilizer,20231210,UgxBrUzV8NL5Bb_fA294AaABAg.9yLz4ZwziqB9yMM83TEMu2,yes,@shanmushtaq-z2m,no,Shan,0,1726444800
PX7Lvjs639U,Salam Kissan | Kissan Day 18th Dec | A Tribute to Farmers by Sarsabz Fertilizer,20231210,UgxBrUzV8NL5Bb_fA294AaABAg.9yLz4ZwziqB9yMP_xINj9S,yes,@misbahaslam7612,no,❤❤,0,1726444800
PX7Lvjs639U,Salam Kissan | Kissan Day 18th Dec | A Tribute to Farmers by Sarsabz Fertilizer,20231210,UgxBrUzV8NL5Bb_fA294AaABAg.9yLz4ZwziqB9yNxkO9jHMS,yes,@aliaslam3387,no,❤,0,1726444800
PX7Lvjs639U,Salam Kissan | Kissan Day 18th Dec | A Tribute to Farmers by Sarsabz Fertilizer,20231210,UgyGKj0TPACUdN2OvRN4AaABAg,no,@ahmedammar3405,no,"معاشرے میں ہم سب پہ کوئی نا کوئی ذمہ داری ہوتی ہے جسے ہم سب نے احسن طریقے سے نبھانا ہوتا ھے اور اکثر ان ٹاسک کو صحیح طور پہ پرفارم کروانے لیے اک سرویلنس سسٹم ایک ایڈمینسٹریٹیو کنٹرول ہوتا ھے . لیکن ہمارا کسان بغیر کسی سرویلنس سسٹم کے ہر ٹاسک ( بیج ڈالنا ، فصلوں کو پانی لگانا ، یہاں تک کے سرسبز کا صحیح وقت پہ استعمال ) یہ سب ٹاسک ایکوریٹ ٹائم پر پرفارم کرتا ھے . ہر کسان ایک کسان ھونے کے ساتھ ایک کمپلیٹ سسٹم ھے جب وہ ایگزیکیوٹ ہوتا ھے تو نتائج شاندار ہوتے ھیں اور ہمارے دِل سے یہ آواز آتی ھے.

کیوں کے سرسبز ھے زمیں کی جان ، فصل کی شان
ھمارے دِل سے بھی آئے صدا ، سلام کسان ، سلام کسان",0,1726444800
PX7Lvjs639U,Salam Kissan | Kissan Day 18th Dec | A Tribute to Farmers by Sarsabz Fertilizer,20231210,UgyENCqCj2iegZQEs-B4AaABAg,no,@jamshaidazam6471,no,No farmer no food,0,1726444800
PX7Lvjs639U,Salam Kissan | Kissan Day 18th Dec | A Tribute to Farmers by Sarsabz Fertilizer,20231210,UgwV1N4blGvbCLKP22N4AaABAg,no,@muhammadawais1234-c4e,no,Good sarsabz🌲🌳🌴,15,1726444800
PX7Lvjs639U,Salam Kissan | Kissan Day 18th Dec | A Tribute to Farmers by Sarsabz Fertilizer,20231210,UgwM7s6SyyWqNenJh-J4AaABAg,no,@ajmalkhanmusakhail7,no,"Zindagi mein kameyab wo shaks hota hai Jo mehnat karta hai to kabi b har mat manye.
Keep it up ❣️ Formers
Inshallah you future is bright 🌞.",4,1726444800
PX7Lvjs639U,Salam Kissan | Kissan Day 18th Dec | A Tribute to Farmers by Sarsabz Fertilizer,20231210,Ugwiw-J3xmrzV5kt0gJ4AaABAg,no,@Muhammad_Hashir_awan,no,I love kasan care everything one ❤,1,1726444800
PX7Lvjs639U,Salam Kissan | Kissan Day 18th Dec | A Tribute to Farmers by Sarsabz Fertilizer,20231210,UgzReyKD2qeEBfYThZp4AaABAg,no,@Baloch651,no,Shehr main dahit,1,1726444800
PX7Lvjs639U,Salam Kissan | Kissan Day 18th Dec | A Tribute to Farmers by Sarsabz Fertilizer,20231210,UgzTQsf5TLO58-xPMI54AaABAg,no,@Umar.siddiqe,no,Salute ha  in farmers ko Jo din rat mehnat krty ha aur humary Liya work krty na dhop dekhty na Barish humary Lia apny apko miti k Sath miti krty apky Liya jitna bhi bola jaye lafz Salam  Kam pr jaye i appreciate you Salam Pakistan k kisano hum sbko ap pr fkhar ha❤,1,1726444800
PX7Lvjs639U,Salam Kissan | Kissan Day 18th Dec | A Tribute to Farmers by Sarsabz Fertilizer,20231210,Ugy7tMoGCMf3qhorS354AaABAg,no,@sheharyarvlogs9297,no,Love from shehar me dehat❤,1,1726444800
PX7Lvjs639U,Salam Kissan | Kissan Day 18th Dec | A Tribute to Farmers by Sarsabz Fertilizer,20231210,UgzJkd9ptwipV28EGQx4AaABAg,no,@SPHGaming01,no,Love from shehr main dihat ❤,5,1726444800
PX7Lvjs639U,Salam Kissan | Kissan Day 18th Dec | A Tribute to Farmers by Sarsabz Fertilizer,20231210,UgwtIO5lWzpOHVCgiap4AaABAg,no,@Nasirkhan-vt8zb,no,Farmers of Pakistan are our  pride i love Farmers ❤,1,1726444800
PX7Lvjs639U,Salam Kissan | Kissan Day 18th Dec | A Tribute to Farmers by Sarsabz Fertilizer,20231210,UgxVBfxiI_eRsha45gZ4AaABAg,no,@RahanKhan-w1g,no,Allah inko or tarake fa ameen❤,1,1726444800
PX7Lvjs639U,Salam Kissan | Kissan Day 18th Dec | A Tribute to Farmers by Sarsabz Fertilizer,20231210,UgyQ4iVL86VffCYe0PR4AaABAg,no,@talatmehmood3042,no,"Dear Farmers
In the face of adversities like floods, relentless rains, and challenging economic crises, your unwavering dedication to cultivating the land and contributing to the prosperity of our nation is truly commendable. Thank you for your dedication, hard work, and sacrifices. Your commitment to the growth of our agriculture sector not only feeds the nation but also nourishes the spirit of our entire country. Thank you for being the backbone of progress, cultivating hope with every sunrise and every harvest.
 I would also like to extend my sincere appreciation to Salam Kissan Channel for tirelessly highlighting and sharing the stories of your hard work and dedication. Your efforts in showcasing the endeavors of our farmers contribute immensely to raising awareness and fostering a deeper appreciation for the vital role they play in our society. Sarsabz Fertilizer has undeniably emerged as the leading fertilizer brand in Pakistan. Its commitment to excellence, innovative agricultural solutions, and steadfast dedication to supporting farmers have positioned it at the forefront of the country's agricultural landscape.",10,1726444800
PX7Lvjs639U,Salam Kissan | Kissan Day 18th Dec | A Tribute to Farmers by Sarsabz Fertilizer,20231210,UgwP9j6WBIMIRGV6WEl4AaABAg,no,@Mathpoint0,no,Champions ❤,2,1726444800
PX7Lvjs639U,Salam Kissan | Kissan Day 18th Dec | A Tribute to Farmers by Sarsabz Fertilizer,20231210,UgzKqa86XOPCu5ZkAGl4AaABAg,no,@DharminderSingh-x6w,no,Farmers of Pakistan are our pride ❤❤,1,1726444800
PX7Lvjs639U,Salam Kissan | Kissan Day 18th Dec | A Tribute to Farmers by Sarsabz Fertilizer,20231210,UgyptmqCB-UCBJLeVvd4AaABAg,no,@trio8448,no,This Love It❤❤❤,2,1726444800
PX7Lvjs639U,Salam Kissan | Kissan Day 18th Dec | A Tribute to Farmers by Sarsabz Fertilizer,20231210,UgyHkYyus8wXMjRZyLp4AaABAg,no,@haseebahmad4303,no,Farmer's  hero of Pakistan ❤❤🇵🇰,1,1726444800
PX7Lvjs639U,Salam Kissan | Kissan Day 18th Dec | A Tribute to Farmers by Sarsabz Fertilizer,20231210,Ugxl4HIXrQ4ZHTS118p4AaABAg,no,@DecodeTM,no,"Team 
Sherhr Main Dehat",1,1726444800
PX7Lvjs639U,Salam Kissan | Kissan Day 18th Dec | A Tribute to Farmers by Sarsabz Fertilizer,20231210,UgwwmuyGzyPJeJ4T2qB4AaABAg,no,@DecodeTM,no,LOVE u SARSABZ,2,1726444800
PX7Lvjs639U,Salam Kissan | Kissan Day 18th Dec | A Tribute to Farmers by Sarsabz Fertilizer,20231210,UgxItrwPb647JBYXVZx4AaABAg,no,@DecodeTM,no,"Sarsabz once again highlights the importance of farmers to society. Without their untiring efforts, we would be facing an acute shortage of everyday essential foods. Kudos to Sarsabz!",5,1726444800
PX7Lvjs639U,Salam Kissan | Kissan Day 18th Dec | A Tribute to Farmers by Sarsabz Fertilizer,20231210,UgwjDwhlGW9xG4kUDMh4AaABAg,no,@KingShahzamanVlogs-ge4yh,no,Farmers of Pakistan are prid salute,2,1726444800
PX7Lvjs639U,Salam Kissan | Kissan Day 18th Dec | A Tribute to Farmers by Sarsabz Fertilizer,20231210,UgzFI2qkv-QMtl7Iw5N4AaABAg,no,@KPOP3659,no,farmers are great  people they work hard for us but some pepole do not care  about their hardwork they are our pride,1,1726444800
PX7Lvjs639U,Salam Kissan | Kissan Day 18th Dec | A Tribute to Farmers by Sarsabz Fertilizer,20231210,UgyzfU8Hp0lFXdNvI4R4AaABAg,no,@KingShahzamanVlogs-ge4yh,no,"پاکستان کے کسان ہماری شان
آپ سب کی محنت کو سلام کہ جنہوں نے اپنے خون اور پسینے کو مٹی میں ڈال کر اسے زندگی بخشی 
کسانوں کا قومی دن مبارک",4,1726444800
PX7Lvjs639U,Salam Kissan | Kissan Day 18th Dec | A Tribute to Farmers by Sarsabz Fertilizer,20231210,UgwzaLrbOse5ABAdcc94AaABAg,no,@muhammadyesrub2622,no,"Your tireless dedication to the land sustains us all. Through challenges and triumphs, your hard work and resilience never cease to amaze. Your hands cultivate not just crops but also the foundation of our communities. In every seed sown and harvest reaped, you are the unsung heroes, the stewards of our sustenance. Thank you for being the backbone of our society, for the sacrifices made, and for shaping a sustainable future. Your efforts do not go unnoticed, and we are deeply grateful for the essential role you play in nourishing our world.",6,1726444800
PX7Lvjs639U,Salam Kissan | Kissan Day 18th Dec | A Tribute to Farmers by Sarsabz Fertilizer,20231210,UgwzaLrbOse5ABAdcc94AaABAg.9yLeqzC1PjMA-iRhrLPG0q,yes,@Sarsabz,yes,"youtube.com/@muhammadyesrub2622 Please email your complete details (Address, phone number, and city) to sarsabzofficialpk@gmail.com using the same email address associated with your YouTube account.",0,1726444800
PX7Lvjs639U,Salam Kissan | Kissan Day 18th Dec | A Tribute to Farmers by Sarsabz Fertilizer,20231210,UgwzaLrbOse5ABAdcc94AaABAg.9yLeqzC1PjMA03w9RibEhu,yes,@Sarsabz,yes,"youtube.com/@muhammadyesrub2622 Time is ticking. Please email your complete details (Address, phone number, and city) to sarsabzofficialpk@gmail.com using the same email address associated with your YouTube account.",0,1726444800
PX7Lvjs639U,Salam Kissan | Kissan Day 18th Dec | A Tribute to Farmers by Sarsabz Fertilizer,20231210,UgwzaLrbOse5ABAdcc94AaABAg.9yLeqzC1PjMA0Gsvfnnue4,yes,@muhammadyesrub2622,no,@Sarsabz  #SalamKissan #KissanDay #SarsabzPakistan,0,1726444800
PX7Lvjs639U,Salam Kissan | Kissan Day 18th Dec | A Tribute to Farmers by Sarsabz Fertilizer,20231210,UgwzaLrbOse5ABAdcc94AaABAg.9yLeqzC1PjMA-GWIxJi991,yes,@Sarsabz,yes,"Congratulations on winning! Please email your complete details (Address, phone number, and city) to sarsabzofficialpk@gmail.com using the same email address associated with your YouTube account.",0,1726444800
PX7Lvjs639U,Salam Kissan | Kissan Day 18th Dec | A Tribute to Farmers by Sarsabz Fertilizer,20231210,UgxZ33V-xOiFu5PXJ7l4AaABAg,no,@abaidfarooq9915,no,Respect all kisan,1,1726444800
PX7Lvjs639U,Salam Kissan | Kissan Day 18th Dec | A Tribute to Farmers by Sarsabz Fertilizer,20231210,UgzYt15cbAnpNwy_kdp4AaABAg,no,@bro99f21,no,Farmers very very important for life farmers nhi tou ham nhi thanks for farmers and sarsabz salam kissan salam Pakistan sarsabz Pakistan,2,1726444800
PX7Lvjs639U,Salam Kissan | Kissan Day 18th Dec | A Tribute to Farmers by Sarsabz Fertilizer,20231210,UgynK7WB0d1RltTdK9B4AaABAg,no,@asifshahzad4339,no,"Salute to Alla Kisaans 🙋
Life without food,
Is like a tree without roots.
Life without food,
Is like a bad dream come true
Food comes from farms,
These farms make our country charm,
Our country’s pride is hidden in farms,
But the growing population rings an alarm

Farmers try their best to cultivate more,
For lost ships to become a sea shore,
These efforts will not be in vain,
One day the dry land will also have rain!
THANKS to farmers for growing food!
THANKS to farmers for giving our life tree roots!",7,1726444800
PX7Lvjs639U,Salam Kissan | Kissan Day 18th Dec | A Tribute to Farmers by Sarsabz Fertilizer,20231210,UgynK7WB0d1RltTdK9B4AaABAg.9yLbnvqpbbpAQrNq6Z7-0I,yes,@YasmeenAmjad-v7s,no,C,0,1768521600
PX7Lvjs639U,Salam Kissan | Kissan Day 18th Dec | A Tribute to Farmers by Sarsabz Fertilizer,20231210,UgzyU4Kn7yJkfsIuR8d4AaABAg,no,@irumusman6168,no,Thank you,1,1726444800
PX7Lvjs639U,Salam Kissan | Kissan Day 18th Dec | A Tribute to Farmers by Sarsabz Fertilizer,20231210,UgwvWg04jhUqOP2BMoR4AaABAg,no,@tanzeelahmed2998,no,Farmers produce wheat and ather thing for Pakistan,1,1726444800
PX7Lvjs639U,Salam Kissan | Kissan Day 18th Dec | A Tribute to Farmers by Sarsabz Fertilizer,20231210,UgwebxLg2SoUpPcnfMJ4AaABAg,no,@Muhammadayan-rb1tg,no,Aha kame kara hao Allah tarke  da,4,1726444800
PX7Lvjs639U,Salam Kissan | Kissan Day 18th Dec | A Tribute to Farmers by Sarsabz Fertilizer,20231210,UgydyO2EQXP31v_zn9p4AaABAg,no,@MRafiqSoomro,no,Nice kasin 😢😢,1,1726444800
PX7Lvjs639U,Salam Kissan | Kissan Day 18th Dec | A Tribute to Farmers by Sarsabz Fertilizer,20231210,Ugw_KYSZmBHUfRD556h4AaABAg,no,@Cric_SpectraX,no,A big  salute to  our  farmers 🎉,2,1726444800
PX7Lvjs639U,Salam Kissan | Kissan Day 18th Dec | A Tribute to Farmers by Sarsabz Fertilizer,20231210,UgzDufewFxIMRzYPTaR4AaABAg,no,@BongMan779,no,😊❤🇮🇳🙂❤,1,1726444800
PX7Lvjs639U,Salam Kissan | Kissan Day 18th Dec | A Tribute to Farmers by Sarsabz Fertilizer,20231210,UgyuyqGyd7LH9L6J4kV4AaABAg,no,@zafariqbal9856,no,Salam.kissan srsbz pakistan,1,1726444800
PX7Lvjs639U,Salam Kissan | Kissan Day 18th Dec | A Tribute to Farmers by Sarsabz Fertilizer,20231210,UgzkxkGWjDTwq-gHKet4AaABAg,no,@Misubhai,no,Very good 🎉🎉,1,1726444800
PX7Lvjs639U,Salam Kissan | Kissan Day 18th Dec | A Tribute to Farmers by Sarsabz Fertilizer,20231210,UgynTYvoIfwLY5oIRf54AaABAg,no,@Abdullahkhanmomanpur,no,Pakistan ke kisan hamari shan🎉🎉ALKHAMDULILLAH I AM FARMER❤,24,1726444800
PX7Lvjs639U,Salam Kissan | Kissan Day 18th Dec | A Tribute to Farmers by Sarsabz Fertilizer,20231210,UgynTYvoIfwLY5oIRf54AaABAg.9yLWLaQb0t19yTatFq5dNo,yes,@ZeshanAwan-s8k,no,"To watch and realize the simplicity of the lives of farmers, sharing the experiences of our forefathers from Agregarian Society from the very beginning of history and leading country's economy with sheer hardwork, perseverance and resilience is awe-inspiring. Their patience is unmatched, when faced with the calamity of natural disasters like the floods we faced last year. It's hard to even imagine the courage it takes to put in so much effort after you've lost everything from the product, to the land and your home. It is exemplary for all of us. To see them smile after they've made their lands produce grain after the floods is a joyous experience. Our females working hand in hand with males in the fields, showing the same resilience, highlights the important of their role to country's economy. It is a wonderful experience to watch. The efforts of Fatima Group to facilitate farmers is an examplary service to the nation for sustainable development. Best wishes for the team engaged in this service.

#SalamKissan #KissanDay #SarsabzPakistan",0,1726444800
PX7Lvjs639U,Salam Kissan | Kissan Day 18th Dec | A Tribute to Farmers by Sarsabz Fertilizer,20231210,UgxJnNVKIp3V40p-Dxt4AaABAg,no,@JellyJump3D84,no,suilet farmar,0,1726444800
PX7Lvjs639U,Salam Kissan | Kissan Day 18th Dec | A Tribute to Farmers by Sarsabz Fertilizer,20231210,UgyPqhN7_XbP2aAi_BB4AaABAg,no,@saadmehmood4446,no,Here on Sheher may Dehat recommendation,0,1726444800
PX7Lvjs639U,Salam Kissan | Kissan Day 18th Dec | A Tribute to Farmers by Sarsabz Fertilizer,20231210,UgxBTar7g1vsYSmqRtl4AaABAg,no,@AzamSonu-r6v,no,Mashallah ❤❤❤,3,1726444800
PX7Lvjs639U,Salam Kissan | Kissan Day 18th Dec | A Tribute to Farmers by Sarsabz Fertilizer,20231210,UgwE7oubQc2n_DWoXBd4AaABAg,no,@rijwan_roY07,no,But I love Pakistan ❤❤❤❤,1,1726444800
PX7Lvjs639U,Salam Kissan | Kissan Day 18th Dec | A Tribute to Farmers by Sarsabz Fertilizer,20231210,Ugz1Vm9Cqea4aU0tpWJ4AaABAg,no,@rijwan_roY07,no,I am Indian ❤❤,1,1726444800
PX7Lvjs639U,Salam Kissan | Kissan Day 18th Dec | A Tribute to Farmers by Sarsabz Fertilizer,20231210,UgxvA5_oKoCH0Op6VAh4AaABAg,no,@lakhveersinghmallan4273,no,ਬਹੁਤ ਵਧੀਆ ❤,7,1726444800
PX7Lvjs639U,Salam Kissan | Kissan Day 18th Dec | A Tribute to Farmers by Sarsabz Fertilizer,20231210,Ugz2NfK2wdY_vpD0qal4AaABAg,no,@hafizhamza652,no,Salute to the hard work of all of you who put your blood and sweat in the soil and gave it lifej,9,1726444800
PX7Lvjs639U,Salam Kissan | Kissan Day 18th Dec | A Tribute to Farmers by Sarsabz Fertilizer,20231210,UgzYAm7VDyUbSPQe48Z4AaABAg,no,@ranadilshadahmad9715,no,Congratulations sarsabs kissan 🎉❤❤❤ for his contribution to help and enhance the importance of farmers 👏👏👏👏🌹🌹🌹🌹🌹✔️,19,1726444800
PX7Lvjs639U,Salam Kissan | Kissan Day 18th Dec | A Tribute to Farmers by Sarsabz Fertilizer,20231210,UgwresFC1onovLHD7A14AaABAg,no,@tasibwaleed0786,no,❤❤,0,1726444800
PX7Lvjs639U,Salam Kissan | Kissan Day 18th Dec | A Tribute to Farmers by Sarsabz Fertilizer,20231210,Ugzd6QjzvcUeU9Y8ZY14AaABAg,no,@SajjadHussain-th8me,no,"The farmers faced really bad floods that destroyed their homes and crops. But they didn't give up. They worked hard to grow even better crops after that. It's amazing how strong and determined they were to make things better after such a tough time. Our Pakistani farmers work really hard, especially when things are tough. They keep our communities going by growing food. Even when things go wrong, they don't give up. It shows how strong they are. We see and appreciate all the work they do. Thank you, farmers, for working so hard to feed everyone. You make a really big difference in our lives. Thanks to Sarsabz Team for showcasing these through an excellent content.",4,1726444800
PX7Lvjs639U,Salam Kissan | Kissan Day 18th Dec | A Tribute to Farmers by Sarsabz Fertilizer,20231210,UgweEZC4FlURSyxEzDV4AaABAg,no,@malikahsanali2192,no,Love u ksan dy,1,1726444800
PX7Lvjs639U,Salam Kissan | Kissan Day 18th Dec | A Tribute to Farmers by Sarsabz Fertilizer,20231210,UgzxvUNAfVdFzSLviDd4AaABAg,no,@MrSparkyPlayz,no,You give importance of kissan(farmer),2,1726444800
PX7Lvjs639U,Salam Kissan | Kissan Day 18th Dec | A Tribute to Farmers by Sarsabz Fertilizer,20231210,UgzStM2Co11cVThWQFF4AaABAg,no,@haseeb.ashraf,no,"We salute all the farmers who quietly and selflessly toil in fields for people they've never known. None of us would be here if it wasn't for farmers.
Now, it's time to pay their long due appreciation and heartfelt thanks.
#SalamKissan #Sarsabzpakistan",3,1726444800
PX7Lvjs639U,Salam Kissan | Kissan Day 18th Dec | A Tribute to Farmers by Sarsabz Fertilizer,20231210,Ugy7PeGcWIN7xJc1rQx4AaABAg,no,@naatscollections2580,no,"What an impressive effort by the team. Very powerful theme with equally remarkable execution. A very emotional message for everyone to remain hopeful . Positive and determined on matter what the circumstances are. Feeling highly motivated , emotional and thankful to the Kissan who always believe in Allah and their efforts .",6,1726444800
PX7Lvjs639U,Salam Kissan | Kissan Day 18th Dec | A Tribute to Farmers by Sarsabz Fertilizer,20231210,UgwDfcovioYwxIJOAoN4AaABAg,no,@GringoMaster-rd3xj,no,we are proud to be a Farmer 👩‍🌾 ❤🫀💋,1,1726444800
PX7Lvjs639U,Salam Kissan | Kissan Day 18th Dec | A Tribute to Farmers by Sarsabz Fertilizer,20231210,UgxAUTRaoSY-3dq1uCF4AaABAg,no,@VlogsbyRaffayAbbas,no,I complete my responsibility to listen this song after sher main dehat request ❤❤,2,1726444800
PX7Lvjs639U,Salam Kissan | Kissan Day 18th Dec | A Tribute to Farmers by Sarsabz Fertilizer,20231210,UgxAUTRaoSY-3dq1uCF4AaABAg.9yLQH-RA0uE9yLQLR2skXc,yes,@VlogsbyRaffayAbbas,no,❤,0,1726444800
PX7Lvjs639U,Salam Kissan | Kissan Day 18th Dec | A Tribute to Farmers by Sarsabz Fertilizer,20231210,UgxAUTRaoSY-3dq1uCF4AaABAg.9yLQH-RA0uE9yLQMXScY-s,yes,@VlogsbyRaffayAbbas,no,❤,0,1726444800
PX7Lvjs639U,Salam Kissan | Kissan Day 18th Dec | A Tribute to Farmers by Sarsabz Fertilizer,20231210,UgxAUTRaoSY-3dq1uCF4AaABAg.9yLQH-RA0uE9yLQNGD2zVX,yes,@VlogsbyRaffayAbbas,no,❤,0,1726444800
PX7Lvjs639U,Salam Kissan | Kissan Day 18th Dec | A Tribute to Farmers by Sarsabz Fertilizer,20231210,UgxAUTRaoSY-3dq1uCF4AaABAg.9yLQH-RA0uE9yLQNrcBpcd,yes,@VlogsbyRaffayAbbas,no,🎉,0,1726444800
PX7Lvjs639U,Salam Kissan | Kissan Day 18th Dec | A Tribute to Farmers by Sarsabz Fertilizer,20231210,UgxAUTRaoSY-3dq1uCF4AaABAg.9yLQH-RA0uE9yLQOM_1kP1,yes,@VlogsbyRaffayAbbas,no,❤,0,1726444800
PX7Lvjs639U,Salam Kissan | Kissan Day 18th Dec | A Tribute to Farmers by Sarsabz Fertilizer,20231210,UgxAUTRaoSY-3dq1uCF4AaABAg.9yLQH-RA0uE9yLQOyvtpAq,yes,@VlogsbyRaffayAbbas,no,🎉😊,0,1726444800
PX7Lvjs639U,Salam Kissan | Kissan Day 18th Dec | A Tribute to Farmers by Sarsabz Fertilizer,20231210,UgxAUTRaoSY-3dq1uCF4AaABAg.9yLQH-RA0uE9yLQPQj9GIe,yes,@VlogsbyRaffayAbbas,no,😊,0,1726444800
PX7Lvjs639U,Salam Kissan | Kissan Day 18th Dec | A Tribute to Farmers by Sarsabz Fertilizer,20231210,UgxAUTRaoSY-3dq1uCF4AaABAg.9yLQH-RA0uE9yLQPx8Q0lq,yes,@VlogsbyRaffayAbbas,no,😊,0,1726444800
PX7Lvjs639U,Salam Kissan | Kissan Day 18th Dec | A Tribute to Farmers by Sarsabz Fertilizer,20231210,UgxAUTRaoSY-3dq1uCF4AaABAg.9yLQH-RA0uE9yLQQYLEOVf,yes,@VlogsbyRaffayAbbas,no,😊,0,1726444800
PX7Lvjs639U,Salam Kissan | Kissan Day 18th Dec | A Tribute to Farmers by Sarsabz Fertilizer,20231210,UgxAUTRaoSY-3dq1uCF4AaABAg.9yLQH-RA0uE9yLQRXU7Tf9,yes,@VlogsbyRaffayAbbas,no,❤,0,1726444800
PX7Lvjs639U,Salam Kissan | Kissan Day 18th Dec | A Tribute to Farmers by Sarsabz Fertilizer,20231210,UgxAUTRaoSY-3dq1uCF4AaABAg.9yLQH-RA0uE9yLQS096khT,yes,@VlogsbyRaffayAbbas,no,😊,0,1726444800
PX7Lvjs639U,Salam Kissan | Kissan Day 18th Dec | A Tribute to Farmers by Sarsabz Fertilizer,20231210,UgxAUTRaoSY-3dq1uCF4AaABAg.9yLQH-RA0uE9yLQSTHzPIG,yes,@VlogsbyRaffayAbbas,no,😊,0,1726444800
PX7Lvjs639U,Salam Kissan | Kissan Day 18th Dec | A Tribute to Farmers by Sarsabz Fertilizer,20231210,UgxAUTRaoSY-3dq1uCF4AaABAg.9yLQH-RA0uE9yLQSvBhdKI,yes,@VlogsbyRaffayAbbas,no,❤,0,1726444800
PX7Lvjs639U,Salam Kissan | Kissan Day 18th Dec | A Tribute to Farmers by Sarsabz Fertilizer,20231210,UgxAUTRaoSY-3dq1uCF4AaABAg.9yLQH-RA0uE9yLQTMqJ544,yes,@VlogsbyRaffayAbbas,no,😊,0,1726444800
PX7Lvjs639U,Salam Kissan | Kissan Day 18th Dec | A Tribute to Farmers by Sarsabz Fertilizer,20231210,UgxAUTRaoSY-3dq1uCF4AaABAg.9yLQH-RA0uE9yLQTqtmC67,yes,@VlogsbyRaffayAbbas,no,❤,0,1726444800
PX7Lvjs639U,Salam Kissan | Kissan Day 18th Dec | A Tribute to Farmers by Sarsabz Fertilizer,20231210,Ugz8St4nx0bcqRBMoUF4AaABAg,no,@scrollstop14,no,"🌾💚 Dedication to Our Hardworking Farmers 💚🌾

In the hustle and bustle of our daily lives, it's easy to forget the incredible dedication and hard work that goes into putting food on our tables. Today, I want to take a moment to express my heartfelt gratitude to the unsung heroes of our world - our farmers.

🚜 To the hands that sow the seeds and tend to the fields, thank you for nurturing the land and bringing forth the harvest.

🌱 To the early risers and late workers, your commitment and tireless efforts do not go unnoticed. You are the backbone of our communities.

🌽 Your resilience in the face of challenges, unpredictable weather, and the uncertainties of agriculture is nothing short of inspiring. The fruits of your labor sustain us all.

🌎 Let's not forget the profound impact of your work, reaching far beyond the fields. You are stewards of the Earth, caretakers of nature, and providers for nations.

🙏 Today, I dedicate a moment of gratitude to each farmer out there. Your hard work, dedication, and love for the land ensure that we have sustenance and nourishment.

🌿 Thank you, Farmers, for all that you do. Your labor is the root of our prosperity, and your harvest is a gift to us all. 💖🌾",0,1726444800
PX7Lvjs639U,Salam Kissan | Kissan Day 18th Dec | A Tribute to Farmers by Sarsabz Fertilizer,20231210,Ugz0vudpYpu6Pkp4pKh4AaABAg,no,@ghulamrasoolvlogz,no,Good farmer are our proud and we are dependent on them ❤❤,2,1726444800
PX7Lvjs639U,Salam Kissan | Kissan Day 18th Dec | A Tribute to Farmers by Sarsabz Fertilizer,20231210,Ugzxx3okK22xKSZmTbx4AaABAg,no,@aghaali476,no,Very good initiative by Fatima Group for creating awareness and recognising farmers of Pakistan.. Keep it up Fatima Group...,2,1726444800
PX7Lvjs639U,Salam Kissan | Kissan Day 18th Dec | A Tribute to Farmers by Sarsabz Fertilizer,20231210,Ugzg4UrFXkRUDUnw3fV4AaABAg,no,@asrarasgharali705,no,سلام کسان، کسان کے عالمی دن پر ان تمام محنتی کسانوں کو سلام جن کی وجہ سے گلشن کی رونق اور چمن میں چہچہاہٹ ہے ۰ جن کی خون پسینے سے لبریز محنت ہمارے دستر خوانوں اور پہناوے کی زینت ہے,12,1726444800
PX7Lvjs639U,Salam Kissan | Kissan Day 18th Dec | A Tribute to Farmers by Sarsabz Fertilizer,20231210,Ugw3Uz4dpJDafGdx_Wd4AaABAg,no,@asgamers4835,no,"I am also belongs to Kissan(Farmer) Family my grandfather and my Uncle mamo is a farmer. I know that what challenges that a farmer is face and loves and care his fields, makes his fields best. That is very hard work efforts for that. So i am says to @Sarsabz  thanks for making this song and highlights the importance of farmers to society. 
Pakistan Zindabad Long live farmers specially Pak Kissan. 

Salam Kissan.",6,1726444800
PX7Lvjs639U,Salam Kissan | Kissan Day 18th Dec | A Tribute to Farmers by Sarsabz Fertilizer,20231210,Ugw3Uz4dpJDafGdx_Wd4AaABAg.9yLODzIHYNXA-GWUe2asM1,yes,@Sarsabz,yes,"Congratulations on winning! Please email your complete details (Address, phone number, and city) to sarsabzofficialpk@gmail.com using the same email address associated with your YouTube account.",1,1726444800
PX7Lvjs639U,Salam Kissan | Kissan Day 18th Dec | A Tribute to Farmers by Sarsabz Fertilizer,20231210,Ugw3Uz4dpJDafGdx_Wd4AaABAg.9yLODzIHYNXA-iS-Y3ID5n,yes,@Sarsabz,yes,"youtube.com/@asgamers4835 Please email your complete details (Address, phone number, and city) to sarsabzofficialpk@gmail.com using the same email address associated with your YouTube account.",1,1726444800
PX7Lvjs639U,Salam Kissan | Kissan Day 18th Dec | A Tribute to Farmers by Sarsabz Fertilizer,20231210,Ugw3Uz4dpJDafGdx_Wd4AaABAg.9yLODzIHYNXA03vxwnnuW4,yes,@Sarsabz,yes,"youtube.com/@asgamers4835 Time is ticking. Please email your complete details (Address, phone number, and city) to sarsabzofficialpk@gmail.com using the same email address associated with your YouTube account.",1,1726444800
PX7Lvjs639U,Salam Kissan | Kissan Day 18th Dec | A Tribute to Farmers by Sarsabz Fertilizer,20231210,Ugw3Uz4dpJDafGdx_Wd4AaABAg.9yLODzIHYNXA06TEtNS7uY,yes,@asgamers4835,no,@Sarsabz  please Check it i have send it and Thank you for giving me gift if I won.,0,1726444800
PX7Lvjs639U,Salam Kissan | Kissan Day 18th Dec | A Tribute to Farmers by Sarsabz Fertilizer,20231210,Ugw3Uz4dpJDafGdx_Wd4AaABAg.9yLODzIHYNXA0OW0-NAQFs,yes,@asgamers4835,no,"Hello Azeem,

Please reply to the same comment on YouTube with these #Tags (#SalamKissan #KissanDay #SarsabzPakistan) so we can verify the authenticity of your account and participation.",1,1726444800
PX7Lvjs639U,Salam Kissan | Kissan Day 18th Dec | A Tribute to Farmers by Sarsabz Fertilizer,20231210,UgyCh6SHtCE-DEXL_dh4AaABAg,no,@world_1213,no,Jai javan jai kisan,1,1726444800
PX7Lvjs639U,Salam Kissan | Kissan Day 18th Dec | A Tribute to Farmers by Sarsabz Fertilizer,20231210,UgwJv3NbX8NNHLvWKFx4AaABAg,no,@asifdaha83,no,There is nothing more important than farming. It is the backbone of civilization. We are so very proud of all KISSAN's. Your handwork and perseverance have paid off. Thank you to all of the amazing  farmers that make it possible for us to eat every day. Thanks to Sarsabz as well. #Salamkissan #SarsabzPakistan.,4,1726444800
PX7Lvjs639U,Salam Kissan | Kissan Day 18th Dec | A Tribute to Farmers by Sarsabz Fertilizer,20231210,UgwKXq1-M5t7H4GerO14AaABAg,no,@Islamicvideos.8913,no,🎉🎉🎉,0,1726444800
PX7Lvjs639U,Salam Kissan | Kissan Day 18th Dec | A Tribute to Farmers by Sarsabz Fertilizer,20231210,UgxydhTC-9uYCLr1-d94AaABAg,no,@ShulkerOP,no,So Beautiful apre shad you 🎉,0,1726444800
PX7Lvjs639U,Salam Kissan | Kissan Day 18th Dec | A Tribute to Farmers by Sarsabz Fertilizer,20231210,Ugxg0JGgNddcfxqhTih4AaABAg,no,@PAKHTUN_777,no,Love from India 🇮🇳 kisaan bhai chahe kahi ke ho vo us mulk ki jaan he love you,4,1726444800
PX7Lvjs639U,Salam Kissan | Kissan Day 18th Dec | A Tribute to Farmers by Sarsabz Fertilizer,20231210,Ugy6RJ0-kC8XmBt0KH54AaABAg,no,@IMRANxSIGMA,no,حلال رزق کا مطلب کسان سے پوچھو پسینہ بن کے بدن سے لہو نکلتا ہے سرد راتوں میں تپتی دھوپ میں وہ اپنی فصل کا خیال رکھتا ہے جیسے وہ اپنے بچے کو دیتا ہے تحفظ ایسے وہ اپنی فصل کی پوری خوراک رکھتا ہے بارش اندھی اور طوفان سے بچانے کی خاطر وہ اپنی چارپائی کھیتوں میں ڈال رکھتا ہے گندم کپاس چاول یا اگائے وہ گنا انہی سب فصلوں پہ وہ اپنی زندگی کا ملال رکھتا ہے,0,1726444800
PX7Lvjs639U,Salam Kissan | Kissan Day 18th Dec | A Tribute to Farmers by Sarsabz Fertilizer,20231210,Ugy6RJ0-kC8XmBt0KH54AaABAg.9yLLBcqzKOgA-GWFn5fV_F,yes,@Sarsabz,yes,"Congratulations on winning! Please email your complete details (Address, phone number, and city) to sarsabzofficialpk@gmail.com using the same email address associated with your YouTube account.",0,1726444800
PX7Lvjs639U,Salam Kissan | Kissan Day 18th Dec | A Tribute to Farmers by Sarsabz Fertilizer,20231210,Ugy6RJ0-kC8XmBt0KH54AaABAg.9yLLBcqzKOgA-iRb2JHNqv,yes,@Sarsabz,yes,"youtube.com/@STARxSIGMAYT Please email your complete details (Address, phone number, and city) to sarsabzofficialpk@gmail.com using the same email address associated with your YouTube account.",0,1726444800
PX7Lvjs639U,Salam Kissan | Kissan Day 18th Dec | A Tribute to Farmers by Sarsabz Fertilizer,20231210,Ugy6RJ0-kC8XmBt0KH54AaABAg.9yLLBcqzKOgA03w1cnAG36,yes,@Sarsabz,yes,"youtube.com/@STARxSIGMAYT Time is ticking. Please email your complete details (Address, phone number, and city) to sarsabzofficialpk@gmail.com using the same email address associated with your YouTube account.",0,1726444800
PX7Lvjs639U,Salam Kissan | Kissan Day 18th Dec | A Tribute to Farmers by Sarsabz Fertilizer,20231210,Ugw7-aNcLjBBaumyec94AaABAg,no,@toheedqureshi4754,no,Love from India,2,1726444800
PX7Lvjs639U,Salam Kissan | Kissan Day 18th Dec | A Tribute to Farmers by Sarsabz Fertilizer,20231210,UgxbltgngBGI49ingT54AaABAg,no,@panitv,no,Maja aya,0,1726444800
PX7Lvjs639U,Salam Kissan | Kissan Day 18th Dec | A Tribute to Farmers by Sarsabz Fertilizer,20231210,UgyHrOah2dqSNdtkhGN4AaABAg,no,@panitv,no,Wow,0,1726444800
PX7Lvjs639U,Salam Kissan | Kissan Day 18th Dec | A Tribute to Farmers by Sarsabz Fertilizer,20231210,Ugym2Gh9tSc4INajtSt4AaABAg,no,@FaizanAli-vf6kr,no,Ma ik kisan hoo or mujy fahker hai ke ma ik kisan hoo or village ma rahta hoo ❤❤❤ this sarsbaz hamy aprsiate Karne ke liye,2,1726444800
PX7Lvjs639U,Salam Kissan | Kissan Day 18th Dec | A Tribute to Farmers by Sarsabz Fertilizer,20231210,Ugw5vRyVB0M8EtxpYO14AaABAg,no,@Fatimarani-s5s,no,Love you all kisan ❤🎉 from sher main dehat 🎉,0,1726444800
PX7Lvjs639U,Salam Kissan | Kissan Day 18th Dec | A Tribute to Farmers by Sarsabz Fertilizer,20231210,Ugw-mRsgmgxjX1tygFd4AaABAg,no,@iffatali7053,no,Sallam kisan you make hard efforts to grow crops❤❤,0,1726444800
PX7Lvjs639U,Salam Kissan | Kissan Day 18th Dec | A Tribute to Farmers by Sarsabz Fertilizer,20231210,UgyIvbJxysra4r3sIZl4AaABAg,no,@Fundforyou777,no,"Appreciated to Farmers
Very very hard working farmers of pakistan they no see winter or Summer they only hard work for us and our animal 
salute to u all 🌾🌾🌾🌱☘️",1,1726444800
PX7Lvjs639U,Salam Kissan | Kissan Day 18th Dec | A Tribute to Farmers by Sarsabz Fertilizer,20231210,UgwKdbg65rRmi6HRF8J4AaABAg,no,@fahadkaleem8257,no,Thanks Allha ....here is some1 who feel the pain of farmers....thanks sarsabaz for  sweet words for relizing that some1 with us .....,0,1726444800
PX7Lvjs639U,Salam Kissan | Kissan Day 18th Dec | A Tribute to Farmers by Sarsabz Fertilizer,20231210,UgxhD4-I6CaFY1D1T7p4AaABAg,no,@factaroraedit,no,Love for shermedhihat,1,1726444800
PX7Lvjs639U,Salam Kissan | Kissan Day 18th Dec | A Tribute to Farmers by Sarsabz Fertilizer,20231210,UgwWBen_39RDm8U7hAR4AaABAg,no,@fatimavolg2373,no,salam ha ap ko,3,1726444800
PX7Lvjs639U,Salam Kissan | Kissan Day 18th Dec | A Tribute to Farmers by Sarsabz Fertilizer,20231210,UgxcBeFuL7x6jdCKDpt4AaABAg,no,@HUSSAINRizwan-tt1vo,no,Who is here after Shahar Mein Dehat vlog,3,1726444800
PX7Lvjs639U,Salam Kissan | Kissan Day 18th Dec | A Tribute to Farmers by Sarsabz Fertilizer,20231210,UgzIpE4T9UtKTp7j_4d4AaABAg,no,@malikghazanfar8856,no,Love from khanewal Ghazanfar malik ❤😊😊❤😊❤😊❤😊❤,0,1726444800
PX7Lvjs639U,Salam Kissan | Kissan Day 18th Dec | A Tribute to Farmers by Sarsabz Fertilizer,20231210,UgzKly0PXgfgKss8GuV4AaABAg,no,@husnana32,no,God,1,1726444800
PX7Lvjs639U,Salam Kissan | Kissan Day 18th Dec | A Tribute to Farmers by Sarsabz Fertilizer,20231210,UgwR2obGk4s71RowjN54AaABAg,no,@ZA-Avairy,no,I am from shehar mein dihat viewer and fan,0,1726444800
PX7Lvjs639U,Salam Kissan | Kissan Day 18th Dec | A Tribute to Farmers by Sarsabz Fertilizer,20231210,Ugx8pdPUZmrDmsyQhTN4AaABAg,no,@ZA-Avairy,no,Thanks to kissan for everything ❤,0,1726444800
PX7Lvjs639U,Salam Kissan | Kissan Day 18th Dec | A Tribute to Farmers by Sarsabz Fertilizer,20231210,UgyYtOlgRg0QZN2Vqbh4AaABAg,no,@ZA-Avairy,no,Kissan he to hum he kissan nhi to him nhi ek kissan hi to he Jo Hume achi fasal Ker ke ache Fruits and vegetables khelata he  jea kissan ❤,0,1726444800
PX7Lvjs639U,Salam Kissan | Kissan Day 18th Dec | A Tribute to Farmers by Sarsabz Fertilizer,20231210,UgyeopETtPcJcgkoKlV4AaABAg,no,@arhamkazi567,no,Salam on kisano ko Jo hamare liye or janwaro kae liye din raat mehnat karte hai mashallah ❤,2,1726444800
PX7Lvjs639U,Salam Kissan | Kissan Day 18th Dec | A Tribute to Farmers by Sarsabz Fertilizer,20231210,UgxvHXInzGyzZrYQSUl4AaABAg,no,@LearnEnglishWithmehr,no,After watching #Shehrmaindehat ❤,0,1726444800
PX7Lvjs639U,Salam Kissan | Kissan Day 18th Dec | A Tribute to Farmers by Sarsabz Fertilizer,20231210,UgxeXTA08fspl9jnrWt4AaABAg,no,@ShahidArshad-t3w,no,"We should be thankful for food on our tables, tha cloth on our body and to the farmers who make it all possible..
Thanks kisan
Salaam kisan",1,1726444800
PX7Lvjs639U,Salam Kissan | Kissan Day 18th Dec | A Tribute to Farmers by Sarsabz Fertilizer,20231210,UgxLFMj09i7zmB71X5F4AaABAg,no,@abdulrehman2823,no,appreciate the efforts for them who put their blood and sweat in the soil to feed not only themselves but to also feed others🥰,2,1726444800
PX7Lvjs639U,Salam Kissan | Kissan Day 18th Dec | A Tribute to Farmers by Sarsabz Fertilizer,20231210,UgzSq34Md5FuwcXfq414AaABAg,no,@thefuture4517,no,"❤❤ ma ek kasan ho
Thank u❤❤",2,1726444800
PX7Lvjs639U,Salam Kissan | Kissan Day 18th Dec | A Tribute to Farmers by Sarsabz Fertilizer,20231210,Ugxx22_QRYVqsvQwoLF4AaABAg,no,@raheelmalik300,no,Happy kisan Day,0,1726444800
PX7Lvjs639U,Salam Kissan | Kissan Day 18th Dec | A Tribute to Farmers by Sarsabz Fertilizer,20231210,UgxG2InOoyExEJ2_Hm14AaABAg,no,@raheelmalik300,no,I proud of you kisan brother,1,1726444800
PX7Lvjs639U,Salam Kissan | Kissan Day 18th Dec | A Tribute to Farmers by Sarsabz Fertilizer,20231210,Ugw1SA3_1uUIdd7I_mt4AaABAg,no,@NumanAslam-kq3bp,no,😢😢😢😢,0,1726444800
PX7Lvjs639U,Salam Kissan | Kissan Day 18th Dec | A Tribute to Farmers by Sarsabz Fertilizer,20231210,UgytTwV3uGA-BNwYd694AaABAg,no,@alikhanvlogandunboxing5773,no,❤❤❤❤❤,1,1726444800
PX7Lvjs639U,Salam Kissan | Kissan Day 18th Dec | A Tribute to Farmers by Sarsabz Fertilizer,20231210,UgxtWwqiWAI7fLblSD94AaABAg,no,@aliawan31,no,KISSAN ARE VERY HARD WORKING😢AND LOVE YOU ALL KISSAN❤❤❤😢,1,1726444800
PX7Lvjs639U,Salam Kissan | Kissan Day 18th Dec | A Tribute to Farmers by Sarsabz Fertilizer,20231210,UgxQrWy8nWO0PwIamnN4AaABAg,no,@uzairpathan3807,no,Salam. Pakistan ♥️ Pakistan Zindabad♥️🇵🇰Proud  to be pakistan🇵🇰,2,1726444800
PX7Lvjs639U,Salam Kissan | Kissan Day 18th Dec | A Tribute to Farmers by Sarsabz Fertilizer,20231210,UgylR7UqXbSefzLXzwF4AaABAg,no,@shawaiz_playz,no,this song is really based on reality of farmers salute to sarsabz and the farmers out there working for the better of our country❤❤❤,7,1726444800
PX7Lvjs639U,Salam Kissan | Kissan Day 18th Dec | A Tribute to Farmers by Sarsabz Fertilizer,20231210,UgwJOW5LnIAl-O2sJA14AaABAg,no,@fahadhussain2686,no,Soo nice song Allah AP kush rakay😊,2,1726444800
PX7Lvjs639U,Salam Kissan | Kissan Day 18th Dec | A Tribute to Farmers by Sarsabz Fertilizer,20231210,UgwSMwYrpLcxOoO3_Wl4AaABAg,no,@Sheikhabdurehman-dk8kk,no,I love farmers Pakistan and full world 🙋,29,1726444800
PX7Lvjs639U,Salam Kissan | Kissan Day 18th Dec | A Tribute to Farmers by Sarsabz Fertilizer,20231210,UgyhYrLN5zdkZ14o53h4AaABAg,no,@danipatti3867,no,Such a good job❤❤🎉,2,1726444800
PX7Lvjs639U,Salam Kissan | Kissan Day 18th Dec | A Tribute to Farmers by Sarsabz Fertilizer,20231210,UgwCY-mXbNJix3j1c7J4AaABAg,no,@sadiasardar8624,no,"Without farmers, we would have lacked in our diets and would have to eat processed and unhealthy foods.
KISSAN HAMRI SHAN
SALAM KISSAN",1,1726444800
PX7Lvjs639U,Salam Kissan | Kissan Day 18th Dec | A Tribute to Farmers by Sarsabz Fertilizer,20231210,UgxXmxSFC73aTdbjqUh4AaABAg,no,@uggamerff7937,no,Love from kissan day 18th dec😢😢😢,0,1726444800
PX7Lvjs639U,Salam Kissan | Kissan Day 18th Dec | A Tribute to Farmers by Sarsabz Fertilizer,20231210,UgyuMQpkNCXBmiT3ojh4AaABAg,no,@zaidans9011,no,"سلام ان کسانوں کو جو کھیتوں میں دن رات محنت کر کے ہمارے دسترخوانوں کو مختلف اقسام کے کھانوں سے سجاتے ہیں اپ کی محنت اور بے لوث لگن ہمارا قیمتی اثاثہ ہے ہمیں اپ پر فخر ہے  شکریہ کسان
سلام کسان
 سلام پاکستان",2,1726444800
PX7Lvjs639U,Salam Kissan | Kissan Day 18th Dec | A Tribute to Farmers by Sarsabz Fertilizer,20231210,UgxT4m7gwx253s0VFHV4AaABAg,no,@salahuddin5067,no,"تم سےہے وطن کی شان 
اے میرے کسان
pure emotions",1,1726444800
PX7Lvjs639U,Salam Kissan | Kissan Day 18th Dec | A Tribute to Farmers by Sarsabz Fertilizer,20231210,UgzvQEsI-o_xchnSowt4AaABAg,no,@Aqsa9872,no,"In the Hands of Heroes

In the fields where dreams take root,
Amidst the soil, where life finds its flute,
There toils the heart of our nation,
The unsung heroes, our pride's foundation.

With calloused hands and sun-kissed faces,
They nurture lands, bestow life's graces.
From dawn's first light till the setting sun,
Their labor tells tales, second to none.

Beneath the skies, their spirit unfurls,
Tilling the earth, the soul of the world.
Sowing hopes in each furrowed line,
Their sweat and toil, nature's design.

Through seasons of bounty and hardship's reign,
They persist, embracing every grain.
Guardians of harvest, they stand tall,
Heeding the earth's ancestral call.

Amidst the orchards, fields, and farms,
Their dedication shields us from harm.
For every meal upon our plate,
They've toiled, ensuring none abate.

Sarsabz Fertilizer, in their stride,
Stands by these heroes, side by side.
Empowering growth, nurturing lands,
Enriching earth, extending hands.

To the farmers, steadfast and true,
This ode of gratitude, a heartfelt view.
For without their toil, our world would falter,
In the hands of these heroes, lies life's altar.",1,1726444800
PX7Lvjs639U,Salam Kissan | Kissan Day 18th Dec | A Tribute to Farmers by Sarsabz Fertilizer,20231210,Ugw_QNt0pPXoU_d92JV4AaABAg,no,@m.salarzai17,no,"sarsabz as always enlightens our knowledge about farmers.Farmers must be appreciated and helped financially.
Great step Sarbabz❤",4,1726444800
PX7Lvjs639U,Salam Kissan | Kissan Day 18th Dec | A Tribute to Farmers by Sarsabz Fertilizer,20231210,Ugz3OfZ-tWz8NuXV81N4AaABAg,no,@combinecomputers4828,no,😢❤❤❤❤❤❤❤❤❤❤❤❤❤❤❤❤❤❤❤❤❤❤❤❤❤❤❤❤❤❤❤❤❤❤❤❤❤❤❤❤❤❤❤❤❤❤❤❤❤❤❤❤❤❤❤❤❤❤❤❤❤❤❤❤❤❤❤❤❤❤❤❤❤❤❤❤❤❤❤❤❤❤❤❤❤❤❤❤❤❤❤❤❤❤❤❤❤❤❤❤❤❤❤ ❤❤❤❤❤❤❤❤❤❤❤❤❤❤❤❤❤❤❤❤❤❤❤❤❤❤❤❤❤❤❤❤❤❤❤❤❤❤❤❤❤❤❤❤❤❤❤❤❤❤❤❤❤❤❤❤❤❤❤❤❤❤❤❤❤❤❤❤❤❤❤❤❤❤❤❤❤❤❤❤❤❤❤❤❤❤❤❤❤❤❤❤❤❤❤❤❤❤❤❤❤❤❤❤❤❤❤❤❤❤❤❤❤❤❤❤❤❤❤❤❤❤❤❤❤❤❤❤❤❤❤❤❤❤❤❤❤❤❤❤❤❤❤❤❤❤❤❤❤❤❤❤❤❤❤❤❤❤❤❤❤❤❤❤❤❤❤❤❤❤❤❤❤❤❤❤❤❤❤❤❤❤❤❤❤❤❤❤❤❤❤❤❤❤❤❤❤❤❤❤❤❤❤❤❤❤❤❤❤❤❤❤,0,1726444800
PX7Lvjs639U,Salam Kissan | Kissan Day 18th Dec | A Tribute to Farmers by Sarsabz Fertilizer,20231210,UgxHVo43yLzxvh2WzJ94AaABAg,no,@nasirmubarak8139,no,"❤❤❤❤
کسانوں کے بغیر، ہمیں خوراک اور دیگر ضروریات تک رسائی حاصل نہیں ہوگی۔
اس پیشے کی واقعی تعریف کرنے کے لیے ایک لمحہ نکالیں۔
جیسے جیسے آبادی بڑھ رہی ہے، کسانوں پر کام کا بوجھ بھی بڑھتا جا رہا ہے۔

سلام کسان سرسبز پاکستان
❤❤❤❤❤",19,1726444800
PX7Lvjs639U,Salam Kissan | Kissan Day 18th Dec | A Tribute to Farmers by Sarsabz Fertilizer,20231210,UgxHVo43yLzxvh2WzJ94AaABAg.9yLAHtQ3wpnAQrdQnfgEbA,yes,@ghulamhussain-hr4yd,no,P❤ ink p hi k KO ln to oooi,0,1768521600
PX7Lvjs639U,Salam Kissan | Kissan Day 18th Dec | A Tribute to Farmers by Sarsabz Fertilizer,20231210,UgzBGycUr3Wd4rchPYp4AaABAg,no,@MRJAHIRFFYT131,no,❤ nice,1,1726444800
PX7Lvjs639U,Salam Kissan | Kissan Day 18th Dec | A Tribute to Farmers by Sarsabz Fertilizer,20231210,Ugz_8LNWYlGrJlQcJgp4AaABAg,no,@VillageinVillagesoffical1689,no,"سلام ہے ان کسانوں کو جو اپنی دن رات کی محنت سے ہمارے لیے اناج کی تیاری کرتے ہیں اور ہماری خوراک کو پورا کرتے ہیں ہمیں چاہئے کہ کسانوں کو ان کا پورا حق دیا کریں۔
ہمیں کسانوں کی ایسے ہی ضرورت ہے 

جیسے گندم کو سرسبز کی
            سلام پاکستان سلام کسان",2,1726444800
PX7Lvjs639U,Salam Kissan | Kissan Day 18th Dec | A Tribute to Farmers by Sarsabz Fertilizer,20231210,Ugweh35qt8g0poj9KOR4AaABAg,no,@Cartoon.-nz7up,no,Yar kasam saasarsabz bohot acha haa rona gaya yar 😢😢😢😢very good 👍,1,1726444800
PX7Lvjs639U,Salam Kissan | Kissan Day 18th Dec | A Tribute to Farmers by Sarsabz Fertilizer,20231210,UgyChcMH65kq1DtjUfV4AaABAg,no,@arslan.mughal90,no,Salam Kissan,1,1726444800
PX7Lvjs639U,Salam Kissan | Kissan Day 18th Dec | A Tribute to Farmers by Sarsabz Fertilizer,20231210,UgwAIRVZHdexvcPWcQV4AaABAg,no,@HassanRaza-xh8pm,no,Kasan teri azamat ko salam😊😊,1,1726444800
PX7Lvjs639U,Salam Kissan | Kissan Day 18th Dec | A Tribute to Farmers by Sarsabz Fertilizer,20231210,Ugx2qp5IoNi0iqaY8lZ4AaABAg,no,@tahaarbi5134,no,Framer of pakistan 😍😍😍😍,2,1726444800
PX7Lvjs639U,Salam Kissan | Kissan Day 18th Dec | A Tribute to Farmers by Sarsabz Fertilizer,20231210,Ugy8eaBPErII7RSVMFt4AaABAg,no,@arkfans09,no,Jai johar jai kisan❤❤,1,1726444800
PX7Lvjs639U,Salam Kissan | Kissan Day 18th Dec | A Tribute to Farmers by Sarsabz Fertilizer,20231210,Ugwr3aydb_wKejDr1y94AaABAg,no,@shariqnaeem383,no,Allah pak apko hamesha kush rakkha ap buth mahnat karta hai ❤,1,1726444800
PX7Lvjs639U,Salam Kissan | Kissan Day 18th Dec | A Tribute to Farmers by Sarsabz Fertilizer,20231210,UgxfH9FXwHgKB9LY41R4AaABAg,no,@kanwalfarhan3396,no,Salute Kissan salute,1,1726444800
PX7Lvjs639U,Salam Kissan | Kissan Day 18th Dec | A Tribute to Farmers by Sarsabz Fertilizer,20231210,Ugyj8U4QVxsMTrqVi4R4AaABAg,no,@Jutt.6,no,❤️❤️❤️,1,1726444800
PX7Lvjs639U,Salam Kissan | Kissan Day 18th Dec | A Tribute to Farmers by Sarsabz Fertilizer,20231210,Ugx7ihqnRSiCwKsJjyx4AaABAg,no,@waqassajid1770,no,"Watching a farmer's hard work instills a profound emotion in a person, something that words can't fully express. Their tireless labor in the sun, love for the land, all reflect on their faces through smiles and a sense of respect. Farmers are empathetic and diligent workers, whose sacrifices provide sustenance for all our lives.",6,1726444800
PX7Lvjs639U,Salam Kissan | Kissan Day 18th Dec | A Tribute to Farmers by Sarsabz Fertilizer,20231210,Ugx7ihqnRSiCwKsJjyx4AaABAg.9yL8KrC_GPVA-GW9YTld8E,yes,@Sarsabz,yes,"Congratulations on winning! Please email your complete details (Address, phone number, and city) to sarsabzofficialpk@gmail.com using the same email address associated with your YouTube account.",1,1726444800
PX7Lvjs639U,Salam Kissan | Kissan Day 18th Dec | A Tribute to Farmers by Sarsabz Fertilizer,20231210,Ugx7ihqnRSiCwKsJjyx4AaABAg.9yL8KrC_GPVA-iRPWGs_WV,yes,@Sarsabz,yes,"youtube.com/@waqassajid1770 Please email your complete details (Address, phone number, and city) to sarsabzofficialpk@gmail.com using the same email address associated with your YouTube account.",1,1726444800
PX7Lvjs639U,Salam Kissan | Kissan Day 18th Dec | A Tribute to Farmers by Sarsabz Fertilizer,20231210,Ugx7ihqnRSiCwKsJjyx4AaABAg.9yL8KrC_GPVA-io1qU5U_J,yes,@waqassajid1770,no,"Okay Thanks, I'hv sent",1,1726444800
PX7Lvjs639U,Salam Kissan | Kissan Day 18th Dec | A Tribute to Farmers by Sarsabz Fertilizer,20231210,UgwXVUt5HpeDfrBL0qp4AaABAg,no,@a1tricks950,no,Salute to those FARMERS ❤❤❤❤❤ LAJAWAABBBB ♥️,4,1726444800
PX7Lvjs639U,Salam Kissan | Kissan Day 18th Dec | A Tribute to Farmers by Sarsabz Fertilizer,20231210,Ugzg3cMmpQLtwddOZgt4AaABAg,no,@Shahid-x6c,no,"Saluting the dedicated farmers and their families whose hard work and resilience feed the world and sustain our communities. Day to the unsung heroes of agriculture – your passion for the land ensures prosperity and abundance for us all. You are all respected and much appreciated. Our prosperity, as exemplified by their celebration of Kissan Day on December 18, 2023, is due to Sarsabz Fertilizer's commitment to promoting the agricultural community in Pakistan is dedicated to formers.",11,1726444800
PX7Lvjs639U,Salam Kissan | Kissan Day 18th Dec | A Tribute to Farmers by Sarsabz Fertilizer,20231210,Ugzg3cMmpQLtwddOZgt4AaABAg.9yL8FaGIDsv9yMER9rU0vm,yes,@Shahid-x6c,no,"From the landlord family, I really better know the importance of sarsabz fertilizer in our lives..",1,1726444800
PX7Lvjs639U,Salam Kissan | Kissan Day 18th Dec | A Tribute to Farmers by Sarsabz Fertilizer,20231210,Ugzg3cMmpQLtwddOZgt4AaABAg.9yL8FaGIDsvAQOJAb7qNQ9,yes,@ManoMano-m2g,no,But hi❤🎉,0,1765843200
PX7Lvjs639U,Salam Kissan | Kissan Day 18th Dec | A Tribute to Farmers by Sarsabz Fertilizer,20231210,Ugx_QYOpTfQs5M2GMvl4AaABAg,no,@arizmohammadmashori5687,no,"No food possible without our dedicated hard work of farmer , Salam kissan",1,1726444800
PX7Lvjs639U,Salam Kissan | Kissan Day 18th Dec | A Tribute to Farmers by Sarsabz Fertilizer,20231210,Ugyufhood2_o_UA1ZZZ4AaABAg,no,@ArsalanShykh116,no,"I listen in Vlog, Shehr mein Dehaat 💖",1,1726444800
PX7Lvjs639U,Salam Kissan | Kissan Day 18th Dec | A Tribute to Farmers by Sarsabz Fertilizer,20231210,UgxZRehxZ5Ge1txm4S54AaABAg,no,@a1tricks950,no,Mashallah ❤  TURAB  baai and SABTAIN baai. Apki wajah se ma is channel pe aya,1,1726444800
PX7Lvjs639U,Salam Kissan | Kissan Day 18th Dec | A Tribute to Farmers by Sarsabz Fertilizer,20231210,UgxWdF1Y_LTaRuPMp_J4AaABAg,no,@sameer_kabutar_baje_chhabra,no,Love you ❤️❤️❤️❤️,0,1726444800
PX7Lvjs639U,Salam Kissan | Kissan Day 18th Dec | A Tribute to Farmers by Sarsabz Fertilizer,20231210,Ugxcc3oSUUwuI8JKy0d4AaABAg,no,@azmikhanrajput,no,"What an impressive effort by the team. Very powerful theme with equally remarkable execution. A very emotional message for everyone to remain hopeful . Positive and determined on matter what the circumstances are. Feeling highly motivated , emotional and thankful to the Kissan who always believe in Allah and their efforts . 
#SalamKissan #KissanDay #SarsabzPakistan",2,1726444800
PX7Lvjs639U,Salam Kissan | Kissan Day 18th Dec | A Tribute to Farmers by Sarsabz Fertilizer,20231210,Ugy8la7ScZTpFvOQV3t4AaABAg,no,@azmikhanrajput,no,"What an impressive effort by the team. Very powerful theme with equally remarkable execution. A very emotional message for everyone to remain hopeful . Positive and determined on matter what the circumstances are. Feeling highly motivated , emotional and thankful to the Kissan who always believe in Allah and their efforts . 
#SalamKissan #KissanDay #SarsabzPakistan",2,1726444800
PX7Lvjs639U,Salam Kissan | Kissan Day 18th Dec | A Tribute to Farmers by Sarsabz Fertilizer,20231210,UgyUcGoCgLPu2clkN114AaABAg,no,@Goharkevlogs04,no,Kon kon meri tara sher me diyat ki video dekh kar aye hai ❤❤,0,1726444800
PX7Lvjs639U,Salam Kissan | Kissan Day 18th Dec | A Tribute to Farmers by Sarsabz Fertilizer,20231210,UgydevDduEHla1ebcTh4AaABAg,no,@MasoodMadni-t9w,no,سلام ہو ہمارےپیارےکسان بھائیوں کو❤,0,1726444800
PX7Lvjs639U,Salam Kissan | Kissan Day 18th Dec | A Tribute to Farmers by Sarsabz Fertilizer,20231210,UgypxyrGNzTN6x3UiM94AaABAg,no,@awaishaseeb-wm6go,no,Good effet by kissan Bhaiyo❤❤❤❤,1,1726444800
PX7Lvjs639U,Salam Kissan | Kissan Day 18th Dec | A Tribute to Farmers by Sarsabz Fertilizer,20231210,Ugzhtsf5NL9XNYKH59F4AaABAg,no,@latestTv1,no,"حلال رزق کا مطلب کسان سے پوچھو 🥀🌾
پسینہ بن کے لہو کی طرح نکلتا ہے🌋😢",0,1726444800
PX7Lvjs639U,Salam Kissan | Kissan Day 18th Dec | A Tribute to Farmers by Sarsabz Fertilizer,20231210,Ugzf-1cwVIbWp3IRzfB4AaABAg,no,@firdos682,no,I am 🇮🇳🇮🇳 India,0,1726444800
PX7Lvjs639U,Salam Kissan | Kissan Day 18th Dec | A Tribute to Farmers by Sarsabz Fertilizer,20231210,Ugzf8AfN5gJ5yKPVD6p4AaABAg,no,@kingjabbar516,no,❤❤❤,0,1726444800
PX7Lvjs639U,Salam Kissan | Kissan Day 18th Dec | A Tribute to Farmers by Sarsabz Fertilizer,20231210,Ugx6gNJiSFhC58KWHCZ4AaABAg,no,@saddabMahmad,no,❤❤,0,1726444800
PX7Lvjs639U,Salam Kissan | Kissan Day 18th Dec | A Tribute to Farmers by Sarsabz Fertilizer,20231210,UgzklJr0-0ZQnFp0evl4AaABAg,no,@saddabMahmad,no,❤❤❤😂❤,0,1726444800
PX7Lvjs639U,Salam Kissan | Kissan Day 18th Dec | A Tribute to Farmers by Sarsabz Fertilizer,20231210,UgyBenNDbonKOIIHDEZ4AaABAg,no,@saddabMahmad,no,❤❤,0,1726444800
PX7Lvjs639U,Salam Kissan | Kissan Day 18th Dec | A Tribute to Farmers by Sarsabz Fertilizer,20231210,UgzOw84pEouZ9D2pHfd4AaABAg,no,@saddabMahmad,no,❤❤,0,1726444800
PX7Lvjs639U,Salam Kissan | Kissan Day 18th Dec | A Tribute to Farmers by Sarsabz Fertilizer,20231210,Ugx_P2cUokg8a4Y3TvV4AaABAg,no,@saddabMahmad,no,❤❤,0,1726444800
PX7Lvjs639U,Salam Kissan | Kissan Day 18th Dec | A Tribute to Farmers by Sarsabz Fertilizer,20231210,UgxBUTUAvWPFIPq0B-B4AaABAg,no,@saddabMahmad,no,❤❤,0,1726444800
PX7Lvjs639U,Salam Kissan | Kissan Day 18th Dec | A Tribute to Farmers by Sarsabz Fertilizer,20231210,Ugy0on3620PmejEl9lF4AaABAg,no,@saddabMahmad,no,❤❤,0,1726444800
PX7Lvjs639U,Salam Kissan | Kissan Day 18th Dec | A Tribute to Farmers by Sarsabz Fertilizer,20231210,Ugzuo6WJo7qPCGyt-et4AaABAg,no,@sumaika4rajpoot,no,"What an impressive effort by the team. Very powerful theme with equally remarkable execution. A very emotional message for everyone to remain hopeful . Positive and determined on matter what the circumstances are. Feeling highly motivated , emotional and thankful to the Kissan who always believe in Allah and their efforts . 
#SalamKissan #KissanDay #SarsabzPakistan",2,1726444800
PX7Lvjs639U,Salam Kissan | Kissan Day 18th Dec | A Tribute to Farmers by Sarsabz Fertilizer,20231210,UgwyWMWcpau5PArDFcl4AaABAg,no,@sumaika4rajpoot,no,"What an impressive effort by the team. Very powerful theme with equally remarkable execution. A very emotional message for everyone to remain hopeful . Positive and determined on matter what the circumstances are. Feeling highly motivated , emotional and thankful to the Kissan who always believe in Allah and their efforts . 
#SalamKissan #KissanDay #SarsabzPakistan",9,1726444800
PX7Lvjs639U,Salam Kissan | Kissan Day 18th Dec | A Tribute to Farmers by Sarsabz Fertilizer,20231210,Ugwa8gT1d72Stc4aodp4AaABAg,no,@Zainjutt-u8i,no,Ap sab ki mehnat ko salam ❤ke ap itni mehnat karte ho is ke liye apko salam kisan pree  happy kisan day,2,1726444800
PX7Lvjs639U,Salam Kissan | Kissan Day 18th Dec | A Tribute to Farmers by Sarsabz Fertilizer,20231210,UgzyGXtHIvm1vEh4zcl4AaABAg,no,@muz4hidd,no,❤❤❤,1,1726444800
PX7Lvjs639U,Salam Kissan | Kissan Day 18th Dec | A Tribute to Farmers by Sarsabz Fertilizer,20231210,UgziDaMmQoNBRxXNIJF4AaABAg,no,@ragib717,no,No nation can prospar without farmar salute farmar. Love from Bangladesh🇧🇩❤❤,24,1726444800
PX7Lvjs639U,Salam Kissan | Kissan Day 18th Dec | A Tribute to Farmers by Sarsabz Fertilizer,20231210,Ugw2lrvdb82YCs4Dgg14AaABAg,no,@bachasquad9450,no,Wow 😳 I'm very emotional after lessons this song 😰 we are proud to be kissan and pakistan,2,1726444800
PX7Lvjs639U,Salam Kissan | Kissan Day 18th Dec | A Tribute to Farmers by Sarsabz Fertilizer,20231210,Ugxag8PhtuKhzRNCDtV4AaABAg,no,@ammarchoudhry9116,no,"Salute to the Farmers, the backbone of our Food security.",1,1726444800
PX7Lvjs639U,Salam Kissan | Kissan Day 18th Dec | A Tribute to Farmers by Sarsabz Fertilizer,20231210,Ugx2ViI6UucZgZOWyY94AaABAg,no,@AbdulRehman-ro1ph,no,"Pakistan is an agrarian economy and kissan/farmers are Pakistans backbone. On this Farmers Day, let's honor the stalwarts of our land, whose unwavering determination and tireless toil shape the very essence of our existence. Through relentless hours and weathered seasons, they sow the seeds of sustenance, nurturing the earth with an unparalleled commitment. Their labor isn't just a livelihood; it's a testament to resilience, an unspoken promise to feed nations. Amidst the dawn's first light and the dusk's fading glow, their unwavering spirit remains the backbone of our sustenance, embodying the epitome of dedication that sustains life itself. Today, let us bow in gratitude to these unsung heroes, whose unwavering efforts ripple beyond the fields, nurturing the soul of humanity. #sarsabz #salamkissan",3,1726444800
PX7Lvjs639U,Salam Kissan | Kissan Day 18th Dec | A Tribute to Farmers by Sarsabz Fertilizer,20231210,UgxH6Wg2u-3p9Sq8QgF4AaABAg,no,@Farhan_Rajput_vlog,no,Kon kon shahr ma dihat ka link sa aya ha 😅❤,1,1726444800
PX7Lvjs639U,Salam Kissan | Kissan Day 18th Dec | A Tribute to Farmers by Sarsabz Fertilizer,20231210,UgyNfLZFbGTN_jh5u3t4AaABAg,no,@Mr.H-F3k,no,In ki hamat hai😢😢😢😢❤❤❤❤,2,1726444800
PX7Lvjs639U,Salam Kissan | Kissan Day 18th Dec | A Tribute to Farmers by Sarsabz Fertilizer,20231210,Ugxzx-yucVaJVxcK-iJ4AaABAg,no,@MalikAzhar_497,no,Farmers are the future of Pakistan,2,1726444800
PX7Lvjs639U,Salam Kissan | Kissan Day 18th Dec | A Tribute to Farmers by Sarsabz Fertilizer,20231210,UgyFempRoLyc2i2spaV4AaABAg,no,@shumasriaz4677,no,"On this Farmers Day, let's express heartfelt appreciation to the backbone of our society—the farmers. Their unwavering dedication, hard work, and resilience ensure the sustenance of nations. Thank you for Fatima Group for recognizing and depiction of the hardship farmers faces due environmental changes causing heavy rains.",0,1726444800
PX7Lvjs639U,Salam Kissan | Kissan Day 18th Dec | A Tribute to Farmers by Sarsabz Fertilizer,20231210,UgzJo4cZunM_mn5ey4Z4AaABAg,no,@hamzaramzan2595,no,Farmers are the backbone of civilization and guardians of our food security. Their hard work may often go unnoticed but its impact reverberates through every meal enjoyed. Salam kissan,2,1726444800
PX7Lvjs639U,Salam Kissan | Kissan Day 18th Dec | A Tribute to Farmers by Sarsabz Fertilizer,20231210,UgyKSx0Ljj2xXeehCjR4AaABAg,no,@yasir____a7139,no,Kon kon Sheher me dihat se. Yaha aaya he❤,0,1726444800
PX7Lvjs639U,Salam Kissan | Kissan Day 18th Dec | A Tribute to Farmers by Sarsabz Fertilizer,20231210,Ugx_6bk3RuO15nzf3V14AaABAg,no,@sharnsingh9518,no,❤❤,1,1726444800
PX7Lvjs639U,Salam Kissan | Kissan Day 18th Dec | A Tribute to Farmers by Sarsabz Fertilizer,20231210,UgwjxUlF6fnzQ9-jnV54AaABAg,no,@dabeerkhalid6580,no,"We should acknowledge the efforts, hardworking & resilience. Message for the Farmers “ your unwavering dedication & tireless efforts sustain us all. Your commitment to cultivating crops is the cornerstone of our existence & more nourished future for generation to come”",17,1726444800
PX7Lvjs639U,Salam Kissan | Kissan Day 18th Dec | A Tribute to Farmers by Sarsabz Fertilizer,20231210,UgxWk-l4X55_E7y3irh4AaABAg,no,@Empireofcomdey,no,Best ❤ from India 🇮🇳❤❤,1,1726444800
PX7Lvjs639U,Salam Kissan | Kissan Day 18th Dec | A Tribute to Farmers by Sarsabz Fertilizer,20231210,UgxKBtpZvuqnkZZ6A2R4AaABAg,no,@fareehasoomro661,no,Salam Hai kisan per,1,1726444800
PX7Lvjs639U,Salam Kissan | Kissan Day 18th Dec | A Tribute to Farmers by Sarsabz Fertilizer,20231210,UgxRCyAQtzgLKmRh_Gp4AaABAg,no,@Apex_Wildlife_Usa,no,Farmers are incredible! They work tirelessly to provide us with the food we eat every day. Their hard work and dedication help keep us all nourished and healthy. We owe them a big thank you for all that they do! 🌾🚜🥦,4,1726444800
PX7Lvjs639U,Salam Kissan | Kissan Day 18th Dec | A Tribute to Farmers by Sarsabz Fertilizer,20231210,Ugz_2jBYY278MxIx3D14AaABAg,no,@DVGEMPIRE,no,Thank you farmers ♥️,0,1726444800
PX7Lvjs639U,Salam Kissan | Kissan Day 18th Dec | A Tribute to Farmers by Sarsabz Fertilizer,20231210,Ugz8iK6-khO19eq4EFt4AaABAg,no,@Mfarrukhq,no,"Farmers' Day reminds us to thank each and every farmer of the nation for their unconditional dedication. Best wishes on Farmers Day to you. - Wishing all the farmers a plentiful harvest. - To the extremely hardworking farmers, we appreciate all of you.",4,1726444800
PX7Lvjs639U,Salam Kissan | Kissan Day 18th Dec | A Tribute to Farmers by Sarsabz Fertilizer,20231210,UgyMBATXhMuHpzCZZ2J4AaABAg,no,@miraculous78-i5z,no,"زرعی کارکنوں کو سراہا جانا چاہئے، چونکہ وہہمارے معیشت کے دل ہیں اور ہمارے ہر روز کے خواہشات کو حقیقت میں تبدیل کرتے ہیں۔ زرعی کارکنوں کی محنت اور قربانیوں کا ذکر ہر زمانے میں ہمیں یاد رہنے چاہئے۔ جنوب ایشیائی مصطلح ہے: ""کھیتی بھلا کرنے والے ہمیشہ ہمارے دلوں میں رہتے ہیں۔"" یہ ہمیشہ زرعی کارکنوں کی قدر کرنے کا ذہانت اور قربانی کا پیشگوئی کرتا ہے۔",1,1726444800
PX7Lvjs639U,Salam Kissan | Kissan Day 18th Dec | A Tribute to Farmers by Sarsabz Fertilizer,20231210,UgzSlequQmCRoz2uk-l4AaABAg,no,@Mfarrukhq,no,"Take a moment to really appreciate the Farmer and all the hard work and dedication the agricultural life requires. As the population continues to grow, the workload of farmers also expands. The best quotes about farming and agriculture will: Make you respect the difficult labor that goes into every harvest.",47,1726444800
PX7Lvjs639U,Salam Kissan | Kissan Day 18th Dec | A Tribute to Farmers by Sarsabz Fertilizer,20231210,UgwWnoO5M5cNKAcyd3Z4AaABAg,no,@Arhumhamid109,no,And I believe that k kissan na Hotay tuo ham zaenda na ho Tay,10,1726444800
PX7Lvjs639U,Salam Kissan | Kissan Day 18th Dec | A Tribute to Farmers by Sarsabz Fertilizer,20231210,UgwWnoO5M5cNKAcyd3Z4AaABAg.9yL3GKpXx0gAQpvJhG7150,yes,@NisarAhmad-ek6sl,no,no i😅jj 0:16 k9z❤❤,0,1768521600
PX7Lvjs639U,Salam Kissan | Kissan Day 18th Dec | A Tribute to Farmers by Sarsabz Fertilizer,20231210,Ugwjnkma-wjUKRW3br54AaABAg,no,@Arhumhamid109,no,0:22 I love kissan,0,1726444800
PX7Lvjs639U,Salam Kissan | Kissan Day 18th Dec | A Tribute to Farmers by Sarsabz Fertilizer,20231210,Ugx5fErFG6jhOo9sPgN4AaABAg,no,@Sufian_family,no,پاکستان کے کسان بھائی ہمارے ملک کی شان ہیں,0,1726444800
PX7Lvjs639U,Salam Kissan | Kissan Day 18th Dec | A Tribute to Farmers by Sarsabz Fertilizer,20231210,UgyzYHQOwU0Drob4wcB4AaABAg,no,@ahsanraza8659,no,"Such an inspiring video! It's incredible to witness the tireless efforts of farmers and the invaluable support provided by Sarsabz. This collaboration truly demonstrates the strength and resilience of communities. Kudos to Sarsabz for their impactful contribution, uplifting the lives of farmers and fostering prosperity in Pakistan's agricultural sector. ❤",8,1726444800
PX7Lvjs639U,Salam Kissan | Kissan Day 18th Dec | A Tribute to Farmers by Sarsabz Fertilizer,20231210,Ugwsso8InaRF2WsWX7t4AaABAg,no,@NowsherwanKhan-b2q,no,"The resilience of this beautiful nation is exemplary. Salute to the nation, especially the farmers who had to bear the brunt of impacts from global warming.

Thank you, Sarsabz and Fatima Group, for honouring our farmers and their effort on Farmers Day.",10,1726444800
PX7Lvjs639U,Salam Kissan | Kissan Day 18th Dec | A Tribute to Farmers by Sarsabz Fertilizer,20231210,Ugx-Ry3xscyQjqKOiE94AaABAg,no,@Ambreen.Fahad4,no,Really inspiring and emotional.. Best wishes to all the farmers around the world. Good job MKT team,11,1726444800
PX7Lvjs639U,Salam Kissan | Kissan Day 18th Dec | A Tribute to Farmers by Sarsabz Fertilizer,20231210,UgzQOGPPcJgVo4q2UWF4AaABAg,no,@taimoorhussain357,no,"Dear Farmers,

In the vast expanse where dreams meet soil, your sweat cultivates more than crops—it grows the heartbeat of a nation. Your resilience tills fields of hope, and in every sunrise and sunset, your unwavering spirit paints the canvas of sustenance. Thank you for being the silent architects of abundance.❤",2,1726444800
PX7Lvjs639U,Salam Kissan | Kissan Day 18th Dec | A Tribute to Farmers by Sarsabz Fertilizer,20231210,UgzQOGPPcJgVo4q2UWF4AaABAg.9yKyQdYsSEdA-GW784PDyU,yes,@Sarsabz,yes,"Congratulations on winning! Please email your complete details (Address, phone number, and city) to sarsabzofficialpk@gmail.com using the same email address associated with your YouTube account.",0,1726444800
PX7Lvjs639U,Salam Kissan | Kissan Day 18th Dec | A Tribute to Farmers by Sarsabz Fertilizer,20231210,UgzQOGPPcJgVo4q2UWF4AaABAg.9yKyQdYsSEdA-iRIxaXpKQ,yes,@Sarsabz,yes,"youtube.com/@taimoorhussain357 Please email your complete details (Address, phone number, and city) to sarsabzofficialpk@gmail.com using the same email address associated with your YouTube account.",0,1726444800
PX7Lvjs639U,Salam Kissan | Kissan Day 18th Dec | A Tribute to Farmers by Sarsabz Fertilizer,20231210,UgzQOGPPcJgVo4q2UWF4AaABAg.9yKyQdYsSEdA-nXGzhAhMe,yes,@taimoorhussain357,no,"#SalamKissan #KissanDay #SarsabzPakistan

@sarsabz
 
Done",0,1726444800
PX7Lvjs639U,Salam Kissan | Kissan Day 18th Dec | A Tribute to Farmers by Sarsabz Fertilizer,20231210,Ugzqi-TpVEGG-CUNJnF4AaABAg,no,@ringchenali,no,😢 کسان ہمارا رزق کا وسیلہ۔ اللہ کسانوں کو برکت دیں۔,1,1726444800
PX7Lvjs639U,Salam Kissan | Kissan Day 18th Dec | A Tribute to Farmers by Sarsabz Fertilizer,20231210,UgxisycoiIEMViBEbMl4AaABAg,no,@Azeem_588,no,"😢 Really Inspiring and emotional...
Thanks to all our ""Kisaan"" Brothers and Sisters, your tireless efforts in face of adversity ensure that 240 Million people of this country are fed and clothed. Salute to all Kisaans!!!!",7,1726444800
PX7Lvjs639U,Salam Kissan | Kissan Day 18th Dec | A Tribute to Farmers by Sarsabz Fertilizer,20231210,UgzlqiZzze_L4ENAIeJ4AaABAg,no,@khetaram9411,no,"Once again Fatima Group , tribute to remember  , the Soul , who work hard day and night in field , make this nation farming community proud , with Soofi touch to embark the inner beauty of divine and farming community of Pakistan .
How Sarsabz team have depicted true essence of deprived via producing and acknowledging the efforts of  very backward area ( Umerkot )  young singer  Nirmala Maghani .for sinning this soofi song  on Pakistan Kissan Day . This shows the highest level of CSR on both level of farming community as well as promoting  emerging minority talent .  Salam Kissan & Sarsabz Pakistan.",2,1726444800
PX7Lvjs639U,Salam Kissan | Kissan Day 18th Dec | A Tribute to Farmers by Sarsabz Fertilizer,20231210,Ugx9TKq39nu2a3fxL5x4AaABAg,no,@yasirhussain6346,no,"Agriculture is the most healthful, most useful and most noble employment of humans! Salam Kissan",2,1726444800
PX7Lvjs639U,Salam Kissan | Kissan Day 18th Dec | A Tribute to Farmers by Sarsabz Fertilizer,20231210,UgxGdRGWrDNMcTK1X8x4AaABAg,no,@beesham1000,no,"What an effort by the Fatima group to present the heroes of our economy who buys everything at retail and sells everything at wholesale..... the add is touching the hearts of every individual and I bet, you will have tear once you see and feel the essence...Sarsabz Zindabad.",9,1726444800
PX7Lvjs639U,Salam Kissan | Kissan Day 18th Dec | A Tribute to Farmers by Sarsabz Fertilizer,20231210,UgxHohfUf_iDpqThpPZ4AaABAg,no,@arsalabbasi,no,Salam Kissan...Salam Sarsabz ka Pakistan. Farmers are real Hero of Pakistan.,1,1726444800
PX7Lvjs639U,Salam Kissan | Kissan Day 18th Dec | A Tribute to Farmers by Sarsabz Fertilizer,20231210,Ugy-LtqL9p8mWrEVGFt4AaABAg,no,@saqibkhan-g5e,no,"What an impressive effort by the team. Very powerful theme with equally remarkable execution. A very emotional message for everyone to remain hopeful, positive and determined no matter what the circumstances are. Feeling highly motivated, emotional and thankful to the Kissan who always believe in Allah and their efforts. Thumbs up for the whole team ❤",7,1726444800
PX7Lvjs639U,Salam Kissan | Kissan Day 18th Dec | A Tribute to Farmers by Sarsabz Fertilizer,20231210,UgyNIfMWFFL-oSUwD6p4AaABAg,no,@ay-theone,no,ہمارا کسان ہماری شان❤,1,1726444800
PX7Lvjs639U,Salam Kissan | Kissan Day 18th Dec | A Tribute to Farmers by Sarsabz Fertilizer,20231210,UgyMQDXK7xKy8qJFYhV4AaABAg,no,@asifmalik4731,no,Thank you for the hard workI just wanted to thank all the farmers out there for gracing our tables with food year round.,2,1726444800
PX7Lvjs639U,Salam Kissan | Kissan Day 18th Dec | A Tribute to Farmers by Sarsabz Fertilizer,20231210,UgyO16GC6jB0k8QJ0PF4AaABAg,no,@MuhammadHanzalah-d6t,no,"Farmers are the backbone of a country due to their vital role in food production, sustenance of the population, and contribution to the economy. You can demonstrate this by highlighting their contribution to ensuring food security, generating employment opportunities, supporting rural economies, and providing the necessary resources for various industries. Additionally, showcasing their resilience in the face of challenges like weather fluctuations, market uncertainties, and technological advancements emphasizes their crucial role in the stability and growth of a nation.",1,1726444800
PX7Lvjs639U,Salam Kissan | Kissan Day 18th Dec | A Tribute to Farmers by Sarsabz Fertilizer,20231210,UgxmtqC3mm67KXz6TD94AaABAg,no,@Aghafitness8,no,Great 👍,0,1726444800
PX7Lvjs639U,Salam Kissan | Kissan Day 18th Dec | A Tribute to Farmers by Sarsabz Fertilizer,20231210,UgwdH4AvgWhy0YDepHl4AaABAg,no,@rkvideos3570,no,As always Fatima Group remains in the front line to highlight the Struggle of farmers for Nation. Salam Kissan Sarsabz Pakistan. Appreciated 👍,3,1726444800
PX7Lvjs639U,Salam Kissan | Kissan Day 18th Dec | A Tribute to Farmers by Sarsabz Fertilizer,20231210,UgzgmMzIJg2uvjqAIid4AaABAg,no,@shahidkamran3139,no,"Firstly, it was very heartbreaking to see our Kissan brothers and families in such a pain and worry for their Zameen  (Land) in such changing climate and adverse weather conditions. 


Secondly, there comes the helping hand and contribution of SARSABZ that supports the true cause of food security for the living. 

Very beautifully filmed and conveyed the emotion filled pictures of Kissan community.",1,1726444800
PX7Lvjs639U,Salam Kissan | Kissan Day 18th Dec | A Tribute to Farmers by Sarsabz Fertilizer,20231210,UgwpHpP63AxiNE4YT2F4AaABAg,no,@mahaamhafeez665,no,This video made me tear up as I realized that the presence of farmers can be felt everywhere in our daily lives. Their commitment and bravery on working in remote areas while ensuring that the best crop is available for the nation even during harsh weather makes me proud to call myself a Pakistani :') Salute to these farmers and their bravery. Salute to their families who are supporting these farmers. You are all respected and appreciated. 😊,61,1726444800
PX7Lvjs639U,Salam Kissan | Kissan Day 18th Dec | A Tribute to Farmers by Sarsabz Fertilizer,20231210,UgyNhWdapU7ZPcLfZy14AaABAg,no,@ShumailaSadaf-u8e,no,Agriculture is the most noble employment of man.salam Kasan &fatima group.❤,5,1726444800
PX7Lvjs639U,Salam Kissan | Kissan Day 18th Dec | A Tribute to Farmers by Sarsabz Fertilizer,20231210,UgwQdoFWcudAAQ_SbLt4AaABAg,no,@AreejJaved-l1j,no,"Farmers are the backbone of our country.  Salute to the hardwork of the farmers who put their blood and sweat in the soil.

Kudos to the SARSABZ.",2,1726444800
PX7Lvjs639U,Salam Kissan | Kissan Day 18th Dec | A Tribute to Farmers by Sarsabz Fertilizer,20231210,Ugw5jNKULeZk4KHPSBJ4AaABAg,no,@MrZubi70,no,Once again great initiative to pay tribute to our unsung heros,3,1726444800
PX7Lvjs639U,Salam Kissan | Kissan Day 18th Dec | A Tribute to Farmers by Sarsabz Fertilizer,20231210,UgwdQClgg2Q0mmuM4ZR4AaABAg,no,@entertainmentinformative,no,Very inspirational,2,1726444800
PX7Lvjs639U,Salam Kissan | Kissan Day 18th Dec | A Tribute to Farmers by Sarsabz Fertilizer,20231210,UgzWY8eQSAlqsl5-Hkh4AaABAg,no,@Ayanali-ch3kx2ig5v,no,"سلام ان کسانوں کو جو کھیتوں میں دن رات محنت کر کے ہمارے دسترخوانوں کو انواع و اقسام کے کھانوں سے سجاتے ہیں۔ آپ کی محنت اور بے لوث لگن ہمارا قیمتی اثاثہ ہیں. ہمیں آپ پر فخر ہے.



‏#sarsabz #kissanday‏",26,1726444800
PX7Lvjs639U,Salam Kissan | Kissan Day 18th Dec | A Tribute to Farmers by Sarsabz Fertilizer,20231210,UgyTLjwwuN5za5J3--14AaABAg,no,@AliAsif-rg2jb,no,"سرسبز نے ایک بار پھر معاشرے میں کسانوں کی اہمیت کو اجاگر کیا۔ ان کی انتھک کوششوں کے بغیر، ہمیں روزمرہ کی ضروری اشیاء کی شدید قلت کا سامنا کرنا پڑے گا۔ سرسبز کو شاباش!#sarsabz
#sarsabzofficial",4,1726444800
PX7Lvjs639U,Salam Kissan | Kissan Day 18th Dec | A Tribute to Farmers by Sarsabz Fertilizer,20231210,UgzDVgAF6ygEqBa228l4AaABAg,no,@Amjidali-vy8ks9lg2w,no,"سلام ان کسانوں کو جو کھیتوں میں دن رات محنت کر کے ہمارے دسترخوانوں کو انواع و اقسام کے کھانوں سے سجاتے ہیں۔ آپ کی محنت اور بے لوث لگن ہمارا قیمتی اثاثہ ہیں. ہمیں آپ پر فخر ہے.

#شکریہ کسان.



‏#sarsabz #kissanday‏",50,1726444800
PX7Lvjs639U,Salam Kissan | Kissan Day 18th Dec | A Tribute to Farmers by Sarsabz Fertilizer,20231210,UgxViNseOz1WQISZF0V4AaABAg,no,@SumiyaMajid,no,"A very inspirational video on the life of Pakistan's cricketer Shahnawaz Dahani. It is a fact that talent can never hide. The impressive part of this video is when Shahnawaz Dhani went to give a cricket trial and he did not have shoes, So the coach provided shoes for the trial. It means that you try again & again and Allah will help you in every difficulty. The lack of father is felt by a person at every age. This story will be inspiring to many people. Such motivational stories are what our children need.

#Sarsabzkahani #FatimaGroup",1,1726444800
PX7Lvjs639U,Salam Kissan | Kissan Day 18th Dec | A Tribute to Farmers by Sarsabz Fertilizer,20231210,UgyuWrICTfL4U6mo8854AaABAg,no,@Amjidali-vy8ks9lg2w,no,"سلام ان کسانوں کو جو کھیتوں میں دن رات محنت کر کے ہمارے دسترخوانوں کو انواع و اقسام کے کھانوں سے سجاتے ہیں۔ آپ کی محنت اور بے لوث لگن ہمارا قیمتی اثاثہ ہیں. ہمیں آپ پر فخر ہے.

#شکریہ کسان.


‏#sarsabz #kissanday‏",1,1726444800
PX7Lvjs639U,Salam Kissan | Kissan Day 18th Dec | A Tribute to Farmers by Sarsabz Fertilizer,20231210,UgyuWrICTfL4U6mo8854AaABAg.9yKh7bW0PUyAQXJNfBylEI,yes,@NaimatAli-h7y,no,😢😮😊 2:50 😊,0,1765843200
PX7Lvjs639U,Salam Kissan | Kissan Day 18th Dec | A Tribute to Farmers by Sarsabz Fertilizer,20231210,Ugw_AvKopVsrEhfHKbt4AaABAg,no,@muhammaddanyal4799,no,"سلام ان کسانوں کو جو کھیتوں میں دن رات محنت کر کے ہمارے دسترخوانوں کو انواع و اقسام کے کھانوں سے سجاتے ہیں۔ آپ کی محنت اور بے لوث لگن ہمارا قیمتی اثاثہ ہیں. ہمیں آپ پر فخر ہے.

#شکریہ کسان.


‏#sarsabz #kissanday‏",24,1726444800
PX7Lvjs639U,Salam Kissan | Kissan Day 18th Dec | A Tribute to Farmers by Sarsabz Fertilizer,20231210,Ugw8KCKMgBv31ot0IyJ4AaABAg,no,@Zainabusmanfamilyvlogs,no,Kissan bhai  tum ho to hum hai.,1,1726444800
PX7Lvjs639U,Salam Kissan | Kissan Day 18th Dec | A Tribute to Farmers by Sarsabz Fertilizer,20231210,Ugx10HLjplNZYfQVPhJ4AaABAg,no,@MajidAli-jc7ie,no,"My message for my beloved farmers is: ""Dear Pakistani Farmers, your dedication to cultivating the land is the bedrock of the nation's sustenance. Your tireless efforts, resilience, and commitment contribute immeasurably to the country's growth. Embrace each sunrise as a new opportunity, for your hard work not only feeds the nation but nourishes hope for a brighter future. Your perseverance amid challenges inspires us all. Keep sowing the seeds of progress, for your harvest is not just food, but a testament to your strength and determination. You are the backbone of Pakistan's prosperity, and your unwavering spirit is a beacon of inspiration to us all. Keep using Sarsabz and keep supporting Pakistan Hats off to you!
#sarsabz
#sarsabzpakistan",7,1726444800
PX7Lvjs639U,Salam Kissan | Kissan Day 18th Dec | A Tribute to Farmers by Sarsabz Fertilizer,20231210,Ugx10HLjplNZYfQVPhJ4AaABAg.9yK-iM0kUptA-GVvd4zIop,yes,@Sarsabz,yes,"Congratulations on winning! Please email your complete details (Address, phone number, and city) to sarsabzofficialpk@gmail.com using the same email address associated with your YouTube account.",1,1726444800
PX7Lvjs639U,Salam Kissan | Kissan Day 18th Dec | A Tribute to Farmers by Sarsabz Fertilizer,20231210,Ugx10HLjplNZYfQVPhJ4AaABAg.9yK-iM0kUptA-J-9-jn1rC,yes,@MajidAli-jc7ie,no,​ @Sarsabz thanks details sent,0,1726444800
PX7Lvjs639U,Salam Kissan | Kissan Day 18th Dec | A Tribute to Farmers by Sarsabz Fertilizer,20231210,Ugx10HLjplNZYfQVPhJ4AaABAg.9yK-iM0kUptA-THyGx60_H,yes,@MajidAli-jc7ie,no,#SalamKissan #KissanDay #SarsabzPakistan​ @Sarsabz,0,1726444800
PX7Lvjs639U,Salam Kissan | Kissan Day 18th Dec | A Tribute to Farmers by Sarsabz Fertilizer,20231210,Ugx10HLjplNZYfQVPhJ4AaABAg.9yK-iM0kUptA-THw1kRdVs,yes,@MajidAli-jc7ie,no,#SalamKissan #KissanDay #SarsabzPakistan,0,1726444800
PX7Lvjs639U,Salam Kissan | Kissan Day 18th Dec | A Tribute to Farmers by Sarsabz Fertilizer,20231210,Ugx10HLjplNZYfQVPhJ4AaABAg.9yK-iM0kUptA-pNk7ulz--,yes,@MajidAli-jc7ie,no,#SalamKissan #KissanDay #SarsabzPakistan,0,1726444800
PX7Lvjs639U,Salam Kissan | Kissan Day 18th Dec | A Tribute to Farmers by Sarsabz Fertilizer,20231210,UgzXcgCsYnn4kdl33yt4AaABAg,no,@YousafKhan-sh2ym,no,"پاکستان کے کسان ہماری شان

آپ سب کی محنت کو سلام کہ جنہوں نے اپنے خون اور پسینے کو مٹی میں ڈال کر اسے زندگی بخشی.....

کسانوں کا قومی دن مبارک

X

#Pakistan #Kisaan #Fatima #Fertilizers Pakistan #Sarsabz",19,1726444800
PX7Lvjs639U,Salam Kissan | Kissan Day 18th Dec | A Tribute to Farmers by Sarsabz Fertilizer,20231210,UgwmgjUMISRykjSnQ1h4AaABAg,no,@azizjan8364,no,"Farmers of Pakistan are our pride

Salute to the hard work of all of you who put your blood and sweat in the soil and gave it life...

Happy National Farmers Day

❤❤❤

#Pakistan #Kisaan #Fatima #Fertilizers Pakistan #Sarsabz",25,1726444800
PX7Lvjs639U,Salam Kissan | Kissan Day 18th Dec | A Tribute to Farmers by Sarsabz Fertilizer,20231210,UgwmgjUMISRykjSnQ1h4AaABAg.9yJz_u2mm449yQn2JB9mfb,yes,@UmarBaGhi,no,Who is here after ducky Bahi vlog,2,1726444800
PX7Lvjs639U,Salam Kissan | Kissan Day 18th Dec | A Tribute to Farmers by Sarsabz Fertilizer,20231210,UgxCEd4jifYWHfj5x914AaABAg,no,@AsifAli-rg6si,no,"کسان ہمارے معاشرے کی ریڑھ کی ہڈی ہیں۔ وہی ہیں جو ہمیں وہ تمام کھانا مہیا کرتے ہیں جو ہم کھاتے ہیں۔ نتیجتاً ملک کی پوری آبادی کا انحصار کسانوں پر ہے۔ چاہے وہ سب سے چھوٹا ملک ہو یا بڑا ملک۔ ان کی وجہ سے ہی ہم کرہ ارض پر رہنے کے قابل ہیں۔ اس طرح کسان دنیا کے اہم ترین لوگ ہیں۔ کسانوں کی اتنی اہمیت کے باوجود ان کے پاس مناسب زندگی نہیں ہے۔
#sarsabz
#Sarsabzkissan",26,1726444800
PX7Lvjs639U,Salam Kissan | Kissan Day 18th Dec | A Tribute to Farmers by Sarsabz Fertilizer,20231210,UgxAUQrdLbx7_Scx8Bp4AaABAg,no,@tausifraja6392,no,"کسانوں کے بغیر کوئی بھی ملک ترقی نہیں کر سکتا۔ آئیے ہم تمام کسانوں کو ان تمام محنت کے لیے سلام پیش کرتے ہیں جو انہوں نے اس بات کو یقینی بنانے کے لیے کی کہ ہم کبھی بھوکے نہیں سوئیں گے۔ کسانوں کا دن مبارک ہو۔

حلال رزق کا مطلب کسان سے پوچھو پسینا بن کر بدن سے لہو نکلتا ہے۔

#HappyFarmersDay #Kisanday #Sarsabz#FatimaFertilizer #agriculture",20,1726444800
PX7Lvjs639U,Salam Kissan | Kissan Day 18th Dec | A Tribute to Farmers by Sarsabz Fertilizer,20231210,UgxAUQrdLbx7_Scx8Bp4AaABAg.9yJxIHOJDLn9ySTOrz9Dds,yes,@chfaiz-p6x,no,bashk,1,1726444800
PX7Lvjs639U,Salam Kissan | Kissan Day 18th Dec | A Tribute to Farmers by Sarsabz Fertilizer,20231210,UgxAUQrdLbx7_Scx8Bp4AaABAg.9yJxIHOJDLn9yS_BfqkMcV,yes,@zainsarfraz5475,no,Hahhha gallat,1,1726444800
PX7Lvjs639U,Salam Kissan | Kissan Day 18th Dec | A Tribute to Farmers by Sarsabz Fertilizer,20231210,Ugyuj8GLtR17Ul1k42d4AaABAg,no,@ghulammurtazapanhwer8166,no,"(SALAM KISAN)
KISAN ki zindagi nihayat kathin, dushwaar, sakht aur masroof tareen zindagi hoti hai kyun ke shehar mein jab insan mazay ki neend soo raha hota hai to us waqt gaon ka kisan apne kheeton mein poori lagan ke sath kaam kar raha hota hai jo ke subah saweray se le kar shaam suraj ke dhalnay tak apna kaam karta rehta hai aur isi doraan us ke ghar ka koi fard khaiton mein hi us ka khana lata hai.

Kisanon ki zindagi mein chhutti naam ki koi cheez nahi hoti dhoop ho ya barish, sardi ho ya garmi, ye poori mehnat ke sath apne kaam mein laga rehta hai.",1,1726444800
PX7Lvjs639U,Salam Kissan | Kissan Day 18th Dec | A Tribute to Farmers by Sarsabz Fertilizer,20231210,UgygkEzBmiw6Yp_OSoN4AaABAg,no,@asifalikhan6513,no,"میرے پیارے کسانوں کے لیے میرا پیغام ہے: ""پیارے پاکستانی کسانوں، زمین پر کاشت کرنے کے لیے آپ کی لگن ملک کے رزق کی بنیاد ہے۔ آپ کی انتھک کوششیں، لچک اور عزم ملک کی ترقی میں بے پناہ حصہ ڈالتے ہیں۔ ہر طلوع آفتاب کو ایک نئے موقع کے طور پر گلے لگائیں، کیونکہ آپ کی محنت نہ صرف قوم کو پالتی ہے بلکہ ایک روشن مستقبل کی امید کو پروان چڑھاتی ہے۔ چیلنجوں کے درمیان آپ کی ثابت قدمی ہم سب کو متاثر کرتی ہے۔ ترقی کے بیج بوتے رہیں، کیونکہ آپ کی فصل صرف خوراک ہی نہیں بلکہ آپ کی طاقت اور عزم کا ثبوت ہے۔ پاکستان کی خوشحالی کی ریڑھ کی ہڈی ہیں، اور آپ کا غیر متزلزل جذبہ ہم سب کے لیے مشعل راہ ہے۔ سرسبز کا استعمال جاری رکھیں اور پاکستان کو سپورٹ کرتے رہیں۔#sarsabz
#sarsabzpakistan
#sarsabzkissan",12,1726444800
PX7Lvjs639U,Salam Kissan | Kissan Day 18th Dec | A Tribute to Farmers by Sarsabz Fertilizer,20231210,UgygkEzBmiw6Yp_OSoN4AaABAg.9yJvnTK6KgrA-GVsr4N9MY,yes,@Sarsabz,yes,"Congratulations on winning! Please email your complete details (Address, phone number, and city) to sarsabzofficialpk@gmail.com using the same email address associated with your YouTube account.",1,1726444800
PX7Lvjs639U,Salam Kissan | Kissan Day 18th Dec | A Tribute to Farmers by Sarsabz Fertilizer,20231210,UgygkEzBmiw6Yp_OSoN4AaABAg.9yJvnTK6KgrA-IxIyyNl3g,yes,@asifalikhan6513,no,​ @Sarsabz done ✅,0,1726444800
PX7Lvjs639U,Salam Kissan | Kissan Day 18th Dec | A Tribute to Farmers by Sarsabz Fertilizer,20231210,UgygkEzBmiw6Yp_OSoN4AaABAg.9yJvnTK6KgrA-TIJs87nxl,yes,@asifalikhan6513,no,#SalamKissan #KissanDay #SarsabzPakistan,0,1726444800
PX7Lvjs639U,Salam Kissan | Kissan Day 18th Dec | A Tribute to Farmers by Sarsabz Fertilizer,20231210,UgygkEzBmiw6Yp_OSoN4AaABAg.9yJvnTK6KgrA-TIOFAGqlt,yes,@asifalikhan6513,no,#SalamKissan #KissanDay #SarsabzPakistan,0,1726444800
PX7Lvjs639U,Salam Kissan | Kissan Day 18th Dec | A Tribute to Farmers by Sarsabz Fertilizer,20231210,Ugy68wmjpGLQ_IyVnDJ4AaABAg,no,@MariaIqbal-w7o,no,Absolutely amazing,0,1726444800
PX7Lvjs639U,Salam Kissan | Kissan Day 18th Dec | A Tribute to Farmers by Sarsabz Fertilizer,20231210,UgxaaxkAxutg8x2YbP94AaABAg,no,@notSano__,no,SALAM KEHSAN✨💞🐚,0,1726444800
PX7Lvjs639U,Salam Kissan | Kissan Day 18th Dec | A Tribute to Farmers by Sarsabz Fertilizer,20231210,UgwzApQ_BxopRJ9xU6x4AaABAg,no,@kiranehsan4154,no,"MY MESSAGE TO FARMERS ❤Best wishes to all the farmers around the world who work on acres to eat happily in our home. Without our farmers, we would have woefully lacked in our diets and would be forced to eat numerous processed and unhealthy foods. Working outside for long periods in all kinds of climates ignoring the scorching heat or the stormy rain and the bending and crouching needed for harvesting. The best way to respect a farmer is to respect his produce by not wasting it!! 
 Let us take inspiration from Pakistani farmers who put their sweat and soul into their land and crop.. 
#SalamKissan #SarsabzPakistan 💚
My grandfather used to say that once in your life you need a doctor, a lawyer, a policeman, and a preacher. But every day, three times a day, you need a farmer."" - Brenda Schoepp",3,1726444800
PX7Lvjs639U,Salam Kissan | Kissan Day 18th Dec | A Tribute to Farmers by Sarsabz Fertilizer,20231210,UgwzApQ_BxopRJ9xU6x4AaABAg.9yJGvWC6MCHA-GWRTS_njv,yes,@Sarsabz,yes,"Congratulations on winning! Please email your complete details (Address, phone number, and city) to sarsabzofficialpk@gmail.com using the same email address associated with your YouTube account.",1,1726444800
PX7Lvjs639U,Salam Kissan | Kissan Day 18th Dec | A Tribute to Farmers by Sarsabz Fertilizer,20231210,UgwzApQ_BxopRJ9xU6x4AaABAg.9yJGvWC6MCHA-iqEt_xVvV,yes,@kiranehsan4154,no,​ @Sarsabz  (#SalamKissan #KissanDay #SarsabzPakistan,0,1726444800
PX7Lvjs639U,Salam Kissan | Kissan Day 18th Dec | A Tribute to Farmers by Sarsabz Fertilizer,20231210,Ugzqh3urUCh9cQ2bqWh4AaABAg,no,@HiraNoor-p7y,no,Salam kissan ❤,1,1726444800
PX7Lvjs639U,Salam Kissan | Kissan Day 18th Dec | A Tribute to Farmers by Sarsabz Fertilizer,20231210,UgxeXEPvqecfMU79siZ4AaABAg,no,@M.Bilal.Khan480,no,"Farmers are the backbone of our country, SALAM KISSAN SARSABAZ PAKISTAN",2,1726444800
PX7Lvjs639U,Salam Kissan | Kissan Day 18th Dec | A Tribute to Farmers by Sarsabz Fertilizer,20231210,UgwBOJcFY2P4Qb97GN94AaABAg,no,@jugnookasafar,no,"No doubt, Pakistan is one of the biggest agricultural lands in the world and one of the famous in rice, cotton and grain because of farmers 'day and night struggle to grow it and make it possible. Hats 🎩 off kissan.",36,1726444800
PX7Lvjs639U,Salam Kissan | Kissan Day 18th Dec | A Tribute to Farmers by Sarsabz Fertilizer,20231210,Ugx3HcUZ_FpAjzuZdUl4AaABAg,no,@farooqkamboh2308,no,میراکسانوں کیلیے پیغام ھے اپنی فصلوں کا عشر لازمی دیا کریں,5,1726444800
PX7Lvjs639U,Salam Kissan | Kissan Day 18th Dec | A Tribute to Farmers by Sarsabz Fertilizer,20231210,UgzfoLSYbxwFpMq1XvJ4AaABAg,no,@fun-g6k2g,no,Thanks sarsarz for giving importance to us!,1,1726444800
PX7Lvjs639U,Salam Kissan | Kissan Day 18th Dec | A Tribute to Farmers by Sarsabz Fertilizer,20231210,UgzLZ38Ci7KI_kuc2XZ4AaABAg,no,@naeemullahmahesar7224,no,Our farmers are strength of our society,2,1726444800
PX7Lvjs639U,Salam Kissan | Kissan Day 18th Dec | A Tribute to Farmers by Sarsabz Fertilizer,20231210,UgzddJSfmBTcdL0U-Qx4AaABAg,no,@gulugulab9291,no,Done hope to win,1,1726444800
PX7Lvjs639U,Salam Kissan | Kissan Day 18th Dec | A Tribute to Farmers by Sarsabz Fertilizer,20231210,UgzfBRM6KgNNXaCWdoN4AaABAg,no,@shahzadkhan-bh1ui,no,Great,1,1726444800
PX7Lvjs639U,Salam Kissan | Kissan Day 18th Dec | A Tribute to Farmers by Sarsabz Fertilizer,20231210,UgyaB_mldTvZ3mTXWQR4AaABAg,no,@desijutt6436,no,Mashallah,2,1726444800
PX7Lvjs639U,Salam Kissan | Kissan Day 18th Dec | A Tribute to Farmers by Sarsabz Fertilizer,20231210,UgygVtfp_EjJ3DylU0x4AaABAg,no,@amirishaq4955,no,"Farmers are the backbone of our country, SALAM KISSAN SARSABAZ PAKISTAN by Maher Amir",1,1726444800
PX7Lvjs639U,Salam Kissan | Kissan Day 18th Dec | A Tribute to Farmers by Sarsabz Fertilizer,20231210,Ugxb38spzYhIdkporxN4AaABAg,no,@ShahzadAli-iw8ym,no,Our farmers are strength of our society Sarsabz Kisan Salam Pakistan ❤️❤️,3,1726444800
PX7Lvjs639U,Salam Kissan | Kissan Day 18th Dec | A Tribute to Farmers by Sarsabz Fertilizer,20231210,UgzFqhZc_Ql2pnHhHMp4AaABAg,no,@jaleelrahmankhp4126,no,"Farmers are the backbone of our society. They are the ones who provide us all the food that we eat. As a result, the entire population of the country depends upon farmers. Be it the smallest or the largest country. Because of them only we are able to live on the planet. Thus Farmers are the most important people in the world. Though farmers have so much importance still they do not have proper living.",1,1726444800
PX7Lvjs639U,Salam Kissan | Kissan Day 18th Dec | A Tribute to Farmers by Sarsabz Fertilizer,20231210,UgwtZWIz8pzZmwYK_NN4AaABAg,no,@Shhngz,no,"Jeo Jawan Jeo kisan.
I salute to all our farmers.
Because of you our stomach is full , we are healthy and hearty.
I wish we can do in return.
Thank you for your devotion towards giving us the food.",2,1726444800
PX7Lvjs639U,Salam Kissan | Kissan Day 18th Dec | A Tribute to Farmers by Sarsabz Fertilizer,20231210,Ugxsad71bwFLtxnlng94AaABAg,no,@Shhngz,no,"Happy Farmers, Happy pakistan Backbone is strength of every human being that's how Farmers are the backbone of our nation. Our every drop blood is thanks your sweat. I pray for all of you. Hope every farmers will get all they wish.",15,1726444800
PX7Lvjs639U,Salam Kissan | Kissan Day 18th Dec | A Tribute to Farmers by Sarsabz Fertilizer,20231210,UgxSBtfQ4Evv8HE-yix4AaABAg,no,@sajjadjani7530,no,کسان میکش حیدرآبادی برہنہ جسم پسینہ میں غرق ننگے پاؤں مگر سکون ہے یوں دل میں جیسے ٹھنڈی چھاؤں گیوں کے کمیت سے کٹیا میں اپنی آیا ہے تصورات کی دنیا میں ساتھ لایا ہے ہے اک پھٹی ہوئی کمیل غریب کاندھوں پر سیاد ابر پر رہ رہ کے اٹھ رہی ہے نظر پڑا ہے کھیت کا سامان ایک کونے میں میں اس کی زیست کے اسرار پا کے کھونے نیفیس ہے پھولی ہوئی جیسے پھونک بھٹے کی بھی ہے کان پر بیزی بنا کے پتے کی لہو کی لہر سی ہے موج زن پسینے میں بقائے دہر کا ہے راز اس کے جینے میں ایک سانس ہے اس کی بہار آزادی غلام کا دل ہے دیار آزادی که میکه مالت,2,1726444800
PX7Lvjs639U,Salam Kissan | Kissan Day 18th Dec | A Tribute to Farmers by Sarsabz Fertilizer,20231210,UgyHxnhZlMR70M9Z2MR4AaABAg,no,@ghulammurtazapanhwer8166,no,HAPPY FARMERS DAY,1,1726444800
PX7Lvjs639U,Salam Kissan | Kissan Day 18th Dec | A Tribute to Farmers by Sarsabz Fertilizer,20231210,UgwAsNibrL_BSNsQesZ4AaABAg,no,@ghulammurtazapanhwer8166,no,GREAT MASHALLAH,1,1726444800
PX7Lvjs639U,Salam Kissan | Kissan Day 18th Dec | A Tribute to Farmers by Sarsabz Fertilizer,20231210,UgwjbrRyIO2uBy7CFt94AaABAg,no,@Shhngz,no,"God bless every farmer that is adding up to the food chain and the food security of our beloved country, they truly are our heroes in disguise.",1,1726444800
PX7Lvjs639U,Salam Kissan | Kissan Day 18th Dec | A Tribute to Farmers by Sarsabz Fertilizer,20231210,UgxEDWdszbl_xQDRhNp4AaABAg,no,@tahirsatti3701,no,"On Farmers’ Day, we celebrate the backbone of our society: the farmers. Feeding the world is no easy task, but farmers do it with dedication, hard work, and resilience. They work tirelessly to produce the food we eat, and they deserve our deepest gratitude. In honor of Farmers’ Day, we have compiled a collection of quotes from leaders, and other notable figures about the importance of agriculture and the farmers who make it possible. These farmers’ day quotes are a reminder of the essential role that farmers play in our society, and they inspire us to appreciate their hard work and dedication. We have also compiled some wishes for this  occasion.",2,1726444800
PX7Lvjs639U,Salam Kissan | Kissan Day 18th Dec | A Tribute to Farmers by Sarsabz Fertilizer,20231210,UgysxHUYQ1YVx1kgKeF4AaABAg,no,@tahirsatti3701,no,Farmers are considered the backbone of the country and 18th December is dedicated to farmers. It is not a surprise that one day is celebrated and dedicated to farmers.,1,1726444800
PX7Lvjs639U,Salam Kissan | Kissan Day 18th Dec | A Tribute to Farmers by Sarsabz Fertilizer,20231210,UgyR49_3OkbxxsuPM714AaABAg,no,@tahirsatti3701,no,Salaam kissan,1,1726444800
PX7Lvjs639U,Salam Kissan | Kissan Day 18th Dec | A Tribute to Farmers by Sarsabz Fertilizer,20231210,UgwcuryDEbfrLvPT8kx4AaABAg,no,@MMA-FARMS,no,"🌾🚜 On Farmer's Day, we salute the heroes of the soil, whose hands cultivate life and whose sweat feeds nations. Thank you, farmers, for your tireless dedication to sustaining our world. Happy Farmer's Day! 🌾🌱✨ 
#SalamKisaan #Sarsabz",3,1726444800
PX7Lvjs639U,Salam Kissan | Kissan Day 18th Dec | A Tribute to Farmers by Sarsabz Fertilizer,20231210,UgybGaPmsdyf8aND78B4AaABAg,no,@shakirarabbi9349,no,Salaam kisaan (Zouja Fazal),1,1726444800
PX7Lvjs639U,Salam Kissan | Kissan Day 18th Dec | A Tribute to Farmers by Sarsabz Fertilizer,20231210,Ugx2rb880zWhzEPu1I14AaABAg,no,@abrarabrar5692,no,Sarsabz best fertilizer company,1,1726444800
PX7Lvjs639U,Salam Kissan | Kissan Day 18th Dec | A Tribute to Farmers by Sarsabz Fertilizer,20231210,Ugw4USZqLsljWUSYE-V4AaABAg,no,@Aitazazmughal01,no,"My message for farmers 🙏 is that, amidst the fields of adversity, your perseverance blooms like a resilient crop. Your unwavering dedication nurtures the soil and our nation's future. Remember, every seed you sow carries the promise of growth, every dawn heralds a new opportunity, and every harvest embodies your unwavering spirit. Your hard work doesn't just cultivate crops; it plants seeds of hope for a thriving Pakistan. Keep tilling the land with determination, for your toil is the cornerstone of our prosperity. Your resilience inspires us all to strive for greatness. Saluting your hard work and unwavering commitment!"" Thank you 🙏 and i am proud that i belong to a zameendar family ❤ and my father is a farmer ❤ i am thankful to Sarsabz for highlighting farmers stay blessed 🙏",7,1726444800
PX7Lvjs639U,Salam Kissan | Kissan Day 18th Dec | A Tribute to Farmers by Sarsabz Fertilizer,20231210,Ugw4USZqLsljWUSYE-V4AaABAg.9yIhZRtIHaPA-GVp-Vqwad,yes,@Sarsabz,yes,"Congratulations on winning! Please email your complete details (Address, phone number, and city) to sarsabzofficialpk@gmail.com using the same email address associated with your YouTube account.",2,1726444800
PX7Lvjs639U,Salam Kissan | Kissan Day 18th Dec | A Tribute to Farmers by Sarsabz Fertilizer,20231210,Ugw4USZqLsljWUSYE-V4AaABAg.9yIhZRtIHaPA-W8NSV_2Gv,yes,@Aitazazmughal01,no,​ @Sarsabz thank you🌹 please check  #Tags (#SalamKissan #KissanDay #SarsabzPakistan,1,1726444800
PX7Lvjs639U,Salam Kissan | Kissan Day 18th Dec | A Tribute to Farmers by Sarsabz Fertilizer,20231210,Ugw4USZqLsljWUSYE-V4AaABAg.9yIhZRtIHaPA04QvjhED9H,yes,@asgamers4835,no,@Aitazazmughal01  mujay aya ha bro yah msg is ka malab ha hamay gify milna ha or apko mil gaya ha kuch gift @Sarsabz say kaya???,0,1726444800
PX7Lvjs639U,Salam Kissan | Kissan Day 18th Dec | A Tribute to Farmers by Sarsabz Fertilizer,20231210,Ugw4USZqLsljWUSYE-V4AaABAg.9yIhZRtIHaPA-W8KBIQn-q,yes,@Aitazazmughal01,no,#Tags (#SalamKissan #KissanDay #SarsabzPakistan,0,1726444800
PX7Lvjs639U,Salam Kissan | Kissan Day 18th Dec | A Tribute to Farmers by Sarsabz Fertilizer,20231210,UgxstkuM7I3oXyKrlTJ4AaABAg,no,@ahsanmughal51214,no,"""My Dear hardworking Farmers, your commitment and dedication to nurturing the land with Sarsabz fertilizer paint a vivid tapestry of growth and prosperity. Like the earth, you enrich our lives with abundance and vitality through your tireless efforts. Your partnership with Sarsabz fertilizer not only cultivates crops but also fosters dreams, turning barren lands into flourishing fields of opportunity. Together, you sow the seeds of a bountiful future, where every harvest tells a tale of perseverance and success. Your unwavering spirit, combined with the nourishment of Sarsabz fertilizer, is a testament to your unwavering commitment towards a thriving Pakistan. Keep growing, keep nurturing, and keep thriving - for your hard work and dedication inspire a nation.""
Salam Kissan 🇵🇰
Sarsabz Pakistan 🇵🇰
Ao mil k barhayen watan ki shaan
Q k yhi hai hmari jaan aan shaan ❤",5,1726444800
PX7Lvjs639U,Salam Kissan | Kissan Day 18th Dec | A Tribute to Farmers by Sarsabz Fertilizer,20231210,Ugyowm4Hk05hkFtQvN94AaABAg,no,@muhammadsaqib9555,no,Great  work 😮,3,1726444800
PX7Lvjs639U,Salam Kissan | Kissan Day 18th Dec | A Tribute to Farmers by Sarsabz Fertilizer,20231210,Ugzlr9U36jrOsd5-RmR4AaABAg,no,@muhammadsaqib9555,no,Good,0,1726444800
PX7Lvjs639U,Salam Kissan | Kissan Day 18th Dec | A Tribute to Farmers by Sarsabz Fertilizer,20231210,UgzKf1Bf7AhlgoBWiF94AaABAg,no,@JavedIqbal-x1y6q,no,Salam kisan.great work sarsabz,16,1726444800
PX7Lvjs639U,Salam Kissan | Kissan Day 18th Dec | A Tribute to Farmers by Sarsabz Fertilizer,20231210,Ugwy5yBRPe09EkUikcl4AaABAg,no,@Ghulam.512,no,"My message for my beloved farmers is:
""Dear Pakistani Farmers, your dedication to cultivating the land is the bedrock of the nation's sustenance. Your tireless efforts, resilience, and commitment contribute immeasurably to the country's growth. Embrace each sunrise as a new opportunity, for your hard work not only feeds the nation but nourishes hope for a brighter future. Your perseverance amid challenges inspires us all. Keep sowing the seeds of progress, for your harvest is not just food, but a testament to your strength and determination. You are the backbone of Pakistan's prosperity, and your unwavering spirit is a beacon of inspiration to us all. Keep using Sarsabz and keep supporting Pakistan 🇵🇰 ❤ Hats off to you!",4,1726444800
PX7Lvjs639U,Salam Kissan | Kissan Day 18th Dec | A Tribute to Farmers by Sarsabz Fertilizer,20231210,Ugwy5yBRPe09EkUikcl4AaABAg.9yIfColQsmqA-GPq2a0NbQ,yes,@Sarsabz,yes,"Congratulations on winning! Please email your complete details (Address, phone number, and city) to sarsabzofficialpk@gmail.com using the same email address associated with your YouTube account.",1,1726444800
PX7Lvjs639U,Salam Kissan | Kissan Day 18th Dec | A Tribute to Farmers by Sarsabz Fertilizer,20231210,Ugwy5yBRPe09EkUikcl4AaABAg.9yIfColQsmqA-W86SM5AFR,yes,@Ghulam.512,no,#Tags (#SalamKissan #KissanDay #SarsabzPakistan,0,1726444800
PX7Lvjs639U,Salam Kissan | Kissan Day 18th Dec | A Tribute to Farmers by Sarsabz Fertilizer,20231210,Ugwy5yBRPe09EkUikcl4AaABAg.9yIfColQsmqA-W883_wnK9,yes,@Ghulam.512,no,Done,0,1726444800
PX7Lvjs639U,Salam Kissan | Kissan Day 18th Dec | A Tribute to Farmers by Sarsabz Fertilizer,20231210,Ugw1UMRveeghuWgNnel4AaABAg,no,@sm_edit-d9y,no,Our bread and butter hero's.,1,1726444800
PX7Lvjs639U,Salam Kissan | Kissan Day 18th Dec | A Tribute to Farmers by Sarsabz Fertilizer,20231210,UgwaxZenEKn9cPsHVCB4AaABAg,no,@muhammadarsalanali7638,no,"Farmers are real heroes becuase, With their dedication and effort, They turn barren land into a land that produces food and vegetable ❤",26,1726444800
PX7Lvjs639U,Salam Kissan | Kissan Day 18th Dec | A Tribute to Farmers by Sarsabz Fertilizer,20231210,UgyFvUcf6MuR6WRPyL54AaABAg,no,@sm_edit-d9y,no,Farmers are heroes we proud of them.,1,1726444800
PX7Lvjs639U,Salam Kissan | Kissan Day 18th Dec | A Tribute to Farmers by Sarsabz Fertilizer,20231210,UgwwmCCEI3WIF0vtaWh4AaABAg,no,@mazharalimangi5607,no,Best,0,1726444800
PX7Lvjs639U,Salam Kissan | Kissan Day 18th Dec | A Tribute to Farmers by Sarsabz Fertilizer,20231210,UgzioAFQ02Gkp5Wzgc94AaABAg,no,@kissanlog,no,Salam,1,1726444800
PX7Lvjs639U,Salam Kissan | Kissan Day 18th Dec | A Tribute to Farmers by Sarsabz Fertilizer,20231210,UgxbJubTtpWnxasC5RB4AaABAg,no,@javedaligopang2243,no,سلام کسان سرسبز پاکستان 🍀🌹🍀🌹🌹🌹🍀🍀,2,1726444800
PX7Lvjs639U,Salam Kissan | Kissan Day 18th Dec | A Tribute to Farmers by Sarsabz Fertilizer,20231210,UgyMOchgYf9LuaUWSix4AaABAg,no,@javedaligopang2243,no,"SALAM kissan , SARSABZ Pakistan great work keep it up",1,1726444800
PX7Lvjs639U,Salam Kissan | Kissan Day 18th Dec | A Tribute to Farmers by Sarsabz Fertilizer,20231210,UgxaFpq7blcRSUoiVTR4AaABAg,no,@javedaligopang2243,no,"Salute to the farmers, the silent hero’s of the lands.",1,1726444800
PX7Lvjs639U,Salam Kissan | Kissan Day 18th Dec | A Tribute to Farmers by Sarsabz Fertilizer,20231210,UgzPeG5uON3qviUU2Ml4AaABAg,no,@javedaligopang2243,no,"Sarsabz Fertilizer proudly continues its tradition of honoring the relentless dedication of farmers, the backbone of our nation, who tirelessly fuel our prosperity. Join us in saluting the resilience and spirit of these farming heroes as we celebrate Kissan Day on December 18, 2023. We recognize and stand by our farmers, commemorating their hard work and unwavering commitment that drives our nation forward.

#SalamKissan #SarsabzPakistan #KissanDay",2,1726444800
PX7Lvjs639U,Salam Kissan | Kissan Day 18th Dec | A Tribute to Farmers by Sarsabz Fertilizer,20231210,UgzOEtPmIznwLmkI3tJ4AaABAg,no,@MuhammadAhmadNisar-vf7li,no,"We should be thankful for the food on our tables..
The clothes on our back...
And to the farmers who make it all possible..
Salaaam Kisan❤",7,1726444800
PX7Lvjs639U,Salam Kissan | Kissan Day 18th Dec | A Tribute to Farmers by Sarsabz Fertilizer,20231210,UgzOEtPmIznwLmkI3tJ4AaABAg.9yIcBMVaqw9A0OpgqYAHQW,yes,@Sarsabz,yes,"youtube.com/@MuhammadAhmadNisar-vf7li Please email your complete details (Address, phone number, and city) to sarsabzofficialpk@gmail.com using the same email address associated with your YouTube account.",1,1726444800
PX7Lvjs639U,Salam Kissan | Kissan Day 18th Dec | A Tribute to Farmers by Sarsabz Fertilizer,20231210,UgzOEtPmIznwLmkI3tJ4AaABAg.9yIcBMVaqw9A0pnunZrXeM,yes,@Sarsabz,yes,"youtube.com/@MuhammadAhmadNisar-vf7li Time is ticking. Please email your complete details (Address, phone number, and city) to sarsabzofficialpk@gmail.com using the same email address associated with your YouTube account.",0,1726444800
PX7Lvjs639U,Salam Kissan | Kissan Day 18th Dec | A Tribute to Farmers by Sarsabz Fertilizer,20231210,UgzOEtPmIznwLmkI3tJ4AaABAg.9yIcBMVaqw9A-GPtTxJ2zb,yes,@Sarsabz,yes,"Congratulations on winning! Please email your complete details (Address, phone number, and city) to sarsabzofficialpk@gmail.com using the same email address associated with your YouTube account.",0,1726444800
PX7Lvjs639U,Salam Kissan | Kissan Day 18th Dec | A Tribute to Farmers by Sarsabz Fertilizer,20231210,UgzOEtPmIznwLmkI3tJ4AaABAg.9yIcBMVaqw9A16jqrxzONQ,yes,@Sarsabz,yes,"youtube.com/@MuhammadAhmadNisar-vf7li Time is ticking!
A last but soft reminder, please email your complete details (Address, phone number, and city) to sarsabzofficialpk@gmail.com using the same email address associated with your YouTube account.",0,1726444800
PX7Lvjs639U,Salam Kissan | Kissan Day 18th Dec | A Tribute to Farmers by Sarsabz Fertilizer,20231210,Ugydt3ChR7Wf3VtrSXx4AaABAg,no,@zeeshu711,no,Superb. Farmers are backbone of this country. We salute them from the bottom of my heart ❤️. Subscribed to your YouTube channel. Biggest wish to win 😊 ! 4:04,8,1726444800
PX7Lvjs639U,Salam Kissan | Kissan Day 18th Dec | A Tribute to Farmers by Sarsabz Fertilizer,20231210,Ugydt3ChR7Wf3VtrSXx4AaABAg.9yIbjZ_nEkNACBSPu1rHO8,yes,@Malik-yt826,no,😊😊😊😊😊😊😊😊😊😊😊😊😊😊😊😊😊😊😊😊😊😊😊😊😊😊😊😊😊😊😊😊😊😊😊😊😊😊😊😊😊😊😊😊😊😊😊,0,1757980800
PX7Lvjs639U,Salam Kissan | Kissan Day 18th Dec | A Tribute to Farmers by Sarsabz Fertilizer,20231210,UgxA1P1ypi90o2RczgB4AaABAg,no,@muhammadfahmeedkhan746,no,Our farmers are our strength. They work very hard and play key role in growth of our economy.,35,1726444800
PX7Lvjs639U,Salam Kissan | Kissan Day 18th Dec | A Tribute to Farmers by Sarsabz Fertilizer,20231210,Ugx8bXKurmKnKqZgpR54AaABAg,no,@adnanali9969,no,Nice,1,1726444800
PX7Lvjs639U,Salam Kissan | Kissan Day 18th Dec | A Tribute to Farmers by Sarsabz Fertilizer,20231210,Ugw80BSrFTvxlk-CUfR4AaABAg,no,@adnanali9969,no,Great,1,1726444800
PX7Lvjs639U,Salam Kissan | Kissan Day 18th Dec | A Tribute to Farmers by Sarsabz Fertilizer,20231210,UgwgyjI5ZKWM-xPDdS54AaABAg,no,@adnanali9969,no,Excellent,1,1726444800
PX7Lvjs639U,Salam Kissan | Kissan Day 18th Dec | A Tribute to Farmers by Sarsabz Fertilizer,20231210,Ugyufw32ALZhNTQdQrh4AaABAg,no,@adnanali9969,no,Salam kisan pakistan,1,1726444800
PX7Lvjs639U,Salam Kissan | Kissan Day 18th Dec | A Tribute to Farmers by Sarsabz Fertilizer,20231210,UgyVUPTtScFypYEWPid4AaABAg,no,@NadeemAkhtar-wl9cs,no,"Farmers are the backbone of our country, SALAM KISSAN SARSABAZ PAKISTAN❤",7,1726444800
PX7Lvjs639U,Salam Kissan | Kissan Day 18th Dec | A Tribute to Farmers by Sarsabz Fertilizer,20231210,Ugw4nHO7BR1Bf7QHWq94AaABAg,no,@HasnainRaza-kc5pr,no,"Farmers are the backbone of our communities, toiling tirelessly to cultivate the land and ensure a steady food supply. Their dedication and hard work deserve our heartfelt appreciation. Thank you, farmers, for your essential role in sustaining us all.",3,1726444800
PX7Lvjs639U,Salam Kissan | Kissan Day 18th Dec | A Tribute to Farmers by Sarsabz Fertilizer,20231210,UgzjXI7DippvGrQn4VN4AaABAg,no,@Shhngz,no,Nice,1,1726444800
PX7Lvjs639U,Salam Kissan | Kissan Day 18th Dec | A Tribute to Farmers by Sarsabz Fertilizer,20231210,UgyWrye6HQBYYHhWxzV4AaABAg,no,@Shhngz,no,great,1,1726444800
PX7Lvjs639U,Salam Kissan | Kissan Day 18th Dec | A Tribute to Farmers by Sarsabz Fertilizer,20231210,UgydAqRJdDCVeReXhq14AaABAg,no,@hafizwaqas5590,no,Excellent. In reality only farmers produce food for us  from soil to out fork,2,1726444800
PX7Lvjs639U,Salam Kissan | Kissan Day 18th Dec | A Tribute to Farmers by Sarsabz Fertilizer,20231210,UgzwL0hj-75qMHUKFW54AaABAg,no,@IMRANxSIGMA,no,"خوشحال کسان خوشحال پاکستان
سر سبز پاکستان
👍 great work",6,1726444800
PX7Lvjs639U,Salam Kissan | Kissan Day 18th Dec | A Tribute to Farmers by Sarsabz Fertilizer,20231210,UgxXt0Nte6FMCl5dD8h4AaABAg,no,@abujunaid9533,no,"Great MashaAllah.  ❤❤❤❤❤❤❤❤❤❤❤❤
#SalamKissan Salam Pakistan
#SarsabzPakistan Zindabad
#kissanDay",4,1726444800
PX7Lvjs639U,Salam Kissan | Kissan Day 18th Dec | A Tribute to Farmers by Sarsabz Fertilizer,20231210,UgzDtozuGGrAJipaEm94AaABAg,no,@abujunaid9533,no,"Great MashaAllah.  ❤❤❤❤❤❤❤❤❤❤❤❤
#SalamKissan Salam Pakistan
#SarsabzPakistan Zindabad
#kissanDay",29,1726444800
PX7Lvjs639U,Salam Kissan | Kissan Day 18th Dec | A Tribute to Farmers by Sarsabz Fertilizer,20231210,Ugxi_RdKzboc4wBQGFh4AaABAg,no,@ayeshasheikh3756,no,"I am delighted to learn that Sarsabz Fertilizer maintains dedication to recognizing the commitment of farmers, who are the backbone of our nation. Their unwavering efforts undoubtedly contribute significantly to our prosperity, as exemplified by their celebration of Kissan Day on December 18, 2023. This observance serves as a testament to Sarsabz Fertilizer's commitment to promoting the agricultural community in Pakistan and acknowledging the pivotal role farmers play in fostering the prosperity of our country. 

#SalamKissan #SarsabzPakistan #KissanDay",4,1726444800
PX7Lvjs639U,Salam Kissan | Kissan Day 18th Dec | A Tribute to Farmers by Sarsabz Fertilizer,20231210,Ugxa7GHcEAWzG3GqZ2x4AaABAg,no,@warishakhan219,no,Great 👍,1,1726444800
PX7Lvjs639U,Salam Kissan | Kissan Day 18th Dec | A Tribute to Farmers by Sarsabz Fertilizer,20231210,UgzEE4AEI8YWIywCmAp4AaABAg,no,@warishakhan219,no,Very nice,1,1726444800
PX7Lvjs639U,Salam Kissan | Kissan Day 18th Dec | A Tribute to Farmers by Sarsabz Fertilizer,20231210,Ugz6uBoPjC81ULffQj54AaABAg,no,@warishakhan219,no,MashaAllah,1,1726444800
PX7Lvjs639U,Salam Kissan | Kissan Day 18th Dec | A Tribute to Farmers by Sarsabz Fertilizer,20231210,UgxUI22tj9oSoQbL3HZ4AaABAg,no,@KinzaKhan-ud4bm,no,❤❤❤,0,1726444800
PX7Lvjs639U,Salam Kissan | Kissan Day 18th Dec | A Tribute to Farmers by Sarsabz Fertilizer,20231210,Ugy7T7cLElVdomzylr54AaABAg,no,@KinzaKhan-ud4bm,no,Great work,1,1726444800
PX7Lvjs639U,Salam Kissan | Kissan Day 18th Dec | A Tribute to Farmers by Sarsabz Fertilizer,20231210,UgwMThc76La2ywbv3-B4AaABAg,no,@KinzaKhan-ud4bm,no,Very nice,1,1726444800
PX7Lvjs639U,Salam Kissan | Kissan Day 18th Dec | A Tribute to Farmers by Sarsabz Fertilizer,20231210,UgwWuKRi9XVrQrKHE3p4AaABAg,no,@kashifkhanafridi1673,no,Very❤❤❤❤❤❤❤Best,1,1726444800
PX7Lvjs639U,Salam Kissan | Kissan Day 18th Dec | A Tribute to Farmers by Sarsabz Fertilizer,20231210,UgwMmu6CT8y8y9O5xft4AaABAg,no,@kashifkhanafridi1673,no,Zabar 10❤❤❤❤❤❤❤❤❤❤❤❤❤❤❤❤❤,1,1726444800
PX7Lvjs639U,Salam Kissan | Kissan Day 18th Dec | A Tribute to Farmers by Sarsabz Fertilizer,20231210,Ugwui8Bod6dDdgAifmd4AaABAg,no,@kashifkhanafridi1673,no,Amazing Amazing Amazing Amazing Amazing Amazing,2,1726444800
PX7Lvjs639U,Salam Kissan | Kissan Day 18th Dec | A Tribute to Farmers by Sarsabz Fertilizer,20231210,UgzZ_qDv5U6kHL3hzWh4AaABAg,no,@kashifkhanafridi1673,no,Superrr❤❤❤❤❤❤doparrr,1,1726444800
PX7Lvjs639U,Salam Kissan | Kissan Day 18th Dec | A Tribute to Farmers by Sarsabz Fertilizer,20231210,UgzH8rPOwdPcayWb-DV4AaABAg,no,@kashifkhanafridi1673,no,Nice❤❤❤❤❤❤❤Good,1,1726444800
PX7Lvjs639U,Salam Kissan | Kissan Day 18th Dec | A Tribute to Farmers by Sarsabz Fertilizer,20231210,UgzH8rPOwdPcayWb-DV4AaABAg.9y9TRle3qN-9yAUR8pJfM9,yes,@Sarsabz,yes,Thank you 😊,0,1726444800
PX7Lvjs639U,Salam Kissan | Kissan Day 18th Dec | A Tribute to Farmers by Sarsabz Fertilizer,20231210,UgwVqdHmnOcIo--L2D14AaABAg,no,@AlishaKhan-yp8fo,no,MashAllah,1,1726444800
PX7Lvjs639U,Salam Kissan | Kissan Day 18th Dec | A Tribute to Farmers by Sarsabz Fertilizer,20231210,UgwNPWuONH-uJNjhmAF4AaABAg,no,@hadeebazainab9923,no,Good,1,1726444800
PX7Lvjs639U,Salam Kissan | Kissan Day 18th Dec | A Tribute to Farmers by Sarsabz Fertilizer,20231210,UgxWhiXJ_hx5_BKhex14AaABAg,no,@sanashoukat5443,no,اللہ تعالیٰ تمام کسانوں کی مدد فرمائے آمین,1,1726444800
PX7Lvjs639U,Salam Kissan | Kissan Day 18th Dec | A Tribute to Farmers by Sarsabz Fertilizer,20231210,Ugw8B_nh2VNmNc7mmnZ4AaABAg,no,@Agriologyworld,no,"Alhumdulilah,
Proudly work by Fatima Fertilizer",2,1726444800
PX7Lvjs639U,Salam Kissan | Kissan Day 18th Dec | A Tribute to Farmers by Sarsabz Fertilizer,20231210,UgzXjGhtZs1IcUnJmrZ4AaABAg,no,@tahirsatti3701,no,🥰🥰🥰🥰,0,1726444800
PX7Lvjs639U,Salam Kissan | Kissan Day 18th Dec | A Tribute to Farmers by Sarsabz Fertilizer,20231210,UgxsAd6zaMFGWTCSMsF4AaABAg,no,@tahirsatti3701,no,Absolutely Best ♥️,1,1726444800
PX7Lvjs639U,Salam Kissan | Kissan Day 18th Dec | A Tribute to Farmers by Sarsabz Fertilizer,20231210,UgwGDmqPZMueVskG2el4AaABAg,no,@SEHRISHSHOAIB0,no,Allah Pak Reham farmaye Ameen,1,1726444800
PX7Lvjs639U,Salam Kissan | Kissan Day 18th Dec | A Tribute to Farmers by Sarsabz Fertilizer,20231210,UgxUnkCoj4z9Y-d3ZRB4AaABAg,no,@SEHRISHSHOAIB0,no,Very informative,1,1726444800
PX7Lvjs639U,Salam Kissan | Kissan Day 18th Dec | A Tribute to Farmers by Sarsabz Fertilizer,20231210,UgyS8llWJfRVcdXzTbB4AaABAg,no,@prs_cbefdd,no,Very Best,1,1726444800
PX7Lvjs639U,Salam Kissan | Kissan Day 18th Dec | A Tribute to Farmers by Sarsabz Fertilizer,20231210,UgwQiUYBvUWJAtb9lOJ4AaABAg,no,@prs_cbefdd,no,Excellent❤❤❤❤,1,1726444800
PX7Lvjs639U,Salam Kissan | Kissan Day 18th Dec | A Tribute to Farmers by Sarsabz Fertilizer,20231210,UgxB-h7whGFu-xIyvlZ4AaABAg,no,@TheBalochmazari,no,"Sarsabz once again highlights the importance of farmers to society. Without their untiring efforts, we would be facing an acute shortage of everyday essential foods. Kudos to Sarsabz!",15,1726444800
PX7Lvjs639U,Salam Kissan | Kissan Day 18th Dec | A Tribute to Farmers by Sarsabz Fertilizer,20231210,UgxB-h7whGFu-xIyvlZ4AaABAg.9y8t24tSYcH9yLVmU43aCm,yes,@jazibali5140,no,Allah pak hamry kisano ko salmat rakhya ya Allah ameen,0,1726444800
PX7Lvjs639U,Salam Kissan | Kissan Day 18th Dec | A Tribute to Farmers by Sarsabz Fertilizer,20231210,UgxB-h7whGFu-xIyvlZ4AaABAg.9y8t24tSYcH9yQoNJSkMOX,yes,@MalikUsman-o1k,no,​ @jazibali5140 ameen,0,1726444800
PX7Lvjs639U,Salam Kissan | Kissan Day 18th Dec | A Tribute to Farmers by Sarsabz Fertilizer,20231210,UgxB-h7whGFu-xIyvlZ4AaABAg.9y8t24tSYcH9yZLIHZgz9L,yes,@Agronomical907,no,😮😢,0,1726444800
PX7Lvjs639U,Salam Kissan | Kissan Day 18th Dec | A Tribute to Farmers by Sarsabz Fertilizer,20231210,UgzBqZBFbK1x-kkG7FB4AaABAg,no,@zeeshanabbasi5060,no,Great,1,1726444800
PX7Lvjs639U,Salam Kissan | Kissan Day 18th Dec | A Tribute to Farmers by Sarsabz Fertilizer,20231210,Ugzlxfmt6ZVqBaqCNbV4AaABAg,no,@zeeshanabbasi5060,no,❤❤❤,0,1726444800
Pd0z78-UJio,Salam Kissan 2022 | Kissan Day 18th Dec | A Tribute to Farmers by Sarsabz Fertilizers,20221205,UgxRJZHa5dAPh2hKCHB4AaABAg,no,@TahirAbbas-c4k,no,Salam sarsabz,0,1726444800
Pd0z78-UJio,Salam Kissan 2022 | Kissan Day 18th Dec | A Tribute to Farmers by Sarsabz Fertilizers,20221205,UgzPYqnHDfgr_R4PM8h4AaABAg,no,@GhulamMustafa-jo4pi,no,Hamari Shan Kissan ❤❤❤,0,1726444800
Pd0z78-UJio,Salam Kissan 2022 | Kissan Day 18th Dec | A Tribute to Farmers by Sarsabz Fertilizers,20221205,UgyDaO14kRXmbCmgZhd4AaABAg,no,@GhulamMustafa-jo4pi,no,Salam Kissan ❤️ ❤️,0,1726444800
Pd0z78-UJio,Salam Kissan 2022 | Kissan Day 18th Dec | A Tribute to Farmers by Sarsabz Fertilizers,20221205,Ugx-t758P7JUBoHPQKV4AaABAg,no,@zahidkhichi3227,no,Pakistan ki aan Pakistan kisan Salam kisan Salam kisan,0,1726444800
Pd0z78-UJio,Salam Kissan 2022 | Kissan Day 18th Dec | A Tribute to Farmers by Sarsabz Fertilizers,20221205,UgxrpA4ijF9Rok7o90J4AaABAg,no,@adnanali9969,no,Super,0,1726444800
Pd0z78-UJio,Salam Kissan 2022 | Kissan Day 18th Dec | A Tribute to Farmers by Sarsabz Fertilizers,20221205,UgxUzPXNnUL3RiDKqGx4AaABAg,no,@sairausman-gx7xd,no,plz uppload lyrics and translation of what the lady is singing..... it touches the heart even without knowing........,1,1694822400
Pd0z78-UJio,Salam Kissan 2022 | Kissan Day 18th Dec | A Tribute to Farmers by Sarsabz Fertilizers,20221205,UgzE3zle_369YcN2zFB4AaABAg,no,@alidogar3711,no,I love you kisan,0,1694822400
Pd0z78-UJio,Salam Kissan 2022 | Kissan Day 18th Dec | A Tribute to Farmers by Sarsabz Fertilizers,20221205,UgydVT_wzGlcBFMM-GB4AaABAg,no,@Mustafaiqbal823,no,I love you too kisan میری دعا ہے کہ اس ملک کے ہر کسان کی زندگی اچھی ہو ❤️Ameen 🤲,0,1694822400
Pd0z78-UJio,Salam Kissan 2022 | Kissan Day 18th Dec | A Tribute to Farmers by Sarsabz Fertilizers,20221205,UgzGnSsMNMX0OMA0goJ4AaABAg,no,@imranlodhi1804,no,👍🇵🇰👍,0,1694822400
Pd0z78-UJio,Salam Kissan 2022 | Kissan Day 18th Dec | A Tribute to Farmers by Sarsabz Fertilizers,20221205,UgwrSg7TDZx9vTI66214AaABAg,no,@sanikhan9953,no,Is milk ko siyasi partiyan serkari mulazmeen or tajir maderchod gareebon ka heq kha gae,0,1694822400
Pd0z78-UJio,Salam Kissan 2022 | Kissan Day 18th Dec | A Tribute to Farmers by Sarsabz Fertilizers,20221205,Ugzaswp7Zr6UZxgRLeJ4AaABAg,no,@muhammadusamaali3085,no,سلام کسان,0,1694822400
Pd0z78-UJio,Salam Kissan 2022 | Kissan Day 18th Dec | A Tribute to Farmers by Sarsabz Fertilizers,20221205,UgxJV_j4PT3MMM17jIp4AaABAg,no,@BLACK-kw9no,no,T,0,1694822400
Pd0z78-UJio,Salam Kissan 2022 | Kissan Day 18th Dec | A Tribute to Farmers by Sarsabz Fertilizers,20221205,UgyWr9wnBDhf3VOtwVB4AaABAg,no,@ronaldreagon4126,no,Salaam kisan,1,1694822400
Pd0z78-UJio,Salam Kissan 2022 | Kissan Day 18th Dec | A Tribute to Farmers by Sarsabz Fertilizers,20221205,Ugy0gsvdP85VhpFamhN4AaABAg,no,@sufyanbutt956,no,https://www.youtube.com/@sufyanbutt956,1,1694822400
Pd0z78-UJio,Salam Kissan 2022 | Kissan Day 18th Dec | A Tribute to Farmers by Sarsabz Fertilizers,20221205,Ugw1lbfg78RsfDbXy414AaABAg,no,@muneebkhan8209,no,کاش اس ملک میں کسان کی قدر ھوتی ملک روز بروز ترقی کرتا مگر افسوس یہاں پر ایسے سانپ بیٹھے ھیں جو کسانوں کو ڈس رھے 😐,0,1694822400
Pd0z78-UJio,Salam Kissan 2022 | Kissan Day 18th Dec | A Tribute to Farmers by Sarsabz Fertilizers,20221205,UgxLb7NCBsJA9Q_KiZp4AaABAg,no,@MuhammadBilal-iy2qf,no,Hlo,0,1694822400
Pd0z78-UJio,Salam Kissan 2022 | Kissan Day 18th Dec | A Tribute to Farmers by Sarsabz Fertilizers,20221205,UgwqqcGP7rNG8TATxrR4AaABAg,no,@tanveerahmadahmad535,no,Rao mosin and apa ge well done,1,1694822400
Pd0z78-UJio,Salam Kissan 2022 | Kissan Day 18th Dec | A Tribute to Farmers by Sarsabz Fertilizers,20221205,Ugz0z8b_dO8f3mJhLwx4AaABAg,no,@ranamujahid1956,no,Respect to you all,0,1694822400
Pd0z78-UJio,Salam Kissan 2022 | Kissan Day 18th Dec | A Tribute to Farmers by Sarsabz Fertilizers,20221205,UgwOGeUQIiUfKIXSDGh4AaABAg,no,@ranamujahid1956,no,Happy kisan day,1,1694822400
Pd0z78-UJio,Salam Kissan 2022 | Kissan Day 18th Dec | A Tribute to Farmers by Sarsabz Fertilizers,20221205,UgwwdA3hGV4orjd1TRJ4AaABAg,no,@rehmanali931,no,💪🏻⚔️,0,1694822400
Pd0z78-UJio,Salam Kissan 2022 | Kissan Day 18th Dec | A Tribute to Farmers by Sarsabz Fertilizers,20221205,UgydRfDcvaRddQhCA1V4AaABAg,no,@qadeerbutt4393,no,اس ملک کے لینڈ لارڈ کسان کی وجہ سے خوشحال ہیں۔۔۔۔مگر کسان کو بدحال رکھتے ہیں۔,0,1694822400
Pd0z78-UJio,Salam Kissan 2022 | Kissan Day 18th Dec | A Tribute to Farmers by Sarsabz Fertilizers,20221205,Ugz7l7QVoTffsbnKmxt4AaABAg,no,@Ahmedraza-b5f3c,no,Kash💔💔🥺,0,1694822400
Pd0z78-UJio,Salam Kissan 2022 | Kissan Day 18th Dec | A Tribute to Farmers by Sarsabz Fertilizers,20221205,UgzlY_H6eyxYTTQQOEh4AaABAg,no,@AbdullahKhan-vp5go,no,Honestly,0,1694822400
Pd0z78-UJio,Salam Kissan 2022 | Kissan Day 18th Dec | A Tribute to Farmers by Sarsabz Fertilizers,20221205,UgxA_fVIAPHgm8bQcY94AaABAg,no,@dilawarbaloch412,no,Salam kisan.,0,1694822400
Pd0z78-UJio,Salam Kissan 2022 | Kissan Day 18th Dec | A Tribute to Farmers by Sarsabz Fertilizers,20221205,Ugx3gq1qqi4NrtKwj954AaABAg,no,@usmanjamil8670,no,"ایک کسان ہونے کے ناطے مجھے فخر ہے کہ سرسبز کسانوں کو اور زراعت کو عالمی سطح پر اجاگر کیا جہاں کسان کی کوئی عزت نا ہونے کے برابر ہے۔ 
سلام کسان سرسبز پاکستان",3,1694822400
Pd0z78-UJio,Salam Kissan 2022 | Kissan Day 18th Dec | A Tribute to Farmers by Sarsabz Fertilizers,20221205,Ugx3gq1qqi4NrtKwj954AaABAg.9jmFyPFzhYg9jwkN7VBp91,yes,@Mustafaiqbal823,no,Love you bhai,0,1694822400
Pd0z78-UJio,Salam Kissan 2022 | Kissan Day 18th Dec | A Tribute to Farmers by Sarsabz Fertilizers,20221205,Ugy84bIp_z-n-VXJK_d4AaABAg,no,@afaqueyousuf,no,Bs srf days hee manaty raho en cheezo mee hee uljhy raho aur apny jahil hony ka saboot dete raho aur kabhi ISLAM k bare me parho khud se pucho k hum musilman hein ku akhir agr jwab milgaya to ALLAH hidyat pr khud hee phuncha dyga agr nhi mila to wqai jahilyat urooj pr he aur mulq ko tbhai se koi nhi bacha sakta,0,1694822400
Pd0z78-UJio,Salam Kissan 2022 | Kissan Day 18th Dec | A Tribute to Farmers by Sarsabz Fertilizers,20221205,Ugw70RkqKx6z__1JR654AaABAg,no,@anayakhan7946,no,Salam kisan,0,1694822400
Pd0z78-UJio,Salam Kissan 2022 | Kissan Day 18th Dec | A Tribute to Farmers by Sarsabz Fertilizers,20221205,UgxoSJFcPg3mR04h4FR4AaABAg,no,@shahzaibshahzad1378,no,Bilkol,0,1694822400
Pd0z78-UJio,Salam Kissan 2022 | Kissan Day 18th Dec | A Tribute to Farmers by Sarsabz Fertilizers,20221205,UgyUvv1lEj3f9-c5xfF4AaABAg,no,@anayakhan7946,no,Kisan nhi hote to hum bhi nhi hote we are proud of you 🥰🎉🎉,2,1694822400
Pd0z78-UJio,Salam Kissan 2022 | Kissan Day 18th Dec | A Tribute to Farmers by Sarsabz Fertilizers,20221205,Ugx83uGAabZqg9vr5vV4AaABAg,no,@sajidullah3086,no,پکار خو دہ وہ چی حکومت مونگ تہ دہ تخمونہ ارزان کی او کھادونہ ھم ارزان کی,0,1694822400
Pd0z78-UJio,Salam Kissan 2022 | Kissan Day 18th Dec | A Tribute to Farmers by Sarsabz Fertilizers,20221205,UgxUFcrsZPq4WfKy4_54AaABAg,no,@ahmedbuxjakhrani1999,no,"Happy kissan day.
Make sure  the fertilizers of all kinds should not be black marketed love you all kissans
Its the kissan providing the services for food security to all Pakistanis.
Pakistan zindaabad",0,1694822400
Pd0z78-UJio,Salam Kissan 2022 | Kissan Day 18th Dec | A Tribute to Farmers by Sarsabz Fertilizers,20221205,UgyLAeB2Giq4zBWvoqB4AaABAg,no,@aenimurtaza2705,no,Ay khuda Pakistan kay kissano ki sun lay plz,0,1694822400
Pd0z78-UJio,Salam Kissan 2022 | Kissan Day 18th Dec | A Tribute to Farmers by Sarsabz Fertilizers,20221205,UgzGpfKZDBQUezWhYc94AaABAg,no,@aenimurtaza2705,no,Khuda kissano ko on ka haq milay,0,1694822400
Pd0z78-UJio,Salam Kissan 2022 | Kissan Day 18th Dec | A Tribute to Farmers by Sarsabz Fertilizers,20221205,UgzrIYQTOZ9fRxiAzdh4AaABAg,no,@S.MuhammadMasoomBukhar101,no,"السلام وعلیکم کسان
انشاءاللہ کسانوں کی بھی قدر ہو گی
خدا  پاک کے بنائے ہوئے یہ انسان محنتی کسان ہیں",0,1694822400
Pd0z78-UJio,Salam Kissan 2022 | Kissan Day 18th Dec | A Tribute to Farmers by Sarsabz Fertilizers,20221205,UgxIUXoCi9aMj-lk6v14AaABAg,no,@sikanderali3495,no,Salam kisan 🤲❤️,0,1694822400
Pd0z78-UJio,Salam Kissan 2022 | Kissan Day 18th Dec | A Tribute to Farmers by Sarsabz Fertilizers,20221205,UgzNix0r_desTXM-xCZ4AaABAg,no,@atifbaloch9267,no,I like Contend This Awesome Wsalam It's Muslim  so Sadd Moments Jazbah Big All Time ❤️,1,1694822400
Pd0z78-UJio,Salam Kissan 2022 | Kissan Day 18th Dec | A Tribute to Farmers by Sarsabz Fertilizers,20221205,UgwOTXNooH3u2fFWI0x4AaABAg,no,@veer_vlogs_121,no,I love kasan,0,1694822400
Pd0z78-UJio,Salam Kissan 2022 | Kissan Day 18th Dec | A Tribute to Farmers by Sarsabz Fertilizers,20221205,UgyNhbtth7iWRIeEGBV4AaABAg,no,@qurbanaligujjar9293,no,کسان کو اس مصیبت سے نجات دے 🤲,0,1694822400
Pd0z78-UJio,Salam Kissan 2022 | Kissan Day 18th Dec | A Tribute to Farmers by Sarsabz Fertilizers,20221205,UgxjyNkvi2dhNrOi_pl4AaABAg,no,@muhammadimtiaz2104,no,"صحرا کی مٹی کی خوشبو آتی ہے ابتدائی آواز سے بہت ہی پرکشش آواز ہے
کیا نام ہے ابتدائی آواز والی محترمہ کا",0,1694822400
Pd0z78-UJio,Salam Kissan 2022 | Kissan Day 18th Dec | A Tribute to Farmers by Sarsabz Fertilizers,20221205,UgzWwq-bnqxC2Ey_rQZ4AaABAg,no,@waqasAli-hj6qr,no,Seriously I like this women voice 🙂,2,1694822400
Pd0z78-UJio,Salam Kissan 2022 | Kissan Day 18th Dec | A Tribute to Farmers by Sarsabz Fertilizers,20221205,UgzWwq-bnqxC2Ey_rQZ4AaABAg.9jlnk66mD_w9jm7r0gSpkh,yes,@hafeezalivlogs,no,Mai dhai nam hai 😍,0,1694822400
Pd0z78-UJio,Salam Kissan 2022 | Kissan Day 18th Dec | A Tribute to Farmers by Sarsabz Fertilizers,20221205,UgysYTdT6NCRETliXMh4AaABAg,no,@muhmmadadilahter9856,no,Kit na dadr he 🙃,0,1694822400
Pd0z78-UJio,Salam Kissan 2022 | Kissan Day 18th Dec | A Tribute to Farmers by Sarsabz Fertilizers,20221205,UgxuxBYbOc9YfBzWJIt4AaABAg,no,@aenimurtaza2705,no,Ma kaysan hu bht bora hal hai mera kisi hakomat nay humayn izat nhi di kash koi humare masail sumjhta  humare dokh janta,0,1694822400
Pd0z78-UJio,Salam Kissan 2022 | Kissan Day 18th Dec | A Tribute to Farmers by Sarsabz Fertilizers,20221205,UgwUg0yYo4PAGzFgpkN4AaABAg,no,@aenimurtaza2705,no,Salam kaysaan Salam kaysaan Salam kaysaan Salam kaysaan Salam kaysaan Salam kaysaan Salam kaysaan Salam kaysaan Salam kaysaan Salam kaysaan Salam,0,1694822400
Pd0z78-UJio,Salam Kissan 2022 | Kissan Day 18th Dec | A Tribute to Farmers by Sarsabz Fertilizers,20221205,UgwQGpzTerTPjz9yEEN4AaABAg,no,@aenimurtaza2705,no,Ma khud kaysan hu,0,1694822400
Pd0z78-UJio,Salam Kissan 2022 | Kissan Day 18th Dec | A Tribute to Farmers by Sarsabz Fertilizers,20221205,Ugzv-ylvf5DC0aYFqCh4AaABAg,no,@aenimurtaza2705,no,Salam kaysaan Salam kaysaan Salam kaysaan Salam kaysaan Salam kaysaan Salam,0,1694822400
Pd0z78-UJio,Salam Kissan 2022 | Kissan Day 18th Dec | A Tribute to Farmers by Sarsabz Fertilizers,20221205,Ugw-9nLl2jE9TqZBQaF4AaABAg,no,@aenimurtaza2705,no,Zabardast zabardast zabardast zabardast zabardast zabardast zabardast zabardast zabardast,0,1694822400
Pd0z78-UJio,Salam Kissan 2022 | Kissan Day 18th Dec | A Tribute to Farmers by Sarsabz Fertilizers,20221205,Ugzc7LRO8Im1oAMrHgN4AaABAg,no,@aenimurtaza2705,no,Salam mere kaysan kay hathon ko,0,1694822400
Pd0z78-UJio,Salam Kissan 2022 | Kissan Day 18th Dec | A Tribute to Farmers by Sarsabz Fertilizers,20221205,UgxUBbQjo_7sNeHbNVp4AaABAg,no,@aenimurtaza2705,no,Salam kaysaan,0,1694822400
Pd0z78-UJio,Salam Kissan 2022 | Kissan Day 18th Dec | A Tribute to Farmers by Sarsabz Fertilizers,20221205,UgweYdh6Mw9xHwjqrSV4AaABAg,no,@Nishapathani-h8z,no,🫡❤,1,1694822400
Pd0z78-UJio,Salam Kissan 2022 | Kissan Day 18th Dec | A Tribute to Farmers by Sarsabz Fertilizers,20221205,UgwcBkQWenQ5DxjumKp4AaABAg,no,@rafeycollectionsfeshionbeats,no,"ڈھیروں دعائیں کسان کو دھرتی کے مان کو
تو آ ج بھی کھڑا مٹی کی شان کو",0,1694822400
Pd0z78-UJio,Salam Kissan 2022 | Kissan Day 18th Dec | A Tribute to Farmers by Sarsabz Fertilizers,20221205,UgwJkEYjmeaVYOj-ycx4AaABAg,no,@sajidali-yi1tf,no,Kisan Ki Maut per Magar khush hai policy bhi uski hi hai,0,1694822400
Pd0z78-UJio,Salam Kissan 2022 | Kissan Day 18th Dec | A Tribute to Farmers by Sarsabz Fertilizers,20221205,UgwmXy3vqcPiwNuvmvh4AaABAg,no,@sajidali-yi1tf,no,Kisan ke sabse Bade Dushman siyasat Dan Hain,0,1694822400
Pd0z78-UJio,Salam Kissan 2022 | Kissan Day 18th Dec | A Tribute to Farmers by Sarsabz Fertilizers,20221205,UgzMbtVI8y2QvpdSJdB4AaABAg,no,@MuhammadAli-zq6lw,no,Salam kisan,0,1694822400
Pd0z78-UJio,Salam Kissan 2022 | Kissan Day 18th Dec | A Tribute to Farmers by Sarsabz Fertilizers,20221205,UgzZ3ajl_2-W8yCEqGJ4AaABAg,no,@shahbazbhai1801,no,I am farmer,0,1694822400
Pd0z78-UJio,Salam Kissan 2022 | Kissan Day 18th Dec | A Tribute to Farmers by Sarsabz Fertilizers,20221205,UgzBkVQDaKUEs77NAu14AaABAg,no,@raimuntizer4505,no,Is mulik mn sub sy pehlay kisan ko hi khtm kia geya hy.aur sab sy zeyda mian nawaz shrif ki hkumit mn kisan k sath na ansafi hoti hy kiyonk wo tajron ko faida detay hn,0,1694822400
Pd0z78-UJio,Salam Kissan 2022 | Kissan Day 18th Dec | A Tribute to Farmers by Sarsabz Fertilizers,20221205,Ugz01wEjWM7DFiO0dXJ4AaABAg,no,@saifirajputt1412,no,Slam kisan,0,1694822400
Pd0z78-UJio,Salam Kissan 2022 | Kissan Day 18th Dec | A Tribute to Farmers by Sarsabz Fertilizers,20221205,UgxJDeSJo8506Mjdp6Z4AaABAg,no,@ahsanakash1843,no,Thanks for your support sarsabz urea.,1,1694822400
Pd0z78-UJio,Salam Kissan 2022 | Kissan Day 18th Dec | A Tribute to Farmers by Sarsabz Fertilizers,20221205,UgxgIGonTWCsK_pOOkV4AaABAg,no,@usman.khanzada.,no,Salute to my father and every farmer,8,1694822400
Pd0z78-UJio,Salam Kissan 2022 | Kissan Day 18th Dec | A Tribute to Farmers by Sarsabz Fertilizers,20221205,UgwRq7Y25yBY9DUJJiZ4AaABAg,no,@unlimitedsorrowies4251,no,Please respect farmer,0,1694822400
Pd0z78-UJio,Salam Kissan 2022 | Kissan Day 18th Dec | A Tribute to Farmers by Sarsabz Fertilizers,20221205,UgyV8dBdtZHW6RsZrE94AaABAg,no,@reeradoesart,no,Badqismati sy is mulk m siway naghmy sunany k kisi k ley kuch n hota haqdar or menat krny walon ko naghmy khali khooli slam or maaal siastdano k ghr,1,1694822400
Pd0z78-UJio,Salam Kissan 2022 | Kissan Day 18th Dec | A Tribute to Farmers by Sarsabz Fertilizers,20221205,Ugw32HgrPV6zxn1bAC94AaABAg,no,@atifhussain9010,no,Good,1,1694822400
Pd0z78-UJio,Salam Kissan 2022 | Kissan Day 18th Dec | A Tribute to Farmers by Sarsabz Fertilizers,20221205,UgyCsuDtHrl70U3Q67B4AaABAg,no,@TariqMehmood-jh7ew,no,Sallaaaaam kisan..sallaaaam imran khan,0,1694822400
Pd0z78-UJio,Salam Kissan 2022 | Kissan Day 18th Dec | A Tribute to Farmers by Sarsabz Fertilizers,20221205,UgwBiPOxhXR5FJlT-3l4AaABAg,no,@秘密のわんこ,no,Mashallah,0,1694822400
Pd0z78-UJio,Salam Kissan 2022 | Kissan Day 18th Dec | A Tribute to Farmers by Sarsabz Fertilizers,20221205,UgwspzJXYVLefssJ_qB4AaABAg,no,@Naeemnima,no,AllAh pak pakistan aur kisan pr rehm frma hamary piyar ilaqtly me to khaad nayaab ho cuki hy 😢😢😢😢,0,1694822400
Pd0z78-UJio,Salam Kissan 2022 | Kissan Day 18th Dec | A Tribute to Farmers by Sarsabz Fertilizers,20221205,UgyHwf6D-IIkko-UvA14AaABAg,no,@lowendhelper7764,no,Housing societies or zarahi zameenon pr tamirat Pakistan ki zrahat or khubsoorti ko tabah kr rhi hain.,0,1694822400
Pd0z78-UJio,Salam Kissan 2022 | Kissan Day 18th Dec | A Tribute to Farmers by Sarsabz Fertilizers,20221205,UgyA9QELrdre1yQbVf54AaABAg,no,@StoryScroll15,no,"Slam kisan ,💖",0,1694822400
Pd0z78-UJio,Salam Kissan 2022 | Kissan Day 18th Dec | A Tribute to Farmers by Sarsabz Fertilizers,20221205,Ugw2DQdd-SP18U1PXCd4AaABAg,no,@hakimabbasi9512,no,Salam kisan sar sabaz Pakistan,0,1694822400
Pd0z78-UJio,Salam Kissan 2022 | Kissan Day 18th Dec | A Tribute to Farmers by Sarsabz Fertilizers,20221205,Ugz9CeZ3osJPOpNta0N4AaABAg,no,@hasnainmurtaza-yo1dk,no,i love pakistani keesan,0,1694822400
Pd0z78-UJio,Salam Kissan 2022 | Kissan Day 18th Dec | A Tribute to Farmers by Sarsabz Fertilizers,20221205,UgzpzAOQD_YpqS711OV4AaABAg,no,@faqeersufisohailraheemi9105,no,جئے کسان دوست,0,1694822400
Pd0z78-UJio,Salam Kissan 2022 | Kissan Day 18th Dec | A Tribute to Farmers by Sarsabz Fertilizers,20221205,UgzDvKM3H5jTpMA6C1d4AaABAg,no,@ali3028,no,S,0,1694822400
Pd0z78-UJio,Salam Kissan 2022 | Kissan Day 18th Dec | A Tribute to Farmers by Sarsabz Fertilizers,20221205,Ugy6hvCHIaCFjpHYQYN4AaABAg,no,@anwerbutt2621,no,"Salam kisan, be blessed.",2,1694822400
Pd0z78-UJio,Salam Kissan 2022 | Kissan Day 18th Dec | A Tribute to Farmers by Sarsabz Fertilizers,20221205,UgzJr_S1WWd-gjOMQ4F4AaABAg,no,@arsalbhatti4378,no,zy6yh7l,0,1694822400
Pd0z78-UJio,Salam Kissan 2022 | Kissan Day 18th Dec | A Tribute to Farmers by Sarsabz Fertilizers,20221205,Ugwu2HqGtoiRJkpM6_d4AaABAg,no,@Sitaraglassaluminium,no,Good👍,1,1694822400
Pd0z78-UJio,Salam Kissan 2022 | Kissan Day 18th Dec | A Tribute to Farmers by Sarsabz Fertilizers,20221205,Ugx0vMeDl3uAmx5Ggv54AaABAg,no,@yasmeenkarim7356,no,SALAM KISSAN BROTHER'S 🌹🌹🌹🌹🌹,1,1694822400
Pd0z78-UJio,Salam Kissan 2022 | Kissan Day 18th Dec | A Tribute to Farmers by Sarsabz Fertilizers,20221205,UgyQ_JGQBz8b1-rM51J4AaABAg,no,@rashid-4-L,no,حالانکہ 70 فیصد پاکستان کو کسان  چلا رہا ہے,4,1694822400
Pd0z78-UJio,Salam Kissan 2022 | Kissan Day 18th Dec | A Tribute to Farmers by Sarsabz Fertilizers,20221205,UgxlvLmwppMBgO3YCNR4AaABAg,no,@rashid-4-L,no,کاش اس ملک میں کسان کی قدر ہوتی,38,1694822400
Pd0z78-UJio,Salam Kissan 2022 | Kissan Day 18th Dec | A Tribute to Farmers by Sarsabz Fertilizers,20221205,UgxlvLmwppMBgO3YCNR4AaABAg.9jkU-GG6XU_9jmbsFT__hv,yes,@jahangirjani8372,no,0p,0,1694822400
Pd0z78-UJio,Salam Kissan 2022 | Kissan Day 18th Dec | A Tribute to Farmers by Sarsabz Fertilizers,20221205,UgxlvLmwppMBgO3YCNR4AaABAg.9jkU-GG6XU_9jmbu6Uo4Wj,yes,@jahangirjani8372,no,0,0,1694822400
Pd0z78-UJio,Salam Kissan 2022 | Kissan Day 18th Dec | A Tribute to Farmers by Sarsabz Fertilizers,20221205,UgxlvLmwppMBgO3YCNR4AaABAg.9jkU-GG6XU_9jmp2nF3dom,yes,@ranafaisal954,no,7+++)+,0,1694822400
Pd0z78-UJio,Salam Kissan 2022 | Kissan Day 18th Dec | A Tribute to Farmers by Sarsabz Fertilizers,20221205,UgxlvLmwppMBgO3YCNR4AaABAg.9jkU-GG6XU_9jlxonlZGCR,yes,@Dark6148-k,no,اے کاش,1,1694822400
Pd0z78-UJio,Salam Kissan 2022 | Kissan Day 18th Dec | A Tribute to Farmers by Sarsabz Fertilizers,20221205,UgxlvLmwppMBgO3YCNR4AaABAg.9jkU-GG6XU_9jm6PytrQx3,yes,@حیدرعباسی-ض7ظ,no,@Dark6148-k  9,1,1694822400
Pd0z78-UJio,Salam Kissan 2022 | Kissan Day 18th Dec | A Tribute to Farmers by Sarsabz Fertilizers,20221205,UgxlvLmwppMBgO3YCNR4AaABAg.9jkU-GG6XU_9jm3jX0X7LT,yes,@shahidkhan973,no,@Dark6148-k  rkytiuuuui wwwqqwqo,0,1694822400
Pd0z78-UJio,Salam Kissan 2022 | Kissan Day 18th Dec | A Tribute to Farmers by Sarsabz Fertilizers,20221205,UgxlvLmwppMBgO3YCNR4AaABAg.9jkU-GG6XU_9jmp1UbIzAP,yes,@ranafaisal954,no,@Dark6148-k  #sa,0,1694822400
Pd0z78-UJio,Salam Kissan 2022 | Kissan Day 18th Dec | A Tribute to Farmers by Sarsabz Fertilizers,20221205,UgxlvLmwppMBgO3YCNR4AaABAg.9jkU-GG6XU_9jm3KzV6Y9X,yes,@hafizmsaqibrizvi1500,no,@Dark6148-k   f,0,1694822400
Pd0z78-UJio,Salam Kissan 2022 | Kissan Day 18th Dec | A Tribute to Farmers by Sarsabz Fertilizers,20221205,UgyvyzU9ysoDIP9xMzF4AaABAg,no,@zafariqbalzafariqbal8275,no,Ok,0,1694822400
Pd0z78-UJio,Salam Kissan 2022 | Kissan Day 18th Dec | A Tribute to Farmers by Sarsabz Fertilizers,20221205,Ugyk8Rz0fN4u5eVrZI54AaABAg,no,@muhammadmaaz7474,no,There should be special forces in our country to protect feilds,0,1694822400
Pd0z78-UJio,Salam Kissan 2022 | Kissan Day 18th Dec | A Tribute to Farmers by Sarsabz Fertilizers,20221205,Ugwif1H4XPrJXCwYDhp4AaABAg,no,@s.r8559,no,Salute to my farmer brothers i salute you,1,1694822400
Pd0z78-UJio,Salam Kissan 2022 | Kissan Day 18th Dec | A Tribute to Farmers by Sarsabz Fertilizers,20221205,UgxA-oHElmtFT8e0Zr54AaABAg,no,@mukhtiarahmadkhan1992,no,Is drama ka nam bta skty kia,0,1694822400
Pd0z78-UJio,Salam Kissan 2022 | Kissan Day 18th Dec | A Tribute to Farmers by Sarsabz Fertilizers,20221205,UgxRTXtz5N2sNtXbjMJ4AaABAg,no,@ihsan9483,no,سلام کسان صوبہ سرحد سے,0,1694822400
Pd0z78-UJio,Salam Kissan 2022 | Kissan Day 18th Dec | A Tribute to Farmers by Sarsabz Fertilizers,20221205,UgwHdrQaTCz5uKGV7EV4AaABAg,no,@maryamsadiqa9680,no,A purposeful verse here. .  . .  nice & sweet,3,1694822400
Pd0z78-UJio,Salam Kissan 2022 | Kissan Day 18th Dec | A Tribute to Farmers by Sarsabz Fertilizers,20221205,UgyuZbLGPNzRn0wFcwt4AaABAg,no,@naqashshafiq3990,no,Yeh start me konsi language hai?,0,1694822400
Pd0z78-UJio,Salam Kissan 2022 | Kissan Day 18th Dec | A Tribute to Farmers by Sarsabz Fertilizers,20221205,UgyuZbLGPNzRn0wFcwt4AaABAg.9jeeuu3uG3C9jjTj0bJmFY,yes,@ihsan9483,no,Sindhi hy bhai,0,1694822400
Pd0z78-UJio,Salam Kissan 2022 | Kissan Day 18th Dec | A Tribute to Farmers by Sarsabz Fertilizers,20221205,UgyuZbLGPNzRn0wFcwt4AaABAg.9jeeuu3uG3C9jkUV_BPic6,yes,@waqas_javaid.1,no,@ihsan9483  song name pta h to btap,0,1694822400
Pd0z78-UJio,Salam Kissan 2022 | Kissan Day 18th Dec | A Tribute to Farmers by Sarsabz Fertilizers,20221205,UgyuZbLGPNzRn0wFcwt4AaABAg.9jeeuu3uG3C9jlSE9Caz3O,yes,@ihsan9483,no,@waqas_javaid.1  bhai ye itne hee hy,0,1694822400
Pd0z78-UJio,Salam Kissan 2022 | Kissan Day 18th Dec | A Tribute to Farmers by Sarsabz Fertilizers,20221205,UgxDKdwaG3SepZE0MYF4AaABAg,no,@naqashshafiq3990,no,Waaaah,1,1694822400
Pd0z78-UJio,Salam Kissan 2022 | Kissan Day 18th Dec | A Tribute to Farmers by Sarsabz Fertilizers,20221205,UgwpZ7oXdlflgr0KdaJ4AaABAg,no,@sgr3hmd417,no,https://www.youtube.com/watch?v=hTONaLGUQvM,0,1694822400
Pd0z78-UJio,Salam Kissan 2022 | Kissan Day 18th Dec | A Tribute to Farmers by Sarsabz Fertilizers,20221205,UgyWVr-hv3PbD5MdGER4AaABAg,no,@msabbasi01,no,I want to see the meanings of what she sings in Balochi probably.,0,1694822400
Pd0z78-UJio,Salam Kissan 2022 | Kissan Day 18th Dec | A Tribute to Farmers by Sarsabz Fertilizers,20221205,UgyWVr-hv3PbD5MdGER4AaABAg.9j_urvEbLtL9jjThmIUer-,yes,@ihsan9483,no,Sindhi hy bhai,0,1694822400
Pd0z78-UJio,Salam Kissan 2022 | Kissan Day 18th Dec | A Tribute to Farmers by Sarsabz Fertilizers,20221205,Ugz8Sg-80GpuKj8wo014AaABAg,no,@atifjavaid376,no,Best iss se bhtr kya ad ho skta ❤,0,1694822400
Pd0z78-UJio,Salam Kissan 2022 | Kissan Day 18th Dec | A Tribute to Farmers by Sarsabz Fertilizers,20221205,UgyJEQhcuH16DHkdBBR4AaABAg,no,@CineCrazeshortskids,no,"Hats off to u sarsabz♥ from music to story and the lyrics ,everything pays tribute to our kissan such an emotional story 

#salamkisaan 🌾🌾🌾",8,1694822400
Pd0z78-UJio,Salam Kissan 2022 | Kissan Day 18th Dec | A Tribute to Farmers by Sarsabz Fertilizers,20221205,UgyJEQhcuH16DHkdBBR4AaABAg.9jUu5CIzO7b9jXipi9KYLO,yes,@qariwalikhan3942,no,ہظقہ9ل,0,1694822400
Pd0z78-UJio,Salam Kissan 2022 | Kissan Day 18th Dec | A Tribute to Farmers by Sarsabz Fertilizers,20221205,UgzpxssBqfUv2GBZtcN4AaABAg,no,@CineCrazeshortskids,no,The pain in the elder brother's eyes spoke of the life of a farmer 💔,4,1694822400
Pd0z78-UJio,Salam Kissan 2022 | Kissan Day 18th Dec | A Tribute to Farmers by Sarsabz Fertilizers,20221205,Ugy99ETFCYyNigmj-_Z4AaABAg,no,@hea.vylight,no,"Best performance by (big brother) lead artist "" Rao Mohsin Karim ""
Excellent work 💐",6,1694822400
Pd0z78-UJio,Salam Kissan 2022 | Kissan Day 18th Dec | A Tribute to Farmers by Sarsabz Fertilizers,20221205,UgzZq4-1EkRFvAwUX6B4AaABAg,no,@shaziakhalil3338,no,The best of all times...n superb performance by all actors especially fahad mustafa,9,1694822400
Pd0z78-UJio,Salam Kissan 2022 | Kissan Day 18th Dec | A Tribute to Farmers by Sarsabz Fertilizers,20221205,Ugz4ET-8dmNHTVVTbwl4AaABAg,no,@evergreenpixels638,no,Salaam kisaan,1,1694822400
Pd0z78-UJio,Salam Kissan 2022 | Kissan Day 18th Dec | A Tribute to Farmers by Sarsabz Fertilizers,20221205,Ugw86DDQ4O2eBZV4SKp4AaABAg,no,@evergreenpixels638,no,Superb,0,1694822400
Pd0z78-UJio,Salam Kissan 2022 | Kissan Day 18th Dec | A Tribute to Farmers by Sarsabz Fertilizers,20221205,Ugxxkv0Xp7FgmyZn4Px4AaABAg,no,@meerestatekarachipraparty8658,no,Babar bhai wah ❤❤❤,1,1694822400
Pd0z78-UJio,Salam Kissan 2022 | Kissan Day 18th Dec | A Tribute to Farmers by Sarsabz Fertilizers,20221205,UgwJ7ydj6CgncRffi6F4AaABAg,no,@imagoooodgirl,no,First ever advertisment I watched completely and searched for it on YouTube and just here and watching repeatedly 💗👌 just amazing mesmerising,8,1694822400
Pd0z78-UJio,Salam Kissan 2022 | Kissan Day 18th Dec | A Tribute to Farmers by Sarsabz Fertilizers,20221205,UgwJ7ydj6CgncRffi6F4AaABAg.9jOZ7ZtXVpS9jmUc0swTlC,yes,@asifiqbal5704,no,See,0,1694822400
Pd0z78-UJio,Salam Kissan 2022 | Kissan Day 18th Dec | A Tribute to Farmers by Sarsabz Fertilizers,20221205,UgxzIbfPAgdjY_JTfZF4AaABAg,no,@haseeebgillanigillanigilla369,no,Salam kisan,1,1694822400
Pd0z78-UJio,Salam Kissan 2022 | Kissan Day 18th Dec | A Tribute to Farmers by Sarsabz Fertilizers,20221205,UgwDrxc-5WX5nzN0qIZ4AaABAg,no,@idresskhan4420,no,Salam Kissan,2,1694822400
Pd0z78-UJio,Salam Kissan 2022 | Kissan Day 18th Dec | A Tribute to Farmers by Sarsabz Fertilizers,20221205,UgztKLkeToT9jKT-uIV4AaABAg,no,@TheCineMagicUniverse,no,Salam Kissan sarsabz Pakistan ❤️ big brother is just awesome 🔥🔥,9,1694822400
Pd0z78-UJio,Salam Kissan 2022 | Kissan Day 18th Dec | A Tribute to Farmers by Sarsabz Fertilizers,20221205,Ugy9hzCDiCkVLP-EXGh4AaABAg,no,@jisarataliofficial7605,no,Salam kissan,5,1694822400
Pd0z78-UJio,Salam Kissan 2022 | Kissan Day 18th Dec | A Tribute to Farmers by Sarsabz Fertilizers,20221205,Ugwi9nxPErzARbI1hN14AaABAg,no,@moon5924,no,Sarsabz ko salaam ha ka farmers ki motivation kalia asi documentaries and true picture  of agriculture in Pakistan ko support kar raha ha 👍,7,1694822400
PkenunwpduU,Salam Kissan | A Tribute to Farmers of the World by Sarsabz Fertilizers | Ali Noor | Jami Moor,20191209,UgziVEC7gl8bZgAvqk54AaABAg,no,@reemi8427,no,"The way he gives back gold to his wife, it's so heartwarming😭❤️",0,1786838400
PkenunwpduU,Salam Kissan | A Tribute to Farmers of the World by Sarsabz Fertilizers | Ali Noor | Jami Moor,20191209,UgzvXtYuKMR4ngsH2-Z4AaABAg,no,@hamzaffofficia,no,0:55 0:56 0:56 0:57 0:57 0:57 0:57 0:58 0:58 0:58 0:58 0:58 0:59 0:59 0:59 0:59 1:00 1:00 1:00 1:00 1:00 1:01 1:01 1:01 1:01 1:01 1:02 1:02 1:02 1:02 1:02 1:02 1:03 1:03 1:03 1:03 1:04 1:04 1:04 1:04 1:04 1:05 1:05 1:05 1:05 1:05 1:06 1:06 1:06 1:06 1:06,0,1786838400
PkenunwpduU,Salam Kissan | A Tribute to Farmers of the World by Sarsabz Fertilizers | Ali Noor | Jami Moor,20191209,Ugx7aBDzEnwSiP-MtOR4AaABAg,no,@hamzaffofficia,no,0:37,0,1786838400
PkenunwpduU,Salam Kissan | A Tribute to Farmers of the World by Sarsabz Fertilizers | Ali Noor | Jami Moor,20191209,UgxlmsIo5WA3FYCUC_94AaABAg,no,@M.AbdulsaviourVIP,no,"Wounder ful video
Fantastic Song lyrics 😍",0,1778889600
PkenunwpduU,Salam Kissan | A Tribute to Farmers of the World by Sarsabz Fertilizers | Ali Noor | Jami Moor,20191209,Ugw_4yWohGT8055ENYx4AaABAg,no,@SaraanSarangi,no,"Thanks to our leaders who took away everything from us. But we should never forget the fact that we live on the most fertile indus plain, which is most fertile plain area in the world. There is no food crisis in our country but thanks to our leaders who dont let us eat.😢",0,1771200000
PkenunwpduU,Salam Kissan | A Tribute to Farmers of the World by Sarsabz Fertilizers | Ali Noor | Jami Moor,20191209,Ugz1DCAXfPm4bvLGqRx4AaABAg,no,@SaraanSarangi,no,Watching this again in devastating floods of punjab 2025. 😢😢 Allah saaday punjab nu wasda hasda rakhy. 1st September 2025. Or abi selaab barh raha hai 😢😢,0,1757980800
PkenunwpduU,Salam Kissan | A Tribute to Farmers of the World by Sarsabz Fertilizers | Ali Noor | Jami Moor,20191209,UgyfaOyfFVArafe7E6B4AaABAg,no,@AliKhan-fk8ev,no,What a great tribute to farmers and their families who feed a nation a 220+ million,1,1757980800
PkenunwpduU,Salam Kissan | A Tribute to Farmers of the World by Sarsabz Fertilizers | Ali Noor | Jami Moor,20191209,Ugy7M_tiXNZO1RuMwMZ4AaABAg,no,@MuhammadBilal-wl7qd,no,Salam kisaan,1,1757980800
PkenunwpduU,Salam Kissan | A Tribute to Farmers of the World by Sarsabz Fertilizers | Ali Noor | Jami Moor,20191209,Ugxr53Ff-Sj7lmzFxqV4AaABAg,no,@saminaimran432,no,#salamkissan,2,1757980800
PkenunwpduU,Salam Kissan | A Tribute to Farmers of the World by Sarsabz Fertilizers | Ali Noor | Jami Moor,20191209,UgxqvG2RZ3u6uHtV5S54AaABAg,no,@saminaimran432,no,#salamkisan,2,1757980800
PkenunwpduU,Salam Kissan | A Tribute to Farmers of the World by Sarsabz Fertilizers | Ali Noor | Jami Moor,20191209,UgzFe6FGjVHBZdf-kBV4AaABAg,no,@saminaimran432,no,#salam kisan #,2,1757980800
PkenunwpduU,Salam Kissan | A Tribute to Farmers of the World by Sarsabz Fertilizers | Ali Noor | Jami Moor,20191209,UgxWegkgZbZ9jjxd4iJ4AaABAg,no,@Maometto-19,no,What about 16 december aps attack in peshawar ?,0,1757980800
PkenunwpduU,Salam Kissan | A Tribute to Farmers of the World by Sarsabz Fertilizers | Ali Noor | Jami Moor,20191209,UgwLcnvjL6C4Cr4RDnZ4AaABAg,no,@AbdullahZia-k3z,no,Beautiful song❤❤,1,1757980800
PkenunwpduU,Salam Kissan | A Tribute to Farmers of the World by Sarsabz Fertilizers | Ali Noor | Jami Moor,20191209,Ugw1nEnIeZzX7h_erjJ4AaABAg,no,@Tanveervlog1-i1y,no,Allah apko kus rak hy ameen,1,1757980800
PkenunwpduU,Salam Kissan | A Tribute to Farmers of the World by Sarsabz Fertilizers | Ali Noor | Jami Moor,20191209,UgwTCPfkB67pHe4JStd4AaABAg,no,@pakistanivloggerinuae8207,no,"Salam kissan Mera Pyara Pakistan. 

Pakistan zindabad ❤❤❤❤",1,1757980800
PkenunwpduU,Salam Kissan | A Tribute to Farmers of the World by Sarsabz Fertilizers | Ali Noor | Jami Moor,20191209,UgzaxMPHCdMzMClIbDJ4AaABAg,no,@LarikHafsaBatool,no,IThank you sarsabz for bringing farmers effort to our attention!Salam kissan ❤,1,1757980800
PkenunwpduU,Salam Kissan | A Tribute to Farmers of the World by Sarsabz Fertilizers | Ali Noor | Jami Moor,20191209,UgyJHrvWSgeLCPspgjd4AaABAg,no,@zoyaali7810,no,#Salamkissan ❤,2,1757980800
PkenunwpduU,Salam Kissan | A Tribute to Farmers of the World by Sarsabz Fertilizers | Ali Noor | Jami Moor,20191209,UgwMjH22f2vxGOlR1Nl4AaABAg,no,@faysalhasan1458,no,Love you from Bangladesh.,2,1726444800
PkenunwpduU,Salam Kissan | A Tribute to Farmers of the World by Sarsabz Fertilizers | Ali Noor | Jami Moor,20191209,Ugwm136wQCev-MGUQj14AaABAg,no,@GhulamMustafa-jo4pi,no,Father is Father khud nahain khata apny bachon ko pahly khilaiga . Father ki baghair sub ham undhi hain,0,1726444800
PkenunwpduU,Salam Kissan | A Tribute to Farmers of the World by Sarsabz Fertilizers | Ali Noor | Jami Moor,20191209,Ugxlrt1hxUW7GCIJVpR4AaABAg,no,@musakhan-e7h,no,I feel proud for kisan ❤,0,1726444800
PkenunwpduU,Salam Kissan | A Tribute to Farmers of the World by Sarsabz Fertilizers | Ali Noor | Jami Moor,20191209,Ugx4l3rWrOSicR2beIV4AaABAg,no,@MortalArtWorldOfficial,no,"Life is veryyyyyyyyyyy hard 😢😭😓🤧🥺😔🥺😔
In every field",1,1726444800
PkenunwpduU,Salam Kissan | A Tribute to Farmers of the World by Sarsabz Fertilizers | Ali Noor | Jami Moor,20191209,Ugx7jGPSjb5Hm-ZklJF4AaABAg,no,@AliAkbar-bs9lj,no,l   feel  proud🥰😍🤩💘💝💖💗💓💞💕❣❤,0,1726444800
PkenunwpduU,Salam Kissan | A Tribute to Farmers of the World by Sarsabz Fertilizers | Ali Noor | Jami Moor,20191209,UgxKKAfZtSRBLL4hcTd4AaABAg,no,@MAqeel-rb2nk,no,Salaam to all FG employee for provide best product to kissan & Salaam to kissan for use this beast product.,0,1726444800
PkenunwpduU,Salam Kissan | A Tribute to Farmers of the World by Sarsabz Fertilizers | Ali Noor | Jami Moor,20191209,UgyonH7TKvYk6CBgH5l4AaABAg,no,@buzdarMunda,no,ماشااللہ,0,1726444800
PkenunwpduU,Salam Kissan | A Tribute to Farmers of the World by Sarsabz Fertilizers | Ali Noor | Jami Moor,20191209,UgyYayovrhvvNaCz_xp4AaABAg,no,@yasirfarooq1666,no,❤❤❤❤,0,1726444800
PkenunwpduU,Salam Kissan | A Tribute to Farmers of the World by Sarsabz Fertilizers | Ali Noor | Jami Moor,20191209,UgxsUZttodKwIk1d8x54AaABAg,no,@yasirfarooq1666,no,Beautiful,0,1726444800
PkenunwpduU,Salam Kissan | A Tribute to Farmers of the World by Sarsabz Fertilizers | Ali Noor | Jami Moor,20191209,UgwsuETvL_VgjsrWVCh4AaABAg,no,@yasirfarooq1666,no,Wow Best song,0,1726444800
PkenunwpduU,Salam Kissan | A Tribute to Farmers of the World by Sarsabz Fertilizers | Ali Noor | Jami Moor,20191209,UgzMK0cIVzdmR5q0Ss14AaABAg,no,@Aghafitness8,no,Excellent,0,1726444800
PkenunwpduU,Salam Kissan | A Tribute to Farmers of the World by Sarsabz Fertilizers | Ali Noor | Jami Moor,20191209,UgzGoTVhZmnEFIlWgd94AaABAg,no,@Zubairchattha143-rv1gb,no,Kissan zindabad,1,1726444800
PkenunwpduU,Salam Kissan | A Tribute to Farmers of the World by Sarsabz Fertilizers | Ali Noor | Jami Moor,20191209,UgzDWsrI2DlY2QMCc_l4AaABAg,no,@Alice-Williams,no,farmers are called the back bone of nation's economy . So the more the farmer is hard worker more our country's economy will boom .,0,1726444800
PkenunwpduU,Salam Kissan | A Tribute to Farmers of the World by Sarsabz Fertilizers | Ali Noor | Jami Moor,20191209,Ugx-qHTlTebPSgZ0H454AaABAg,no,@hendrikjanssen9075,no,Support from Dutch 🇳🇱 farmers. Farmers all countries unite!! One cause!,2,1694822400
PkenunwpduU,Salam Kissan | A Tribute to Farmers of the World by Sarsabz Fertilizers | Ali Noor | Jami Moor,20191209,Ugx-qHTlTebPSgZ0H454AaABAg.9t7eMCuXgI2A757Qch8oVS,yes,@SaraanSarangi,no,Thank you so much ❤,0,1726444800
PkenunwpduU,Salam Kissan | A Tribute to Farmers of the World by Sarsabz Fertilizers | Ali Noor | Jami Moor,20191209,UgwNxn6pa34uXXTrdkl4AaABAg,no,@haseebashraf8633,no,salam kissan 🥰,0,1694822400
PkenunwpduU,Salam Kissan | A Tribute to Farmers of the World by Sarsabz Fertilizers | Ali Noor | Jami Moor,20191209,UgwASrKIT_63EWrABEp4AaABAg,no,@mariamirshad5681,no,Feeling very proud for my mama an baba 🥰🥰🥰🥰on farmering may you  both live long 🤲🥰🤲🤲,0,1694822400
PkenunwpduU,Salam Kissan | A Tribute to Farmers of the World by Sarsabz Fertilizers | Ali Noor | Jami Moor,20191209,Ugy1Iykajc592XYlNwV4AaABAg,no,@akramshah128,no,"Salam Pakistan
I love my Pakistan",0,1694822400
PkenunwpduU,Salam Kissan | A Tribute to Farmers of the World by Sarsabz Fertilizers | Ali Noor | Jami Moor,20191209,Ugx7OF6ejn4xnCaDtol4AaABAg,no,@malikabdulrehaman8054,no,salute to farmers,3,1694822400
PkenunwpduU,Salam Kissan | A Tribute to Farmers of the World by Sarsabz Fertilizers | Ali Noor | Jami Moor,20191209,Ugx5tpI_c4uIeXEuks14AaABAg,no,@shadabuetian,no,So real n emotional 🇵🇰👍,1,1663286400
PkenunwpduU,Salam Kissan | A Tribute to Farmers of the World by Sarsabz Fertilizers | Ali Noor | Jami Moor,20191209,UgxuoaTW3roYWSMw94d4AaABAg,no,@farooqueahmed8786,no,"Beautiful- very emotional for me , being from a farmer’s family. Have seen and experienced all what is shown in the video. Well done",1,1663286400
PkenunwpduU,Salam Kissan | A Tribute to Farmers of the World by Sarsabz Fertilizers | Ali Noor | Jami Moor,20191209,UgyiVYOkNqvrHscThEV4AaABAg,no,@Indigenousproducts,no,"I have blessed of allah pakistan has too tooo much farmer
The farmers are really good good spacialy the farmer of ,--thatta 
gharo 
sakro 
I don't haven' any farm 
But really farmers are great 
I belong to karachi 
Live karachi 
But thankfully all farmer of 
Sindh 
Punjab all around pakistan al around the world 
Asif ali 
From karachi 
Gulistan e johuar
district east",2,1663286400
PkenunwpduU,Salam Kissan | A Tribute to Farmers of the World by Sarsabz Fertilizers | Ali Noor | Jami Moor,20191209,UgxjJbJ1M_s2zGege814AaABAg,no,@umamarizwan9725,no,یہ گانا جتنی بار سن لو، ہمیشہ نیا ہی لگتا ہے، میں گانے نہیں سنتی لیکن یہ گانا واقعی میں رونگٹے کھڑے کردیتا ہے، بہت اچھا اور کمال اشتہار ہے، خراجِ تحسین ہے کسانوں کو بھی اور اس ٹیم کو بھی جنہوں نے کسانوں کی زندگی کو اتنے اچھے طریقے سے دکھایا⁦👏🏻⁩⁦👏🏻⁩,9,1663286400
PkenunwpduU,Salam Kissan | A Tribute to Farmers of the World by Sarsabz Fertilizers | Ali Noor | Jami Moor,20191209,UgwTo6oSBzzQ0guk-9F4AaABAg,no,@abdullahbinzafar806,no,Es dharti ki Shan barhain gain ♥️,2,1663286400
PkenunwpduU,Salam Kissan | A Tribute to Farmers of the World by Sarsabz Fertilizers | Ali Noor | Jami Moor,20191209,UgzcXhQwwxSV2mk0dEN4AaABAg,no,@mohsinamjad2611,no,"Excellent. Should appreciate the efforts put forth by farmers.

The ending... In-kind lending with in-kind return, with markup. :)",1,1663286400
PkenunwpduU,Salam Kissan | A Tribute to Farmers of the World by Sarsabz Fertilizers | Ali Noor | Jami Moor,20191209,UgyyIfcAnHhwr9sj1ql4AaABAg,no,@Khan-jz8qn,no,leakn ap to kissan marne wala hai .DAP price 9000 tk,0,1663286400
PkenunwpduU,Salam Kissan | A Tribute to Farmers of the World by Sarsabz Fertilizers | Ali Noor | Jami Moor,20191209,Ugx407A331ACRXdbzNV4AaABAg,no,@AliAhmed-fq5lj,no,"For the farmers, Labours, and other hardworking who struggle and work hard but still suffer in the hands of the filthy rich and dirty corporations every in the world. ✊✊✊
#westandwiththeIndianfarmers",2,1663286400
PkenunwpduU,Salam Kissan | A Tribute to Farmers of the World by Sarsabz Fertilizers | Ali Noor | Jami Moor,20191209,Ugx407A331ACRXdbzNV4AaABAg.9T2SmEFoKmX9T3d4LfdZmh,yes,@Sarsabz,yes,Thank you so much for appreciation.,0,1663286400
PkenunwpduU,Salam Kissan | A Tribute to Farmers of the World by Sarsabz Fertilizers | Ali Noor | Jami Moor,20191209,UgzA9REJCU9y2LQB_pp4AaABAg,no,@NafayKhan1,no,"Sir i want to make a vedio on your sound . 
I need permission about copyright claim .
I will makes a vedio on my villages farmers and myself. 
And also show your product’s.",2,1631750400
PkenunwpduU,Salam Kissan | A Tribute to Farmers of the World by Sarsabz Fertilizers | Ali Noor | Jami Moor,20191209,UgzA9REJCU9y2LQB_pp4AaABAg.9RrGj5o9kEx9RwcEwnfJcP,yes,@Sarsabz,yes,"Yes, please you're absolutely allowed to use our song to represent anything positive.",1,1631750400
PkenunwpduU,Salam Kissan | A Tribute to Farmers of the World by Sarsabz Fertilizers | Ali Noor | Jami Moor,20191209,UgzA9REJCU9y2LQB_pp4AaABAg.9RrGj5o9kEx9RwcZZThxcg,yes,@NafayKhan1,no,Thank u sir,1,1631750400
PkenunwpduU,Salam Kissan | A Tribute to Farmers of the World by Sarsabz Fertilizers | Ali Noor | Jami Moor,20191209,UgzFxX1L7jnygoa_CDx4AaABAg,no,@muteeurrehman2705,no,"English Translation of this Song




Who works day and night
Fills the dirt with colors
In all passing seasons
Who fights all difficulties 
It's only due to you, our happiness increases
Thorough your hard work will increase the world's value
Keep going like that
And all routes will reach a destination
It's only through your will and determination Pakistan is green
Salam, O farmer
The clouds of sadness
That reign upon you
This sun and these rains
That has broken you
This hope shall not break away
It's only due to you, our happiness increases
Thorough your hard work will increase the world's value
Keep going like that
And all routes will reach a destination
It's only through your will and determination Pakistan is green
Salam, O farmer",1,1631750400
PkenunwpduU,Salam Kissan | A Tribute to Farmers of the World by Sarsabz Fertilizers | Ali Noor | Jami Moor,20191209,UgzFxX1L7jnygoa_CDx4AaABAg.9PC8eQP9h_d9PHoM67hiDG,yes,@Sarsabz,yes,Much appreciated. Thank you so much your comment.,1,1631750400
PkenunwpduU,Salam Kissan | A Tribute to Farmers of the World by Sarsabz Fertilizers | Ali Noor | Jami Moor,20191209,UgwnNGHrELHswtEshud4AaABAg,no,@thesumit4552,no,love from india ❤️,0,1631750400
PkenunwpduU,Salam Kissan | A Tribute to Farmers of the World by Sarsabz Fertilizers | Ali Noor | Jami Moor,20191209,UgwnNGHrELHswtEshud4AaABAg.9NPomydKjh49NRCf-YZu-T,yes,@Sarsabz,yes,Thank you so much for your love :),0,1631750400
PkenunwpduU,Salam Kissan | A Tribute to Farmers of the World by Sarsabz Fertilizers | Ali Noor | Jami Moor,20191209,Ugxi3ykikF8Bybasapd4AaABAg,no,@fateenliaqat7035,no,hats off to everyone behind this tribute. a master piece,0,1631750400
PkenunwpduU,Salam Kissan | A Tribute to Farmers of the World by Sarsabz Fertilizers | Ali Noor | Jami Moor,20191209,UgyWDuXTiC3gGuzMsWp4AaABAg,no,@barkatillahienaik3455,no,1:50,0,1631750400
PkenunwpduU,Salam Kissan | A Tribute to Farmers of the World by Sarsabz Fertilizers | Ali Noor | Jami Moor,20191209,UgyTD37jyIsqSphVddJ4AaABAg,no,@1202aquarius,no,Extremely well conceptualized and executed to perfection. The melody is just amazing! Goosebumps!,0,1631750400
PkenunwpduU,Salam Kissan | A Tribute to Farmers of the World by Sarsabz Fertilizers | Ali Noor | Jami Moor,20191209,UgzinXhU8n7J7tmdl8p4AaABAg,no,@mahireddy9890,no,Our farmers song,0,1631750400
PkenunwpduU,Salam Kissan | A Tribute to Farmers of the World by Sarsabz Fertilizers | Ali Noor | Jami Moor,20191209,UgyUfu3zRqAccok_7Nd4AaABAg,no,@GlobalAgricultureHub,no,"Plz support our farmers.
Support #AgricultureHub
@AgricultureHub",0,1631750400
PkenunwpduU,Salam Kissan | A Tribute to Farmers of the World by Sarsabz Fertilizers | Ali Noor | Jami Moor,20191209,UgxGaNvUybSkDYxlvaJ4AaABAg,no,@GlobalAgricultureHub,no,This song should be copy right free,1,1631750400
PkenunwpduU,Salam Kissan | A Tribute to Farmers of the World by Sarsabz Fertilizers | Ali Noor | Jami Moor,20191209,UgyGcglPRgifBiNzptV4AaABAg,no,@muhammadaamir3112,no,Pak sar Zameen Shadbad.... Kissan Shadbad,0,1631750400
PkenunwpduU,Salam Kissan | A Tribute to Farmers of the World by Sarsabz Fertilizers | Ali Noor | Jami Moor,20191209,UgyFgyBP4qM7FK96cm94AaABAg,no,@MuhammadUmar-nm9bn,no,Pakistan Hme Fakhar Hai Pakistani Kisan Hone pe Pakistan Salam Kisan Sarsabaz PakistanZindabad,0,1631750400
PkenunwpduU,Salam Kissan | A Tribute to Farmers of the World by Sarsabz Fertilizers | Ali Noor | Jami Moor,20191209,Ugwhja9ZGGQTmN3VTo54AaABAg,no,@MuhammadUmar-nm9bn,no,Pakistan Hme Fakhar Hai Pakistani Kisan Hone pe Pakistan Salam Kisan Sarsabaz PakistanZindabad,0,1631750400
PkenunwpduU,Salam Kissan | A Tribute to Farmers of the World by Sarsabz Fertilizers | Ali Noor | Jami Moor,20191209,UgzJqGAzpiTtnYzm5wx4AaABAg,no,@Baljit_Roomi,no,Very nice 👍,1,1631750400
PkenunwpduU,Salam Kissan | A Tribute to Farmers of the World by Sarsabz Fertilizers | Ali Noor | Jami Moor,20191209,UgzU3PdIeaavhOwYb7V4AaABAg,no,@wait4justicejustice149,no,"#KisanMajdoorEktaJindabad
Lots of Respect #Pakistan Long Live the Mother Land of BaBa Guru #Nanak Maharaj ji 🙏🏻🙏🏻🙏🏻🚩🚩👳‍♂️👳‍♀️✊👲🧔🇵🇰🇵🇰",15,1631750400
PkenunwpduU,Salam Kissan | A Tribute to Farmers of the World by Sarsabz Fertilizers | Ali Noor | Jami Moor,20191209,UgzU3PdIeaavhOwYb7V4AaABAg.9IfR0fTjHjM9JSsN5LJkgZ,yes,@far8086,no,"Much love from Pakistan our Sikh veer
🇵🇰❤🇮🇳",0,1631750400
PkenunwpduU,Salam Kissan | A Tribute to Farmers of the World by Sarsabz Fertilizers | Ali Noor | Jami Moor,20191209,UgzU3PdIeaavhOwYb7V4AaABAg.9IfR0fTjHjM9T2TGk9K5TZ,yes,@AliAhmed-fq5lj,no,"For the farmers, labour, and the hardworking class everywhere in the world who continue to suffer in the hands of the big corporations.✊✊✊
#westandwiththeIndianfarmers",0,1663286400
PkenunwpduU,Salam Kissan | A Tribute to Farmers of the World by Sarsabz Fertilizers | Ali Noor | Jami Moor,20191209,Ugwa7Pshat8aV7sD33x4AaABAg,no,@MassabWaqas,no,Lovely! Ansu aa gaye dekh k ! SalaamKisaan!,1,1631750400
PkenunwpduU,Salam Kissan | A Tribute to Farmers of the World by Sarsabz Fertilizers | Ali Noor | Jami Moor,20191209,UgzDMp5juGNI3MsA59F4AaABAg,no,@shazadsalam3963,no,Look how we treat our farmers in Pakistan,3,1631750400
PkenunwpduU,Salam Kissan | A Tribute to Farmers of the World by Sarsabz Fertilizers | Ali Noor | Jami Moor,20191209,UgzHwc-at7bfmDt0aM94AaABAg,no,@sarfraz4009,no,Nice.100,2,1631750400
PkenunwpduU,Salam Kissan | A Tribute to Farmers of the World by Sarsabz Fertilizers | Ali Noor | Jami Moor,20191209,UgzCyWJau8tfkbarItB4AaABAg,no,@raheel3028,no,This is tribute to Our Sikh kissan Brothers as well ❤️,7,1631750400
PkenunwpduU,Salam Kissan | A Tribute to Farmers of the World by Sarsabz Fertilizers | Ali Noor | Jami Moor,20191209,UgzCyWJau8tfkbarItB4AaABAg.9IYJ92Ny1099IfRDnVFffc,yes,@wait4justicejustice149,no,🙏🏻🙏🏻🙏🏻🙏🏻🙏🏻🙏🏻🙏🏻,0,1631750400
PkenunwpduU,Salam Kissan | A Tribute to Farmers of the World by Sarsabz Fertilizers | Ali Noor | Jami Moor,20191209,UgyjqokouITCkoC5sN54AaABAg,no,@sabeerfayyaz,no,"From music to story, and to the lyrics, everything pays tribute to our farmers. #SalamKisaan",2,1631750400
PkenunwpduU,Salam Kissan | A Tribute to Farmers of the World by Sarsabz Fertilizers | Ali Noor | Jami Moor,20191209,UgyWEyshIFQRV93Agm14AaABAg,no,@thumbv,no,"No one has asked Pakistan to support Indian Kisaan...  it's our internal affair and we are capable to resolve this. I am an Indian Punjabi and I don't like Pakistani interference in our matters. I also request my punjabi and Indian people to be aware about misleading songs and lectures from outsiders, especially our enemy countries. We already have too many good singers like Sartaj, Bawa etc... so we don't need any  Pakistani songs and any Pakistani lecture.",0,1631750400
PkenunwpduU,Salam Kissan | A Tribute to Farmers of the World by Sarsabz Fertilizers | Ali Noor | Jami Moor,20191209,UgyWEyshIFQRV93Agm14AaABAg.9ILfEYbPtxS9IRTs4JqsK3,yes,@kashikhan5361,no,"Idiot look at the upload date of this song dec 2019, it’s Pakistani song about Pakistan farmers not Indian farmers which is recent. 🤡",5,1631750400
PkenunwpduU,Salam Kissan | A Tribute to Farmers of the World by Sarsabz Fertilizers | Ali Noor | Jami Moor,20191209,UgyWEyshIFQRV93Agm14AaABAg.9ILfEYbPtxS9IfRWP6m4dn,yes,@wait4justicejustice149,no,@kashikhan5361  eh Nakli sikh aa Fake I'd Hindu User Pakistan is Respectable Country for us Long Live #Pakistan the Mother Land of BaBa Guru #Nanak Patsha ji,2,1631750400
PkenunwpduU,Salam Kissan | A Tribute to Farmers of the World by Sarsabz Fertilizers | Ali Noor | Jami Moor,20191209,UgyWEyshIFQRV93Agm14AaABAg.9ILfEYbPtxS9IfRN0s_k82,yes,@wait4justicejustice149,no,"To feer ety Bond den aya aa 
ਦਿਲ ਦਿਲ ਖਾਲਿਸਤਾਨ ਜਾਨ ਜਾਨ ਪਾਕਿਸਤਾਨ",0,1631750400
PkenunwpduU,Salam Kissan | A Tribute to Farmers of the World by Sarsabz Fertilizers | Ali Noor | Jami Moor,20191209,UgzvkhquCH_BKDvnbJx4AaABAg,no,@YouTubeRadar56,no,I'm daughter of farmer. My grandfather was a farmer. And I'm proud of it.,8,1631750400
PkenunwpduU,Salam Kissan | A Tribute to Farmers of the World by Sarsabz Fertilizers | Ali Noor | Jami Moor,20191209,UgzvkhquCH_BKDvnbJx4AaABAg.9IL6WySsd009cyFXwfW2XP,yes,@owaistoor8094,no,Than why not you?,1,1663286400
PkenunwpduU,Salam Kissan | A Tribute to Farmers of the World by Sarsabz Fertilizers | Ali Noor | Jami Moor,20191209,UgzKtbVlOL-ildhnCxx4AaABAg,no,@sherakahlon5008,no,I Feel Proud i am 👳💦Farmer  #farmer,4,1631750400
PkenunwpduU,Salam Kissan | A Tribute to Farmers of the World by Sarsabz Fertilizers | Ali Noor | Jami Moor,20191209,Ugz6WYF1Bb4-WNAWI8B4AaABAg,no,@alipadda28,no,"Proud to be a farmer and I really worried about Indian Punjabi farmer's 
Kisanektazindabad ♥️💪",3,1631750400
PkenunwpduU,Salam Kissan | A Tribute to Farmers of the World by Sarsabz Fertilizers | Ali Noor | Jami Moor,20191209,Ugz_UYr6KNymuhWdWqR4AaABAg,no,@z-a-king.rock47fellas,no,KISAN EKTA ZINDABAD.,0,1631750400
PkenunwpduU,Salam Kissan | A Tribute to Farmers of the World by Sarsabz Fertilizers | Ali Noor | Jami Moor,20191209,UgzUsQTrTgJM8rglnRl4AaABAg,no,@virusgaming8616,no,"I feel proud because my grand father was a farmer, my father is a farmer , my brother Is a farmer, I am also famer",15,1631750400
PkenunwpduU,Salam Kissan | A Tribute to Farmers of the World by Sarsabz Fertilizers | Ali Noor | Jami Moor,20191209,UgzUsQTrTgJM8rglnRl4AaABAg.9IBHcE50J1yAUVUzh05qd0,yes,@Naheedqh,no,"Yynyg
YYyyyy",1,1776297600
PkenunwpduU,Salam Kissan | A Tribute to Farmers of the World by Sarsabz Fertilizers | Ali Noor | Jami Moor,20191209,UgzUsQTrTgJM8rglnRl4AaABAg.9IBHcE50J1yAUVUwsEfZV0,yes,@Naheedqh,no,Nanny y,0,1776297600
PkenunwpduU,Salam Kissan | A Tribute to Farmers of the World by Sarsabz Fertilizers | Ali Noor | Jami Moor,20191209,UgzBl_CYEEmZK20Y38V4AaABAg,no,@zaigham4129,no,❤️,0,1631750400
PkenunwpduU,Salam Kissan | A Tribute to Farmers of the World by Sarsabz Fertilizers | Ali Noor | Jami Moor,20191209,UgydQ0nx7hHlIl5m-Bl4AaABAg,no,@saqlainiqbal8440,no,#SalamKisan #ShukriaKisan 👑,0,1631750400
PkenunwpduU,Salam Kissan | A Tribute to Farmers of the World by Sarsabz Fertilizers | Ali Noor | Jami Moor,20191209,Ugy1jbPeP_002pefNLl4AaABAg,no,@abduls44,no,"Ay allah hmare pakistan k hr kone kone ko apni protection rakhna
Kiu k ap sb se pehtar hifazat krne wale he🤲",0,1631750400
PkenunwpduU,Salam Kissan | A Tribute to Farmers of the World by Sarsabz Fertilizers | Ali Noor | Jami Moor,20191209,UgxGlOdacXGJbqo7xYB4AaABAg,no,@sheryarraja6005,no,No matter how modern we are...without farmers there is no food,1,1631750400
PkenunwpduU,Salam Kissan | A Tribute to Farmers of the World by Sarsabz Fertilizers | Ali Noor | Jami Moor,20191209,UgzQcf1Tk6GlkBTrJTl4AaABAg,no,@visualsbyibtsam,no,Salam to every Kisan all over the world 🙌,1,1631750400
PkenunwpduU,Salam Kissan | A Tribute to Farmers of the World by Sarsabz Fertilizers | Ali Noor | Jami Moor,20191209,UgxZxeZ_EUK34wvmnft4AaABAg,no,@areeshazulfiqar5408,no,Just beautiful... watching with teary eyes. Forever greatful to these land savers,0,1631750400
PkenunwpduU,Salam Kissan | A Tribute to Farmers of the World by Sarsabz Fertilizers | Ali Noor | Jami Moor,20191209,Ugz6QGXLr5Qsf2OCXjJ4AaABAg,no,@farooqfarooq631,no,Salam kissan,0,1631750400
PkenunwpduU,Salam Kissan | A Tribute to Farmers of the World by Sarsabz Fertilizers | Ali Noor | Jami Moor,20191209,UgwPymYr8BTc55PM0eZ4AaABAg,no,@fateenliaqat7035,no,Such a Great Tribute to Farmers. ❤️,0,1631750400
PkenunwpduU,Salam Kissan | A Tribute to Farmers of the World by Sarsabz Fertilizers | Ali Noor | Jami Moor,20191209,Ugy33vFXa7yhHPx7VBJ4AaABAg,no,@zash619,no,Heart touching song 🇵🇰,0,1631750400
PkenunwpduU,Salam Kissan | A Tribute to Farmers of the World by Sarsabz Fertilizers | Ali Noor | Jami Moor,20191209,UgxYCFh1fyt8oEtz4Fx4AaABAg,no,@zash619,no,Beautiful song 🇵🇰,1,1631750400
PkenunwpduU,Salam Kissan | A Tribute to Farmers of the World by Sarsabz Fertilizers | Ali Noor | Jami Moor,20191209,UgxEGRR3wTNto0UZ5uF4AaABAg,no,@nawabzada5800,no,It should be in punjabi . Here a 12 crore punjabi in pak punjab so if it was in punjabi then see the views,0,1631750400
PkenunwpduU,Salam Kissan | A Tribute to Farmers of the World by Sarsabz Fertilizers | Ali Noor | Jami Moor,20191209,UgyjFh2WO-cPapViINp4AaABAg,no,@mudassirhameed3114,no,This is actual pakistan lovely and hardworking people great effort salam kisan,0,1631750400
PkenunwpduU,Salam Kissan | A Tribute to Farmers of the World by Sarsabz Fertilizers | Ali Noor | Jami Moor,20191209,UgylykvwDJJvCtJnwKd4AaABAg,no,@amiryounisbhatti2706,no,I love kisaan,0,1631750400
PkenunwpduU,Salam Kissan | A Tribute to Farmers of the World by Sarsabz Fertilizers | Ali Noor | Jami Moor,20191209,UgwARTeLbrwmeaUst0h4AaABAg,no,@makeinindiaartsaharanpur6425,no,Love from India,3,1631750400
PkenunwpduU,Salam Kissan | A Tribute to Farmers of the World by Sarsabz Fertilizers | Ali Noor | Jami Moor,20191209,Ugw4AgnbCe9MTo-p0Op4AaABAg,no,@shakeelanjum2072,no,I belong to a farmer family.,0,1631750400
PkenunwpduU,Salam Kissan | A Tribute to Farmers of the World by Sarsabz Fertilizers | Ali Noor | Jami Moor,20191209,Ugzq0SHFDcyTSeubIch4AaABAg,no,@nikaawan9555,no,"SLAAM KISAAAN❣️
SLAAAAM PAKISTAN 🇵🇰❣️
DEDICATED TO ALL FARMERS AROUND THE WORLD.... ESPECIALLY THE KHALISTANI FARMERS...WHO ARE FIGHTING FOE THEIR RIGHTS....THE WHOLE PAKISTANI FARMERS COMMUNITY IS WITH YOU GUYS......GO GET THEM...AT LEAST YOU GUYS ARE FIGHTING.....LOVE AND SUPPORT FROM PAKISTAN 🇵🇰.❣️❣️❣️❣️❣️❣️💪💪💪💪💪💪",2,1631750400
PkenunwpduU,Salam Kissan | A Tribute to Farmers of the World by Sarsabz Fertilizers | Ali Noor | Jami Moor,20191209,Ugzr8hWzLC06-qsJLLR4AaABAg,no,@khizrarose7098,no,Salam kaisaan💖💖💖💖💖💖💖💖💖💖💖💖💖💖💖👏🏻👏🏻👏🏻👏🏻👏🏻👏🏻👏🏻👏🏻👏🏻👏🏻👏🏻👏🏻👏🏻👏🏻👏🏻👏🏻👏🏻,0,1631750400
PkenunwpduU,Salam Kissan | A Tribute to Farmers of the World by Sarsabz Fertilizers | Ali Noor | Jami Moor,20191209,Ugw3vC8_EjQaRVx213B4AaABAg,no,@raokamran3112,no,"I proud tobe a farmer 
Yar ankho say anso nikal gaye yah song sun kay phlay 2 . 3 saal bhot loss howa",0,1631750400
PkenunwpduU,Salam Kissan | A Tribute to Farmers of the World by Sarsabz Fertilizers | Ali Noor | Jami Moor,20191209,UgxUB34RUFiOwJZdSap4AaABAg,no,@shahzadkhan-bh1ui,no,Amazingggg,0,1631750400
PkenunwpduU,Salam Kissan | A Tribute to Farmers of the World by Sarsabz Fertilizers | Ali Noor | Jami Moor,20191209,Ugz3sY7j5yaXJ3ZGsNR4AaABAg,no,@alisaeed8628,no,❤️❤️❤️❤️❤️❤️❤️❤️❤️❤️❤️❤️👍,0,1631750400
PkenunwpduU,Salam Kissan | A Tribute to Farmers of the World by Sarsabz Fertilizers | Ali Noor | Jami Moor,20191209,Ugyj3liumlVSyydIqBd4AaABAg,no,@viralup456,no,Like it_ from usa,1,1631750400
PkenunwpduU,Salam Kissan | A Tribute to Farmers of the World by Sarsabz Fertilizers | Ali Noor | Jami Moor,20191209,Ugz5IZiithhix6LfZfF4AaABAg,no,@zohaibhussain7614,no,Kisan hmari shan,0,1631750400
PkenunwpduU,Salam Kissan | A Tribute to Farmers of the World by Sarsabz Fertilizers | Ali Noor | Jami Moor,20191209,UgxRBJD1UHdiprd3HWl4AaABAg,no,@bushraparveen9900,no,"Agriculture is most underratted sector in Pakistan...Kissan ka zikr to milta hy but just siyasi byanaat main, sasti khaad, acha beej, fixed market prices, market infrastructure, or crop insurance farmer ka haq hy...yhan mehnat kissan krta hy profit middleman or sarmayadar ly jata hy..kissan awaz othay to dandy oper sy khata hy Pak-India dono hi farmers ko un k haqooq deny main nakaam hain.",3,1631750400
PkenunwpduU,Salam Kissan | A Tribute to Farmers of the World by Sarsabz Fertilizers | Ali Noor | Jami Moor,20191209,UgyXURZ_t5w3MTopUU94AaABAg,no,@shahzadjutt6850,no,AMAZINGGGGGGGGGGGGGGGGGGGGGGGGGG,0,1631750400
PkenunwpduU,Salam Kissan | A Tribute to Farmers of the World by Sarsabz Fertilizers | Ali Noor | Jami Moor,20191209,UgwXU9j5L1k-xPGc-p94AaABAg,no,@hannanaslamkamboh,no,Very nice fatima fertiliser,0,1631750400
PkenunwpduU,Salam Kissan | A Tribute to Farmers of the World by Sarsabz Fertilizers | Ali Noor | Jami Moor,20191209,UgylXw5OunJiseffC5Z4AaABAg,no,@mtalhatajammal5923,no,Salam kissan all over the world,0,1631750400
PkenunwpduU,Salam Kissan | A Tribute to Farmers of the World by Sarsabz Fertilizers | Ali Noor | Jami Moor,20191209,UgyBlClugWovTEu3lRZ4AaABAg,no,@Its_MLK_ALVI,no,Justiceforkissan love from 🇵🇰,1,1631750400
PkenunwpduU,Salam Kissan | A Tribute to Farmers of the World by Sarsabz Fertilizers | Ali Noor | Jami Moor,20191209,UgzYXuaRqx3STRRKfr54AaABAg,no,@abdulmuneeb194,no,Yes we all say that do not want to eat vegetables,1,1631750400
PkenunwpduU,Salam Kissan | A Tribute to Farmers of the World by Sarsabz Fertilizers | Ali Noor | Jami Moor,20191209,Ugz_KFPkhgVGbIh-esl4AaABAg,no,@5899-b3p,no,Kutta ka bacho kissan ka khoon Pena band kro,0,1631750400
PkenunwpduU,Salam Kissan | A Tribute to Farmers of the World by Sarsabz Fertilizers | Ali Noor | Jami Moor,20191209,UgzapQJZfZQb7FyzF4N4AaABAg,no,@nailaambareen8798,no,Wow,0,1631750400
PkenunwpduU,Salam Kissan | A Tribute to Farmers of the World by Sarsabz Fertilizers | Ali Noor | Jami Moor,20191209,UgwcL4rLTvFyWAIkw7R4AaABAg,no,@lakproduction007,no,Alhamdulliah Farmer,0,1631750400
PkenunwpduU,Salam Kissan | A Tribute to Farmers of the World by Sarsabz Fertilizers | Ali Noor | Jami Moor,20191209,UgxpwiGISpU7Dn44KzF4AaABAg,no,@VillageINSIDER92,no,"I am proud bcz I was a part of this company, fatima fertiliser sarsabz urea",1,1631750400
PkenunwpduU,Salam Kissan | A Tribute to Farmers of the World by Sarsabz Fertilizers | Ali Noor | Jami Moor,20191209,Ugzo8UlG3nUC0e49wat4AaABAg,no,@faryalsafeer5254,no,Farmers are back bone of economy,1,1631750400
PkenunwpduU,Salam Kissan | A Tribute to Farmers of the World by Sarsabz Fertilizers | Ali Noor | Jami Moor,20191209,Ugz-KgBZZtr3m_VOzdp4AaABAg,no,@MyMissFaariaZainab,no,https://www.youtube.com/watch?v=PSJnEdm0xMw&ab_channel=MyMissFaariaZainab,0,1631750400
PkenunwpduU,Salam Kissan | A Tribute to Farmers of the World by Sarsabz Fertilizers | Ali Noor | Jami Moor,20191209,UgwhpUb0uwa4shKUnFV4AaABAg,no,@SilahSilah-fm7ek,no,Salam to farmer's,0,1631750400
PkenunwpduU,Salam Kissan | A Tribute to Farmers of the World by Sarsabz Fertilizers | Ali Noor | Jami Moor,20191209,UgzKl5WoITpQVyNsKqV4AaABAg,no,@jahanzebkhan8307,no,Good job,0,1631750400
PkenunwpduU,Salam Kissan | A Tribute to Farmers of the World by Sarsabz Fertilizers | Ali Noor | Jami Moor,20191209,UgyONOVkpeAgIS39_xF4AaABAg,no,@omerahmed3959,no,Pakistan zindabAd from 🇬🇧,1,1631750400
PkenunwpduU,Salam Kissan | A Tribute to Farmers of the World by Sarsabz Fertilizers | Ali Noor | Jami Moor,20191209,UgyXLvSO928hD8Fvztx4AaABAg,no,@familyguy0-p6v,no,"Farmers are the backbone of the country.
Salute to farmers ❤️",6,1631750400
PkenunwpduU,Salam Kissan | A Tribute to Farmers of the World by Sarsabz Fertilizers | Ali Noor | Jami Moor,20191209,Ugy0MWnspqscdTF1R5h4AaABAg,no,@hiramaheentravelogue7184,no,Beautiful lyrics... And the voice just did the Justice.. hats off to both background singers 💕💕,0,1631750400
PkenunwpduU,Salam Kissan | A Tribute to Farmers of the World by Sarsabz Fertilizers | Ali Noor | Jami Moor,20191209,UgybTDvvur1fcEIzr7V4AaABAg,no,@chabdullahgamingchampion508,no,v good video...salam kissan,0,1631750400
PkenunwpduU,Salam Kissan | A Tribute to Farmers of the World by Sarsabz Fertilizers | Ali Noor | Jami Moor,20191209,UgwG1zDvHwMgDNJyj5F4AaABAg,no,@mardollaryt7067,no,I feel proud to be a kisan mera family members sub kisaan dar h,2,1631750400
PkenunwpduU,Salam Kissan | A Tribute to Farmers of the World by Sarsabz Fertilizers | Ali Noor | Jami Moor,20191209,UgxbefgID31akMN9unZ4AaABAg,no,@muhammadtalha3749,no,🥲🥲🥲,0,1631750400
PkenunwpduU,Salam Kissan | A Tribute to Farmers of the World by Sarsabz Fertilizers | Ali Noor | Jami Moor,20191209,UgxgHi5JefxAu8u1WtJ4AaABAg,no,@Billyyyy7373,no,Support sikh farmers love from Pakistan 🇵🇰,57,1631750400
PkenunwpduU,Salam Kissan | A Tribute to Farmers of the World by Sarsabz Fertilizers | Ali Noor | Jami Moor,20191209,UgyAZ3jBllUw0I7mpvB4AaABAg,no,@zafarullahchaudhry6168,no,i am proud that we r farmers,1,1631750400
PkenunwpduU,Salam Kissan | A Tribute to Farmers of the World by Sarsabz Fertilizers | Ali Noor | Jami Moor,20191209,UgwD6Nh-CwsmxF0v9y54AaABAg,no,@marythegenius5124,no,what a master piece it is,0,1631750400
PkenunwpduU,Salam Kissan | A Tribute to Farmers of the World by Sarsabz Fertilizers | Ali Noor | Jami Moor,20191209,UgxRO4H0DWP5o8ihtvh4AaABAg,no,@SHORTS-ti4vq,no,"SARSABZ ROYAL DEALER DISPLAY COMPETITION 2020
https://youtu.be/sbbGIGbNgYg",1,1631750400
PkenunwpduU,Salam Kissan | A Tribute to Farmers of the World by Sarsabz Fertilizers | Ali Noor | Jami Moor,20191209,Ugzc8JAHOAtzSmSq3ll4AaABAg,no,@kggamers6325,no,Beautiful song and brilliant story,0,1631750400
PkenunwpduU,Salam Kissan | A Tribute to Farmers of the World by Sarsabz Fertilizers | Ali Noor | Jami Moor,20191209,Ugxgrpf-O3uIR01XhcJ4AaABAg,no,@xaranboi,no,I love my pakistan. I love my kissan. . . May Allah bless all farmers of the world. ...,0,1631750400
PkenunwpduU,Salam Kissan | A Tribute to Farmers of the World by Sarsabz Fertilizers | Ali Noor | Jami Moor,20191209,UgxUsFS7BVmdxM84S7F4AaABAg,no,@611amir,no,Feel proud of being bread maker for Pakistan and world . Salam kisan,1,1631750400
PkenunwpduU,Salam Kissan | A Tribute to Farmers of the World by Sarsabz Fertilizers | Ali Noor | Jami Moor,20191209,Ugw3zQ5r6r85AFg4cUh4AaABAg,no,@imajimaj9753,no,پاکستان زندہ باد 🇵🇰🇵🇰🇵🇰🇵🇰🇵🇰🇵🇰🇵🇰🌹🌹✨✨✨✨✨✨✨✨✨✨✨✨✨✨,0,1631750400
PkenunwpduU,Salam Kissan | A Tribute to Farmers of the World by Sarsabz Fertilizers | Ali Noor | Jami Moor,20191209,UgzU5PteH1_e_-i_8rt4AaABAg,no,@sufyaniqbal8939,no,Dil sy suno to ankhon sy ansu any lagty hain. ya jo log  khaton main  kaam kry han kisi k man baap hain. kisi k bachy hain. apny apko is mahnat k alam main soch kr dako to feel ay gi. Slaam Kisan. Slaam Pakistan.,1,1631750400
PkenunwpduU,Salam Kissan | A Tribute to Farmers of the World by Sarsabz Fertilizers | Ali Noor | Jami Moor,20191209,UgyXTSBN272jviiDbbl4AaABAg,no,@MalikBilal-vb9ve,no,"Same feelings for our Indian kissan
-love from Pak❤️❤️❤️❤️",0,1631750400
PkenunwpduU,Salam Kissan | A Tribute to Farmers of the World by Sarsabz Fertilizers | Ali Noor | Jami Moor,20191209,UgzMnRZ3m3PlvujVEld4AaABAg,no,@azramislam962,no,Tribute to neighbors..,0,1631750400
PkenunwpduU,Salam Kissan | A Tribute to Farmers of the World by Sarsabz Fertilizers | Ali Noor | Jami Moor,20191209,UgyLZJBqjviu-5fYqC94AaABAg,no,@Shabana-zs2du,no,"Kisaan duniya ka koi bhi ho sanjha hy....Kisaan ka hum pr hr luqmay ka ehsan hy...Shukriya kisan,shukriya sarsabz💝💝✌",0,1631750400
PkenunwpduU,Salam Kissan | A Tribute to Farmers of the World by Sarsabz Fertilizers | Ali Noor | Jami Moor,20191209,UgwC9V1hJKEgfSserRx4AaABAg,no,@YoutubeDairyFarming,no,Some scenes in my village,1,1631750400
PkenunwpduU,Salam Kissan | A Tribute to Farmers of the World by Sarsabz Fertilizers | Ali Noor | Jami Moor,20191209,Ugy57bvV3IBkKeWQtd14AaABAg,no,@Travelwithshahiryar,no,one like for our indian farmers brother lets pray God help them to get their rights from brutal modi government,49,1631750400
PkenunwpduU,Salam Kissan | A Tribute to Farmers of the World by Sarsabz Fertilizers | Ali Noor | Jami Moor,20191209,Ugy57bvV3IBkKeWQtd14AaABAg.9HFffDB2OisA756vwymlWh,yes,@SaraanSarangi,no,Even farmers in Pakistani punjab are facing problems. Unfortunately punjab ka sab khaaty hain magar koi punjabi farmers ka ehsaas nai krta. Mushkil waqt hai punjab pay. Qk punjab divided hai.,0,1726444800
PkenunwpduU,Salam Kissan | A Tribute to Farmers of the World by Sarsabz Fertilizers | Ali Noor | Jami Moor,20191209,UgzIsCKovlBbqjSczcl4AaABAg,no,@ibrarroha8790,no,"Any indian here?
Please like",0,1631750400
PkenunwpduU,Salam Kissan | A Tribute to Farmers of the World by Sarsabz Fertilizers | Ali Noor | Jami Moor,20191209,UgynWX5h74g4fpNG2RV4AaABAg,no,@AliHassan-ub8hi,no,Proud to be a farmer son,1,1631750400
PkenunwpduU,Salam Kissan | A Tribute to Farmers of the World by Sarsabz Fertilizers | Ali Noor | Jami Moor,20191209,UgwgCHrzW127XLNrpSN4AaABAg,no,@amiryounisbhatti2706,no,Kissan s are very powerful,0,1631750400
PkenunwpduU,Salam Kissan | A Tribute to Farmers of the World by Sarsabz Fertilizers | Ali Noor | Jami Moor,20191209,UgzEJQo03Mz4qClWrbJ4AaABAg,no,@amiryounisbhatti2706,no,I like kissan hard working,0,1631750400
PkenunwpduU,Salam Kissan | A Tribute to Farmers of the World by Sarsabz Fertilizers | Ali Noor | Jami Moor,20191209,UgxWpII8iYDwZNBpGa54AaABAg,no,@RajwinderKaur-ok1fk,no,i respect pakistan from my bottom of heart .from punjab india .reh gye jo lahore oh v ta khoon sada hai .❤❤❤❤❤❤🇵🇰🇵🇰🇵🇰🇵🇰🇵🇰🇵🇰🇵🇰🇵🇰🇵🇰,12,1631750400
PkenunwpduU,Salam Kissan | A Tribute to Farmers of the World by Sarsabz Fertilizers | Ali Noor | Jami Moor,20191209,UgxWpII8iYDwZNBpGa54AaABAg.9HFBpCEFjZ79H_Nyly-nUW,yes,@abdulrehman-fr1hp,no,Thank you.We stand with peaceful protest of farmers.,0,1631750400
PkenunwpduU,Salam Kissan | A Tribute to Farmers of the World by Sarsabz Fertilizers | Ali Noor | Jami Moor,20191209,UgxWpII8iYDwZNBpGa54AaABAg.9HFBpCEFjZ79IHW42SlF-U,yes,@alviawan3425,no,we also miss all of you indian punjab from lahore,0,1631750400
PkenunwpduU,Salam Kissan | A Tribute to Farmers of the World by Sarsabz Fertilizers | Ali Noor | Jami Moor,20191209,Ugw82TxkKlH7QXUP7GJ4AaABAg,no,@uzmazulfikaar4664,no,"Nation's Real and true Hero's.
I don't have status even to Salute you👏👌☝️Love by the Core of my Heart 💞❤️💞",0,1631750400
PkenunwpduU,Salam Kissan | A Tribute to Farmers of the World by Sarsabz Fertilizers | Ali Noor | Jami Moor,20191209,UgzeaFl5ZZ-RU6GMsm94AaABAg,no,@alibajwa1211,no,❤️❤️,0,1631750400
PkenunwpduU,Salam Kissan | A Tribute to Farmers of the World by Sarsabz Fertilizers | Ali Noor | Jami Moor,20191209,UgyQrYHAB_ETPlth_Ch4AaABAg,no,@saimasaima3159,no,Salam kisan,0,1631750400
PkenunwpduU,Salam Kissan | A Tribute to Farmers of the World by Sarsabz Fertilizers | Ali Noor | Jami Moor,20191209,UgwT9W4BQbdOa3qxrZt4AaABAg,no,@asimrazzaq999,no,"Salam kisan,  Salam Pakistan",0,1631750400
PkenunwpduU,Salam Kissan | A Tribute to Farmers of the World by Sarsabz Fertilizers | Ali Noor | Jami Moor,20191209,UgzfErSSi6yG6RDKU294AaABAg,no,@Random-choices365,no,Kisaan hmari shaan,0,1631750400
PkenunwpduU,Salam Kissan | A Tribute to Farmers of the World by Sarsabz Fertilizers | Ali Noor | Jami Moor,20191209,UgxDLs3UNf1T8beGZJN4AaABAg,no,@mansooralishah1191,no,Here after Delhi protests,1,1631750400
PkenunwpduU,Salam Kissan | A Tribute to Farmers of the World by Sarsabz Fertilizers | Ali Noor | Jami Moor,20191209,UgwR2nNJYbZuCPd5V394AaABAg,no,@basharat1414,no,"i think the title  of this  song is wrong i,e tribute to framers of Pakistan this should be tribute to framers of whole world  ❤😘❤😘👍",0,1631750400
PkenunwpduU,Salam Kissan | A Tribute to Farmers of the World by Sarsabz Fertilizers | Ali Noor | Jami Moor,20191209,Ugz0D9ClyuLAOYRumNJ4AaABAg,no,@areebsiddiqui8224,no,There is magic in Ali Noor's voice,3,1631750400
PkenunwpduU,Salam Kissan | A Tribute to Farmers of the World by Sarsabz Fertilizers | Ali Noor | Jami Moor,20191209,UgxJMEI3-kgPWCXOOVx4AaABAg,no,@tajamalhassan7322,no,Thankyou sarsabz for giving us tribute,0,1631750400
PkenunwpduU,Salam Kissan | A Tribute to Farmers of the World by Sarsabz Fertilizers | Ali Noor | Jami Moor,20191209,UgxVmo2oEIcbsgcrbs54AaABAg,no,@hammed2888,no,I feel proud because my  father is farmer.,123,1631750400
PkenunwpduU,Salam Kissan | A Tribute to Farmers of the World by Sarsabz Fertilizers | Ali Noor | Jami Moor,20191209,UgxVmo2oEIcbsgcrbs54AaABAg.9HDGr0Ovcvw9HKsucPVEeb,yes,@roastingpro4279,no,Masha Allah,6,1631750400
PkenunwpduU,Salam Kissan | A Tribute to Farmers of the World by Sarsabz Fertilizers | Ali Noor | Jami Moor,20191209,UgxVmo2oEIcbsgcrbs54AaABAg.9HDGr0Ovcvw9HS9P8kyOEF,yes,@ammaraslamhirai6549,no,You should be.🙌🏽,6,1631750400
PkenunwpduU,Salam Kissan | A Tribute to Farmers of the World by Sarsabz Fertilizers | Ali Noor | Jami Moor,20191209,UgxVmo2oEIcbsgcrbs54AaABAg.9HDGr0Ovcvw9HIM9RbMo2h,yes,@hammed2888,no,Thanks for all,5,1631750400
PkenunwpduU,Salam Kissan | A Tribute to Farmers of the World by Sarsabz Fertilizers | Ali Noor | Jami Moor,20191209,UgxVmo2oEIcbsgcrbs54AaABAg.9HDGr0Ovcvw9HNVI1TGmtT,yes,@ABDULMOIZ-l6m,no,Mashallah,5,1631750400
PkenunwpduU,Salam Kissan | A Tribute to Farmers of the World by Sarsabz Fertilizers | Ali Noor | Jami Moor,20191209,UgxVmo2oEIcbsgcrbs54AaABAg.9HDGr0Ovcvw9HsPaplaLmz,yes,@stormrider7859,no,Pakistan proud of you brother,4,1631750400
PkenunwpduU,Salam Kissan | A Tribute to Farmers of the World by Sarsabz Fertilizers | Ali Noor | Jami Moor,20191209,UgxVmo2oEIcbsgcrbs54AaABAg.9HDGr0Ovcvw9JYEZO2z2_i,yes,@ammaraashraf3494,no,Which city,2,1631750400
PkenunwpduU,Salam Kissan | A Tribute to Farmers of the World by Sarsabz Fertilizers | Ali Noor | Jami Moor,20191209,UgwRAtSE9LCP3ByasJl4AaABAg,no,@abbehamasood7390,no,They r lovely nd hard working peoples love nd respect to all farmers,9,1631750400
PkenunwpduU,Salam Kissan | A Tribute to Farmers of the World by Sarsabz Fertilizers | Ali Noor | Jami Moor,20191209,Ugyz9azyCJyXMV33Nal4AaABAg,no,@abdulhaseeb9299,no,Good hogya ji kisan,0,1631750400
PkenunwpduU,Salam Kissan | A Tribute to Farmers of the World by Sarsabz Fertilizers | Ali Noor | Jami Moor,20191209,UgyaZxm4EO2y1cpuK-54AaABAg,no,@manurussiwala3643,no,Who is here after injustice to indian farmers,122,1631750400
PkenunwpduU,Salam Kissan | A Tribute to Farmers of the World by Sarsabz Fertilizers | Ali Noor | Jami Moor,20191209,UgyaZxm4EO2y1cpuK-54AaABAg.9HDCRWvVL3c9I4ZtjXtcN7,yes,@rajwinder34,no,I am jaspal singh bhinder,3,1631750400
PkenunwpduU,Salam Kissan | A Tribute to Farmers of the World by Sarsabz Fertilizers | Ali Noor | Jami Moor,20191209,UgyaZxm4EO2y1cpuK-54AaABAg.9HDCRWvVL3c9IVFBEBMnEd,yes,@tajkamalsingh8289,no,"@SeeForFix  I have said that sikhs and punjabi people are only in india who stand for kashmir people in there bad time and majority  farmers are from punjab and haryana so you not say bad words to farmers and support them
English kaam hati hai pehla punjabi ma likha tha",2,1631750400
PkenunwpduU,Salam Kissan | A Tribute to Farmers of the World by Sarsabz Fertilizers | Ali Noor | Jami Moor,20191209,UgyaZxm4EO2y1cpuK-54AaABAg.9HDCRWvVL3c9IMIChVAn_2,yes,@ramanreetsandhu5669,no,"@SeeForFix  Still, any farmer can relate to it, especially Indian Farmers and music has no boundaries. It do not lessen their contribution. Share it with Modi or Indian Fertilizer corporates.",1,1631750400
PkenunwpduU,Salam Kissan | A Tribute to Farmers of the World by Sarsabz Fertilizers | Ali Noor | Jami Moor,20191209,UgyaZxm4EO2y1cpuK-54AaABAg.9HDCRWvVL3c9IVDvNEmcNC,yes,@tajkamalsingh8289,no,@SeeForFix  salleya punjab te sikh hi na ikala pura india cho jo kashmir nal aukha time support kiti thik hai te farmers apna punjab haryana toh jyadatar na,1,1631750400
PkenunwpduU,Salam Kissan | A Tribute to Farmers of the World by Sarsabz Fertilizers | Ali Noor | Jami Moor,20191209,UgyaZxm4EO2y1cpuK-54AaABAg.9HDCRWvVL3c9IVYTD_gasR,yes,@tajkamalsingh8289,no,@SeeForFix  ok👍👍,1,1631750400
PkenunwpduU,Salam Kissan | A Tribute to Farmers of the World by Sarsabz Fertilizers | Ali Noor | Jami Moor,20191209,UgyaZxm4EO2y1cpuK-54AaABAg.9HDCRWvVL3c9J0evEJXI70,yes,@theoutpost3608,no,@SeeForFix  Nafrat zalim se kiya jaata he aam logon se nahi. Islam is wija se phela tha kyun k sahaba k dilon me sirf zulm se nafrat thi zaalim k leye nahi. Hate the sin not the sinner. Is leye aap sirf un ki hakoomat k khilaf bolen aam logo ko chor den!!!,0,1631750400
PkenunwpduU,Salam Kissan | A Tribute to Farmers of the World by Sarsabz Fertilizers | Ali Noor | Jami Moor,20191209,UgyaZxm4EO2y1cpuK-54AaABAg.9HDCRWvVL3c9J0gRhqmfd-,yes,@theoutpost3608,no,@SeeForFix  pata he. Lekinn wo jaahil hen aur Quran me likha he jab jaahil(ignorant) tumhare se baes karne ki koshish kare to tum us bas salam keh do yehni jawab mat do. Unhen bolne do jo wo bolte hen hum ne islam ko dekhna he un ko nahi!!!,0,1631750400
PkenunwpduU,Salam Kissan | A Tribute to Farmers of the World by Sarsabz Fertilizers | Ali Noor | Jami Moor,20191209,UgyO3XhjPRFGxNsU6at4AaABAg,no,@Abdul.50,no,Proud to be son of farmer......,1,1631750400
PkenunwpduU,Salam Kissan | A Tribute to Farmers of the World by Sarsabz Fertilizers | Ali Noor | Jami Moor,20191209,Ugw8Y31uSfI2a2Tcs254AaABAg,no,@IslamicDelight04,no,I guess it is best commercial of pakistan😍💝,2,1631750400
PkenunwpduU,Salam Kissan | A Tribute to Farmers of the World by Sarsabz Fertilizers | Ali Noor | Jami Moor,20191209,UgzOK4MqpFY9QGHE6x94AaABAg,no,@tariqnaveed8472,no,Great,0,1631750400
PkenunwpduU,Salam Kissan | A Tribute to Farmers of the World by Sarsabz Fertilizers | Ali Noor | Jami Moor,20191209,Ugz6k1Sy9-2-6yjTy1V4AaABAg,no,@deararcher,no,"Very beautiful video 💖
Absolutely fascinating 🥰
Real depiction of efforts of our farmers.
Salute to hard work of farmers.
Applause for team of Sarsabz team for bringing such amazing video to us 💐",0,1631750400
PkenunwpduU,Salam Kissan | A Tribute to Farmers of the World by Sarsabz Fertilizers | Ali Noor | Jami Moor,20191209,Ugx6NeYRZ1-QtAo3bbp4AaABAg,no,@AdzClub,no,Love from india,14,1631750400
PkenunwpduU,Salam Kissan | A Tribute to Farmers of the World by Sarsabz Fertilizers | Ali Noor | Jami Moor,20191209,UgxypLAXbrvLoXiO6d14AaABAg,no,@sameerraees6707,no,Great emotions with great voice!,3,1631750400
PkenunwpduU,Salam Kissan | A Tribute to Farmers of the World by Sarsabz Fertilizers | Ali Noor | Jami Moor,20191209,UgxIlL1ggXf9STvsIXR4AaABAg,no,@urwassplashcentre7225,no,"They work day and night to provide us food, they are us and they are equal to us salam pakistan",17,1631750400
PkenunwpduU,Salam Kissan | A Tribute to Farmers of the World by Sarsabz Fertilizers | Ali Noor | Jami Moor,20191209,UgxIlL1ggXf9STvsIXR4AaABAg.9H2nFFfr77r9H4z-dAJhgb,yes,@sameerraees6707,no,"Dr saima your statement do not do justice, they are not equal to us infact they are more than us😊",2,1631750400
PkenunwpduU,Salam Kissan | A Tribute to Farmers of the World by Sarsabz Fertilizers | Ali Noor | Jami Moor,20191209,Ugxx4yqGjU0wpSttjyR4AaABAg,no,@urwassplashcentre7225,no,Salaam kissan,1,1631750400
PkenunwpduU,Salam Kissan | A Tribute to Farmers of the World by Sarsabz Fertilizers | Ali Noor | Jami Moor,20191209,UgxkDgRddP5bc5WJAo94AaABAg,no,@abdullahbinzafar806,no,Behtreeen ❤💯,0,1631750400
PkenunwpduU,Salam Kissan | A Tribute to Farmers of the World by Sarsabz Fertilizers | Ali Noor | Jami Moor,20191209,UgxIz1m46X2-CZxo7VZ4AaABAg,no,@SaraanSarangi,no,thanks to farmers otherwise pakistan has ghanta economy :),1,1631750400
PkenunwpduU,Salam Kissan | A Tribute to Farmers of the World by Sarsabz Fertilizers | Ali Noor | Jami Moor,20191209,UgxIz1m46X2-CZxo7VZ4AaABAg.9H1hR2ZCrUX9H3FnxbMjKU,yes,@saadasad3880,no,India mai farmers or state ka jhagra chal raha hai isliye Pakistan mai is add ko abhi chala raha hain t.v par bohat,1,1631750400
PkenunwpduU,Salam Kissan | A Tribute to Farmers of the World by Sarsabz Fertilizers | Ali Noor | Jami Moor,20191209,UgxIz1m46X2-CZxo7VZ4AaABAg.9H1hR2ZCrUXAMYtdadF-ZH,yes,@SaraanSarangi,no,​ @saadasad3880 penyak hi hai hmari gov bhi. Floods ny sara punjab ujaar dia,0,1757980800
PkenunwpduU,Salam Kissan | A Tribute to Farmers of the World by Sarsabz Fertilizers | Ali Noor | Jami Moor,20191209,Ugy8PMEaP2meydLaaV94AaABAg,no,@okvlogs6896,no,Proud to be the generation of a Farmer Allahumdulliah....,2,1631750400
PkenunwpduU,Salam Kissan | A Tribute to Farmers of the World by Sarsabz Fertilizers | Ali Noor | Jami Moor,20191209,Ugy8PMEaP2meydLaaV94AaABAg.9H-8_iFdTS-9H0c9mE2NaT,yes,@sadiamuneeb6558,no,Fatima Group is Fraud Gang,0,1631750400
PkenunwpduU,Salam Kissan | A Tribute to Farmers of the World by Sarsabz Fertilizers | Ali Noor | Jami Moor,20191209,Ugy8PMEaP2meydLaaV94AaABAg.9H-8_iFdTS-9NjDXVhst4C,yes,@okvlogs6896,no,@sadiamuneeb6558  ma'am i am talking about my ancestors,1,1631750400
PkenunwpduU,Salam Kissan | A Tribute to Farmers of the World by Sarsabz Fertilizers | Ali Noor | Jami Moor,20191209,Ugw4UGuk8ueQjbl70DN4AaABAg,no,@relax69167,no,Is this the song for tiktok,1,1631750400
PkenunwpduU,Salam Kissan | A Tribute to Farmers of the World by Sarsabz Fertilizers | Ali Noor | Jami Moor,20191209,Ugw4UGuk8ueQjbl70DN4AaABAg.9GyYwq3sXbr9H0c7ECoer1,yes,@sadiamuneeb6558,no,Fatima Group is Fraud Gang,0,1631750400
PkenunwpduU,Salam Kissan | A Tribute to Farmers of the World by Sarsabz Fertilizers | Ali Noor | Jami Moor,20191209,Ugw4UGuk8ueQjbl70DN4AaABAg.9GyYwq3sXbr9H22sxwOe3w,yes,@relax69167,no,@sadiamuneeb6558  no they are not,0,1631750400
PkenunwpduU,Salam Kissan | A Tribute to Farmers of the World by Sarsabz Fertilizers | Ali Noor | Jami Moor,20191209,Ugw4UGuk8ueQjbl70DN4AaABAg.9GyYwq3sXbr9HEh_ekb1Xf,yes,@farmankazmi8203,no,@sadiamuneeb6558  To phr,0,1631750400
PkenunwpduU,Salam Kissan | A Tribute to Farmers of the World by Sarsabz Fertilizers | Ali Noor | Jami Moor,20191209,UgwuSxE5F2Oam6TEC9l4AaABAg,no,@s.m7980,no,Very nice,0,1631750400
PkenunwpduU,Salam Kissan | A Tribute to Farmers of the World by Sarsabz Fertilizers | Ali Noor | Jami Moor,20191209,UgyNhuzpfBH5XSIQhG14AaABAg,no,@Seen_say_Sania,no,Who is here after it won best Add award?,3,1631750400
PkenunwpduU,Salam Kissan | A Tribute to Farmers of the World by Sarsabz Fertilizers | Ali Noor | Jami Moor,20191209,Ugw8DqQDPyKzoJ5Gn7p4AaABAg,no,@tiktokvideos-wg5ez,no,Great,0,1600214400
PkenunwpduU,Salam Kissan | A Tribute to Farmers of the World by Sarsabz Fertilizers | Ali Noor | Jami Moor,20191209,UgyRUveH8nFgWGvAGhh4AaABAg,no,@farooqmughal100,no,Awesome,0,1600214400
PkenunwpduU,Salam Kissan | A Tribute to Farmers of the World by Sarsabz Fertilizers | Ali Noor | Jami Moor,20191209,UgzjpOZef2roIe9Je_R4AaABAg,no,@muhammadaliumer532,no,"Product :Pakistan, Salam. Kissan🌟❤️",1,1600214400
PkenunwpduU,Salam Kissan | A Tribute to Farmers of the World by Sarsabz Fertilizers | Ali Noor | Jami Moor,20191209,UgzN6cHMqm0w9V_UFoN4AaABAg,no,@daniyajahangir1150,no,"Pakistan, my motherland ❤️  🇵🇰",6,1600214400
PkenunwpduU,Salam Kissan | A Tribute to Farmers of the World by Sarsabz Fertilizers | Ali Noor | Jami Moor,20191209,Ugx5znLg_t8DL8Pi--h4AaABAg,no,@aleenaasif1781,no,very true and a very beautiful song tribute to all labours of pakistan and all ofthe world,0,1600214400
PkenunwpduU,Salam Kissan | A Tribute to Farmers of the World by Sarsabz Fertilizers | Ali Noor | Jami Moor,20191209,Ugyhhjwa-nO7ICEHp6x4AaABAg,no,@MUHAMMADKAMRAN-uw6zk,no,Favourite song,0,1600214400
PkenunwpduU,Salam Kissan | A Tribute to Farmers of the World by Sarsabz Fertilizers | Ali Noor | Jami Moor,20191209,UgzII30ZAXSJFEK_A_N4AaABAg,no,@rameezkhalid5241,no,so thats what pakistan is best for,1,1600214400
PkenunwpduU,Salam Kissan | A Tribute to Farmers of the World by Sarsabz Fertilizers | Ali Noor | Jami Moor,20191209,UgwdV10wFk_Qd4b-B_p4AaABAg,no,@enotiofficial5258,no,One Of The Best Video On YouTube...,1,1600214400
PkenunwpduU,Salam Kissan | A Tribute to Farmers of the World by Sarsabz Fertilizers | Ali Noor | Jami Moor,20191209,Ugyg1gXmEjFeavP8Ih54AaABAg,no,@mujeebisaazish6895,no,beautiful,2,1600214400
PkenunwpduU,Salam Kissan | A Tribute to Farmers of the World by Sarsabz Fertilizers | Ali Noor | Jami Moor,20191209,UgyZtkbJ_l_QA4Kj1d94AaABAg,no,@haidermajeed3923,no,This video touch the farmer feeling and struggled,1,1600214400
PkenunwpduU,Salam Kissan | A Tribute to Farmers of the World by Sarsabz Fertilizers | Ali Noor | Jami Moor,20191209,UgwZ8MrRW0Z2Jf5LDcN4AaABAg,no,@masifraza83,no,This made me fall in our hard working farmers and their families.. heart touching lyrics and the beautiful voice of Ali Noor.. ♥️♥️🇵🇰🇵🇰♥️♥️,3,1600214400
PkenunwpduU,Salam Kissan | A Tribute to Farmers of the World by Sarsabz Fertilizers | Ali Noor | Jami Moor,20191209,UgwZ8MrRW0Z2Jf5LDcN4AaABAg.93Rke3S5-VO9H0cKkPZAoz,yes,@sadiamuneeb6558,no,Fatima Group is Fraud Gang,0,1631750400
PkenunwpduU,Salam Kissan | A Tribute to Farmers of the World by Sarsabz Fertilizers | Ali Noor | Jami Moor,20191209,UgzBkT82JxwoHT_GKWR4AaABAg,no,@aesthixxx_2010,no,What a beautiful song. Love u kisan love u Pakistan,1,1600214400
PkenunwpduU,Salam Kissan | A Tribute to Farmers of the World by Sarsabz Fertilizers | Ali Noor | Jami Moor,20191209,UgwS0sJR0wyQ0t2cvbp4AaABAg,no,@rehmanaziz911,no,beautiful music,1,1600214400
PkenunwpduU,Salam Kissan | A Tribute to Farmers of the World by Sarsabz Fertilizers | Ali Noor | Jami Moor,20191209,UgwsS4JMRs2YJD1d-3F4AaABAg,no,@faizanali8782,no,asha ha song aro sab sa asha ha pakistan ha,1,1600214400
PkenunwpduU,Salam Kissan | A Tribute to Farmers of the World by Sarsabz Fertilizers | Ali Noor | Jami Moor,20191209,UgwHumTlKhs3hA95Tlx4AaABAg,no,@fatimaalishah4218,no,"I am not crying, you're crying.",3,1600214400
PkenunwpduU,Salam Kissan | A Tribute to Farmers of the World by Sarsabz Fertilizers | Ali Noor | Jami Moor,20191209,UgwHumTlKhs3hA95Tlx4AaABAg.93AipigmBbX9H0c0fOMlvR,yes,@sadiamuneeb6558,no,Fatima Group is Fraud Gang,0,1631750400
PkenunwpduU,Salam Kissan | A Tribute to Farmers of the World by Sarsabz Fertilizers | Ali Noor | Jami Moor,20191209,UgyY5OEUb4DdP9ou1FN4AaABAg,no,@psych_behind_things,no,Sala Kissan!  <3,1,1600214400
PkenunwpduU,Salam Kissan | A Tribute to Farmers of the World by Sarsabz Fertilizers | Ali Noor | Jami Moor,20191209,UgzbbYF6xq0edfQp3EN4AaABAg,no,@夸我帅对面的小伙,no,Like it——from China,59,1600214400
PkenunwpduU,Salam Kissan | A Tribute to Farmers of the World by Sarsabz Fertilizers | Ali Noor | Jami Moor,20191209,UgzbbYF6xq0edfQp3EN4AaABAg.935irKSZFpF9J11K2rCS9z,yes,@datastady3422,no,thanks iron brother,1,1631750400
PkenunwpduU,Salam Kissan | A Tribute to Farmers of the World by Sarsabz Fertilizers | Ali Noor | Jami Moor,20191209,Ugx9h5WJQq5FG6lte6d4AaABAg,no,@Sadamshah91,no,kissan ko ganne ki nh sehat or taleem ki zroorat hai,1,1600214400
PkenunwpduU,Salam Kissan | A Tribute to Farmers of the World by Sarsabz Fertilizers | Ali Noor | Jami Moor,20191209,UgxNR_n5HmZ4RV2l8Yl4AaABAg,no,@learnislam6993,no,"English Translation of this Song


Who work's day and night
Fills the dirt with colors
In all passing seasons
Who fights all difficulties 
It's only due to you, our happiness increases
Thorough your hard work will we increase the world's value
Keep going like that
And all routes will reach a destination
It's only through your will and determination Pakistan is green
Salam, O farmer
The clouds of sadness
That reign upon you
This sun and these rains
That have broken you
This hope shall not break away
It's only due to you, our happiness increases
Thorough your hard work will we increase the world's value
Keep going like that
And all routes will reach a destination
It's only through your will and determination Pakistan is green
Salam, O farmer",6,1600214400
PkenunwpduU,Salam Kissan | A Tribute to Farmers of the World by Sarsabz Fertilizers | Ali Noor | Jami Moor,20191209,UgxNR_n5HmZ4RV2l8Yl4AaABAg.92s2u9sjN629H0c4zPRdZk,yes,@sadiamuneeb6558,no,Fatima Group is Fraud Gang,0,1631750400
PkenunwpduU,Salam Kissan | A Tribute to Farmers of the World by Sarsabz Fertilizers | Ali Noor | Jami Moor,20191209,UgzoW_3YONIEa95jtYt4AaABAg,no,@david-ns7vx,no,We all neend to respect them....I have no words for my farmers I  slot all of you,0,1600214400
PkenunwpduU,Salam Kissan | A Tribute to Farmers of the World by Sarsabz Fertilizers | Ali Noor | Jami Moor,20191209,UgxsJ1T2LvGZmZg72TN4AaABAg,no,@YTAmjad,no,Salaam Kisan,0,1600214400
PkenunwpduU,Salam Kissan | A Tribute to Farmers of the World by Sarsabz Fertilizers | Ali Noor | Jami Moor,20191209,UgzbINj569wvprJzhBZ4AaABAg,no,@blackmoney986,no,Who is the singer and director of this video? Kudos to them for making such a beautiful song,3,1600214400
PkenunwpduU,Salam Kissan | A Tribute to Farmers of the World by Sarsabz Fertilizers | Ali Noor | Jami Moor,20191209,UgzbINj569wvprJzhBZ4AaABAg.92oB3zJJLZa996a-O90I0D,yes,@MrHakb,no,Ali Noor sung it and Jami Directed the video,1,1600214400
PkenunwpduU,Salam Kissan | A Tribute to Farmers of the World by Sarsabz Fertilizers | Ali Noor | Jami Moor,20191209,UgzbINj569wvprJzhBZ4AaABAg.92oB3zJJLZa999R3cW_Doh,yes,@blackmoney986,no,@MrHakb  thanks,0,1600214400
PkenunwpduU,Salam Kissan | A Tribute to Farmers of the World by Sarsabz Fertilizers | Ali Noor | Jami Moor,20191209,UgyIQk1ictOzzcjZSgZ4AaABAg,no,@ClassInsecta,no,"Societal marketing  
good job 
I'm  becoming agri graduate",2,1600214400
PkenunwpduU,Salam Kissan | A Tribute to Farmers of the World by Sarsabz Fertilizers | Ali Noor | Jami Moor,20191209,UgzgL0usVGlQ_D_HadB4AaABAg,no,@anousheykhan2475,no,Pakistan zindabad ❤️,0,1600214400
PkenunwpduU,Salam Kissan | A Tribute to Farmers of the World by Sarsabz Fertilizers | Ali Noor | Jami Moor,20191209,Ugxq035P6iVi8E3SjYt4AaABAg,no,@westwarwickshell,no,Thank You for making it. We all need a reminder to NEVER GIVE UP,0,1600214400
PkenunwpduU,Salam Kissan | A Tribute to Farmers of the World by Sarsabz Fertilizers | Ali Noor | Jami Moor,20191209,UgxNRQCTssqLPoqQ5454AaABAg,no,@markralph4739,no,Quite melodious.  Though didn't understand but good music,1,1600214400
PkenunwpduU,Salam Kissan | A Tribute to Farmers of the World by Sarsabz Fertilizers | Ali Noor | Jami Moor,20191209,UgwS3jAtcsThAM9JHhp4AaABAg,no,@muhammadmuteeurrehman1823,no,please sike lyrics ko english mein bi translate kar de koi,1,1600214400
PkenunwpduU,Salam Kissan | A Tribute to Farmers of the World by Sarsabz Fertilizers | Ali Noor | Jami Moor,20191209,UgwS3jAtcsThAM9JHhp4AaABAg.92hg0J-JXnu92osnX2n9i4,yes,@hussainmd8954,no,دام عزك يا وطني,0,1600214400
PkenunwpduU,Salam Kissan | A Tribute to Farmers of the World by Sarsabz Fertilizers | Ali Noor | Jami Moor,20191209,UgzzBYavF7mtjl88Nfd4AaABAg,no,@MuhammadBilal-wl7qd,no,Salam Pakistan -Love Kissan.,0,1600214400
PkenunwpduU,Salam Kissan | A Tribute to Farmers of the World by Sarsabz Fertilizers | Ali Noor | Jami Moor,20191209,UgzzBYavF7mtjl88Nfd4AaABAg.92guaz2Cg0t92t8biE7RyG,yes,@vijydancerharoonabad4187,no,nice,0,1600214400
PkenunwpduU,Salam Kissan | A Tribute to Farmers of the World by Sarsabz Fertilizers | Ali Noor | Jami Moor,20191209,UgzoVlzQxUpLc6WwoZJ4AaABAg,no,@rohailrashid9826,no,We need to make this permanent not temporary. They are us and we are them. SALAM PAKISTAN 🇵🇰🇵🇰,87,1600214400
PkenunwpduU,Salam Kissan | A Tribute to Farmers of the World by Sarsabz Fertilizers | Ali Noor | Jami Moor,20191209,UgzoVlzQxUpLc6WwoZJ4AaABAg.92gs4q_-Ean9H0bwZAVoVZ,yes,@sadiamuneeb6558,no,Fatima Group is Fraud Gang,1,1631750400
PkenunwpduU,Salam Kissan | A Tribute to Farmers of the World by Sarsabz Fertilizers | Ali Noor | Jami Moor,20191209,UgzoVlzQxUpLc6WwoZJ4AaABAg.92gs4q_-Ean9HKeFszBlQD,yes,@mardollaryt7067,no,Hi @sadiamuneeb6558,0,1631750400
PkenunwpduU,Salam Kissan | A Tribute to Farmers of the World by Sarsabz Fertilizers | Ali Noor | Jami Moor,20191209,Ugwf6qRvlQvfRUz1Zjl4AaABAg,no,@MUHAMMADasif-dm6se,no,Thanks a lot for this Sarsabz.....,1,1600214400
PkenunwpduU,Salam Kissan | A Tribute to Farmers of the World by Sarsabz Fertilizers | Ali Noor | Jami Moor,20191209,UgwLT3PwSRpfSeM7med4AaABAg,no,@actorsfan3004,no,The video is Very well directed according to lyrics. And noori putted his soulful voice and given verstyle way of singing.,12,1600214400
PkenunwpduU,Salam Kissan | A Tribute to Farmers of the World by Sarsabz Fertilizers | Ali Noor | Jami Moor,20191209,UgwLT3PwSRpfSeM7med4AaABAg.92bMCWm3KQr9pT1QG7Ziiz,yes,@actorsfan3004,no,Sadia I am talking about the artist work not about any organization. It's reflecting like national anthem if you can feel,0,1694822400
PkenunwpduU,Salam Kissan | A Tribute to Farmers of the World by Sarsabz Fertilizers | Ali Noor | Jami Moor,20191209,UgwLT3PwSRpfSeM7med4AaABAg.92bMCWm3KQr9H0c8bbsTsw,yes,@sadiamuneeb6558,no,Fatima Group is Fraud Gang,0,1631750400
PkenunwpduU,Salam Kissan | A Tribute to Farmers of the World by Sarsabz Fertilizers | Ali Noor | Jami Moor,20191209,UgwgohbPCMIBCXBJfF14AaABAg,no,@ZAINABBAS,no,"Its great to see one of the underappreciated sector of Pakistan which contributes the most to the economy get some love and recognition, Awesome Music, Lyrics and Voice.",22,1600214400
PkenunwpduU,Salam Kissan | A Tribute to Farmers of the World by Sarsabz Fertilizers | Ali Noor | Jami Moor,20191209,UgwgohbPCMIBCXBJfF14AaABAg.92aW1TSHVwJ9H0c-cVuYeF,yes,@sadiamuneeb6558,no,Fatima Group is Fraud Gang,0,1631750400
PkenunwpduU,Salam Kissan | A Tribute to Farmers of the World by Sarsabz Fertilizers | Ali Noor | Jami Moor,20191209,Ugypy-6v7oa_ZmyP19d4AaABAg,no,@Alimate,no,its a motivational song for everyone across the globe ...,40,1600214400
PkenunwpduU,Salam Kissan | A Tribute to Farmers of the World by Sarsabz Fertilizers | Ali Noor | Jami Moor,20191209,Ugypy-6v7oa_ZmyP19d4AaABAg.92_G6ToW3kh9H0bxcUNt3R,yes,@sadiamuneeb6558,no,Fatima Group is Fraud Gang,0,1631750400
PkenunwpduU,Salam Kissan | A Tribute to Farmers of the World by Sarsabz Fertilizers | Ali Noor | Jami Moor,20191209,Ugypy-6v7oa_ZmyP19d4AaABAg.92_G6ToW3kh9H7lDte3Vii,yes,@lordgaming8563,no,@sadiamuneeb6558  I nun ssh McLeod d,0,1631750400
PkenunwpduU,Salam Kissan | A Tribute to Farmers of the World by Sarsabz Fertilizers | Ali Noor | Jami Moor,20191209,Ugypy-6v7oa_ZmyP19d4AaABAg.92_G6ToW3kh9H7l9sHOYj1,yes,@lordgaming8563,no,g t f r nrnr d,0,1631750400
PkenunwpduU,Salam Kissan | A Tribute to Farmers of the World by Sarsabz Fertilizers | Ali Noor | Jami Moor,20191209,Ugw6Nf6tzs8HYYtchah4AaABAg,no,@appleiumair,no,"Behtreen song, Ali Noor nailed it !! 🇵🇰👌",2,1600214400
PkenunwpduU,Salam Kissan | A Tribute to Farmers of the World by Sarsabz Fertilizers | Ali Noor | Jami Moor,20191209,Ugw6Nf6tzs8HYYtchah4AaABAg.92Zvhj-I7sj9H0cHMjgl6G,yes,@sadiamuneeb6558,no,Fatima Group is Fraud Gang,0,1631750400
PkenunwpduU,Salam Kissan | A Tribute to Farmers of the World by Sarsabz Fertilizers | Ali Noor | Jami Moor,20191209,UgxASXyu7CuT9K8Sl9p4AaABAg,no,@komalfatima3177,no,Beautiful song!!!  Ali Noor is a class apart.  He is always getting better.  He reminds me of my college days when he was debutante and a sensation in pop music industry.  .,3,1600214400
PkenunwpduU,Salam Kissan | A Tribute to Farmers of the World by Sarsabz Fertilizers | Ali Noor | Jami Moor,20191209,UgxwgGqXC5k4ymoCXAx4AaABAg,no,@shadmanhero,no,Salam kissan,1,1600214400
PkenunwpduU,Salam Kissan | A Tribute to Farmers of the World by Sarsabz Fertilizers | Ali Noor | Jami Moor,20191209,UgxHVIUnNCf9c05r6JV4AaABAg,no,@syedsalmanhaider8623,no,"This is actual Pakistan, lovely and hardworking people, love the lyric and song, my salam to the team and love to Pakistan",43,1600214400
PkenunwpduU,Salam Kissan | A Tribute to Farmers of the World by Sarsabz Fertilizers | Ali Noor | Jami Moor,20191209,Ugw-J9CxICuabG1iZQx4AaABAg,no,@shahhaiderali3,no,"Finally some good music from Pakistan this year 
-Love from India",26,1600214400
PkenunwpduU,Salam Kissan | A Tribute to Farmers of the World by Sarsabz Fertilizers | Ali Noor | Jami Moor,20191209,Ugw-J9CxICuabG1iZQx4AaABAg.92ZFEBLTup59H0bzkcpQq0,yes,@sadiamuneeb6558,no,Fatima Group is Fraud Gang,0,1631750400
PkenunwpduU,Salam Kissan | A Tribute to Farmers of the World by Sarsabz Fertilizers | Ali Noor | Jami Moor,20191209,UgwHjooYqCpi3HfqG6N4AaABAg,no,@harisrizwan4407,no,great song..........felt proud today👍💪,2,1600214400
PkenunwpduU,Salam Kissan | A Tribute to Farmers of the World by Sarsabz Fertilizers | Ali Noor | Jami Moor,20191209,UgzevwlnYHkpIO2p7nx4AaABAg,no,@LION-jr6if,no,"Heart touching lyrics, and a very emotional tune.",39,1600214400
PkenunwpduU,Salam Kissan | A Tribute to Farmers of the World by Sarsabz Fertilizers | Ali Noor | Jami Moor,20191209,UgzevwlnYHkpIO2p7nx4AaABAg.92XcF2Wbtly9H0byZzdzir,yes,@sadiamuneeb6558,no,Fatima Group is Fraud Gang,0,1631750400
PkenunwpduU,Salam Kissan | A Tribute to Farmers of the World by Sarsabz Fertilizers | Ali Noor | Jami Moor,20191209,UgzevwlnYHkpIO2p7nx4AaABAg.92XcF2Wbtly9H2MrLgMKsj,yes,@kosarabbas1179,no,qe10is  @sadiamuneeb6558  wo28th a q09p5t tcn,0,1631750400
PkenunwpduU,Salam Kissan | A Tribute to Farmers of the World by Sarsabz Fertilizers | Ali Noor | Jami Moor,20191209,UgyB5t0OMZOVmn8JBox4AaABAg,no,@fahadsobani,no,Great concept and execution. Thank you for reminding the importance of farmers,10,1600214400
PkenunwpduU,Salam Kissan | A Tribute to Farmers of the World by Sarsabz Fertilizers | Ali Noor | Jami Moor,20191209,UgyydEgl0wrbDsUzO-d4AaABAg,no,@halim8911,no,Great message and beautiful voice!!,2,1600214400
PkenunwpduU,Salam Kissan | A Tribute to Farmers of the World by Sarsabz Fertilizers | Ali Noor | Jami Moor,20191209,UgxON74n9oLWW-3qk894AaABAg,no,@wAseemKhAn265,no,"Heard a beautiful song after a long time ""Just Love it and repeat mode on"" .
Love Long Noori , Love Live Pakistan <3
#SarsabzPakistan",20,1600214400
PkenunwpduU,Salam Kissan | A Tribute to Farmers of the World by Sarsabz Fertilizers | Ali Noor | Jami Moor,20191209,UgxON74n9oLWW-3qk894AaABAg.92WdUxp89859H0cC9vvWvA,yes,@sadiamuneeb6558,no,Fatima Group is Fraud Gang,0,1631750400
PkenunwpduU,Salam Kissan | A Tribute to Farmers of the World by Sarsabz Fertilizers | Ali Noor | Jami Moor,20191209,UgzzVwhC0_-f1LzvPJR4AaABAg,no,@-k5703,no,"Beautiful message, beautiful song",2,1600214400
PkenunwpduU,Salam Kissan | A Tribute to Farmers of the World by Sarsabz Fertilizers | Ali Noor | Jami Moor,20191209,UgymlhClgIJ5q8FGwXV4AaABAg,no,@shahbaz6250,no,salaam kissan!!✌,3,1600214400
PkenunwpduU,Salam Kissan | A Tribute to Farmers of the World by Sarsabz Fertilizers | Ali Noor | Jami Moor,20191209,UgyIqWYtXvn_-thyO-h4AaABAg,no,@asad_iqbal011,no,"I can't stop my Tears after it
This video is a wonderful gift on the end of year",10,1600214400
PkenunwpduU,Salam Kissan | A Tribute to Farmers of the World by Sarsabz Fertilizers | Ali Noor | Jami Moor,20191209,UgyIqWYtXvn_-thyO-h4AaABAg.92W1KMOMVeR9H0cB-CEf6_,yes,@sadiamuneeb6558,no,Fatima Group is Fraud Gang,0,1631750400
PkenunwpduU,Salam Kissan | A Tribute to Farmers of the World by Sarsabz Fertilizers | Ali Noor | Jami Moor,20191209,UgyPva978RYzx5Av-kp4AaABAg,no,@karachitooworld,no,Having tears in my eyes after listening this song...... $alaam kisaan ......,7,1600214400
PkenunwpduU,Salam Kissan | A Tribute to Farmers of the World by Sarsabz Fertilizers | Ali Noor | Jami Moor,20191209,UgyPva978RYzx5Av-kp4AaABAg.92Us87yJcoa9H0cE1T5Pwl,yes,@sadiamuneeb6558,no,Fatima Group is Fraud Gang,0,1631750400
PkenunwpduU,Salam Kissan | A Tribute to Farmers of the World by Sarsabz Fertilizers | Ali Noor | Jami Moor,20191209,UgyPva978RYzx5Av-kp4AaABAg.92Us87yJcoa9H2fEJ0ssJl,yes,@karachitooworld,no,Why it is fraud? But I like the song..whether it is made by Fatima or maryam group :),0,1631750400
PkenunwpduU,Salam Kissan | A Tribute to Farmers of the World by Sarsabz Fertilizers | Ali Noor | Jami Moor,20191209,UgyTNx2uAkaQ08i1iWF4AaABAg,no,@ALLDRAMASCHANNEL,no,beautiful video ❤️ & Ali noor 🎶♥️👌,3,1600214400
PkenunwpduU,Salam Kissan | A Tribute to Farmers of the World by Sarsabz Fertilizers | Ali Noor | Jami Moor,20191209,Ugway4I3LhAxNd4YJtZ4AaABAg,no,@ASAD-gb4hg,no,Beautifully built and in the right name!,2,1600214400
PkenunwpduU,Salam Kissan | A Tribute to Farmers of the World by Sarsabz Fertilizers | Ali Noor | Jami Moor,20191209,UgxLdL7FsITTgdN8tHh4AaABAg,no,@anaziety,no,Worth appreciating 👌,1,1600214400
PkenunwpduU,Salam Kissan | A Tribute to Farmers of the World by Sarsabz Fertilizers | Ali Noor | Jami Moor,20191209,UgxJ6Aw_NimWpzkatZ94AaABAg,no,@shahidnazir7607,no,Salam Kissan,2,1600214400
PkenunwpduU,Salam Kissan | A Tribute to Farmers of the World by Sarsabz Fertilizers | Ali Noor | Jami Moor,20191209,UgzGk2BaHPxzw_YqmQh4AaABAg,no,@hameedameen7034,no,"Salaam kisaan . Sar sabs pakistan and
Good job sibite hassan",1,1600214400
PkenunwpduU,Salam Kissan | A Tribute to Farmers of the World by Sarsabz Fertilizers | Ali Noor | Jami Moor,20191209,Ugx34yMtQ25YpViHPGl4AaABAg,no,@hadiyanadeem3105,no,1 like for hardworking kissan of our motherland.,57,1600214400
PkenunwpduU,Salam Kissan | A Tribute to Farmers of the World by Sarsabz Fertilizers | Ali Noor | Jami Moor,20191209,Ugx34yMtQ25YpViHPGl4AaABAg.92SDF9hxwiR9995XTm_J2Z,yes,@GhulamHussain-pv8sg,no,hadiya nadeem how aur you,0,1600214400
PkenunwpduU,Salam Kissan | A Tribute to Farmers of the World by Sarsabz Fertilizers | Ali Noor | Jami Moor,20191209,Ugx34yMtQ25YpViHPGl4AaABAg.92SDF9hxwiR9H0bvANvfeX,yes,@sadiamuneeb6558,no,Fatima Group is Fraud Gang,0,1631750400
PkenunwpduU,Salam Kissan | A Tribute to Farmers of the World by Sarsabz Fertilizers | Ali Noor | Jami Moor,20191209,UgxMOfQfALEph52uKup4AaABAg,no,@blackwidow6915,no,Boht boht acha اشتہار,2,1600214400
PkenunwpduU,Salam Kissan | A Tribute to Farmers of the World by Sarsabz Fertilizers | Ali Noor | Jami Moor,20191209,Ugzmn95nSglU1oJepWF4AaABAg,no,@blackmoney986,no,Beautiful song beautiful composition. The tv ad brought me here.,2,1600214400
PkenunwpduU,Salam Kissan | A Tribute to Farmers of the World by Sarsabz Fertilizers | Ali Noor | Jami Moor,20191209,Ugzmn95nSglU1oJepWF4AaABAg.92PCQ0No6yA9H0cO79qiDC,yes,@sadiamuneeb6558,no,Fatima Group is Fraud Gang,0,1631750400
PkenunwpduU,Salam Kissan | A Tribute to Farmers of the World by Sarsabz Fertilizers | Ali Noor | Jami Moor,20191209,UgyOCl5IEA8U7qSGK-t4AaABAg,no,@xaharrehman9099,no,Salaam Pakistan & Salaam Kissan!!!!!!,1,1600214400
PkenunwpduU,Salam Kissan | A Tribute to Farmers of the World by Sarsabz Fertilizers | Ali Noor | Jami Moor,20191209,Ugx14q--PePhMMQxTXp4AaABAg,no,@xaharrehman9099,no,"ALHAMDULILLAH & MASHAA'ALLAH for the making of this awaking song. Love the theme, words, directions, locations....... All so deep!!!!!

ALLAH bless Pakistan & humanity.",9,1600214400
PkenunwpduU,Salam Kissan | A Tribute to Farmers of the World by Sarsabz Fertilizers | Ali Noor | Jami Moor,20191209,Ugx14q--PePhMMQxTXp4AaABAg.92P-VpKIUUz92hfy3rsm_N,yes,@muhammadmuteeurrehman1823,no,kiya aap iske lyrics english mein translate kar sakti hain,0,1600214400
PkenunwpduU,Salam Kissan | A Tribute to Farmers of the World by Sarsabz Fertilizers | Ali Noor | Jami Moor,20191209,Ugx14q--PePhMMQxTXp4AaABAg.92P-VpKIUUz9H0c6I8_Vbz,yes,@sadiamuneeb6558,no,Fatima Group is Fraud Gang,0,1631750400
PkenunwpduU,Salam Kissan | A Tribute to Farmers of the World by Sarsabz Fertilizers | Ali Noor | Jami Moor,20191209,UgwZw75HSYz7BBJyY5t4AaABAg,no,@danishelahi6796,no,Yaar an amazing song and on top the video is amazing ..... im a fan ! Definitely sharing !,2,1600214400
PkenunwpduU,Salam Kissan | A Tribute to Farmers of the World by Sarsabz Fertilizers | Ali Noor | Jami Moor,20191209,UgzXLbJ_Zu6DmpQ5DfV4AaABAg,no,@shazinjaved3672,no,Mashallah Zabardast,2,1600214400
PkenunwpduU,Salam Kissan | A Tribute to Farmers of the World by Sarsabz Fertilizers | Ali Noor | Jami Moor,20191209,UgxDX8twmnbt4BS5IDR4AaABAg,no,@MrDarknight1988,no,Amazing video and song. A very positive message for our hardworking farmers. Great job Sarsabz Pakistan.,1,1600214400
PkenunwpduU,Salam Kissan | A Tribute to Farmers of the World by Sarsabz Fertilizers | Ali Noor | Jami Moor,20191209,UgxDX8twmnbt4BS5IDR4AaABAg.92OVqw1e4uE9H0cN-yCUOP,yes,@sadiamuneeb6558,no,Fatima Group is Fraud Gang,0,1631750400
PkenunwpduU,Salam Kissan | A Tribute to Farmers of the World by Sarsabz Fertilizers | Ali Noor | Jami Moor,20191209,UgzpSErsM1knluezlG54AaABAg,no,@aroojsarmad4092,no,Thank you Sarsabz for bringing farmers efforts to our attention! Salam Kissan!,16,1600214400
PkenunwpduU,Salam Kissan | A Tribute to Farmers of the World by Sarsabz Fertilizers | Ali Noor | Jami Moor,20191209,UgzpSErsM1knluezlG54AaABAg.92OU6KG8PIs9H0cD5Ky1Bn,yes,@sadiamuneeb6558,no,Fatima Group is Fraud Gang,0,1631750400
PkenunwpduU,Salam Kissan | A Tribute to Farmers of the World by Sarsabz Fertilizers | Ali Noor | Jami Moor,20191209,Ugw5l4h-lwqSXxsRFEx4AaABAg,no,@Thedesijam,no,Sarsabz did a great job!! Thank you Farmers for bringing food to our plates!!,7,1600214400
PkenunwpduU,Salam Kissan | A Tribute to Farmers of the World by Sarsabz Fertilizers | Ali Noor | Jami Moor,20191209,Ugw5l4h-lwqSXxsRFEx4AaABAg.92OTRKqTbDS9H0cIKfgUcT,yes,@sadiamuneeb6558,no,Fatima Group is Fraud Gang,0,1631750400
PkenunwpduU,Salam Kissan | A Tribute to Farmers of the World by Sarsabz Fertilizers | Ali Noor | Jami Moor,20191209,Ugw5l4h-lwqSXxsRFEx4AaABAg.92OTRKqTbDS9HDOC4OaVE3,yes,@tajamalhassan7322,no,Our pleasure mam,0,1631750400
PkenunwpduU,Salam Kissan | A Tribute to Farmers of the World by Sarsabz Fertilizers | Ali Noor | Jami Moor,20191209,UgyJ-lPgmrMvSnxE2wJ4AaABAg,no,@AminorOnline,no,"Hey, what a great track!",2,1600214400
PkenunwpduU,Salam Kissan | A Tribute to Farmers of the World by Sarsabz Fertilizers | Ali Noor | Jami Moor,20191209,UgwDvgRxiuke8ZqLjyB4AaABAg,no,@hafsaatahir,no,What an amazing video and song! Thank you Sarsabz!,4,1600214400
PkenunwpduU,Salam Kissan | A Tribute to Farmers of the World by Sarsabz Fertilizers | Ali Noor | Jami Moor,20191209,UgzIfs53DhqDWp0s25t4AaABAg,no,@randomvideomaker565,no,Farmers are the backbone of our economy! Thank you Sarsabz for bringing this to our attention! Loved the song and video!,5,1600214400
PkenunwpduU,Salam Kissan | A Tribute to Farmers of the World by Sarsabz Fertilizers | Ali Noor | Jami Moor,20191209,Ugz1NCCsvt09gBDcMWh4AaABAg,no,@DrumCirclePakistan,no,What a great way to end the year with such amazing video! Hats off to Sarsabz team for bringing this to us and highlighting the efforts of farmers they put all year long! Salam Kissan!,49,1600214400
PkenunwpduU,Salam Kissan | A Tribute to Farmers of the World by Sarsabz Fertilizers | Ali Noor | Jami Moor,20191209,Ugz1NCCsvt09gBDcMWh4AaABAg.92OSkz2giGQ92hftZLHzxX,yes,@muhammadmuteeurrehman1823,no,kiya aap iske lyrics english mein translate kar sakte hain,0,1600214400
PkenunwpduU,Salam Kissan | A Tribute to Farmers of the World by Sarsabz Fertilizers | Ali Noor | Jami Moor,20191209,Ugz1NCCsvt09gBDcMWh4AaABAg.92OSkz2giGQ9H0c1eKBDkX,yes,@sadiamuneeb6558,no,Fatima Group is Fraud Gang,0,1631750400
PkenunwpduU,Salam Kissan | A Tribute to Farmers of the World by Sarsabz Fertilizers | Ali Noor | Jami Moor,20191209,UgxapzBFv50VTNB-eYR4AaABAg,no,@MrHakb,no,Beautifully shot and song has a great vibe,2,1600214400
PkenunwpduU,Salam Kissan | A Tribute to Farmers of the World by Sarsabz Fertilizers | Ali Noor | Jami Moor,20191209,Ugy0XObAJI4jRzwr5hh4AaABAg,no,@Asimhkhan75,no,Amazing song. Wonderful initiative and concept. And those killer expressions from 2.50 onward. This song will go a long way.,4,1600214400
PkenunwpduU,Salam Kissan | A Tribute to Farmers of the World by Sarsabz Fertilizers | Ali Noor | Jami Moor,20191209,Ugy0XObAJI4jRzwr5hh4AaABAg.92N-rp9rjHe9H0cJXrip2M,yes,@sadiamuneeb6558,no,Fatima Group is Fraud Gang,0,1631750400
PkenunwpduU,Salam Kissan | A Tribute to Farmers of the World by Sarsabz Fertilizers | Ali Noor | Jami Moor,20191209,Ugwd-3ZC93hjqDS6Ij54AaABAg,no,@shahzaib947,no,"Love this !!! Keep up your Amazing Work @Sarsabz
Its so good it makes me cry! Allah Pakistan ko bohat taraqi de, logoun ko aik dosre se nafratain khatam kr mohabbat krne ki tofeeq de. Aur sab se barh kr awaam ke diloun me apne pyare Pakistan se muhabbat ka jazba paida kre.... Ameen !!! #SalaamKisaan #SalaamPakistan #PakistanZindabad",3,1600214400
QfR5uPqdmjo,"Salam Kissan, Sarsabz Pakistan",20251215,Ugz5yzh8hqXn6ab71jl4AaABAg,no,@almaskamran3956,no,great thought ❤,0,1786838400
QfR5uPqdmjo,"Salam Kissan, Sarsabz Pakistan",20251215,Ugwcr7P7iG5UPOEFmV14AaABAg,no,@AhilAnees-s5d,no,❤️❤❤❤❤❤❤,0,1778889600
QfR5uPqdmjo,"Salam Kissan, Sarsabz Pakistan",20251215,Ugzhsl5D4KZo7Eow5MJ4AaABAg,no,@MudassarMaddy737,no,Keep it up the best work 👍,0,1776297600
QfR5uPqdmjo,"Salam Kissan, Sarsabz Pakistan",20251215,UgyqbjNheFuTrefEMEZ4AaABAg,no,@AsifGoraya-l6h,no,😂,0,1776297600
QfR5uPqdmjo,"Salam Kissan, Sarsabz Pakistan",20251215,UgxlDJac7S-OocG6TFp4AaABAg,no,@RajaRashid-y9w,no,duafatima,0,1776297600
QfR5uPqdmjo,"Salam Kissan, Sarsabz Pakistan",20251215,UgxE27Xk3IJ2I9cNvqx4AaABAg,no,@NasoKhan-c9y,no,🎉Igui,0,1773619200
QfR5uPqdmjo,"Salam Kissan, Sarsabz Pakistan",20251215,Ugx9cYcrXVDTqhfaKOZ4AaABAg,no,@Aitazazmughal01,no,#SalamKissan #SarsabzPakistan,2,1768521600
QfR5uPqdmjo,"Salam Kissan, Sarsabz Pakistan",20251215,UgwJhjz-ErK4O9ZWcqN4AaABAg,no,@Ghulam.512,no,"Salam Kissan Sarsabz Pakistan 🇵🇰🌾

Dil se shukriya Pakistan ke mehnati kisanón ko  aap hi hamari zameen ki rooh aur mulk ki taqat ho. Aap ki mehnat se hamare gharon tak rozi pohanchti hai aur Pakistan sarsabz rehta hai.

Saath hi Sarsabz Fertilizer management ka bhi tahe-dil se shukriya, jo Kissan ko empower karne ke liye Kissan Day (18 Dec) jaise meaningful events ke zariye rehnumai, himmat aur support faraham kar rahe hain. Aap ki koshishen kisani ko mazid behtar aur mustahkam bana rahi hain.

Allah aap sab ki mehnat ko qabool kare aur Pakistan ko hamesha sarsabz o shaadab rakhe. 🌱🤲

#SalamKissan #SarsabzPakistan",2,1768521600
VhEivknE98w,Ahtesham Qureshi | Wheat | Gujranwala | Sarsabz Fertilizer,20231126,UgwGgUHr7M94D__vkgp4AaABAg,no,@Ghulam.512,no,Making life easy ❤,1,1757980800
VhEivknE98w,Ahtesham Qureshi | Wheat | Gujranwala | Sarsabz Fertilizer,20231126,UgwwKjINYqqRJBuGonZ4AaABAg,no,@M.Bilal.Khan480,no,"Kissan ki mehnat ko salam peish karna tou banta hai! Manayiye Sarsabz Fertilizer ke saath 18th December ko Kissan Day! 

#SalamKissan #KissanDay #SarsabzPakistan",0,1726444800
VhEivknE98w,Ahtesham Qureshi | Wheat | Gujranwala | Sarsabz Fertilizer,20231126,Ugyr-FyNgl-eTPm9aq14AaABAg,no,@waseemafzal577,no,Ma Sha Allah Great,0,1726444800
VhEivknE98w,Ahtesham Qureshi | Wheat | Gujranwala | Sarsabz Fertilizer,20231126,UgzY-DnaoIw-jXVVKTp4AaABAg,no,@Aitazazmughal01,no,Excellent 🎉🎉🎉,0,1726444800
VhEivknE98w,Ahtesham Qureshi | Wheat | Gujranwala | Sarsabz Fertilizer,20231126,UgxdBbIhFXVdyhIn7C14AaABAg,no,@Aitazazmughal01,no,So amazing ❤❤❤,1,1726444800
VhEivknE98w,Ahtesham Qureshi | Wheat | Gujranwala | Sarsabz Fertilizer,20231126,UgxRhMeK7FbByUVXLgB4AaABAg,no,@ahsanmughal51214,no,MashaAllah nice 👍👍👍,1,1726444800
VhEivknE98w,Ahtesham Qureshi | Wheat | Gujranwala | Sarsabz Fertilizer,20231126,UgzBiX32hpqs2sPIJpR4AaABAg,no,@warishakhan219,no,Superb,1,1726444800
VhEivknE98w,Ahtesham Qureshi | Wheat | Gujranwala | Sarsabz Fertilizer,20231126,UgzUPh1ibqsaXrEk9Y14AaABAg,no,@warishakhan219,no,👍,0,1726444800
VhEivknE98w,Ahtesham Qureshi | Wheat | Gujranwala | Sarsabz Fertilizer,20231126,UgyE9F2-rwXeMbhDejV4AaABAg,no,@warishakhan219,no,Great,1,1726444800
VhEivknE98w,Ahtesham Qureshi | Wheat | Gujranwala | Sarsabz Fertilizer,20231126,UgzXFSywnYHqXGM0N5R4AaABAg,no,@warishakhan219,no,Amazing,1,1726444800
VhEivknE98w,Ahtesham Qureshi | Wheat | Gujranwala | Sarsabz Fertilizer,20231126,UgzCGkex8QujiGYuj4Z4AaABAg,no,@faysalbinzafar,no,Great initiative,0,1726444800
VhEivknE98w,Ahtesham Qureshi | Wheat | Gujranwala | Sarsabz Fertilizer,20231126,UgzXQXdzqrl2M_2uhJt4AaABAg,no,@muazzamahmed8164,no,Great 👍,0,1726444800
VhEivknE98w,Ahtesham Qureshi | Wheat | Gujranwala | Sarsabz Fertilizer,20231126,Ugz_MqNZ-IK5jA0YL394AaABAg,no,@muazzamahmed8164,no,Superb ❤️😊,0,1726444800
VhEivknE98w,Ahtesham Qureshi | Wheat | Gujranwala | Sarsabz Fertilizer,20231126,Ugz_MqNZ-IK5jA0YL394AaABAg.9xfknw7281Q9xg_aiocKGD,yes,@Sarsabz,yes,Thank you 😊,0,1726444800
VhEivknE98w,Ahtesham Qureshi | Wheat | Gujranwala | Sarsabz Fertilizer,20231126,UgzWXHJpESuDF_UwgnV4AaABAg,no,@adnanali9969,no,Super,0,1726444800
VhEivknE98w,Ahtesham Qureshi | Wheat | Gujranwala | Sarsabz Fertilizer,20231126,Ugz5HVRlcmW2NGxJIVh4AaABAg,no,@adnanali9969,no,Amazing,0,1726444800
VhEivknE98w,Ahtesham Qureshi | Wheat | Gujranwala | Sarsabz Fertilizer,20231126,Ugx6iEvAAY06wlv1yCB4AaABAg,no,@Asifpathan8890,no,Amazing 😍🤩,1,1726444800
VhEivknE98w,Ahtesham Qureshi | Wheat | Gujranwala | Sarsabz Fertilizer,20231126,Ugy4lbnCgdhxIDMQRLp4AaABAg,no,@naziasalman28,no,Amazing,1,1726444800
VhEivknE98w,Ahtesham Qureshi | Wheat | Gujranwala | Sarsabz Fertilizer,20231126,UgxBfoLV2vnBws_QfbV4AaABAg,no,@muhammadshaban530,no,Good to know,1,1726444800
VhEivknE98w,Ahtesham Qureshi | Wheat | Gujranwala | Sarsabz Fertilizer,20231126,UgzukmCzh51FtJQQ7G14AaABAg,no,@muhammadshaban530,no,Excellent 👌👌😊,1,1726444800
VhEivknE98w,Ahtesham Qureshi | Wheat | Gujranwala | Sarsabz Fertilizer,20231126,Ugzi5VzHp7DB9HmJ4gd4AaABAg,no,@prs_cbefdd,no,Best Video 📷,1,1726444800
VhEivknE98w,Ahtesham Qureshi | Wheat | Gujranwala | Sarsabz Fertilizer,20231126,UgwZxLMSh186B5y3gut4AaABAg,no,@prs_cbefdd,no,Awesome,1,1726444800
VhEivknE98w,Ahtesham Qureshi | Wheat | Gujranwala | Sarsabz Fertilizer,20231126,UgxeKoVKpfExiras7NB4AaABAg,no,@SEHRISHSHOAIB0,no,Informative,1,1726444800
VhEivknE98w,Ahtesham Qureshi | Wheat | Gujranwala | Sarsabz Fertilizer,20231126,Ugz4GTgv0thgF3p2Gb14AaABAg,no,@SEHRISHSHOAIB0,no,Nice,0,1726444800
VhEivknE98w,Ahtesham Qureshi | Wheat | Gujranwala | Sarsabz Fertilizer,20231126,Ugy2a0X2xaehSECW4I54AaABAg,no,@sanashoukat5443,no,Superb,1,1726444800
VhEivknE98w,Ahtesham Qureshi | Wheat | Gujranwala | Sarsabz Fertilizer,20231126,Ugx_WCjhAw30NCipJMp4AaABAg,no,@sanashoukat5443,no,Very Best,1,1726444800
VhEivknE98w,Ahtesham Qureshi | Wheat | Gujranwala | Sarsabz Fertilizer,20231126,Ugy9j8lAoNv5CSfXSTF4AaABAg,no,@zeeshanabbasi5060,no,👍👍👍,0,1726444800
VhEivknE98w,Ahtesham Qureshi | Wheat | Gujranwala | Sarsabz Fertilizer,20231126,UgyJ3xcRxpjS9Ml-xUl4AaABAg,no,@zeeshanabbasi5060,no,Superb,1,1726444800
VhEivknE98w,Ahtesham Qureshi | Wheat | Gujranwala | Sarsabz Fertilizer,20231126,Ugy_2TjveX5t4C1ARjN4AaABAg,no,@tahirsatti3701,no,Nice Video,1,1726444800
VhEivknE98w,Ahtesham Qureshi | Wheat | Gujranwala | Sarsabz Fertilizer,20231126,UgzPGYXflpSo9-B1CUt4AaABAg,no,@tahirsatti3701,no,Brilliant ❤❤❤,1,1726444800
XzpUJvQMPHc,"Salam Kissan, Sarsabz Pakistan!",20251218,Ugy4Z5rbhuR96WqRtk14AaABAg,no,@almaskamran3956,no,best brand,0,1786838400
XzpUJvQMPHc,"Salam Kissan, Sarsabz Pakistan!",20251218,Ugx3ztkz_ThFvZnKKHN4AaABAg,no,@AdsNest,no,"HI Syngenta Team! I really Appreciated  your videos. I'm the creator of Ads Nest, where I make professional AI-powered commercials, cinematic videos, and animated content. I've worked with Sarsabz (Fatima Fertilizer), Syngenta Pakistan, Agrolix International, and Kissan Ghar. If you're looking to make your stories even more engaging, I'd love to create a FREE sample for your channel.",0,1784160000
XzpUJvQMPHc,"Salam Kissan, Sarsabz Pakistan!",20251218,Ugx4GmYVkYyNKBhtRRt4AaABAg,no,@MudassarMaddy737,no,Best brand,0,1776297600
XzpUJvQMPHc,"Salam Kissan, Sarsabz Pakistan!",20251218,Ugz45RevLmyyjEX5rN94AaABAg,no,@engtoseefgulzar,no,💚 #Sarsabz,0,1776297600
XzpUJvQMPHc,"Salam Kissan, Sarsabz Pakistan!",20251218,Ugz6B4gMa1J6hYMRfF54AaABAg,no,@Natashanaseem25,no,👍🏻👍🏻👍🏻👍🏻👍🏻,0,1776297600
XzpUJvQMPHc,"Salam Kissan, Sarsabz Pakistan!",20251218,UgzyldM6UyWQ1FHuDGB4AaABAg,no,@shahzadkhan-bh1ui,no,❤❤,0,1776297600
XzpUJvQMPHc,"Salam Kissan, Sarsabz Pakistan!",20251218,UgzrPjOXiioMVedKc-F4AaABAg,no,@TahaHassanTahahassan-l9m,no,❤️,0,1773619200
XzpUJvQMPHc,"Salam Kissan, Sarsabz Pakistan!",20251218,Ugw5LUe6wAbEP5cHLQx4AaABAg,no,@Chemist_sana,no,Good,1,1768521600
XzpUJvQMPHc,"Salam Kissan, Sarsabz Pakistan!",20251218,UgxKCo4fdYNLQ_OkZdF4AaABAg,no,@Aitazazmughal01,no,"سلام کسان، سرسبز پاکستان 🇵🇰🌾

دل سے سلام اور شکریہ پاکستان کے اُن کسانوں کو جو خاموشی سے دن رات محنت کر کے ہماری زمین کو زرخیز اور قوم کو خودکفیل بناتے ہیں۔ آپ کی محنت صرف فصل نہیں اُگاتی بلکہ پاکستان کے روشن مستقبل کی بنیاد رکھتی ہے۔ کسان واقعی اس ملک کی اصل طاقت ہیں۔


#SalamKissan #SarsabzPakistan",2,1768521600
XzpUJvQMPHc,"Salam Kissan, Sarsabz Pakistan!",20251218,Ugz95sWzxc3zv8TxKgl4AaABAg,no,@Ghulam.512,no,"Salam Kissan Sarsabz Pakistan 🇵🇰🌾

Dil se shukriya Pakistan ke mehnati kisanón ko  aap hi hamari zameen ki rooh aur mulk ki taqat ho. Aap ki mehnat se hamare gharon tak rozi pohanchti hai aur Pakistan sarsabz rehta hai.

Saath hi Sarsabz Fertilizer management ka bhi tahe-dil se shukriya, jo Kissan ko empower karne ke liye Kissan Day (18 Dec) jaise meaningful events ke zariye rehnumai, himmat aur support faraham kar rahe hain. Aap ki koshishen kisani ko mazid behtar aur mustahkam bana rahi hain.

Allah aap sab ki mehnat ko qabool kare aur Pakistan ko hamesha sarsabz o shaadab rakhe. 🌱🤲

#SalamKissan #SarsabzPakistan",1,1768521600
XzpUJvQMPHc,"Salam Kissan, Sarsabz Pakistan!",20251218,UgyCrZXvtzjZ_AUFFMl4AaABAg,no,@Grossinsights,no,Nice 👍❤,1,1768521600
bRiMDHr8mTI,"Salam Kissan, Sarsabz Pakistan",20251211,UgxBYVbHBrSTPbapRqF4AaABAg,no,@almaskamran3956,no,fantastic,0,1786838400
bRiMDHr8mTI,"Salam Kissan, Sarsabz Pakistan",20251211,UgxCMvCkqJqrhsaITgR4AaABAg,no,@MudassarMaddy737,no,Excellent 👌,1,1776297600
bRiMDHr8mTI,"Salam Kissan, Sarsabz Pakistan",20251211,UgzlqQJpm8Re-_m7IEV4AaABAg,no,@NasirabbasNasirabbas-e7i,no,❤❤❤❤,0,1773619200
bRiMDHr8mTI,"Salam Kissan, Sarsabz Pakistan",20251211,UgwNLBNPDoUI2JeEQv54AaABAg,no,@Aitazazmughal01,no,Keep rising,3,1768521600
bRiMDHr8mTI,"Salam Kissan, Sarsabz Pakistan",20251211,Ugz1V_s_g5KL3Z-CrsJ4AaABAg,no,@Ghulam.512,no,"Salam Kissan Sarsabz Pakistan 🇵🇰🌾

Dil se shukriya Pakistan ke mehnati kisanón ko  aap hi hamari zameen ki rooh aur mulk ki taqat ho. Aap ki mehnat se hamare gharon tak rozi pohanchti hai aur Pakistan sarsabz rehta hai.

Saath hi Sarsabz Fertilizer management ka bhi tahe-dil se shukriya, jo Kissan ko empower karne ke liye Kissan Day (18 Dec) jaise meaningful events ke zariye rehnumai, himmat aur support faraham kar rahe hain. Aap ki koshishen kisani ko mazid behtar aur mustahkam bana rahi hain.

Allah aap sab ki mehnat ko qabool kare aur Pakistan ko hamesha sarsabz o shaadab rakhe. 🌱🤲

#SalamKissan #SarsabzPakistan",2,1768521600
bRiMDHr8mTI,"Salam Kissan, Sarsabz Pakistan",20251211,Ugw_x9M0wpsipPD02gV4AaABAg,no,@Chemist_sana,no,Kisan day b hota h that's great 👍,1,1765843200
bRiMDHr8mTI,"Salam Kissan, Sarsabz Pakistan",20251211,Ugx0fAzHqGPXhDCX0B94AaABAg,no,@MirAkbarShah-y8o,no,❤❤❤,0,1765843200
ewOknRTj03w,Mulk ke tumam mehnatkash kissanon ko Salam!,20251217,UgzGGeLG2rMK2HkjzWx4AaABAg,no,@almaskamran3956,no,Masha Allah ❤,0,1786838400
ewOknRTj03w,Mulk ke tumam mehnatkash kissanon ko Salam!,20251217,UgxFz6mMUgttUKdv9Il4AaABAg,no,@MudassarMaddy737,no,Well-done 👏,0,1776297600
ewOknRTj03w,Mulk ke tumam mehnatkash kissanon ko Salam!,20251217,UgxHB6hiiarFXlsS7bh4AaABAg,no,@engtoseefgulzar,no,حقیقت,0,1776297600
ewOknRTj03w,Mulk ke tumam mehnatkash kissanon ko Salam!,20251217,UgyP--PEFDmQhYYUgFZ4AaABAg,no,@Aitazazmughal01,no,Awesome❤❤❤,1,1768521600
ewOknRTj03w,Mulk ke tumam mehnatkash kissanon ko Salam!,20251217,UgxzS2gkxFEOrHN4Szp4AaABAg,no,@Aitazazmughal01,no,"دعا ہے کہ اللہ تعالیٰ ہمارے کسانوں کی محنت کو قبول فرمائے، ان کی پیداوار میں برکت دے اور پاکستان کو ہمیشہ سرسبز اور خوشحال رکھے۔ 🌱🤲

#SalamKissan #SarsabzPakistan",2,1768521600
ewOknRTj03w,Mulk ke tumam mehnatkash kissanon ko Salam!,20251217,UgwBqZWbH6QpQEUrYyx4AaABAg,no,@Ghulam.512,no,"Salam Kissan Sarsabz Pakistan 🇵🇰🌾

Dil se shukriya Pakistan ke mehnati kisanón ko  aap hi hamari zameen ki rooh aur mulk ki taqat ho. Aap ki mehnat se hamare gharon tak rozi pohanchti hai aur Pakistan sarsabz rehta hai.

Saath hi Sarsabz Fertilizer management ka bhi tahe-dil se shukriya, jo Kissan ko empower karne ke liye Kissan Day (18 Dec) jaise meaningful events ke zariye rehnumai, himmat aur support faraham kar rahe hain. Aap ki koshishen kisani ko mazid behtar aur mustahkam bana rahi hain.

Allah aap sab ki mehnat ko qabool kare aur Pakistan ko hamesha sarsabz o shaadab rakhe. 🌱🤲

#SalamKissan #SarsabzPakistan",1,1768521600
f80kPfGiBHc,Sarsabz Rice Testimonial | Mohammad Fayyaz Chattha,20210718,UgxA9ZLN476nhz8cfqB4AaABAg,no,@engineermunim7287,no,Very funny,0,1663286400
f80kPfGiBHc,Sarsabz Rice Testimonial | Mohammad Fayyaz Chattha,20210718,UgyXJ3Ms3o5f-Zw-Jy54AaABAg,no,@samiadurrani6693,no,.,1,1663286400
f80kPfGiBHc,Sarsabz Rice Testimonial | Mohammad Fayyaz Chattha,20210718,UgyczVUsWZwFkihGUs14AaABAg,no,@saifvlogs1264,no,"Pak Pakistan Zindabad
Pak Army Zindabad-Pak ISI Zindabad
Pak Navy Zindabad-Pak Police Zindabad",3,1631750400
f80kPfGiBHc,Sarsabz Rice Testimonial | Mohammad Fayyaz Chattha,20210718,UgyKFIO9yUaFVWwjf-14AaABAg,no,@saifvlogs1264,no,"Pak Pakistan Zindabad
Pak Army Zindabad-Pak ISI Zindabad
Pak Navy Zindabad-Pak Police Zindabad",0,1631750400
f80kPfGiBHc,Sarsabz Rice Testimonial | Mohammad Fayyaz Chattha,20210718,UgxtzTC4jt0h-uywhdZ4AaABAg,no,@saifvlogs1264,no,"Pak Pakistan Zindabad
Pak Army Zindabad-Pak ISI Zindabad

Pak Navy Zindabad-Pak Police Zindabad",0,1631750400
f80kPfGiBHc,Sarsabz Rice Testimonial | Mohammad Fayyaz Chattha,20210718,Ugyml-AeQH1wmKdBJqx4AaABAg,no,@hanzla_awan02,no,KeeP iT uP....,2,1631750400
f80kPfGiBHc,Sarsabz Rice Testimonial | Mohammad Fayyaz Chattha,20210718,UgzxOVbw6aLhvK6HT_54AaABAg,no,@Dassimundywithdasii,no,Great,3,1631750400
f80kPfGiBHc,Sarsabz Rice Testimonial | Mohammad Fayyaz Chattha,20210718,UgzxOVbw6aLhvK6HT_54AaABAg.9Q0twEv2BGl9Q3L0tujkja,yes,@Sarsabz,yes,Thanks.,1,1631750400
f80kPfGiBHc,Sarsabz Rice Testimonial | Mohammad Fayyaz Chattha,20210718,Ugy_xxNKtTVY7pwYh1R4AaABAg,no,@muhammadtahir7669,no,V Nice,1,1631750400
f80kPfGiBHc,Sarsabz Rice Testimonial | Mohammad Fayyaz Chattha,20210718,Ugy_xxNKtTVY7pwYh1R4AaABAg.9PwKtDqNaKv9Q3L2iMBUT-,yes,@Sarsabz,yes,Thank you.,0,1631750400
hfIC9a-Fots,Kissan Ki Mehnat,20251213,Ugzgagjp9EUv0tgFIYt4AaABAg,no,@almaskamran3956,no,awesome,0,1786838400
hfIC9a-Fots,Kissan Ki Mehnat,20251213,UgxtLwvB1NZ-Z51pnER4AaABAg,no,@AhmedAli-q3l4s,no,🎉🎉🎉🎉🎉😂😂😂😂😂❤❤❤❤❤😅😅😅,0,1781568000
hfIC9a-Fots,Kissan Ki Mehnat,20251213,UgwJE-grAWruRBIZwsZ4AaABAg,no,@MudassarMaddy737,no,Salam kissan ❤,0,1776297600
hfIC9a-Fots,Kissan Ki Mehnat,20251213,UgwKZfZ5jjADl7-gYDh4AaABAg,no,@nasirnadeem-z8u,no,❤❤❤❤😊,0,1773619200
hfIC9a-Fots,Kissan Ki Mehnat,20251213,UgwbuUc4m0_hn5txelt4AaABAg,no,@Aitazazmughal01,no,Salam ❤,1,1768521600
hfIC9a-Fots,Kissan Ki Mehnat,20251213,UgyMPZ5rV9aB2SjQfyJ4AaABAg,no,@Ghulam.512,no,Salam Kissan ❤❤❤,1,1768521600
llIKvpyxhKM,Salam Kissan 2021 | Kissan Day | A Tribute to Farmers by Sarsabz Fertilizers,20211211,Ugz84KrviAaOulJZ_Bt4AaABAg,no,@Farazahmm,no,Kiya awaz hai kamal ❤,0,1784160000
llIKvpyxhKM,Salam Kissan 2021 | Kissan Day | A Tribute to Farmers by Sarsabz Fertilizers,20211211,Ugzif5NmjXs10e74QDN4AaABAg,no,@greenapple5852,no,Salam Kisan ❤,0,1771200000
llIKvpyxhKM,Salam Kissan 2021 | Kissan Day | A Tribute to Farmers by Sarsabz Fertilizers,20211211,UgxteoJtTi6j_AgxphR4AaABAg,no,@zoyaali7810,no,#Salamkissan ❤,0,1757980800
llIKvpyxhKM,Salam Kissan 2021 | Kissan Day | A Tribute to Farmers by Sarsabz Fertilizers,20211211,Ugy8nrlK0_YSsfMzkKF4AaABAg,no,@cjroyalyt4323,no,SALAM KISAAN I LOVE ALL KISAN,0,1726444800
llIKvpyxhKM,Salam Kissan 2021 | Kissan Day | A Tribute to Farmers by Sarsabz Fertilizers,20211211,Ugyjh5oePOQd284aOMN4AaABAg,no,@echoesoflife01-i6,no,Such a wonderful song with extraordinary message. I am listening this song round about 1 and half years. This song strongly gives us a message to respect our farmers because they are very innocent and they have a heart full of gold. So kindly respect the farmers (Salam Kissan),3,1726444800
llIKvpyxhKM,Salam Kissan 2021 | Kissan Day | A Tribute to Farmers by Sarsabz Fertilizers,20211211,UgxyEpZ5ayInkKzINSJ4AaABAg,no,@rajputxaqibmahi,no,Mai Dhai 🎤 🎶,1,1726444800
llIKvpyxhKM,Salam Kissan 2021 | Kissan Day | A Tribute to Farmers by Sarsabz Fertilizers,20211211,UgzBhdxYZIqFbytKRqt4AaABAg,no,@GhulamMustafa-jo4pi,no,Liked and Shared in groups also ❤❤❤,0,1726444800
llIKvpyxhKM,Salam Kissan 2021 | Kissan Day | A Tribute to Farmers by Sarsabz Fertilizers,20211211,UgwO0sitfpEZvm55dDB4AaABAg,no,@GhulamMustafa-jo4pi,no,Kissan Hamari Shan ❤❤❤,0,1726444800
llIKvpyxhKM,Salam Kissan 2021 | Kissan Day | A Tribute to Farmers by Sarsabz Fertilizers,20211211,UgwitqHs9LX7R3hqY-94AaABAg,no,@GhulamMustafa-jo4pi,no,Salam Kissan ❤️ ❤️,0,1726444800
llIKvpyxhKM,Salam Kissan 2021 | Kissan Day | A Tribute to Farmers by Sarsabz Fertilizers,20211211,UgyyAsvZYQRDnWOJNk94AaABAg,no,@majidhussain9365,no,Beautiful video for motivated our kisan.,0,1726444800
llIKvpyxhKM,Salam Kissan 2021 | Kissan Day | A Tribute to Farmers by Sarsabz Fertilizers,20211211,UgzOc58thkyQiym6V8t4AaABAg,no,@majidhussain9365,no,"Jeo kisan, hame ha tum pe yaken",0,1726444800
llIKvpyxhKM,Salam Kissan 2021 | Kissan Day | A Tribute to Farmers by Sarsabz Fertilizers,20211211,UgwcRooLG42lQyAHqi54AaABAg,no,@MuhammadShahid-vb5lx,no,Salam frmar,1,1726444800
llIKvpyxhKM,Salam Kissan 2021 | Kissan Day | A Tribute to Farmers by Sarsabz Fertilizers,20211211,UgxkVJdAn4Fco0SoZqR4AaABAg,no,@MuhammadShahid-vb5lx,no,nice farmar,0,1726444800
llIKvpyxhKM,Salam Kissan 2021 | Kissan Day | A Tribute to Farmers by Sarsabz Fertilizers,20211211,UgzD-t1T3xBPoqPlRTZ4AaABAg,no,@Sheeshgar,no,Mai Dhai's voice gives you goosebumps 🔥🔥,1,1694822400
llIKvpyxhKM,Salam Kissan 2021 | Kissan Day | A Tribute to Farmers by Sarsabz Fertilizers,20211211,UgztM-49dR0GywYngjF4AaABAg,no,@alejandraahmed1177,no,I love the song although the beginning of the song was the beautiful.,0,1694822400
llIKvpyxhKM,Salam Kissan 2021 | Kissan Day | A Tribute to Farmers by Sarsabz Fertilizers,20211211,UgzFAwjD4Vvny-wKBaR4AaABAg,no,@kashifraheel3627,no,Superrb 💕❤,0,1694822400
llIKvpyxhKM,Salam Kissan 2021 | Kissan Day | A Tribute to Farmers by Sarsabz Fertilizers,20211211,Ugy1b4y1QwgEdwnputx4AaABAg,no,@AdeelKhalidSE,no,"We are sons of soil
Mai Dhai's voice is very soothing.",0,1694822400
llIKvpyxhKM,Salam Kissan 2021 | Kissan Day | A Tribute to Farmers by Sarsabz Fertilizers,20211211,UgyKEPbcV4o6OVAINJ94AaABAg,no,@lowendhelper7764,no,Khudara apni fasal deny wali zameeno ko mat bechain apni naslon k mustaqbil k liy❤🇵🇰,0,1694822400
llIKvpyxhKM,Salam Kissan 2021 | Kissan Day | A Tribute to Farmers by Sarsabz Fertilizers,20211211,Ugz8qJcQeoBqUmmEeL54AaABAg,no,@Funny_meme6654,no,Voice of women is incridible❤,1,1694822400
llIKvpyxhKM,Salam Kissan 2021 | Kissan Day | A Tribute to Farmers by Sarsabz Fertilizers,20211211,UgxcBDJz9iOfAAe-kZd4AaABAg,no,@msabbasi01,no,Please add subtitles for the language in the beginning. Balochi ha ya Sindhi lekin uss k subtitles honay chahyain.,0,1694822400
llIKvpyxhKM,Salam Kissan 2021 | Kissan Day | A Tribute to Farmers by Sarsabz Fertilizers,20211211,Ugy4D5bAp2vGTwCtVLV4AaABAg,no,@SajjadAli-si8yq,no,She is calling the city name I'm from there,0,1694822400
llIKvpyxhKM,Salam Kissan 2021 | Kissan Day | A Tribute to Farmers by Sarsabz Fertilizers,20211211,Ugwn4Twky80HJoFS9Ct4AaABAg,no,@Hassan_Hayat128,no,Out calaas make more,1,1663286400
llIKvpyxhKM,Salam Kissan 2021 | Kissan Day | A Tribute to Farmers by Sarsabz Fertilizers,20211211,Ugwn4Twky80HJoFS9Ct4AaABAg.9byXC-hd7oB9c-d_ZmwrZL,yes,@Sarsabz,yes,❤️❤️,0,1663286400
llIKvpyxhKM,Salam Kissan 2021 | Kissan Day | A Tribute to Farmers by Sarsabz Fertilizers,20211211,Ugwq81XO5ThwwaTgdcZ4AaABAg,no,@imranmedia1104,no,🏵️🏵️🏵️🏵️🏵️,2,1663286400
llIKvpyxhKM,Salam Kissan 2021 | Kissan Day | A Tribute to Farmers by Sarsabz Fertilizers,20211211,Ugwh1qB-bFwH549LctR4AaABAg,no,@09umerkhalid12,no,My Father is also a Farmer.My Grandfather was a Farmer.I am a proud son of hardworking Forefathers.,5,1663286400
llIKvpyxhKM,Salam Kissan 2021 | Kissan Day | A Tribute to Farmers by Sarsabz Fertilizers,20211211,UgxpJmOcqigQC-zcRWR4AaABAg,no,@Hamad...AHL.,no,"Muhammad Hammad Ali Sarwar 
From TOBA, Lilla interchange, Pind Dadan Khan (JHELUM) 
Salam Kissan 👍👍💟",2,1663286400
llIKvpyxhKM,Salam Kissan 2021 | Kissan Day | A Tribute to Farmers by Sarsabz Fertilizers,20211211,UgzozQl42t_usAyomZB4AaABAg,no,@falakRay748,no,"Mery mulk ka kisaan bht bare Dill wala h,, Allah Apko Khush rakhy sub kisano ko ameen",4,1663286400
llIKvpyxhKM,Salam Kissan 2021 | Kissan Day | A Tribute to Farmers by Sarsabz Fertilizers,20211211,UgwB7KlBIl-ml1wFzpZ4AaABAg,no,@raoarshad6483,no,Masterpiece,2,1663286400
llIKvpyxhKM,Salam Kissan 2021 | Kissan Day | A Tribute to Farmers by Sarsabz Fertilizers,20211211,UgwQkYUuFYQgG342lJJ4AaABAg,no,@Savenature4425,no,Beautiful!❤️ heartwarming song and video....SALAM KISAN! love mai dhai 🌸,1,1663286400
llIKvpyxhKM,Salam Kissan 2021 | Kissan Day | A Tribute to Farmers by Sarsabz Fertilizers,20211211,UgwgnKxD6RF8S5EfHeB4AaABAg,no,@baderbloch3343,no,nice Ehatsham farook,1,1663286400
llIKvpyxhKM,Salam Kissan 2021 | Kissan Day | A Tribute to Farmers by Sarsabz Fertilizers,20211211,Ugyxn-pcMrgSOvL_bTN4AaABAg,no,@mehtaaaab,no,1:59 that smile on his face😍,2,1663286400
llIKvpyxhKM,Salam Kissan 2021 | Kissan Day | A Tribute to Farmers by Sarsabz Fertilizers,20211211,Ugyq3hIGJ1Pj51iqDEB4AaABAg,no,@sash.scheherzade,no,The only Advert that I don't skip these days! Love the lyrics and music rhythm.,5,1663286400
llIKvpyxhKM,Salam Kissan 2021 | Kissan Day | A Tribute to Farmers by Sarsabz Fertilizers,20211211,Ugyq3hIGJ1Pj51iqDEB4AaABAg.9Wf01Z5q0qG9bzCtGjyPD6,yes,@fa-style9752,no,Same here.. love listening it,0,1663286400
llIKvpyxhKM,Salam Kissan 2021 | Kissan Day | A Tribute to Farmers by Sarsabz Fertilizers,20211211,UgxftlO-FTHW3ICE5bl4AaABAg,no,@saqibhussain4792,no,"Hatts Off to this effort of Sarsabz Fertilizers for this tribute to Farmers of Pakistan.
#SalamKissan #SarsabzPakistan #KissanDay",2,1663286400
llIKvpyxhKM,Salam Kissan 2021 | Kissan Day | A Tribute to Farmers by Sarsabz Fertilizers,20211211,UgxftlO-FTHW3ICE5bl4AaABAg.9Wf-AsDETOK9Wjb05iamS9,yes,@Sarsabz,yes,Thank you 😊,0,1663286400
llIKvpyxhKM,Salam Kissan 2021 | Kissan Day | A Tribute to Farmers by Sarsabz Fertilizers,20211211,UgyxFFVO4LroAYX4ZNx4AaABAg,no,@naumanm1,no,In love with the song and visuals! Beautiful message <3,3,1663286400
llIKvpyxhKM,Salam Kissan 2021 | Kissan Day | A Tribute to Farmers by Sarsabz Fertilizers,20211211,UgwbOY1HrVlDOTzUi0t4AaABAg,no,@rockit6269,no,The Sindhi part Is my favorite where can I find it,1,1663286400
llIKvpyxhKM,Salam Kissan 2021 | Kissan Day | A Tribute to Farmers by Sarsabz Fertilizers,20211211,Ugw46WXDIg7WReX8Y6p4AaABAg,no,@MustafaRajachannel,no,"Salam kisaan 
Salaam Pakistan",3,1663286400
llIKvpyxhKM,Salam Kissan 2021 | Kissan Day | A Tribute to Farmers by Sarsabz Fertilizers,20211211,UgzHotoEhTCWqh88sdF4AaABAg,no,@TheNabeelHaider,no,"Faboulus, great work",1,1663286400
llIKvpyxhKM,Salam Kissan 2021 | Kissan Day | A Tribute to Farmers by Sarsabz Fertilizers,20211211,UgzHotoEhTCWqh88sdF4AaABAg.9W_yoUZMxBC9WjaynFnnem,yes,@Sarsabz,yes,Thank you 😊,0,1663286400
llIKvpyxhKM,Salam Kissan 2021 | Kissan Day | A Tribute to Farmers by Sarsabz Fertilizers,20211211,UgxrnTFMELmXv5CRUi54AaABAg,no,@salarjaved519,no,"<3 incredible :') , so audible to the cultural souls within.",3,1663286400
llIKvpyxhKM,Salam Kissan 2021 | Kissan Day | A Tribute to Farmers by Sarsabz Fertilizers,20211211,UgwWuLuaMtIN23apTMl4AaABAg,no,@hafizhamzaarshadmuhammadar7877,no,Salaam kisssan😘😘😘😘,1,1663286400
llIKvpyxhKM,Salam Kissan 2021 | Kissan Day | A Tribute to Farmers by Sarsabz Fertilizers,20211211,Ugys8gNv7awjGd_ATkh4AaABAg,no,@MrWBartist,no,Salam Kissan or Slam Tere Song Ko Bhi,2,1663286400
llIKvpyxhKM,Salam Kissan 2021 | Kissan Day | A Tribute to Farmers by Sarsabz Fertilizers,20211211,UgxfKwcuELHvWM8xWXh4AaABAg,no,@falltuid573,no,What a Beautiful Kissan song   Appreciated,8,1663286400
llIKvpyxhKM,Salam Kissan 2021 | Kissan Day | A Tribute to Farmers by Sarsabz Fertilizers,20211211,UgxfKwcuELHvWM8xWXh4AaABAg.9WPJNSIb3lbA18FEYdUWqs,yes,@7qs,no,"Have No Fear
    * 		Deuteronomy 31:8-9 The Lord himself goes before you and will be with you; he will never leave you nor forsake you. Do not be afraid; do not be discouraged.

* 		John 14:27 Peace I leave with you; my peace I give you. I do not give to you as the world gives. Do not let your hearts be troubled and do not be afraid.

* 		Psalm 23:4 Even though I walk through the darkest valley, I will fear no evil, for you are with me; your rod and your staff, they comfort me.

* 		Psalm 27:1 The Lord is my light and my salvation—whom shall I fear? The Lord is the stronghold of my life—of whom shall I be afraid?

* 		Psalm 27:12 The LORD is my light and my salvation; whom shall I fear? The Lord is the stronghold of my life; of whom shall I be afraid?

* 		Isaiah 41:10 Fear not, for I am with you; be not dismayed, for I am your God; I will strengthen you, I will help you, I will uphold you with my righteous right hand.

* 		Isaiah 43:1-2 Do not fear, for I have redeemed you; I have summoned you by name; you are mine. When you pass through the waters, I will be with you; and when you pass through the rivers, they will not sweep over you. When you walk through the fire, you will not be burned; the flames will not set you ablaze.""


Bible Verses About Strength
* 		Colossians 1:11 May you be strengthened with all power according to his glorious might so that you may have great endurance and patience.

* 		James 1:2-3 Consider it pure joy, my brothers and sisters, whenever you face trials of many kinds, because you know that the testing of your faith produces perseverance.

* 		1 Peter 5:7 Casting all your anxieties on him, because he cares for you.

* 		Deuteronomy 31:6 Be strong and courageous. Do not be afraid or terrified because of them, for the Lord your God goes with you; he will never leave you nor forsake you.

* 		Joshua 1:9 Have I not commanded you? Be strong and courageous. Do not be afraid; do not be discouraged, for the Lord your God will be with you wherever you go.

* 		Psalm 31:24 Be strong, and let your heart take courage, all you who wait for the Lord!

* 		2 Timothy 1:7 For God did not give us a spirit of timidity, but a spirit of power, of love and of self-discipline.

* 		Hebrews 13:5-6 Because God has said, ""Never will I leave you; never will I forsake you."" So we say with confidence, ""The Lord is my helper; I will not be afraid. What can mere mortals do to me?""

* 		1 Peter 5:10 And the God of all grace, who called you to his eternal glory in Christ, after you have suffered a little while, will himself restore you and make you strong, firm and steadfast.

* 		Psalm 32:7-8 You are my hiding place; you will protect me from trouble and surround me with songs of deliverance. I will instruct you and teach you in the way you should go; I will counsel you with my loving eye on you.

* 		Romans 8:38-39 No, in all these things we are more than conquerors through him who loved us. For I am convinced that neither death nor life, neither angels nor demons, neither the present nor the future, nor any powers, neither height nor depth, nor anything else in all creation, will be able to separate us from the love of God that is in Christ Jesus our Lord.

* 		Psalm 33:22 Let your unfailing love be with us, Lord, even as we put our hope in you.

* 		Hebrews 10:24-25 And let us consider how we may spur one another on toward love and good deeds.

* 		Psalm 116:1-2 I love the Lord, for he heard my voice; he heard my cry for mercy. Because he turned his ear to me, I will call on him as long as I live.

* 		Revelation 21:4 He will wipe every tear from their eyes. There will be no more death or mourning or crying or pain, for the old order of things has passed away.",0,1726444800
llIKvpyxhKM,Salam Kissan 2021 | Kissan Day | A Tribute to Farmers by Sarsabz Fertilizers,20211211,UgwsA6hzrIYAZwaOIMV4AaABAg,no,@MUzair-gb7xo,no,Heart touching,1,1663286400
llIKvpyxhKM,Salam Kissan 2021 | Kissan Day | A Tribute to Farmers by Sarsabz Fertilizers,20211211,UgwYcMySmdsTGQ7ljLB4AaABAg,no,@Tayyiba_Mumtaz7,no,Mai dhai 😭😭😍😍😍😍😍😍,1,1663286400
llIKvpyxhKM,Salam Kissan 2021 | Kissan Day | A Tribute to Farmers by Sarsabz Fertilizers,20211211,UgwOqPTJ4tPLfy4ksxF4AaABAg,no,@sohailahmed4782,no,Amazing sound of Mai Dhai Tharparkar's Queen,2,1663286400
llIKvpyxhKM,Salam Kissan 2021 | Kissan Day | A Tribute to Farmers by Sarsabz Fertilizers,20211211,UgyUukWGO2ClWXIWqpp4AaABAg,no,@Teentaalstudio,no,Mai Dai is epic,2,1663286400
llIKvpyxhKM,Salam Kissan 2021 | Kissan Day | A Tribute to Farmers by Sarsabz Fertilizers,20211211,Ugw1bcDDkWdfFPanpHB4AaABAg,no,@javedalee9451,no,شروع میں جو لائنز ہیں کیا وہ مکمل گانے کا لنک مل سکتا ہے؟,0,1663286400
llIKvpyxhKM,Salam Kissan 2021 | Kissan Day | A Tribute to Farmers by Sarsabz Fertilizers,20211211,UgyWKhG6wrBejcPpJv14AaABAg,no,@Rashidkhan-updates,no,I love mai dhai voice,1,1663286400
llIKvpyxhKM,Salam Kissan 2021 | Kissan Day | A Tribute to Farmers by Sarsabz Fertilizers,20211211,Ugx-uDb2e2G6sTZTn-h4AaABAg,no,@khanyyyyy,no,❤️🌾🌾🌱 love,1,1663286400
llIKvpyxhKM,Salam Kissan 2021 | Kissan Day | A Tribute to Farmers by Sarsabz Fertilizers,20211211,UgzutUTJr3mssIK82Jt4AaABAg,no,@skyrisron9637,no,Salute to All Farmers,3,1663286400
llIKvpyxhKM,Salam Kissan 2021 | Kissan Day | A Tribute to Farmers by Sarsabz Fertilizers,20211211,UgwnqnqjH419bzSUOXd4AaABAg,no,@skyrisron9637,no,Love this. Heart touching,5,1663286400
llIKvpyxhKM,Salam Kissan 2021 | Kissan Day | A Tribute to Farmers by Sarsabz Fertilizers,20211211,UgypoM-rnOKyoMRT0dd4AaABAg,no,@farhanambeer3800,no,I'm oi.  Ok,1,1663286400
llIKvpyxhKM,Salam Kissan 2021 | Kissan Day | A Tribute to Farmers by Sarsabz Fertilizers,20211211,Ugxt7K4-E6kWrqUFp3h4AaABAg,no,@abraraslam4885,no,Nice.,1,1663286400
llIKvpyxhKM,Salam Kissan 2021 | Kissan Day | A Tribute to Farmers by Sarsabz Fertilizers,20211211,UgzvjA91r6uk9VMeDsx4AaABAg,no,@attankumar3373,no,Very hardvork  former,1,1663286400
llIKvpyxhKM,Salam Kissan 2021 | Kissan Day | A Tribute to Farmers by Sarsabz Fertilizers,20211211,UgyVz7GV6RklSRJ6oJx4AaABAg,no,@sabagulzar7897,no,A great tribute to all those farmers who have always remained an important pillar of Pakistan's economy 💕 We are nothing without your hadwork dear farmers ❤️,8,1663286400
llIKvpyxhKM,Salam Kissan 2021 | Kissan Day | A Tribute to Farmers by Sarsabz Fertilizers,20211211,UgyVz7GV6RklSRJ6oJx4AaABAg.9W65GyYyvvf9WIIeiEUNqb,yes,@ZARAR_CHEEMA99,no,Bibi G tribute tu govt de rahi hai.,0,1663286400
llIKvpyxhKM,Salam Kissan 2021 | Kissan Day | A Tribute to Farmers by Sarsabz Fertilizers,20211211,UgwF4EhkT35V2XIv-_N4AaABAg,no,@horticulturist123,no,Humiray sath jo slip bnya wo kyun add nahe keya😂 #UAF,0,1663286400
llIKvpyxhKM,Salam Kissan 2021 | Kissan Day | A Tribute to Farmers by Sarsabz Fertilizers,20211211,UgzVlhp_4wFO3DSkXDt4AaABAg,no,@sohaya583,no,"Salaam kisaan, without you we are nothing, truly I appreciate all those working tirelessly such hardworking they are. Lots of love 💕💕💕💕 for all hardworking farmers out there in scorching 🌞🌞🌞",3,1663286400
llIKvpyxhKM,Salam Kissan 2021 | Kissan Day | A Tribute to Farmers by Sarsabz Fertilizers,20211211,UgzmgX306OpL54WCqAR4AaABAg,no,@muhammadyousaf1988,no,"400 per kg ghee ur cooking oil ho raha ha , sunflower 🌻 aur canola pakistan 🇵🇰 ma jitna merzi ugya ja sakt ha palm 🌴 oil import kam ke ja saktie aur kissan khushal ho jy",0,1663286400
llIKvpyxhKM,Salam Kissan 2021 | Kissan Day | A Tribute to Farmers by Sarsabz Fertilizers,20211211,Ugx5tjJUaIWwNSvypuN4AaABAg,no,@syedsahab5285,no,"Apealing ,good and beautiful effort.",1,1663286400
llIKvpyxhKM,Salam Kissan 2021 | Kissan Day | A Tribute to Farmers by Sarsabz Fertilizers,20211211,UgxBG7dNsvC5vnJ6hqF4AaABAg,no,@ahmedjan4035,no,Beautiful song,1,1663286400
llIKvpyxhKM,Salam Kissan 2021 | Kissan Day | A Tribute to Farmers by Sarsabz Fertilizers,20211211,UgypEYK5RtqO7uzXEHx4AaABAg,no,@engineermunim7287,no,Slam saraikistan k kissan,0,1663286400
llIKvpyxhKM,Salam Kissan 2021 | Kissan Day | A Tribute to Farmers by Sarsabz Fertilizers,20211211,UgzXLBHrPL5HmXcP6Ph4AaABAg,no,@LuckyBoy-jz9vj,no,Salam Kisan,1,1663286400
llIKvpyxhKM,Salam Kissan 2021 | Kissan Day | A Tribute to Farmers by Sarsabz Fertilizers,20211211,Ugw75O2IjssuaYFASbp4AaABAg,no,@AbdulWahab-lz2hu,no,"Salam or Great Land kisan's.
Salam Pakistan 🙌🇵🇰🤲",9,1663286400
llIKvpyxhKM,Salam Kissan 2021 | Kissan Day | A Tribute to Farmers by Sarsabz Fertilizers,20211211,Ugzz6zqQ9ZXZnUCt9G14AaABAg,no,@nadeemvibes125,no,Amazing and lovely voice,1,1663286400
llIKvpyxhKM,Salam Kissan 2021 | Kissan Day | A Tribute to Farmers by Sarsabz Fertilizers,20211211,UgyNLqlfYBnw6C7j-vx4AaABAg,no,@hamzatayyab110,no,Farmer Zindabaad,1,1663286400
llIKvpyxhKM,Salam Kissan 2021 | Kissan Day | A Tribute to Farmers by Sarsabz Fertilizers,20211211,UgxhJJc4L5cWVSXTFKd4AaABAg,no,@animalloresreal,no,Beautiful people.,1,1663286400
llIKvpyxhKM,Salam Kissan 2021 | Kissan Day | A Tribute to Farmers by Sarsabz Fertilizers,20211211,UgyjERsznYgcnc7rJX94AaABAg,no,@Rizwanvlock,no,Good job and join me,1,1663286400
llIKvpyxhKM,Salam Kissan 2021 | Kissan Day | A Tribute to Farmers by Sarsabz Fertilizers,20211211,UgwHlaBGX-AlUBjzc0x4AaABAg,no,@salamatproductions6744,no,Good job by Ruksana Apa and Nida Malik.,1,1663286400
llIKvpyxhKM,Salam Kissan 2021 | Kissan Day | A Tribute to Farmers by Sarsabz Fertilizers,20211211,UgwsGGCPxLEj09vq1B54AaABAg,no,@ayeshazeeshanashazee5516,no,Slam kisan slam kisan,1,1663286400
llIKvpyxhKM,Salam Kissan 2021 | Kissan Day | A Tribute to Farmers by Sarsabz Fertilizers,20211211,Ugx67VjDAWOmvzI0Xct4AaABAg,no,@amnaaslam2178,no,Fantastic,1,1663286400
llIKvpyxhKM,Salam Kissan 2021 | Kissan Day | A Tribute to Farmers by Sarsabz Fertilizers,20211211,UgzHNpaAP1FYGmvkDsJ4AaABAg,no,@alimunwar1167,no,im kisan love you Pakistan,1,1663286400
llIKvpyxhKM,Salam Kissan 2021 | Kissan Day | A Tribute to Farmers by Sarsabz Fertilizers,20211211,UgxjJQM9w2wx9i_qswR4AaABAg,no,@mirzayousf871,no,Salm kissan,1,1663286400
llIKvpyxhKM,Salam Kissan 2021 | Kissan Day | A Tribute to Farmers by Sarsabz Fertilizers,20211211,UgxquVHVr5U-n_WNP7J4AaABAg,no,@shamashama2528,no,Salam kisan 💕,3,1663286400
llIKvpyxhKM,Salam Kissan 2021 | Kissan Day | A Tribute to Farmers by Sarsabz Fertilizers,20211211,Ugw5BNFk2SCM8XqkKEl4AaABAg,no,@syedafatima8326,no,Bht mehnat krty hain kisaan log 💓,1,1663286400
llIKvpyxhKM,Salam Kissan 2021 | Kissan Day | A Tribute to Farmers by Sarsabz Fertilizers,20211211,UgyirkA1wWmt-RAgoJ94AaABAg,no,@abdussattar1599,no,"Ya Allah, Make it remarkable.",6,1663286400
llIKvpyxhKM,Salam Kissan 2021 | Kissan Day | A Tribute to Farmers by Sarsabz Fertilizers,20211211,Ugy-dx2vmdqbTTSe6Gl4AaABAg,no,@alisher6502,no,Slam kissan ❤,1,1663286400
llIKvpyxhKM,Salam Kissan 2021 | Kissan Day | A Tribute to Farmers by Sarsabz Fertilizers,20211211,UgxW8M8fxq7qdIZLooZ4AaABAg,no,@robinamustafa8906,no,Parhi likhi awam ki ink sath mil kar kam krna chaye zameen ka chapa chapa abad ho .hr koi mehnat kre,1,1663286400
llIKvpyxhKM,Salam Kissan 2021 | Kissan Day | A Tribute to Farmers by Sarsabz Fertilizers,20211211,UgxCqrvQetn8-q6AIZB4AaABAg,no,@robinamustafa8906,no,I think is mulk ki gurbet us waqt dor ho gi.jb log aaram ko chor ker sheki bekhrny ki  bijaye mehnat ko apna saar banyain gi.ink bacho ko muft taleem dani cahye,3,1663286400
llIKvpyxhKM,Salam Kissan 2021 | Kissan Day | A Tribute to Farmers by Sarsabz Fertilizers,20211211,UgyrPTFuq98V5chPfep4AaABAg,no,@newandoldmoviesanddramascl6574,no,Absolutely fantastic mind blowing 💯💯👍🌹,4,1663286400
llIKvpyxhKM,Salam Kissan 2021 | Kissan Day | A Tribute to Farmers by Sarsabz Fertilizers,20211211,UgxpyIAH2aN6KBYBS7x4AaABAg,no,@danyalsaleem06danyalsaleem6,no,So caring,1,1663286400
llIKvpyxhKM,Salam Kissan 2021 | Kissan Day | A Tribute to Farmers by Sarsabz Fertilizers,20211211,UgwagN6aruX3c-Y0g6l4AaABAg,no,@umarfahim243,no,I'm not understanding the language of woman singing but her voice is magic,6,1663286400
llIKvpyxhKM,Salam Kissan 2021 | Kissan Day | A Tribute to Farmers by Sarsabz Fertilizers,20211211,UgwmPyMGSj2RpDOCCbV4AaABAg,no,@HkStories13890,no,Ye Asal me hamara Fakhar hai 🇵🇰🇵🇰🇵🇰,2,1663286400
llIKvpyxhKM,Salam Kissan 2021 | Kissan Day | A Tribute to Farmers by Sarsabz Fertilizers,20211211,UgzgH8rQFu7jTourHyF4AaABAg,no,@HkStories13890,no,Slam Kissan 🇵🇰 🇵🇰 پاکستان زندہ باد 🇵🇰,1,1663286400
llIKvpyxhKM,Salam Kissan 2021 | Kissan Day | A Tribute to Farmers by Sarsabz Fertilizers,20211211,UgzkMk3fI1eZaSUzpdl4AaABAg,no,@sajjadalimir8474,no,"Both voices are mind blowing, music is also superb Thank You SarSabaz",5,1663286400
llIKvpyxhKM,Salam Kissan 2021 | Kissan Day | A Tribute to Farmers by Sarsabz Fertilizers,20211211,UgzkMk3fI1eZaSUzpdl4AaABAg.9W5o36KfAyc9W61Hvd1ffP,yes,@binteshakeelnaz7735,no,Raq_&____''57*,0,1663286400
llIKvpyxhKM,Salam Kissan 2021 | Kissan Day | A Tribute to Farmers by Sarsabz Fertilizers,20211211,Ugya0dHn-f1Q79IJp4N4AaABAg,no,@hamaidkhan2522,no,Absolutely beautiful..... Listen to it atleast 10 times a day.... Congratulations to the entire team for coming up with such sensory treat. Huge respect to the female vocalist she makes me cry every single time.,4,1663286400
llIKvpyxhKM,Salam Kissan 2021 | Kissan Day | A Tribute to Farmers by Sarsabz Fertilizers,20211211,UgwLT5rCHyJ6paqbj154AaABAg,no,@shejescorner,no,best ad ever really i was crying,2,1663286400
llIKvpyxhKM,Salam Kissan 2021 | Kissan Day | A Tribute to Farmers by Sarsabz Fertilizers,20211211,UgywGTSTsf2Obsmxrep4AaABAg,no,@enjoythelife814,no,Amazing video,1,1663286400
llIKvpyxhKM,Salam Kissan 2021 | Kissan Day | A Tribute to Farmers by Sarsabz Fertilizers,20211211,UgyI9gZRrzfAvmow-jB4AaABAg,no,@thinkingoutloud5011,no,seldom do brands make suck awareness campaigns and i love it  when they do  always wish corporate sector shud contribute in education and fixing issues,2,1663286400
llIKvpyxhKM,Salam Kissan 2021 | Kissan Day | A Tribute to Farmers by Sarsabz Fertilizers,20211211,UgzHCLd-jICvubpu0014AaABAg,no,@zainabkhalid4889,no,Amazing voice,1,1663286400
llIKvpyxhKM,Salam Kissan 2021 | Kissan Day | A Tribute to Farmers by Sarsabz Fertilizers,20211211,UgzU-qDHygG3tIqp4nV4AaABAg,no,@naveedkamalnaveed7072,no,I  Love Islam . love my village and village simple life ..Pakistan zindabad,2,1663286400
llIKvpyxhKM,Salam Kissan 2021 | Kissan Day | A Tribute to Farmers by Sarsabz Fertilizers,20211211,UgwuoI3S-P2dsKXuIwV4AaABAg,no,@SouthHindimovies2,no,Greatest,1,1663286400
llIKvpyxhKM,Salam Kissan 2021 | Kissan Day | A Tribute to Farmers by Sarsabz Fertilizers,20211211,UgxZgiWpA5GUkHyRv4N4AaABAg,no,@SouthHindimovies2,no,Kmal,1,1663286400
llIKvpyxhKM,Salam Kissan 2021 | Kissan Day | A Tribute to Farmers by Sarsabz Fertilizers,20211211,UgwUKLR1HkN3JebQ6Qd4AaABAg,no,@yourmotivation7683,no,Well done @nida sajid 👏,0,1663286400
llIKvpyxhKM,Salam Kissan 2021 | Kissan Day | A Tribute to Farmers by Sarsabz Fertilizers,20211211,UgxVqtKvramKxWr_m6R4AaABAg,no,@kaskitchenhouse4805,no,Salam kisaan,1,1663286400
llIKvpyxhKM,Salam Kissan 2021 | Kissan Day | A Tribute to Farmers by Sarsabz Fertilizers,20211211,Ugyy2OQN611_CyDj-M14AaABAg,no,@kaskitchenhouse4805,no,Nice,1,1663286400
llIKvpyxhKM,Salam Kissan 2021 | Kissan Day | A Tribute to Farmers by Sarsabz Fertilizers,20211211,UgycpyrRzcC8MaHEu0J4AaABAg,no,@farisfaris9267,no,Sobhan Allaha u do what they really deserve beautiful song infact Respect,3,1663286400
llIKvpyxhKM,Salam Kissan 2021 | Kissan Day | A Tribute to Farmers by Sarsabz Fertilizers,20211211,UgycpyrRzcC8MaHEu0J4AaABAg.9W5hHyT7sFh9W5jKSoxhHh,yes,@mohsinjadoon8239,no,qq10,0,1663286400
llIKvpyxhKM,Salam Kissan 2021 | Kissan Day | A Tribute to Farmers by Sarsabz Fertilizers,20211211,UgycpyrRzcC8MaHEu0J4AaABAg.9W5hHyT7sFh9kctPTLgca2,yes,@cjroyalyt4323,no,lun pa chur,0,1694822400
llIKvpyxhKM,Salam Kissan 2021 | Kissan Day | A Tribute to Farmers by Sarsabz Fertilizers,20211211,Ugz4QQV5wmlc-1LpW4J4AaABAg,no,@hassanvshussain9667,no,❤️❤️,1,1663286400
llIKvpyxhKM,Salam Kissan 2021 | Kissan Day | A Tribute to Farmers by Sarsabz Fertilizers,20211211,UgzO40ay08zCEWsB6pV4AaABAg,no,@mianpo0moon7vii34,no,Ququ7i0jloò,0,1663286400
llIKvpyxhKM,Salam Kissan 2021 | Kissan Day | A Tribute to Farmers by Sarsabz Fertilizers,20211211,UgzhqhQwEasEyxD8qnF4AaABAg,no,@azizahmed3478,no,Good,2,1663286400
llIKvpyxhKM,Salam Kissan 2021 | Kissan Day | A Tribute to Farmers by Sarsabz Fertilizers,20211211,Ugz-GOd4H05jfAaiVhd4AaABAg,no,@masterbrench,no,nice,1,1663286400
llIKvpyxhKM,Salam Kissan 2021 | Kissan Day | A Tribute to Farmers by Sarsabz Fertilizers,20211211,UgwAH4-gLVMTYZLltaZ4AaABAg,no,@khubabbajwaofficial9529,no,Mind blowing performance. Out of understanding  but What a magical voice of female .,8,1663286400
llIKvpyxhKM,Salam Kissan 2021 | Kissan Day | A Tribute to Farmers by Sarsabz Fertilizers,20211211,Ugw4q4Qg1T2aDhnMMyp4AaABAg,no,@robinarazaak9116,no,Salam kisan,2,1663286400
llIKvpyxhKM,Salam Kissan 2021 | Kissan Day | A Tribute to Farmers by Sarsabz Fertilizers,20211211,UgylSdXnCnuFzFQ-uZx4AaABAg,no,@faisalmehmood1889,no,I love every product of FG. Amazing ads every time♥️😍 and salam kisan👍👏,1,1663286400
llIKvpyxhKM,Salam Kissan 2021 | Kissan Day | A Tribute to Farmers by Sarsabz Fertilizers,20211211,UgxLZZvO2ZwN9zH8MM14AaABAg,no,@sajidhussain3543,no,Great effort by Fatima Group. Proud to be a part of Fatima Family,3,1663286400
llIKvpyxhKM,Salam Kissan 2021 | Kissan Day | A Tribute to Farmers by Sarsabz Fertilizers,20211211,UgwLy5mHdxK4-G3WxZ94AaABAg,no,@TrankZ-EDITS,no,Well done 👏👏👏👏👏👏👏 salam Kisaan,3,1663286400
llIKvpyxhKM,Salam Kissan 2021 | Kissan Day | A Tribute to Farmers by Sarsabz Fertilizers,20211211,UgxQ6lnU65-3D4Ew4Y54AaABAg,no,@syedwajidali6509,no,very beautiful video from apni desi life chanle pak,1,1663286400
llIKvpyxhKM,Salam Kissan 2021 | Kissan Day | A Tribute to Farmers by Sarsabz Fertilizers,20211211,UgwrW7e-CwoTwqpXPPh4AaABAg,no,@syedwajidali6509,no,salam all kissn from apni desi life chanle pak,1,1663286400
llIKvpyxhKM,Salam Kissan 2021 | Kissan Day | A Tribute to Farmers by Sarsabz Fertilizers,20211211,UgxOiCsGTOnGUCDlhKJ4AaABAg,no,@syedwajidali6509,no,very beautiful video from apni Desi Life chanle pak,1,1663286400
llIKvpyxhKM,Salam Kissan 2021 | Kissan Day | A Tribute to Farmers by Sarsabz Fertilizers,20211211,UgysorEv1z0xhfyWr8Z4AaABAg,no,@KhalidAli-ih1zf,no,"salam hay kissan per uski mehnat per Pakistan zindabad 
GOOD VIDEO",1,1663286400
llIKvpyxhKM,Salam Kissan 2021 | Kissan Day | A Tribute to Farmers by Sarsabz Fertilizers,20211211,UgyjGnHYavBOfu0OyBt4AaABAg,no,@parigul6286,no,Heart touching & true,2,1663286400
llIKvpyxhKM,Salam Kissan 2021 | Kissan Day | A Tribute to Farmers by Sarsabz Fertilizers,20211211,UgyYl3u1akAAbMaBQ4p4AaABAg,no,@mukhtiarahmed776,no,"Slam kissan,hard worker ever.",1,1663286400
llIKvpyxhKM,Salam Kissan 2021 | Kissan Day | A Tribute to Farmers by Sarsabz Fertilizers,20211211,UgwHmieDoI00BNmZsvd4AaABAg,no,@starjatt5890,no,MashaALLHA  ..boht acha,3,1663286400
llIKvpyxhKM,Salam Kissan 2021 | Kissan Day | A Tribute to Farmers by Sarsabz Fertilizers,20211211,UgzPb02a8lGhTMi6G8h4AaABAg,no,@hassanvshussain9667,no,Amazing ♥️,4,1663286400
llIKvpyxhKM,Salam Kissan 2021 | Kissan Day | A Tribute to Farmers by Sarsabz Fertilizers,20211211,UgxS-5jCTrMLKSmz3mR4AaABAg,no,@saim6018,no,Nice,3,1663286400
llIKvpyxhKM,Salam Kissan 2021 | Kissan Day | A Tribute to Farmers by Sarsabz Fertilizers,20211211,UgwDWKBLhvLUO6JGzMx4AaABAg,no,@saimajaved9607,no,Salam kisan,2,1663286400
llIKvpyxhKM,Salam Kissan 2021 | Kissan Day | A Tribute to Farmers by Sarsabz Fertilizers,20211211,UgwDWKBLhvLUO6JGzMx4AaABAg.9W5T3lD6B7k9W5_hlIYnFj,yes,@lnkvlogs,no,Please support me 🥺🥺,0,1663286400
llIKvpyxhKM,Salam Kissan 2021 | Kissan Day | A Tribute to Farmers by Sarsabz Fertilizers,20211211,Ugw76tkuaVjstzHS2l94AaABAg,no,@SAZafar9371,no,"Beautiful video. may Allah SWT Give immense prosperity to Pakistan and its people, Aameen.",5,1663286400
llIKvpyxhKM,Salam Kissan 2021 | Kissan Day | A Tribute to Farmers by Sarsabz Fertilizers,20211211,UgwwwMZj8FCDyRpoobR4AaABAg,no,@Rajakhan-kw4fe,no,𝐍𝐢𝐜𝐞,1,1663286400
llIKvpyxhKM,Salam Kissan 2021 | Kissan Day | A Tribute to Farmers by Sarsabz Fertilizers,20211211,UgxI2gLHnDQ6nPx_5lV4AaABAg,no,@chiropractorkarachi,no,Kisan Zindabad,1,1663286400
llIKvpyxhKM,Salam Kissan 2021 | Kissan Day | A Tribute to Farmers by Sarsabz Fertilizers,20211211,UgxI2gLHnDQ6nPx_5lV4AaABAg.9W54XnoeCfg9W54ZCC-jXi,yes,@chiropractorkarachi,no,Salam kisan,0,1663286400
llIKvpyxhKM,Salam Kissan 2021 | Kissan Day | A Tribute to Farmers by Sarsabz Fertilizers,20211211,UgznL_XNpn2uEjFGTbh4AaABAg,no,@mohsinamjad2611,no,"Very good video. Shows how technology is being integrated into our traditional farming.
Agri-tech is a very rapidly growing sector. Loved how the farmer used normal water bottles to replicate drip farming.",4,1663286400
llIKvpyxhKM,Salam Kissan 2021 | Kissan Day | A Tribute to Farmers by Sarsabz Fertilizers,20211211,UgwY2Lg4AdQHtEdiC554AaABAg,no,@luqmanasifgujjar3827,no,Salam kissan ❤️ sukriya sarsabz,7,1663286400
llIKvpyxhKM,Salam Kissan 2021 | Kissan Day | A Tribute to Farmers by Sarsabz Fertilizers,20211211,UgwtzLVxqXGE9Gly5lx4AaABAg,no,@tubssamterracegardeningvlo1251,no,Stay safe stay connected 👍 jazak Allah khair,3,1663286400
llIKvpyxhKM,Salam Kissan 2021 | Kissan Day | A Tribute to Farmers by Sarsabz Fertilizers,20211211,UgyNhgncWDcsgmXmA1R4AaABAg,no,@younuszaidi9688,no,کاش کسان کی زندگی بھی کوئی حکومت کرتی آسان ؟,1,1663286400
llIKvpyxhKM,Salam Kissan 2021 | Kissan Day | A Tribute to Farmers by Sarsabz Fertilizers,20211211,UgxWdkQJ2UysfNZv4l54AaABAg,no,@wiky-awan,no,Good effort to tribute people who produce food by working hard....,4,1663286400
llIKvpyxhKM,Salam Kissan 2021 | Kissan Day | A Tribute to Farmers by Sarsabz Fertilizers,20211211,UgyhxITgUW_BzX0y4Sl4AaABAg,no,@e-techstudio4797,no,Green Pakistan.. Thanks Sarsabaz Fertilizer (Fatima).. with Love..,1,1663286400
llIKvpyxhKM,Salam Kissan 2021 | Kissan Day | A Tribute to Farmers by Sarsabz Fertilizers,20211211,Ugzq_VWWblST4pBae9p4AaABAg,no,@Sheeshgar,no,Now this is called an Advertisement. Life grows from the hard lands of North to the Barren lands of South just because of the blood and sweat of these farmers.  Absolutely fantastic. Superb yaar. Hats Off.,19,1663286400
llIKvpyxhKM,Salam Kissan 2021 | Kissan Day | A Tribute to Farmers by Sarsabz Fertilizers,20211211,Ugzq_VWWblST4pBae9p4AaABAg.9VvyRbC5SpI9W2undN_R7e,yes,@Maliknaeemmekalsoom,no,Qqqaw,0,1663286400
llIKvpyxhKM,Salam Kissan 2021 | Kissan Day | A Tribute to Farmers by Sarsabz Fertilizers,20211211,UgzwDzHlg4e6dPGKVEl4AaABAg,no,@sheerytariq3753,no,Tribute and salute to are farmers... 👨‍🌾👩‍🌾,2,1663286400
llIKvpyxhKM,Salam Kissan 2021 | Kissan Day | A Tribute to Farmers by Sarsabz Fertilizers,20211211,UgxHTIwg42g_vNhfeAh4AaABAg,no,@Khan-jz8qn,no,kamal ki ki music and voice wow,2,1663286400
llIKvpyxhKM,Salam Kissan 2021 | Kissan Day | A Tribute to Farmers by Sarsabz Fertilizers,20211211,UgwvRFQq9nj_14luh_h4AaABAg,no,@nasreenazam,no,Great job sarsabz. 👏🏻👏🏻👏🏻👏🏻👏🏻👏🏻,7,1663286400
llIKvpyxhKM,Salam Kissan 2021 | Kissan Day | A Tribute to Farmers by Sarsabz Fertilizers,20211211,UgwvRFQq9nj_14luh_h4AaABAg.9VuLkDXsmUz9W5_BUQ0K-b,yes,@lnkvlogs,no,Support me please 🥺🥺,0,1663286400
llIKvpyxhKM,Salam Kissan 2021 | Kissan Day | A Tribute to Farmers by Sarsabz Fertilizers,20211211,UgyIWWPAgciV7xkcTpp4AaABAg,no,@eshanabbasi4683,no,Salaam kissan♥️♥️♥️♥️🇵🇰🇵🇰🇵🇰,8,1663286400
llIKvpyxhKM,Salam Kissan 2021 | Kissan Day | A Tribute to Farmers by Sarsabz Fertilizers,20211211,UgzcwJsXPOBOdN224zB4AaABAg,no,@eshanabbasi4683,no,Salaam kissan,1,1663286400
llIKvpyxhKM,Salam Kissan 2021 | Kissan Day | A Tribute to Farmers by Sarsabz Fertilizers,20211211,UgyZ2hKwpkqgWIA8VQp4AaABAg,no,@arifshaheen9492,no,Great,1,1663286400
llIKvpyxhKM,Salam Kissan 2021 | Kissan Day | A Tribute to Farmers by Sarsabz Fertilizers,20211211,UgzpSs4-gH5DTNop66F4AaABAg,no,@RabiaAzam,no,"Beautiful intergenerational story about sacrifice, hardwork and science to build prosperity. Great work!",2,1663286400
llIKvpyxhKM,Salam Kissan 2021 | Kissan Day | A Tribute to Farmers by Sarsabz Fertilizers,20211211,UgyPyMa-RKG5kgJL9-F4AaABAg,no,@moviesbitzz,no,Although I am not a farmers but every Sarsabz ad is mind blowing! This particular ad boost patriotism! Well done team sarsabz!,18,1663286400
llIKvpyxhKM,Salam Kissan 2021 | Kissan Day | A Tribute to Farmers by Sarsabz Fertilizers,20211211,UgyPyMa-RKG5kgJL9-F4AaABAg.9VtgBmyGpFZ9W5aR-k57uj,yes,@shahzadqamar1718,no,Book kip ol0pyy,0,1663286400
llIKvpyxhKM,Salam Kissan 2021 | Kissan Day | A Tribute to Farmers by Sarsabz Fertilizers,20211211,UgyPyMa-RKG5kgJL9-F4AaABAg.9VtgBmyGpFZ9Vth70R0uGy,yes,@Sarsabz,yes,Thank you 😊,3,1663286400
llIKvpyxhKM,Salam Kissan 2021 | Kissan Day | A Tribute to Farmers by Sarsabz Fertilizers,20211211,UgxNJ5G9FmkHz4_vKK94AaABAg,no,@duabutt968,no,",5
0n",0,1663286400
llIKvpyxhKM,Salam Kissan 2021 | Kissan Day | A Tribute to Farmers by Sarsabz Fertilizers,20211211,Ugz1RWUYVhkTPz9toll4AaABAg,no,@TheArtCraftBySABA,no,old is gold love old person old time love from #iqbalkitchencuisine,2,1663286400
llIKvpyxhKM,Salam Kissan 2021 | Kissan Day | A Tribute to Farmers by Sarsabz Fertilizers,20211211,Ugz2le9BI0xNDQGH3oN4AaABAg,no,@anumyasir5882,no,Ia##I'mI'm... K;0l,0,1663286400
llIKvpyxhKM,Salam Kissan 2021 | Kissan Day | A Tribute to Farmers by Sarsabz Fertilizers,20211211,UgwEZ7tYeIt7IY9Aw-d4AaABAg,no,@maidhaiofficialchannel4199,no,Thanks,2,1663286400
llIKvpyxhKM,Salam Kissan 2021 | Kissan Day | A Tribute to Farmers by Sarsabz Fertilizers,20211211,UgwEZ7tYeIt7IY9Aw-d4AaABAg.9Vrei6H5EFH9VtqRAR-vIe,yes,@iftipride,no,Lyrics plz,0,1663286400
llIKvpyxhKM,Salam Kissan 2021 | Kissan Day | A Tribute to Farmers by Sarsabz Fertilizers,20211211,UgyVMklCMXLNuyJAXXx4AaABAg,no,@shahidbutt2603,no,MashaAllah  Pakistan  Hamesha  Sarsab O Shad Abad Rahey  Ameen,2,1663286400
llIKvpyxhKM,Salam Kissan 2021 | Kissan Day | A Tribute to Farmers by Sarsabz Fertilizers,20211211,UgyVMklCMXLNuyJAXXx4AaABAg.9VrdQQUJ-1w9VtCgW0BxVx,yes,@xdpollaxdpolla673,no,Is it,0,1663286400
llIKvpyxhKM,Salam Kissan 2021 | Kissan Day | A Tribute to Farmers by Sarsabz Fertilizers,20211211,UgxNy6CoyS5jn2TfIGp4AaABAg,no,@AsadArshad360,no,Superb efforts by Fatima Fertilizers leading towards Sarsabz Pakistan..,6,1663286400
llIKvpyxhKM,Salam Kissan 2021 | Kissan Day | A Tribute to Farmers by Sarsabz Fertilizers,20211211,UgxNy6CoyS5jn2TfIGp4AaABAg.9Vr_a80nRrt9VrdZdQlLC5,yes,@Sarsabz,yes,Thank you 😊,0,1663286400
llIKvpyxhKM,Salam Kissan 2021 | Kissan Day | A Tribute to Farmers by Sarsabz Fertilizers,20211211,Ugzg3FVkMa0UPHWZfld4AaABAg,no,@o.k1807,no,Salam Kissan,2,1663286400
llIKvpyxhKM,Salam Kissan 2021 | Kissan Day | A Tribute to Farmers by Sarsabz Fertilizers,20211211,UgxWlZJBuSRg7jNmwil4AaABAg,no,@HasanKhan-ki2ws,no,Absolutely beautiful and thanks you to show the image of Pakistani farmer's,6,1663286400
llIKvpyxhKM,Salam Kissan 2021 | Kissan Day | A Tribute to Farmers by Sarsabz Fertilizers,20211211,Ugw-W1RxhVgcgNRGOqZ4AaABAg,no,@HasanKhan-ki2ws,no,Such a great idea . good job. salam sarsabz  fertilizer. Salam kisan.,7,1663286400
llIKvpyxhKM,Salam Kissan 2021 | Kissan Day | A Tribute to Farmers by Sarsabz Fertilizers,20211211,Ugw-W1RxhVgcgNRGOqZ4AaABAg.9VrPIK8-9PE9Vrdb8mbEql,yes,@Sarsabz,yes,Thank you 😊,3,1663286400
llIKvpyxhKM,Salam Kissan 2021 | Kissan Day | A Tribute to Farmers by Sarsabz Fertilizers,20211211,UgyzTAGcOjn2Y95U6X94AaABAg,no,@majidmoein3495,no,"Excellent message while covering up golden agriculture land of Pakistan & magical background voice of Mai Dhaii.. 

Thumbs Up for great effort 👍✌🏻
#SalamKissan #SarsabzPakistan",15,1663286400
llIKvpyxhKM,Salam Kissan 2021 | Kissan Day | A Tribute to Farmers by Sarsabz Fertilizers,20211211,Ugz0prB1KHY1UyMPdH14AaABAg,no,@muhammadasim7866,no,Thank u,2,1663286400
llIKvpyxhKM,Salam Kissan 2021 | Kissan Day | A Tribute to Farmers by Sarsabz Fertilizers,20211211,UgxReNa4IKLdO4Is2rV4AaABAg,no,@MBMDIGITALFARMING,no,Good sir,1,1663286400
llIKvpyxhKM,Salam Kissan 2021 | Kissan Day | A Tribute to Farmers by Sarsabz Fertilizers,20211211,UgwZXcvLEG8L5F8cmid4AaABAg,no,@zubairahmed4215,no,It's not a just add whole tradition of our land what's your name man,2,1663286400
llIKvpyxhKM,Salam Kissan 2021 | Kissan Day | A Tribute to Farmers by Sarsabz Fertilizers,20211211,UgzXCl2JztGTpRCgR4F4AaABAg,no,@zubairahmed4215,no,Perfect perfect creative mind salute man,10,1663286400
llIKvpyxhKM,Salam Kissan 2021 | Kissan Day | A Tribute to Farmers by Sarsabz Fertilizers,20211211,UgzwRJmf3WOEjlDY0h94AaABAg,no,@homecuisineandchef774,no,New gift 🎁🔔👍♥️❣️💐🌹,2,1663286400
llIKvpyxhKM,Salam Kissan 2021 | Kissan Day | A Tribute to Farmers by Sarsabz Fertilizers,20211211,UgxJ--cAGz67VMbHn0d4AaABAg,no,@homecuisineandchef774,no,Beautiful ❤️❤️❤️,4,1663286400
llIKvpyxhKM,Salam Kissan 2021 | Kissan Day | A Tribute to Farmers by Sarsabz Fertilizers,20211211,UgxoVI1UNbZwbgochrF4AaABAg,no,@homecuisineandchef774,no,68 like good Sharing 👍❤️💐😊❤️,2,1663286400
llIKvpyxhKM,Salam Kissan 2021 | Kissan Day | A Tribute to Farmers by Sarsabz Fertilizers,20211211,UgwiI8moDFwdNf2x6yh4AaABAg,no,@tulipisland835,no,"Heart ❤ touching song, heart touching thing "" made of Pakistan""",13,1663286400
llIKvpyxhKM,Salam Kissan 2021 | Kissan Day | A Tribute to Farmers by Sarsabz Fertilizers,20211211,UgwiI8moDFwdNf2x6yh4AaABAg.9Vq0xlHlBBq9W_J-f-OMqg,yes,@aleinaali7443,no,Poowowo,2,1663286400
llIKvpyxhKM,Salam Kissan 2021 | Kissan Day | A Tribute to Farmers by Sarsabz Fertilizers,20211211,UgwFEdB4KHzAYWSuGqV4AaABAg,no,@tulipisland835,no,Salam kisaan.... Salaam Pakistan 🇵🇰,7,1663286400
llIKvpyxhKM,Salam Kissan 2021 | Kissan Day | A Tribute to Farmers by Sarsabz Fertilizers,20211211,Ugwhsk4sJZa1JQUBjER4AaABAg,no,@latifsahib7667,no,🥰🥰🥰🥰❤️🇵🇰🇵🇰🇵🇰🇵🇰🇵🇰,2,1663286400
llIKvpyxhKM,Salam Kissan 2021 | Kissan Day | A Tribute to Farmers by Sarsabz Fertilizers,20211211,UgyuivvYrxuRHq67VAt4AaABAg,no,@marvishah1462,no,"Who’s the female singer in the starting? 
What song is she singing?",3,1663286400
llIKvpyxhKM,Salam Kissan 2021 | Kissan Day | A Tribute to Farmers by Sarsabz Fertilizers,20211211,UgyuivvYrxuRHq67VAt4AaABAg.9VpXvZ8wnQH9Vq9O7t8pqn,yes,@Sarsabz,yes,"Mai Dhai, She is singing about 
 farmer's hardwork",2,1663286400
llIKvpyxhKM,Salam Kissan 2021 | Kissan Day | A Tribute to Farmers by Sarsabz Fertilizers,20211211,Ugw1TZwfVxWtzoFzULZ4AaABAg,no,@jiwaypakistan1,no,Beautiful Ad.,3,1663286400
llIKvpyxhKM,Salam Kissan 2021 | Kissan Day | A Tribute to Farmers by Sarsabz Fertilizers,20211211,UgyXJg_0DUrss0WEYQF4AaABAg,no,@jashanpreetsingh1993,no,Kissan majdoor ekta zindabad 🌾🙏🏼🌾🙏🏼💪💪✊🏻,7,1663286400
llIKvpyxhKM,Salam Kissan 2021 | Kissan Day | A Tribute to Farmers by Sarsabz Fertilizers,20211211,UgzJ5uZABeGyTnEMRfZ4AaABAg,no,@nrn1256,no,Beautiful ...Salam kisan👍,2,1663286400
llIKvpyxhKM,Salam Kissan 2021 | Kissan Day | A Tribute to Farmers by Sarsabz Fertilizers,20211211,UgzwimKyRN9vDUoPK2N4AaABAg,no,@muhammadtahir7669,no,S beautiful ❤️,2,1663286400
t2JC0sCMAUk,Sarsabz Fertilizers Celebrating Kissan Day on 18th December!,20251213,UgynT8OwdNh24LjNxIl4AaABAg,no,@zeeshu711,no,Sarsabz Pakistan 🇵🇰 Salam Kissan is a great initiative,0,1776297600
t2JC0sCMAUk,Sarsabz Fertilizers Celebrating Kissan Day on 18th December!,20251213,UgwnoPjN0-1Bg1jDD1t4AaABAg,no,@zeeshu711,no,Keep up the good work,0,1776297600
t2JC0sCMAUk,Sarsabz Fertilizers Celebrating Kissan Day on 18th December!,20251213,Ugz6lR10l-DIMpFeZax4AaABAg,no,@MudassarMaddy737,no,Keep it up the best work 👍,0,1776297600
t2JC0sCMAUk,Sarsabz Fertilizers Celebrating Kissan Day on 18th December!,20251213,UgyYAIB661p9hNAnWwx4AaABAg,no,@engtoseefgulzar,no,❤,0,1776297600
t2JC0sCMAUk,Sarsabz Fertilizers Celebrating Kissan Day on 18th December!,20251213,Ugwu1d8Qw9N2Oiur_MN4AaABAg,no,@AliRaza-d1q8n,no,Job ka tarika,0,1771200000
t2JC0sCMAUk,Sarsabz Fertilizers Celebrating Kissan Day on 18th December!,20251213,UgyAL2F_0RQjUsmsqxB4AaABAg,no,@Aitazazmughal01,no,"سلام کسان، سرسبز پاکستان 🇵🇰🌾

دل سے سلام اور شکریہ پاکستان کے اُن کسانوں کو جو خاموشی سے دن رات محنت کر کے ہماری زمین کو زرخیز اور قوم کو خودکفیل بناتے ہیں۔ آپ کی محنت صرف فصل نہیں اُگاتی بلکہ پاکستان کے روشن مستقبل کی بنیاد رکھتی ہے۔ کسان واقعی اس ملک کی اصل طاقت ہیں۔

ساتھ ہی سرسبز فرٹیلائزر مینجمنٹ کو خراجِ تحسین، جو کسانوں کے ساتھ قدم سے قدم ملا کر چل رہے ہیں۔ کسان ڈے (18 دسمبر) جیسے باوقار اور بامقصد پروگرامز کے ذریعے کسانوں کو نہ صرف سراہا جا رہا ہے بلکہ جدید زرعی رہنمائی اور اعتماد بھی دیا جا رہا ہے۔ یہ کاوشیں کسان کی زندگی میں مثبت تبدیلی لا رہی ہیں۔

دعا ہے کہ اللہ تعالیٰ ہمارے کسانوں کی محنت کو قبول فرمائے، ان کی پیداوار میں برکت دے اور پاکستان کو ہمیشہ سرسبز اور خوشحال رکھے۔ 🌱🤲

#SalamKissan #SarsabzPakistan",2,1768521600
t2JC0sCMAUk,Sarsabz Fertilizers Celebrating Kissan Day on 18th December!,20251213,UgyHvTFgoUHJdl0JnSh4AaABAg,no,@Ghulam.512,no,"Salam Kissan Sarsabz Pakistan 🇵🇰🌾

Dil se shukriya Pakistan ke mehnati kisanón ko  aap hi hamari zameen ki rooh aur mulk ki taqat ho. Aap ki mehnat se hamare gharon tak rozi pohanchti hai aur Pakistan sarsabz rehta hai.

Saath hi Sarsabz Fertilizer management ka bhi tahe-dil se shukriya, jo Kissan ko empower karne ke liye Kissan Day (18 Dec) jaise meaningful events ke zariye rehnumai, himmat aur support faraham kar rahe hain. Aap ki koshishen kisani ko mazid behtar aur mustahkam bana rahi hain.

Allah aap sab ki mehnat ko qabool kare aur Pakistan ko hamesha sarsabz o shaadab rakhe. 🌱🤲

#SalamKissan #SarsabzPakistan",3,1768521600
t2JC0sCMAUk,Sarsabz Fertilizers Celebrating Kissan Day on 18th December!,20251213,Ugw7QcSbNmMkgquF9kd4AaABAg,no,@Allahcreations99,no,"From sunrise to sunset, through heat, cold, and rain, farmers work tirelessly so that the world never sleeps hungry.

Every seed you plant carries hope,
Every harvest you reap brings life,
And every drop of sweat you shed feeds millions.

Farmers teach us patience, hard work, and faith in the future.
Your sacrifices often go unseen, but your contribution can never be replaced.

🙏 Salam to our farmers — your dedication, resilience, and love for the land inspire generations.
May your fields always stay green, your efforts be rewarded, and your lives be filled with respect, prosperity, and peace. 
#salamkissan #sarsabzpakistan #kissanday",2,1765843200
wt_rH3e-ORY,Let's Pledge Not To Waste Food | Kissan Day 18th December | Sarsabz Fertilizers,20201207,UgylH-SIFKf0w2PiHV14AaABAg,no,@shahzadkhan-bh1ui,no,Great,1,1631750400
wt_rH3e-ORY,Let's Pledge Not To Waste Food | Kissan Day 18th December | Sarsabz Fertilizers,20201207,UgxW8HPR56LUGgX_jIF4AaABAg,no,@thoughtsSpills,no,Finally someone talking about farmers nd giving them tribute.... Doing great job..... ♥️♥️♥️Isi trhan in mehnatkash kissano ko appreciate krte rahe.... Well done #Sarsabz ❤️,1,1631750400
wt_rH3e-ORY,Let's Pledge Not To Waste Food | Kissan Day 18th December | Sarsabz Fertilizers,20201207,UgxW8HPR56LUGgX_jIF4AaABAg.9H-HAJpXR0_9H-JUVzA5Iw,yes,@Sarsabz,yes,Thank you :) let’s celebrate Kissan Day on 18th December & pay a tribute to our hardworking farmers of Pakistan!,0,1631750400
wt_rH3e-ORY,Let's Pledge Not To Waste Food | Kissan Day 18th December | Sarsabz Fertilizers,20201207,UgyuUXlh4LaUnwE7ZYh4AaABAg,no,@nimrapervez4251,no,beautiful message and wonderful how sarsabz is paying tribute to the unsung heroes!,2,1631750400
wt_rH3e-ORY,Let's Pledge Not To Waste Food | Kissan Day 18th December | Sarsabz Fertilizers,20201207,UgyuUXlh4LaUnwE7ZYh4AaABAg.9H-H3nhXjiH9H-JVuP0d-O,yes,@Sarsabz,yes,Thank you :) let’s celebrate Kissan Day on 18th December & pay a tribute to our hardworking farmers of Pakistan!,0,1631750400
wt_rH3e-ORY,Let's Pledge Not To Waste Food | Kissan Day 18th December | Sarsabz Fertilizers,20201207,UgywIoiXPIgfbPGHQeR4AaABAg,no,@drmahinufarhad5281,no,What a beautiful message from Sarsabz! 👏👏,1,1631750400
wt_rH3e-ORY,Let's Pledge Not To Waste Food | Kissan Day 18th December | Sarsabz Fertilizers,20201207,UgywIoiXPIgfbPGHQeR4AaABAg.9Gyj0hhmGB79Gyl24P7Zu-,yes,@Sarsabz,yes,Thank you :) let’s celebrate Kissan Day on 18th December & pay a tribute to our hardworking farmers of Pakistan!,0,1631750400
yITH0i--5Fo,"Thank you, Kissan! | Salam Kissan, Sarsabz Pakistan | Celebrating Kissan Day on 18th Dec",20201210,Ugyj1rNJq7gVz8YksaJ4AaABAg,no,@ameerahmad4265,no,"Wese  الحمدللہ 
Ulma ki rehnumai k bgair ye na mumkin ha islam me bhi rizq k zyah se mana or iski qaddar ki trgeeb dilai gaii ha ... 
Ye baat mene apne peer ilyas Attar qadri se sekkhi or الحمدللہ  me aik aik lehsan k joye se le kr bri se bri sbzi k zyyah se bachti hon.... Or jb kachra nikalty wqt koii aik tukra bhi sbzi ka ya annaj ka ajaye to use sanbhal kr rkh leti k is aik dany pr ptta nahii kitnoo ki mehnat ha hmmary liye ..or Allah ki bnai hwi chez ki na qadrii ha hm apni chez ko aise zaya kren gy kia.... So i always respect of my food.... Don't waste food....just suply to the poor if u have extra.... don't pour in your dustbins... Just keep remembering while pouring it might be enough for others needy persons....",1,1631750400
yITH0i--5Fo,"Thank you, Kissan! | Salam Kissan, Sarsabz Pakistan | Celebrating Kissan Day on 18th Dec",20201210,Ugw_riXbPz-1D_-HfzB4AaABAg,no,@sajjad1334,no,♥️♥️♥️,1,1631750400
yITH0i--5Fo,"Thank you, Kissan! | Salam Kissan, Sarsabz Pakistan | Celebrating Kissan Day on 18th Dec",20201210,Ugw_riXbPz-1D_-HfzB4AaABAg.9HGg5wRbI1Y9HMkiSGp0ts,yes,@Sarsabz,yes,:),0,1631750400
yITH0i--5Fo,"Thank you, Kissan! | Salam Kissan, Sarsabz Pakistan | Celebrating Kissan Day on 18th Dec",20201210,UgxxP9u-JyH_8J7Zsgh4AaABAg,no,@asimsaeed4472,no,"AoA 
Mare zamin kalrathe ha
Man already zabrdast uriya lay aya hun or us k 7 
ammonium sulfate dall skta hun ?
Pahly pani k 7
Plz rahnumi kary shukriya",0,1631750400
yITH0i--5Fo,"Thank you, Kissan! | Salam Kissan, Sarsabz Pakistan | Celebrating Kissan Day on 18th Dec",20201210,Ugy-lgRoihPpYWdXJdx4AaABAg,no,@saimaahmed960,no,njmu,0,1631750400
yITH0i--5Fo,"Thank you, Kissan! | Salam Kissan, Sarsabz Pakistan | Celebrating Kissan Day on 18th Dec",20201210,UgwNpoaxa3ZBtPeMqrl4AaABAg,no,@khadijafarrukhmischievous4632,no,👍👍,1,1631750400
