brand,ring,handle,shortcode,kind,date,date_source,grid_position,pinned_guess,caption,source_url,image_file,alt_text,reposted_from
PTCL,client,ptclofficial,Dcof06MK4jo,p,2026-08-29,post_page,0,yes,"Same problem Like Reply ix_zainabkhan 6d Pathetic internet service and the customer service as well there support agents are rude and also they don't give a fuck what you are saying they only tell there process and disconnect the call recently I had a bad experience of 1.5 month outage on internet I Registered the complaint on 3 august and there team visited on 2 September and now they are asking me to pay the full month bill and there will be only 6 days adjustment and I spoke to Anum Qureshi floor supervisor Anum zehra agent Both of them were so arrogant and didn't help me at all Like Reply saira_irfan_meo 1w Astaghfirullah... Month main 2,3 bar complains krni prti Hain 26 august ki last compliant hy 3 din bad on howa Kal say phir bund hy bill bhi pay kro mobile main package krwa KY internet use kro oper say in KY call center waly dhamki bhi dety Hain KY muhazib ho KY complain karain a",https://www.instagram.com/ptclofficial/p/Dcof06MK4jo/,media/ptclofficial/Dcof06MK4jo.jpg,"Photo by PTCL Official on August 29, 2026. May be an image of fragrance, poster and text.",
PTCL,client,ptclofficial,Db3Sr_mDgqA,reel,2026-08-10,post_page,1,yes,"Hello bhai mujy btao ye shoq tv box ha jo ye package 100mb sa promo karwany pa tv box wapis karna hoga agar main Abi lagwao toh? jaldi btana pehle dm main tum jawab nahi de rahe Like Reply smaliindustry 3w ek issue jo pechlay 24 dino say face ho raha hai inetrnet ka wo to solve hota nhi ap logo say post to asay kar rahiy hotay hain k world ki best service provide kar rahiy hain. 8 emails , 63 complaint calls 24 days lakeen still ap ka repesentive yea line man ko tofeeq nhi k akar thk kar daiyn ! and mashallah say billing own time ata hai ek din to door ek hours bhi late nhi hota bill recive honay main ?",https://www.instagram.com/ptclofficial/reel/Db3Sr_mDgqA/,media/ptclofficial/Db3Sr_mDgqA.jpg,"Video by PTCL Official on August 10, 2026. May be a graphic of ‎poster and ‎text that says '‎shoGm she GT pt ptcl otc 179 79 YEARS ياسان cOO‎'‎‎.",
PTCL,client,ptclofficial,DdHV2e6qZdf,p,2026-09-10,post_page,2,yes,"Your next upgrade is almost here. Meet the new iPhone 18 Pro, with an even more capable camera, smoother performance, and battery life built to keep up with you. Coming soon to Mercantile. Stay connected with PTCL. #PTCL #Mercantile #iPhone18Pro #ComingSoon shahzadasadislamgmail.com2 21m Wonderful Like Reply 102 3 17 hours ago",https://www.instagram.com/ptclofficial/p/DdHV2e6qZdf/,media/ptclofficial/DdHV2e6qZdf.jpg,"Photo by PTCL Official on September 10, 2026. May be an image of screen, phone and text that says 'Optcl mercantile Authorised Distributor Coming Soon iPhone 18 Pro PRO'.",
PTCL,client,ptclofficial,Dc70AFqqpW5,p,2026-09-06,post_page,3,no,"Honoring the spirit of 6th September. Securing our country today means safeguarding the vital networks and digital systems that keep our nation moving forward. #6thSeptember #DefenceDay #PTCL #Pakistan zeemakin 1d Extremely disappointed with PTCL’s service. I applied and paid for a new connection on 23 August 2026, and today is 9 September—still no installation. I have contacted 1218 repeatedly for 17 days, but only received assurances with no resolution. Order No. 1-375432332141 @ptclofficial , how many follow-ups does a customer need after already making the payment? Please resolve this immediately instead of giving further assurances. Like Reply farhantarar.1 2d sir mandi bahuaddin k sth e ik village hn please Fiber connection dey dein🙏🏻 Like Reply 33 7 5 days ago",https://www.instagram.com/ptclofficial/p/Dc70AFqqpW5/,media/ptclofficial/Dc70AFqqpW5.jpg,"Photo by PTCL Official on September 05, 2026. May be a graphic of poster and text.",
PTCL,client,ptclofficial,DctFISsDN30,reel,2026-08-31,post_page,4,no,"Internet tu chaltaa nahi sahi Like Reply usamaa_naseer 1w Very bad faculty , i recently pay the fee for new installation and got msg after 1 day that ""your installation complete happy and enjoy"" In reality i can't got installation not even visit ptcl , what the fuck they installation even not visit my home Like Reply saddam.gulzar 1w I want to cancel my order, meri payment refund kro Like Reply saddam.gulzar 1w Fazool service, itni jaida complaints krne k bad b issue resolve nhe ho rha aur ek week sae DM b kr rha hn koi response nhe",https://www.instagram.com/ptclofficial/reel/DctFISsDN30/,media/ptclofficial/DctFISsDN30.jpg,"Video by PTCL Official on August 31, 2026. May be an image of poster and text.",
PTCL,client,ptclofficial,DcqyIW9K11m,p,2026-08-30,post_page,5,no,"Back where we belong. 🇵🇰🏑 After 8 years, our team fought hard on the global stage and secured 11th place. Every match was fueled by pure energy and passion. Kyunke tumhara junoon he to hai Pakistan ki Pehchaan! #PTCL #PakistanKiPehchaan #FIHHockeyWorldCup2026 collie_yak 1w Well done Pakistan, it’s great to see you back on the world stage 👏👏👏 I watch you defeat South Africa live from the stadium, absolutely thrilling match 🙌 Like Reply fauzia786_ 1w Good job Greens Alhamdulillah Like Reply naveedrai 1w Mashallah sirf aik 1 hata dain aur dil khush karain.",https://www.instagram.com/ptclofficial/p/DcqyIW9K11m/,media/ptclofficial/DcqyIW9K11m.jpg,"Photo by PTCL Official on August 30, 2026. May be an image of ‎cricket, poster, sports equipment and ‎text that says '‎Optcl ptyl c 179 ptcl Op Opal ptcl 11th PLACE SECURED MARKING OUR OFFICIAL COMEBACK AFTER 8 YEARS KYUNKE TUMHARA JUNOON HE TO HAI چان‎'‎‎.",
PTCL,client,ptclofficial,DcoAtaJqCPU,p,2026-08-29,post_page,6,no,"PTCL and Mercantile are bringing the upcoming generation of iphones to Pakistan. Something exciting is coming your way 🤩 Stay tuned! #PTCL #FlashFiber #iPhone #WhatsNext #StayTuned mosin_nagant67 1w Sir ap to ignore he kar baithai hai 4 din pehla ap ko msg kiya tha seen bhi nahi kiya itna bura ignore to us nai bhi nahi mara tha jitna bura ap nai mar diya hai Like Reply waqas_shaffique_awan 1w Aoa Kinldy inform me kia ajkal ptcl broadband ka koi issue chal raha hai Rawalpindi Dhoke Kala Khan Area main??? Last 4 days se Internet aa nahi raha, complaint resolve nahi ho rehin, line men kehtey hain port ka masla hai, kabhi kehtey hain main wire koi cut ket k le geya??? Line men apni monopoly ker rehey hain. Last 10 to 15 days se net ka yeahi issue chal raha hai, But last 4 days se Internet provide hi nahi kiya ja raha",https://www.instagram.com/ptclofficial/p/DcoAtaJqCPU/,media/ptclofficial/DcoAtaJqCPU.jpg,"Photo by PTCL Official on August 29, 2026. May be a graphic of screen, poster and text that says 'Optcl mercantile WHAT'S NEXT is worth every second of the wait ThenextgenerationofiPhoesiscomin The next generation of iPhones is coming STAY TUNED'.",
PTCL,client,ptclofficial,DcjENSSFq60,p,2026-08-27,post_page,7,no,"Get the new MacBook Neo for just PKR 229,999/- Plus, enjoy savings of up to PKR 35,000/- with a 100 Mbps Bolt-On, a 2-year warranty, and a special student discount. #PTCL #FlashFiber #Mercantile ranahuzaifashahbaz 1w Kindly Reply Inbox about my Complaint Like Reply 16 7 August 27",https://www.instagram.com/ptclofficial/p/DcjENSSFq60/,media/ptclofficial/DcjENSSFq60.jpg,"Photo by PTCL Official on August 27, 2026. May be an image of screen and text that says 'Optcl ጻ mercantile Authorised Distributor Upgrade to the new MacBook Get a 100 Mbps Bolt-On Plus savings up to Rs. 35,000 PKR264,999/- PKR264 PKR 229,999 VET MacBook Neo SPECIAL STUDENT STUDENTDISCOUNT DISCOUNT 2-YEAR WARRANTY 10% OFF ACCESSORIES&REPAIRS &REPAIRS'.",
PTCL,client,ptclofficial,DcbWiFUDzh5,p,2026-08-24,post_page,8,no,"Get the new MacBook Neo with a 100 Mbps Bolt-On and save up to Rs. 35,000! Plus, students get a special discount, 2-year warranty, and 10% off on accessories & repairs 🤩 #PTCL #FlashFiber #Mercantile aliensnacc 2w Pathetic customer service Like Reply mosin_nagant67 2w Bhai apna inbox to kholo zara",https://www.instagram.com/ptclofficial/p/DcbWiFUDzh5/,media/ptclofficial/DcbWiFUDzh5.jpg,"Photo by PTCL Official on August 24, 2026. May be an image of screen, tablet and text that says 'Optcl mercantile 不 Autharised Distributor Upgrade to the new MacBook Get a 100 Mbps Bolt-On Plus savings up to Rs. .35,000 መ8ኖር MacBook Neo SPECIAL STUDENT STUDENTDISCOUNT DISCOUNT 2-YEAR WARRANTY 10%OFF 10% OFF ACCESSORIES& ACCESSORIES&REPAIRS REPAIRS'.",
PTCL,client,ptclofficial,DcOYi2oijCo,p,2026-08-19,post_page,9,no,"This World Humanitarian Day, we celebrate the steps that strengthen communities. Sustainable progress starts with fundamental needs. From clean water projects to financial training for women, PTCL continues to work toward a stronger, more empowered future. @ppafofficial | @shifafoundation | @irm.edu.pk #WorldHumanitarianDay #PTCL test.xlsx 2w Hello i am flash fibre user and i am facing this issue while loadings tekken 8 on ptcl flash fibre when i open online mode this error shows up but when i use onic hotspot no issue what so ever please give me a competent agent who can resolve this problem the ones on 1218 don't know anything about this issue use to work fine on copper connection but on flashfible it have not worked from day 1",https://www.instagram.com/ptclofficial/p/DcOYi2oijCo/,media/ptclofficial/DcOYi2oijCo.jpg,"Photo by PTCL Official on August 19, 2026.",
PTCL,client,ptclofficial,DcMFOptqAev,p,2026-08-18,post_page,10,no,"Homes change, years pass and technology evolves but the warmth of staying connected remains timeless. 💚 For 79 years, PTCL has been privileged to be the one constant in the homes of millions. Through every move, upgrade, and new season of life, we remain Pakistan jitna jawan. #PTCL #PakistanJitnaJawan #79Years #ConnectingGenerations mateen_fayyaz_15 13h Ap log na inbox mai msg krty or na hi request fulfill kartay 3 din say bht slow Internet hai lekin. Puri society mai koi response nhi very bad ptcl apsy ye except nhi kiya tha apny bht dissappointe kiya na hii dm dekhty Like Reply nadeem262853 3w Connection kare walo ko btya device on ni ho rahi wo kahty apko new device leni pare gi 3000 ki Like Reply bumblebee.sales 3w Internet outage for past 2 hours. Like Reply 23 11 August 18",https://www.instagram.com/ptclofficial/p/DcMFOptqAev/,media/ptclofficial/DcMFOptqAev.jpg,"Photo by PTCL Official on August 18, 2026. May be an image of ‎screen, poster, magazine and ‎text that says '‎Optcl ptyl تال THE ONE CONSTANT ACROSS EVERY HOME YOU'VE CALLED YOUR OWN! The Thecalls calls youwi youwillalways.remember always $remember you The Theconnection connection atkeptyoudreaming Theconnection rfamilyclos yclose The connection Bringin ingyo nging yourfamil ihe one Call: e‎'‎‎.",
PTCL,client,ptclofficial,DcJAscJERJo,reel,2026-08-17,post_page,11,no,"With every new era, Pakistan kept moving forward, and PTCL moved with it. 💚 From connecting voices to connecting homes, businesses and a growing digital Pakistan, we’ve been part of the journey every step of the way. Because we are #PakistanJitnaJawan. #PTCL #Pakistan #IndependenceDay #79Years 1.the_lost_soul 1w Reply me in Dm 🙂 Like Reply mk2_0_6 1w Humy maaf krdo hum ny ghaltii ki ahy apka ptcl laga karr chalny ka tu sawal hi nhi paida hota humy maaf krdo yar y post hamary hii samny q aty hy apkyy sirf month ka bill dy rhy hy hum bsss Like Reply faizazia.321 3w Worst services especially from three days. Har minute k baad internet gyb ho jata hai. Charges increase krty ja rahy hain bina inform kiye aur services improve krny ki bjaye ghatia ho gai hain. Pathetic 😡",https://www.instagram.com/ptclofficial/reel/DcJAscJERJo/,media/ptclofficial/DcJAscJERJo.jpg,"Video by PTCL Official on August 17, 2026. May be an image of digital audio player, phone, mouse pad, screen, card, tablet and text that says 'Notification Soon 'HAPPY INDEPENDENCE DAY''.",
PTCL,client,ptclofficial,DcEfWuyCivK,p,2026-08-15,post_page,12,no,"For decades, our greatest strength has always been our people. 🇵🇰 From big wins to quiet efforts, you keep this country vibrant, proud and young. Isi liye aaj bhi hum hain Pakistan Jitnay Jawan. 💚 #PTCL #PakistanJitnaJawan mohammad_omar_.1 2w Pakistan k 3rd class wi-fi service @ptclofficial Like Reply 59 5 August 15",https://www.instagram.com/ptclofficial/p/DcEfWuyCivK/,media/ptclofficial/DcEfWuyCivK.jpg,"Photo by PTCL Official on August 15, 2026.",
PTCL,client,ptclofficial,DcESlFbKLTF,p,2026-08-15,post_page,13,no,"It’s Pakistan vs. England tonight! The stage is set, the team is ready and the passion is unmatched. ⏰ Tonight at 10:00 PM — Let’s bring the energy and support our boys in green! #PTCL #PakistanKiPehchaan #PakistanHockey #GreenShirts who_is_ibrahim9 3w @smaliindustry Sach main 3rd class service hai internet ki en ki wifi pr cross ❌ hee aaya rahta",https://www.instagram.com/ptclofficial/p/DcESlFbKLTF/,media/ptclofficial/DcESlFbKLTF.jpg,"Photo by PTCL Official on August 15, 2026. May be an image of ‎cricket, sports equipment, poster and ‎text that says '‎Optcl pt C JUNOON KE SATH KHELNAY KO HAIN TAYYAR پچچان پاکیستان Cι Dpter optcl VS S半 光 15*August-10:00pr 15August-10:00pm 15h August 10:00 pm‎'‎‎.",
PTCL,client,ptclofficial,DcEHV-DqZcD,reel,2026-08-15,post_page,14,no,"The Green Shirts are BACK! 🏑 It's time to witness the unparalleled passion and legacy of Pakistan Hockey on the world stage. Tumhara Junoon He Hai, Pakistan Ki Pehchaan! 💚🇵🇰 Drop a 💚 in the comments to show your support for the team! Let's go, boys! #PTCL #PakistanHockey #BringItHome #PakistanKiPehchaan #GreenShirts haroonkhan3598 3w 😍😍😍 Like Reply m.sameer5656 3w ❤️🔥 Like Reply 106 2 August 15",https://www.instagram.com/ptclofficial/reel/DcEHV-DqZcD/,media/ptclofficial/DcEHV-DqZcD.jpg,"Video by PTCL Official on August 15, 2026. May be an image of text.",
PTCL,client,ptclofficial,DcCNH5AxCBu,reel,2026-08-14,post_page,15,no,"نیک خواہشات Like Reply sfarhan258 3w All the best to our player and all team member of Pakistan hockey team all our support for the hockey world cup may you shine bright and perform outstanding in this hockey world cup Pakistan Zindabad Like Reply zeshan_2005 3w Hello, I am extremely disappointed with the service I have received from PTCL. My internet installation was scheduled for 8 August, and I completed the payment on 8–9 August. Since then, I have contacted your customer support 3–4 times and registered complaints regarding the installation. Despite this, no one from the installation team has contacted me, and no one has provided any update regarding the status of my connection. I have already made the payment and have been waiting for several days. This delay is completely unacceptable. Please escalate my complaint immediately and have the concerned installation team contact me as ",https://www.instagram.com/ptclofficial/reel/DcCNH5AxCBu/,media/ptclofficial/DcCNH5AxCBu.jpg,"Video by PTCL Official on August 14, 2026. May be an image of basketball, sports equipment, poster and text.",
PTCL,client,ptclofficial,DcBrU2bqGSo,p,2026-08-14,post_page,16,no,"⁠Pakistan is back on the world stage for the FIH Hockey World Cup 2026! 🏑🇵🇰 Our hockey heroes are ready to take their passion to the world stage. Good luck, Team Pakistan! Tumhara junoon he hai Pakistan Ki Pehchaan. PTCL proudly supports you! #PTCL #PakistanKiPehchaan #FIHHockeyWorldCup fauzia786_ 4d Good job Greens Alhamdulillah Like Reply khan_goalie01 3w 🙌🙌🙌🙌🙌 Like Reply hassan_farhan14 3w Tomorrow's timing please Like Reply 117 8 August 14",https://www.instagram.com/ptclofficial/p/DcBrU2bqGSo/,media/ptclofficial/DcBrU2bqGSo.jpg,"Photo by PTCL Official on August 14, 2026. May be an image of ‎poster, sports equipment, stadium and ‎text that says '‎Optcl ptl 179 しじ TUMHARA JUNOON HE HΕHAΙ HAI پیچان س پاکیستاك FIH HOCKEY WORLD CUP FIHHOCKEYWORLDCUP20 2026‎'‎‎.",
PTCL,client,ptclofficial,DcAqnPNFddF,p,2026-08-14,post_page,17,no,"Happy Independence Day! 🇵🇰 Celebrating 79 years of freedom, progress, and connection. We started by connecting voices and today, we are powering digital possibilities for every home and business. Always moving forward, because we are exactly #PakistanJitnaJawan. 🇵🇰💚 #PTCL #PakistanJitnaJawan #Pakistan #IndependenceDay #79Years No comments yet. Start the conversation. 37 2 August 13",https://www.instagram.com/ptclofficial/p/DcAqnPNFddF/,media/ptclofficial/DcAqnPNFddF.jpg,"Photo by PTCL Official on August 13, 2026. May be an image of ‎poster, magazine and ‎text that says '‎Connecting Pakistan since since194 1947. Enabling possibilities for everyone. ptclis 1i9 79 حالتان Oco YEARS JITNA JAWAN A N JA Bringing voices closer. ပ်မ်ွင်သိုပမန် Connecting communities beyond communication. shod TV Connecting Pakistan the digital world. Uplifting talent every moment. FROM TODAY'S PROGRESS TO TOMORROW'S POSSIBILITIES ITIES DIGITALLY ENABLING PAKISTAN AT EVERY STEP Bringing e",
PTCL,client,ptclofficial,Dbvs9NuAOom,reel,2026-08-07,post_page,18,no,A heartbeat that has moved with Pakistan for 79 years. The next chapter is on its way. #PTCL #Pakistan #79Years #StayTuned fasih._.urehman 4w Worst service i applied for new connection on 18 july and paid the installation fee i contacted their team many times they just made a complain no action now after 3 weeks they are saying that my connection is withdrawn Like Reply musa_khan_904 4w Your net is very low Iam very disappointment 😞 Like Reply 31 18 August 7,https://www.instagram.com/ptclofficial/reel/Dbvs9NuAOom/,media/ptclofficial/Dbvs9NuAOom.jpg,"Video by PTCL Official on August 07, 2026. May be a graphic of text.",
PTCL,client,ptclofficial,DbvsxZkgE5N,reel,2026-08-07,post_page,19,no,A heartbeat that has moved with Pakistan for 79 years. The next chapter is on its way. #PTCL #Pakistan #79Years #StayTuned asfuux._ 2w Bakwaas tareen WiFi kabhi mt lagwana Like Reply i_hamayun56 4w FZool,https://www.instagram.com/ptclofficial/reel/DbvsxZkgE5N/,media/ptclofficial/DbvsxZkgE5N.jpg,"Video by PTCL Official on August 07, 2026. May be an illustration of poster and text.",
PTCL,client,ptclofficial,DbvssLoDZk1,reel,2026-08-07,post_page,20,no,A heartbeat that has moved with Pakistan for 79 years. The next chapter is on its way. #PTCL #Pakistan #79Years #StayTuned No comments yet. Start the conversation. 49 7 August 7,https://www.instagram.com/ptclofficial/reel/DbvssLoDZk1/,media/ptclofficial/DbvssLoDZk1.jpg,"Video by PTCL Official on August 07, 2026. May be a graphic of poster, calendar and text that says '79 YEARS 00'.",
PTCL,client,ptclofficial,Dbs8pqXDFg6,reel,2026-08-06,alt_text,21,no,,https://www.instagram.com/ptclofficial/reel/Dbs8pqXDFg6/,media/ptclofficial/Dbs8pqXDFg6.jpg,"Video by PTCL Official on August 06, 2026. May be a closeup of text that says 'STAY TUNED...'.",
PTCL,client,ptclofficial,Dbs04mwDpgm,reel,2026-08-06,post_page,22,no,"A better future starts with something as simple as a drop of clean water 💧 In underserved communities across South Punjab and Sindh, access to safe drinking water is bringing healthier lives, hope, and new opportunities. Kyun ke kisi ki khushi ban’na mushkil nahi. #PTCL #DilSe ramshaasaeed 1w @shajiaaminabajwa This is BIGGG mA mA🔥🔥🔥🔥",https://www.instagram.com/ptclofficial/reel/Dbs04mwDpgm/,media/ptclofficial/Dbs04mwDpgm.jpg,"Video by PTCL Official on August 06, 2026. May be an image of child, magazine, poster and text.",
PTCL,client,ptclofficial,DbquOxEK5I9,p,2026-08-05,post_page,23,no,"The whole world is running on 5G gigabit fiber, and satellite internet while PTCL is still stuck at 2 Mbps and in reality I barely get 200 Kbps Despite paying over Rs. 3000 every month, YouTube keeps buffering and Zoom calls feel like theyre straight out of the 1990s dial up era For the past 3 years every complaint has had the same response The technician is on the way PTCL have some shame! This is 2026 not 1996!0606810170The whole world is running on 5G gigabit fiber, and satellite internet while PTCL is still stuck at 2 Mbps and in reality I barely get 200 Kbps Despite paying over Rs. 3000 every month, YouTube keeps buffering and Zoom calls feel like theyre straight out of the 1990s dial up era For the past 3 years every complaint has had the same response The technician is on the way PTCL have some shame! This is 2026 not 1996!0606810170 Like Reply naveedalam.dev 5w 3rd class network",https://www.instagram.com/ptclofficial/p/DbquOxEK5I9/,media/ptclofficial/DbquOxEK5I9.jpg,"Photo by PTCL Official on August 05, 2026. May be an image of ‎poster, magazine and ‎text that says '‎پجان ® پاکستان な Optcl ARSLAN ASH BACK ON THE WORLD STAGE ESPORTS WORLD CUP WORLDCUP2026 2026‎'‎‎.",
StormFiber,direct,stormfiber_official,DXJo8KxCJK0,reel,2026-04-15,post_page,0,yes,"Life doesn’t stop. Aur na hi aapka internet rukna chahiye! That’s why I choose @stormfiber_official , jahan kaam bhi smooth, aur entertainment bhi on point. With ultrafast internet and the HD Box offering 130+ channels, binge ho ya meetings… sab HD mein, bina interruption ke. So, upgrade your internet today. Switch to StormFiber and experience the difference. #StormFiber #UltraFastInternet #HDTV #StormIntoTheFuture zargham_ansrie 4d Ager is msg ko daikh Raha ha to in ka connection na lagwa Like Reply zargham_ansrie 4d Bohat Gandi service hai Like Reply irtaza2091 5d Waiting for my connection for a week",https://www.instagram.com/osamahnasir/reel/DXJo8KxCJK0/,media/stormfiber_official/DXJo8KxCJK0.jpg,"Video by Osamah Nasir on April 15, 2026.",osamahnasir
StormFiber,direct,stormfiber_official,DXEbo2HsvDH,reel,2026-04-13,post_page,1,yes,"Ab tumhara wala bhi har waqt available hoga… ghar pe, kaam pe, even on the go 👀 Relax, baat internet ki ho rahi hai! Switch to @stormfiber_official and enjoy endless connectivity! Phir chahay gaming ho, streaming ho, ya kaam, sab kuch seamlesly chalta hai. Aur HD Box ke saath full on entertainment bhi sorted 🎬 #StormFiber #UltraFastInternet #HDTV #StormIntoTheFuture m.ibrahim1e 1d Stormfiber Laga ker TU Kuch bhi nhi dekh sakte Intaha ka gandaaa net ha Sahi keh rhi ha wo oske Wala alag ha bcz wo TU sirf promotion ker rhi ha Like Reply irtaza2091 5d Poor service",https://www.instagram.com/areeba.tirmizi/reel/DXEbo2HsvDH/,media/stormfiber_official/DXEbo2HsvDH.jpg,"Video by Areeba Ahmad Tirmizi on April 13, 2026.",areeba.tirmizi
StormFiber,direct,stormfiber_official,DXHXdxkihr_,reel,2026-04-14,post_page,2,yes,"Content ki baat ho, tou quality pe koi compromise nahi. Aur jab baat ho short deadline ki, tou internet pe bhi koi compromise nahi… That’s why I choose @stormfiber_official ka ultrafast internet jo chalaye sab kuch ek saath, without any fluctuations. Aur jab aaye relaxation ka time, tou StormFiber ka HD TV deta hai 130+ channels — endless entertainment across your favorite genres 🎬 Matlab kaam bhi, content bhi and Entertainment bhi! So, Storm into the Future with StormFiber. #StormFiber #UltraFastInternet #HDTV #StormIntoTheFuture irtaza2091 5d Poor service hai",https://www.instagram.com/m_umarbashir/reel/DXHXdxkihr_/,media/stormfiber_official/DXHXdxkihr_.jpg,"Video by UMAR BASHIR on April 14, 2026.",m_umarbashir
StormFiber,direct,stormfiber_official,DdEr6oCqA1F,p,2026-09-09,post_page,3,no,"Request hai ke chote mote ilakon mein bi apni supply laen Like Reply i_am_zs24 1d 😡😡😡😡😡😡🤬🤬🤬🤬🤬🤬🤬🤬🤬 Like Reply i_am_zs24 1d Please i request you all k agar ap log bachna chahte hain zalalat se tu yeh mat lagwae special lahore k people tu mat lagwae Like Reply arkevo.official 1d Faster infrastructure is great, but what happens when the products and systems running on it get smarter too? 👀 That’s the direction we’ve been exploring at Arkevo. Something interesting is coming. Like Reply zainulabidin4427 1d Please install an internet connection in Palm City and Fazaia in Gujranwala. There is currently no internet service available there. Like Reply m.dani968 1d Sir layyah shahir men bhi fiber laga den please Like Reply 3 10 1 day ago",https://www.instagram.com/stormfiber_official/p/DdEr6oCqA1F/,media/stormfiber_official/DdEr6oCqA1F.jpg,"Photo by StormFiber on September 09, 2026. May be an image of poster, outdoors and text that says 'stbrmfiber POWEREDEY CYBERNET NEW AREAS FIBERIZED IN BAHAWALPUR $ ISLAMIA COLONY 3 MARLA SCHEME HASEEB TOWN $ DILAWAR COLONY FAHAD TOWN អុនកងមពោជនលួរ STORM INTO THE -UTURE 100% FIBER-OPTIC FIBER-OPTICNETWORK NETWORK'.",
StormFiber,direct,stormfiber_official,DdCMJL4KzRK,p,2026-09-08,post_page,4,no,"Ever feel like restarting your Wi-Fi device is becoming a daily habit? 🔄 While a quick reboot can clear up minor glitches, needing to do it constantly means the issue lies elsewhere. Frequent resets usually point to underlying network instability rather than a simple device error. #StormFiber #MythVsFact #WiFiTips #UltraFastInternet i_am_zs24 1d Please yeh net mat lagwae yeh bhot zaleel karte hain customer ko Like Reply skyraja111 2d Cheap Service Like Reply 9 4 2 days ago",https://www.instagram.com/stormfiber_official/p/DdCMJL4KzRK/,media/stormfiber_official/DdCMJL4KzRK.jpg,"Photo by StormFiber on September 08, 2026. May be a graphic of screen, poster and text that says 'stormfber Internet Internet|TV|Phone TV Phone MYTHVs FACT ลิ MYTH If the internet is down, you need to restart your Wi-Fi device. FACT While restarting your Wi-Fi device can refresh your connection, if you have to do it frequently, the problem lies elsewhere.'.",
StormFiber,direct,stormfiber_official,Dc6v2hARep4,reel,2026-09-05,post_page,5,no,"A strong nation is built on unity, resilience, and the courage of those who protect it. 🇵🇰 On this Defence Day, we pay tribute to the guardians of Pakistan who safeguard our today, enabling us to innovate, connect, and build for tomorrow. #DefenceDay #6thSeptember #StormFiber #BuiltForTodayReadyForTomorrow #PakistanZindabad m.ibrahim1e 1d Stormfiber se better dataa package ha Like Reply youmna.builds 1d Bhot ghatia net hai Like Reply i_am_zs24 1d Very very very poor bad service Please yeh mat lagwae ap zalalt se bach jaye gay yeh bhot zaleel karte hain apne customers ko Like Reply iggunda111 2d itni b kia thaki service hy calls kr rha utha ni rhy faisalabad se Like Reply 13 11 5 days ago",https://www.instagram.com/stormfiber_official/reel/Dc6v2hARep4/,media/stormfiber_official/Dc6v2hARep4.jpg,"Video by StormFiber on September 05, 2026. May be a graphic of costume, poster and text that says 'stormfiber st& rm fiber Internet Internet|TV|Phone τ| Phone 6TH SEPTEMBER DEFENCE DAY HONOURING THE VALOR AND BRAVERY OF THOSE WHO PROTECT OUR NATION'.",
StormFiber,direct,stormfiber_official,Dc1Ync-kWz0,p,2026-09-03,post_page,6,no,Can’t wait to try 😭 youmna.builds 1d Plyeh net mat lagwae Like Reply i_am_zs24 1d Please dont get amy services from them they are bullshit Like Reply i_am_zs24 1d Yeh sab enki dramabazian hai bhit ghatia net hai yeh apne customer ko bhot zalel karte hain agar ap log abchna chate hain zalalt se tu yeh mat lagwa koi or acha option dekh layien Like Reply areeba._.nazeer 6d Inteha ki ghatiya services hain apkii koi response hi nai krta jab kharab ho jaye Touu aik tou aata wesay hi nai haii net sai sy,https://www.instagram.com/stormfiber_official/p/Dc1Ync-kWz0/,media/stormfiber_official/Dc1Ync-kWz0.jpg,"Photo by StormFiber on September 03, 2026.",
StormFiber,direct,stormfiber_official,DctevB5KuJK,p,2026-08-31,post_page,7,no,"We have fiberized 𝗖𝗵𝗲𝗲𝗺𝗮 𝗧𝗼𝘄𝗻 𝗣𝗵𝗮𝘀𝗲 𝟭 𝗮𝗻𝗱 𝟮 𝗕𝗮𝗵𝗮𝘄𝗮𝗹𝗽𝘂𝗿 with our 100% Fiber-Optic Network. It’s time to Storm into the Future and experience the ultra-fast internet, unlimited* downloads and high-definition TV. To get connected, Call 062-111-1-STORM (78676) or visit stormfiber.com/get-stormfiber *Terms, conditions and FUP apply #StormIntoTheFuture #SwitchToStormFiber #Bahawalpur youmna.builds 1d Ghatian tareen internet Like Reply 4 3 August 31",https://www.instagram.com/stormfiber_official/p/DctevB5KuJK/,media/stormfiber_official/DctevB5KuJK.jpg,"Photo by StormFiber on August 31, 2026. May be an image of poster, magazine, outdoors and text.",
StormFiber,direct,stormfiber_official,DclwbDaqeMb,p,2026-08-28,post_page,8,no,"Ever noticed your Wi-Fi works perfectly in one room, but feels weaker in another? 📶 That’s because Wi-Fi doesn’t travel through your home uninterrupted. Distance, walls, furniture and other obstacles can all affect how well the signal reaches different areas. A little awareness of what stands between you and your Wi-Fi can go a long way towards better connectivity around the home. #StormFiber #MythVsFact #WiFiTips #UltraFastInternet youmna.builds 1d Gahtia Like Reply youmna.builds 1d Sab se ghatia hai pakistan ka yeh wala Like Reply i_am_zs24 1d Intahe ghatia service hai Like Reply saadqmr 1w MS nhi arahi yar Like Reply _abdullah_qaisar_ 1w Fact: even if you're standing next to stormfibers router, their services are so bad, any content you load will buffer",https://www.instagram.com/stormfiber_official/p/DclwbDaqeMb/,media/stormfiber_official/DclwbDaqeMb.jpg,"Photo by StormFiber on August 28, 2026. May be a graphic of screen, poster and text that says 'stormfiber Internet| Internet|TV|Phone TV Phone MYTHvs FACT ลิ X Wi-Fi signal reaches each room equally. Walls, distance, and other obstacles affect how far and how effectively your Wi-Fi signal travels.'.",
StormFiber,direct,stormfiber_official,DcjNbY4KUJO,p,2026-08-27,post_page,9,no,"We have fiberized 𝗩𝗶𝗹𝗹𝗮𝗴𝗲 𝗚𝗮𝗿𝗱𝗲𝗻 𝗠𝘂𝗹𝘁𝗮𝗻 with our 100% Fiber-Optic Network. It’s time to Storm into the Future and experience the ultra-fast internet, unlimited* downloads and high-definition TV. To get connected, Call 061-111-1-STORM (78676) or visit stormfiber.com/get-StormFiber *Terms, conditions and FUP apply #StormFiber #StormIntoTheFuture #SwitchToStormFiber #Multan youmna.builds 1d Ghatia Like Reply esthetics_corner 1w Jahan already hai wahan tu fix kr len phly Like Reply 4 3 August 27",https://www.instagram.com/stormfiber_official/p/DcjNbY4KUJO/,media/stormfiber_official/DcjNbY4KUJO.jpg,"Photo by StormFiber on August 27, 2026. May be an image of banner, poster, outdoors and text that says 'stbrmfiber PORRIDEN CYDERNET VILLAGE GARDEN MULTAN NOW FIBERIZED ー STORM INTO THE UTURE 100% FIBER-OPTIC %FIBER-OPTICNETWORK NETWORK'.",
StormFiber,direct,stormfiber_official,Dcdve_LKas_,p,2026-08-25,post_page,10,no,"We have fiberized 𝗙𝗮𝗶𝘀𝗮𝗹 𝗛𝗶𝗹𝗹𝘀 𝗜𝘀𝗹𝗮𝗺𝗮𝗯𝗮𝗱 with our 100% Fiber-Optic Network. It’s time to Storm into the Future and experience the ultra-fast internet, unlimited* downloads and high-definition TV. To get connected, Call 051-111-1-STORM (78676) or visit stormfiber.com/get-stormfiber *Terms, conditions and FUP apply #StormIntoTheFuture #SwitchToStormFiber #Islamabad youmna.builds 1d Customer ko zaleel karwa wala net Like Reply atta_rehman_ 1w Waiting for new connection for last 10+ days. Very unprofessional team and unprofessional approach. No one is serious about what services They giving to clients. Very shameful Like Reply mianwaiz_official 2w Never switch to stormfiber.",https://www.instagram.com/stormfiber_official/p/Dcdve_LKas_/,media/stormfiber_official/Dcdve_LKas_.jpg,"Photo by StormFiber on August 25, 2026. May be an image of poster, outdoors, tower and text that says 'stbrmfiber POMDAT YDERNET FAISAL HILLS ISLAMABAD NOW FIBERIZED STORM INTO THE UTURE 100% FIBER-OPTIC FIBER-OPTICNETWORK NETWORK'.",
StormFiber,direct,stormfiber_official,DcbhFb7Cnb7,p,2026-08-24,post_page,11,no,Kinda Chic. Kinda Ultra-Fast. 100% Fiber-Optic Network ⚡️ #StormFiber #KindaChic i_am_zs24 1d Sab se ghatia net hai pore pakistan mai Like Reply beingarslan_ 2w Paid bill since 10th August for new connection. no one contacted me yet and it’s more than 2 week now Like Reply kazmitaqishah 2w Ap log plz yateem khana sodiwal main kion nai Aty Hala Ka apka Iqbal town or gulshan-e-ravi main bhi coverage ha Like Reply 9 5 August 24,https://www.instagram.com/stormfiber_official/p/DcbhFb7Cnb7/,media/stormfiber_official/DcbhFb7Cnb7.jpg,"Photo by StormFiber on August 24, 2026.",
StormFiber,direct,stormfiber_official,Db-EviOK3Du,p,2026-08-13,post_page,12,no,"This Independence season, celebrate the freedom to do more online. 🇵🇰💚 Introducing Storm Freedom Offer: Get a FREE speed upgrade from 25 Mbps to 45 Mbps** for 3 months - made for streaming, gaming, browsing, and everything in between. ⚡ ✔️ Internet + TV + Phone ✔️ No device charges ✔️ Rs. 2,864/month* After the first 3 months, the speed will revert to the base package. Call 111-1-STORM (78676) or visit stormfiber.com/get-stormfiber to avail now! #StormFiber #StormFreedomOffer #IndependenceDay #Azadi *All prices are exclusive of applicable taxes. Terms & Conditions and Fair Usage Policy (FUP) apply. **An additional 5 Mbps is applicable with NayaPay. The 45 Mbps speed (40 Mbps + 5 Mbps with NayaPay) is valid for the first 3 months only. From the 4th month onwards, the package will revert to 25 Mbps (20 Mbps + 5 Mbps with NayaPay). The customer will be charged Rs. 3,999 (excl. tax) as a one",https://www.instagram.com/stormfiber_official/p/Db-EviOK3Du/,media/stormfiber_official/Db-EviOK3Du.jpg,"Photo by StormFiber on August 12, 2026. May be an image of screen, phone, poster and text that says 'stormfber Internet TV Phone FREEDOM OFFER ভরশদদ 番， INTERNET TV+ PHONE 25 4５ Mbps Mbps** For3 For3months MORE SPEED. MORE FREEDOM. In just RS. 2,864* per month Additional 5Mbps applicable onwards, peckage axclusiva No Device Charges apolicabl revert Terms SML Condit 40 2,064 second Usage Pelicy (EUIR) apely NayaPay) valid valid idfor hefirst months sonly. From 04 4th charged 999 (excl tax)in first",
StormFiber,direct,stormfiber_official,Db56--jqmwo,p,2026-08-11,post_page,13,no,"We have fiberized 𝗚𝗮𝗿𝗱𝗲𝗻 𝗩𝗶𝗹𝗹𝗮𝘀 𝗗𝗛𝗔 𝗣𝗵𝗮𝘀𝗲 - 𝟰 𝗥𝗮𝘄𝗮𝗹𝗽𝗶𝗻𝗱𝗶 with our 100% Fiber-Optic Network. It’s time to Storm into the Future and experience the ultra-fast internet, unlimited* downloads and high-definition TV. To get connected, Call 051-111-1-STORM (78676) or visit stormfiber.com/get-stormfiber *Terms, conditions and FUP apply #StormIntoTheFuture #SwitchToStormFiber #Rawalpindi shadowblade1103 1w Ik baar masala kiyon nhi half karate ho tim log, har 2 SE 3 hafte baad koi khambhe SE taar tor Jaya hai, or upper SE 24 ghante mei kaam Kar na nhi, subah SE call pe call Kar ke case escalate Kar WA Raha hin, abhi coordinator KO call escalate hoe to is ne call kat de, I need my case to be solve now, ticket number LHR02092602043, I do WFH and I need internet, kal bill pay Kiya or aaj yeh masala, mere job start ho gae hai, masala hall Kar ke dien @stormfiber_official Like Reply weeee.2026 2w Don’",https://www.instagram.com/stormfiber_official/p/Db56--jqmwo/,media/stormfiber_official/Db56--jqmwo.jpg,"Photo by StormFiber on August 11, 2026. May be an image of poster, outdoors and text that says 'stbrmfiber PORPDE CYBERNET GARDEN VILLAS DHA- DHA-PHASE PHASE RAWALPINDI NOW FIBERIZED GARDECHII GARDEN 一微圖院 圖 STORM INTO THE TUTURE 100% 100%FIBER-OPTICNETWORK 0%FIBER-OPTICNETWORK FIBER-OPTIC NETWORK Rawalpindi'.",
StormFiber,direct,stormfiber_official,Db3Wz2QioEw,p,2026-08-10,post_page,14,no,"Ik baar masala kiyon nhi half karate ho tim log, har 2 SE 3 hafte baad koi khambhe SE taar tor Jaya hai, or upper SE 24 ghante mei kaam Kar na nhi, subah SE call pe call Kar ke case escalate Kar WA Raha hin, abhi coordinator KO call escalate hoe to is ne call kat de, I need my case to be solve now, ticket number LHR02092602043, I do WFH and I need internet, kal bill pay Kiya or aaj yeh masala, mere job start ho gae hai, masala hall Kar ke dien @stormfiber_official Like Reply weeee.2026 2w Don’t get this internet service. Have been their customer since 2021 and since past 3 months, service is down every second day. ADT stops working every 2-3 weeks and team never comes on time. Even while writing this comment, ADT is down. Shit service. Like Reply faizrasoolvirk 3w @stormfiber_official hum ny bari dafa complain ke but team fake visit Dalit ha bus or problem resolve ni hoti Like Reply imum",https://www.instagram.com/stormfiber_official/p/Db3Wz2QioEw/,media/stormfiber_official/Db3Wz2QioEw.jpg,"Photo by StormFiber on August 10, 2026.",
StormFiber,direct,stormfiber_official,Dbvr8HDKRTg,p,2026-08-07,post_page,15,no,"Ik baar masala kiyon nhi half karate ho tim log, har 2 SE 3 hafte baad koi khambhe SE taar tor Jaya hai, or upper SE 24 ghante mei kaam Kar na nhi, subah SE call pe call Kar ke case escalate Kar WA Raha hin, abhi coordinator KO call escalate hoe to is ne call kat de, I need my case to be solve now, ticket number LHR02092602043, I do WFH and I need internet, kal bill pay Kiya or aaj yeh masala, mere job start ho gae hai, masala hall Kar ke dien @stormfiber_official Like Reply weeee.2026 2w Don’t get this internet service. Have been their customer since 2021 and since past 3 months, service is down every second day. ADT stops working every 2-3 weeks and team never comes on time. Even while writing this comment, ADT is down. Shit service. Like Reply mirza.jeez 3w Reality: you only know to collect monthly charges via 15 days prior reminders. Fact: you don't have any after sale support for cu",https://www.instagram.com/stormfiber_official/p/Dbvr8HDKRTg/,media/stormfiber_official/Dbvr8HDKRTg.jpg,"Photo by StormFiber on August 07, 2026. May be an image of screen, poster and text that says 'stormiber Internet| Internet|TV|Phone TV Phone MYTHvs FACT ลิ X MYTH Everyone connected to Wi-Fi gets the same share of bandwidth FACT Bandwidth allocation is first come, first serve. The person who starts using the internet first gets the primary allocation.'.",
StormFiber,direct,stormfiber_official,DbqRPwxRL3D,reel,2026-08-05,post_page,16,no,"Great responsibility needs internet that never lets you down. Can’t go wrong if it’s powered by StormFiber. shadowblade1103 1w Ik baar masala kiyon nhi half karate ho tim log, har 2 SE 3 hafte baad koi khambhe SE taar tor Jaya hai, or upper SE 24 ghante mei kaam Kar na nhi, subah SE call pe call Kar ke case escalate Kar WA Raha hin, abhi coordinator KO call escalate hoe to is ne call kat de, I need my case to be solve now, ticket number LHR02092602043, I do WFH and I need internet, kal bill pay Kiya or aaj yeh masala, mere job start ho gae hai, masala hall Kar ke dien @stormfiber_official Like Reply weeee.2026 2w Don’t get this internet service. Have been their customer since 2021 and since past 3 months, service is down every second day. ADT stops working every 2-3 weeks and team never comes on time. Even while writing this comment, ADT is down. Shit service. Like Reply shez.a30 5w 👏👏 L",https://www.instagram.com/stormfiber_official/reel/DbqRPwxRL3D/,media/stormfiber_official/DbqRPwxRL3D.jpg,"Video by StormFiber on August 05, 2026. May be a meme of phone, screen, poster and text that says 'stormfibe rm fiber Internet|TV|Phone Internet |TV Phone CONNECTION NOT FOUND UNABLE TO ETE SPIDERMAN www.stowinternet.onnection Oops. SlOW nternet onnection action TRY AGAIN'.",
StormFiber,direct,stormfiber_official,Dbn61yhqfx0,reel,2026-08-04,post_page,17,no,"Ik baar masala kiyon nhi half karate ho tim log, har 2 SE 3 hafte baad koi khambhe SE taar tor Jaya hai, or upper SE 24 ghante mei kaam Kar na nhi, subah SE call pe call Kar ke case escalate Kar WA Raha hin, abhi coordinator KO call escalate hoe to is ne call kat de, I need my case to be solve now, ticket number LHR02092602043, I do WFH and I need internet, kal bill pay Kiya or aaj yeh masala, mere job start ho gae hai, masala hall Kar ke dien @stormfiber_official Like Reply weeee.2026 2w Don’t get this internet service. Have been their customer since 2021 and since past 3 months, service is down every second day. ADT stops working every 2-3 weeks and team never comes on time. Even while writing this comment, ADT is down. Shit service. Like Reply burning.soul_56 5w @stormfiber_official Please check Ticket #BHV04082600820. My connection has been inactive since installation on Sunday due t",https://www.instagram.com/stormfiber_official/reel/Dbn61yhqfx0/,media/stormfiber_official/Dbn61yhqfx0.jpg,"Video by StormFiber on August 04, 2026. May be a graphic of magazine, poster and text that says 'STORM INTO SMOOTH CONNECTIVITY WITH stobrmfiber st mfibe fiber Internet Internet|TV|Phone TV Phone'.",
StormFiber,direct,stormfiber_official,DblVpIeKt1o,p,2026-08-03,post_page,18,no,"Ik baar masala kiyon nhi half karate ho tim log, har 2 SE 3 hafte baad koi khambhe SE taar tor Jaya hai, or upper SE 24 ghante mei kaam Kar na nhi, subah SE call pe call Kar ke case escalate Kar WA Raha hin, abhi coordinator KO call escalate hoe to is ne call kat de, I need my case to be solve now, ticket number LHR02092602043, I do WFH and I need internet, kal bill pay Kiya or aaj yeh masala, mere job start ho gae hai, masala hall Kar ke dien @stormfiber_official Like Reply amir._khan.686 2w 😂 Like Reply weeee.2026 2w Don’t get this internet service. Have been their customer since 2021 and since past 3 months, service is down every second day. ADT stops working every 2-3 weeks and team never comes on time. Even while writing this comment, ADT is down. Shit service. Like Reply zainulabidin4427 4w Please gujranwla may Fazaiya housing scheme ya royal palm city may aye please koi bhi intern",https://www.instagram.com/stormfiber_official/p/DblVpIeKt1o/,media/stormfiber_official/DblVpIeKt1o.jpg,"Photo by StormFiber on August 03, 2026. May be an image of signboard, poster and text that says 'stbrmfiber POWIDE CYBERNET TOWN PHASE 8 SECTOR A RAWALPINDI NOW FIBERIZED 海遊道 Sector A Street01-04 01 01-04 Street STORM INTO THE UTURE 100% FIBER-OPTIC -OPTIC FIBER-OPTICNETWORK NETWORK Rawalpindi'.",
StormFiber,direct,stormfiber_official,DbdjC08xYAm,p,2026-07-31,post_page,19,no,"Absolute shit service, 0 customer support, don't waste your money on such a shit company.",https://www.instagram.com/stormfiber_official/p/DbdjC08xYAm/,media/stormfiber_official/DbdjC08xYAm.jpg,"Photo by StormFiber on July 31, 2026. May be a graphic of screen, poster and text that says 'stormfiber Internet| Internet|TV|Phone TV Phone MYTHvs FACT ลิ MYTH More Wi-Fi bars MoreWi-Fibars=fasterinternet = faster internet X FACT Wi-Fi Fi strength and internet speed arent the same'.",
StormFiber,direct,stormfiber_official,DbYUiiIqXBe,p,2026-07-29,post_page,20,no,Intahai ghatiya service and technical team,https://www.instagram.com/stormfiber_official/p/DbYUiiIqXBe/,media/stormfiber_official/DbYUiiIqXBe.jpg,"Photo by StormFiber on July 29, 2026. May be a graphic of screen, poster, tablet, magazine and text that says 'ENTER YOUR CREATIVE DEN WITH stormfiber Internet Internet|TV|Phone TV Phone'.",
StormFiber,direct,stormfiber_official,DbONzkFquse,p,2026-07-25,post_page,21,no,Ghatiya service and technical team Like Reply rana_saif_official 6w Ghatiya service and technical team Like Reply 8 8 July 25,https://www.instagram.com/stormfiber_official/p/DbONzkFquse/,media/stormfiber_official/DbONzkFquse.jpg,"Photo by StormFiber on July 25, 2026. May be a cartoon of poster, radar, magazine, tower and text that says 'stormfiber POMIDE CYBERNET (DHA) DEFENCE HOUSING AUTHORITY PHASE LAHORE NOW FIBERIZED SECTOR U SECTORU $ SECTORV MC DEFENCE HOUSING AUTHORITY, PHASE DEFENCEHOUSINGAUTHORIT,.PHASEVI VIII SECTOR w STORM INTO THE TUTURE 100% %FIBER-OPTICNETWORK FIBER-OPTIC NETWORK'.",
StormFiber,direct,stormfiber_official,DbLj3uhisKf,p,2026-07-24,post_page,22,no,A few small changes can make a big difference to your Wi-Fi experience. 💙 Swipe through for simple tips that can help improve your internet coverage and keep you connected. Need a hand? We’re just a DM away. 📩 #StormFiber #WiFi #InternetTips #TechHacks ahsanflyer 5w Most useless network and pithatic customer service. A bunch of liers sitting and their maintenance staff. Like Reply rana_saif_official 6w Ghatiya service and technical team,https://www.instagram.com/stormfiber_official/p/DbLj3uhisKf/,media/stormfiber_official/DbLj3uhisKf.jpg,"Photo by StormFiber on July 24, 2026.",
StormFiber,direct,stormfiber_official,DbJExTVqSdi,p,2026-07-23,post_page,23,no,"We have fiberized 𝗕𝗹𝗼𝗰𝗸 𝗔, 𝗕𝗹𝗼𝗰𝗸 𝗕 𝗮𝗻𝗱 𝗕𝗹𝗼𝗰𝗸 𝗗 𝗞𝗵𝗮𝘆𝗮𝗯𝗮𝗻-𝗲-𝗔𝗺𝗶𝗻 𝗟𝗮𝗵𝗼𝗿𝗲 with our 100% Fiber-Optic Network. It’s time to Storm into the Future and experience the ultra-fast internet, unlimited* downloads and high-definition TV. To get connected, Call 042-111-1-STORM (78676) or visit stormfiber.com/get-StormFiber *Terms, conditions and FUP apply #StormFiber #StormIntoTheFuture #SwitchToStormFiber #Lahore weeee.2026 2w Shittiest technical team Like Reply weeee.2026 2w Don’t get this internet service. Have been their customer since 2021 and since past 3 months, service is down every second day. ADT stops working every 2-3 weeks and team never comes on time. Even while writing this comment, ADT is down. Shit service. Like Reply itx._.me_mairajsheikh 5w I need AL MADINA AVENUE LHR COLLEGE ROAD PLZ STORM FIBRE Like Reply rana_saif_official 6w Ghatiya service and technical team Like Reply farukhma",https://www.instagram.com/stormfiber_official/p/DbJExTVqSdi/,media/stormfiber_official/DbJExTVqSdi.jpg,"Photo by StormFiber on July 23, 2026. May be an image of ‎poster, magazine, tower and ‎text that says '‎stbrmfiber PORRNIDEY CYDERNET KHAYABAN-E-AMIN AMIN LAHORE NOW FIBERIZED E BLOCKA A ص BLOCK B BLOCK D DEFENCE DEFENCE HODSING AUTHOЛT PHASEVI STORM INTO THE UTURE 100% FIBER-OPTICNETWORK FIBER-OPTIC NETWORK‎'‎‎.",
Nayatel,direct,nayatel_official,DcvPC9UnEvM,p,2026-09-01,post_page,0,yes,"Why internet is down Like Reply aahmadzaryab 2d Nayatel ke tareefain sunn kr mtlb stormfiber se switch krna prhega ab Like Reply only_punjabi_boyz_604 2d Gujrat kab a rha 🥱 Like Reply itsamnahkhan 2d 1 haftay sy ziada pending may h jbh call kro kehty ha work load ha paisy pela lelety ha phir workload yad ajaty h Like Reply zohrain.xyz 4d For Islamabad enterprises scaling past basic fiber connections, verified NAP citations and Schema markup on PAK Billboard drive direct local search dominance. Like Reply aay_2k3 6d Nyc upgrade by the for how many time period Like Reply its_munibee 6d Hlo i need service Like Reply bunny87666 6d Gamer kon ha jo nayatel use kr rha ?? Kesa experience Pubg Like Reply blade_sama1927 1w Wanted to ask if you guys are available in jatoi? Like Reply subhxn_._ 1w Barakahu Islamabad available ha?",https://www.instagram.com/nayatel_official/p/DcvPC9UnEvM/,media/nayatel_official/DcvPC9UnEvM.jpg,"Photo by Nayatel Official on September 01, 2026. May be an image of poster and text.",
Nayatel,direct,nayatel_official,DdBudHzCPMC,reel,2026-09-08,post_page,1,yes,"How to Get Started with My Nayatel App | Complete Guide 🤩 This quick guide shows you how to get started, from resetting your password to logging in for the first time. Once you're logged in, paying bills, upgrading services and getting support are all just a tap away, all from one account across multiple devices. 💙 Download the My Nayatel App Now!!! 😍 #MyNayatelApp #Nayatel #SmartInternet #WiFiControl #DigitalConvenience zainulabidin4427 1d Please gujranwala palm city or Fazaiya may connection lagaye please Like Reply mr.aqi.002 1d Available in azad kashmir? Like Reply zainn.frrr 2d When in mianwali?? Like Reply 5 2 days ago",https://www.instagram.com/nayatel_official/reel/DdBudHzCPMC/,media/nayatel_official/DdBudHzCPMC.jpg,"Video by Nayatel Official on September 08, 2026. May be a doodle of phone, screen, tablet, poster and text.",
Nayatel,direct,nayatel_official,DciKzYkHK8a,p,2026-08-27,post_page,2,yes,Every big change starts with a little curiosity.... 👀 Revealing on 1st September! 🗓️ #Nayatel #1stSeptember #Reveal #AreYouReady #MarkYourCalendar dusra.umair 1w slow ho gaya hai or Like Reply chaudhryalirazaafzal 1w They have upgraded 30mbps to 40mbps and data cap to 2TB to 2.5 TB.. not sure if rates also increased too!!! Like Reply maroof.i.am 1w So? Forgot to reveal? Like Reply __sheharyar__ 1w Is this going to be another feature like Ndoctor which will be shut down after few months? Like Reply rajarehangg 2w ❤️❤️❤️❤️,https://www.instagram.com/nayatel_official/p/DciKzYkHK8a/,media/nayatel_official/DciKzYkHK8a.jpg,"Photo by Nayatel Official on August 26, 2026. May be an image of thermostat, poster, screen and text that says 'NAYAteL หา nayatel_official nayatel_ … READY FOR NAYA LEVEL? REVEALING ING 1ST SEPTEMBER'.",
Nayatel,direct,nayatel_official,DcbFLoZIK2f,reel,2026-08-24,post_page,3,no,Episode 01 - Only Fahad Knows The Secret | Out Now!!! 👀 #Nayatel #1stSeptember #Episode01 #ToBeContinued #SecretReveal a.b.b.a.s.514 2w 1 September ko Shark Taar Khanay Wali ha 😍,https://www.instagram.com/nayatel_official/reel/DcbFLoZIK2f/,media/nayatel_official/DcbFLoZIK2f.jpg,"Video by Nayatel Official on August 24, 2026. May be a cartoon of poster, magazine and text that says 'ONLY FAHAD KNOWS THE N SECRET PAC EPISODE EPISODE01 01'.",
Nayatel,direct,nayatel_official,DcvgRHUFEPg,reel,2026-09-01,post_page,4,no,"Welcome to Nayi Speed, Naya Level !!!! 😍 Every Nayatel customer gets a Free Bandwidth Upgrade at no additional cost. 💙 Check your upgraded package details now on the My Nayatel App.📱 #NayiSpeedNayaLevel #FreeBandwidhthUpgrade #Nayatel #Free #Speed blade_sama1927 1w Are you guys available in Jatoi ? Like Reply hamzasheikh0o 1w Is this upgrade just available for a month ? Like Reply maher.aftab.3150 1w ❤️ love you nayatel no 1 service in Sialkot Like Reply salman.abbasiiii 1w 🔥🙌",https://www.instagram.com/nayatel_official/reel/DcvgRHUFEPg/,media/nayatel_official/DcvgRHUFEPg.jpg,"Video by Nayatel Official on September 01, 2026. May be an image of poster and text that says 'PRESENTING NAYI SPEED NAYALEVEL NAYA LEVEL'.",
Nayatel,direct,nayatel_official,Dcn3zq1CcgX,reel,2026-08-29,post_page,5,no,"Episode 2 - Awais to the Rescue | Out Now!!! 👀 In an exciting turn of events, the responsibility now shifts to Awais. Will he be able to uncover the secret and rescue Huzaifa? He eventually succeeds..... and the reveal is now confirmed. 😱 #Nayatel #Episode2 #AwaistotheRescue #Reveal1stSeptember #ComingSoon mina_is_a_mood 1w Christoper Nolan level Direction 🙌",https://www.instagram.com/nayatel_official/reel/Dcn3zq1CcgX/,media/nayatel_official/Dcn3zq1CcgX.jpg,"Video by Nayatel Official on August 29, 2026. May be an image of one or more people, poster and text that says 'AWAIS το THE RESCUE EPISODE EPISODE02 02'.",
Nayatel,direct,nayatel_official,Db_cniTiK79,p,2026-08-13,post_page,6,no,"Our Freedom, Our Pride 🇵🇰❤️ hassaant.tariq 3w Internet has been down for the last 7 days. Despite multiple complaints, no one has come to resolve the issue. Extremely poor service and customer support Like Reply afaqzebkhan 4w Your freedom 😂😂 it’s been 8 years and you didn’t come out from Peshawar",https://www.instagram.com/nayatel_official/p/Db_cniTiK79/,media/nayatel_official/Db_cniTiK79.jpg,"Photo by Nayatel Official on August 13, 2026. May be an image of banner, poster, flag, monument and text that says 'NAYAtel OUR OUR FREEDOM PRIDE'.",
Nayatel,direct,nayatel_official,Db_cXdpHBwq,p,2026-08-13,post_page,7,no,"Choosing Nayatell as my internet provider has been one of the worst decisions I have ever made due to their terrible management. I paid in full for my installation back in 2023, but just a few days later, my router began restarting automatically. Although the internet connection itself was fine, the device kept rebooting. When I reported this, Nayatell took my router for a few days, only to return it claiming there was nothing wrong-and they charged me for the team visit. The issue was intermittent but highly frustrating. When I called to express my frustration, I was told the warranty had expired and they could not replace it. Eventually, they took the router back for testing and provided a temporary replacement. Today, on August 15, 2026, they returned my original router, again claiming it has no issues. They have now told me that if I want a new router, I must pay 10,000. This has bee",https://www.instagram.com/nayatel_official/p/Db_cXdpHBwq/,media/nayatel_official/Db_cXdpHBwq.jpg,"Photo by Nayatel Official on August 13, 2026. May be an image of flag, poster, tower and text that says 'NAYAteL PAKISTAI INDEPE DEPE_DENCE DENCE DAY #SalutingOurHeroes'.",
Nayatel,direct,nayatel_official,Db_cjwyib2A,p,2026-08-13,post_page,8,no,"Celebrating 79 Years 🤍 hassaant.tariq 3w Internet has been down for the last 7 days. Despite multiple complaints, no one has come to resolve the issue. Extremely poor service and customer support Like Reply 1 August 14",https://www.instagram.com/nayatel_official/p/Db_cjwyib2A/,media/nayatel_official/Db_cjwyib2A.jpg,"Photo by Nayatel Official on August 13, 2026. May be a cartoon of poster and text.",
Nayatel,direct,nayatel_official,Db5iZ--HG-5,p,2026-08-11,post_page,9,no,A nation stands today because someone once refused to sit down! 🤍💚 #Nayatel #FatherofNation #MuhammadAliJinnah #SalutingOurHeroes #IndependenceDay irehanwarraich 4w 🇵🇰❤️,https://www.instagram.com/nayatel_official/p/Db5iZ--HG-5/,media/nayatel_official/Db5iZ--HG-5.jpg,"Photo by Nayatel Official on August 11, 2026. May be an image of ‎one or more people, poster, magazine and ‎text that says '‎NAYAtel َلَم_مون_مواح ولیعمراح The Mindset of Conviction Jinnah never waited for the perfect moment to arrive. He chose direction & made it right through will and discipline sheer #SalutingOurHeroes‎'‎‎.",
Nayatel,direct,nayatel_official,Db8PtYlnPTY,p,2026-08-12,post_page,10,no,"Some legacies are inherited. She stood for hers, again and again! 🤍💚 #SalutingOurHeroes #Nayatel #IndependenceDay #Paksitan #HappyIndependence irehanwarraich 4w ❤️👏",https://www.instagram.com/nayatel_official/p/Db8PtYlnPTY/,media/nayatel_official/Db8PtYlnPTY.jpg,"Photo by Nayatel Official on August 12, 2026. May be an image of ‎poster and ‎text that says '‎NAYAtel م_فاطمنه_جیتاج محمتهُ تجخناج The Mindset of Sacrifice Fatima Jinnah kept things steady during her journey, showing a young country that freedom isn't the finish line, it's the beginning beginningofrealwork. of real work. #SalutingOurHeroes‎'‎‎.",
Nayatel,direct,nayatel_official,Db-iFkpjR41,p,2026-08-13,post_page,11,no,We salute the mind that dreamed a country into existence! 🤍💚 #Nayatel #SalutingOurHeros #Independenceday #Paksitan #HappyIndependence irehanwarraich 4w Iqbal ❤️,https://www.instagram.com/nayatel_official/p/Db-iFkpjR41/,media/nayatel_official/Db-iFkpjR41.jpg,"Photo by Nayatel Official on August 13, 2026. May be an image of ‎one or more people, poster and ‎text that says '‎NAYAtel عَ_امحمد_تمال coYin HMA The Mindset of Vision The words of Iqbal weren't just poetry, they were challenge, pushing sleeping people to remember their own strength before the world ever saw it. #SalutingOurHeroes‎'‎‎.",
Nayatel,direct,nayatel_official,DcBUSmOAlfr,p,2026-08-14,post_page,12,no,"Congratulations to all 500 lucky winners of the Azaadi Quiz! 🥳💚 Check your My Nayatel App or email for confirmation on your reward. Azaadi Mubarak, Pakistan! 🇵🇰❤️ #Winners #MyNayatelApp #AzaadiMubarak #Nayatel #AzaadiQuiz fahadmansoor_farooqui 3w Since Monday internet problems in Rawalpindi and Islamabad. So many times I tried to call, no one is picking up. Nayatel is becoming new wapda. 😡😡😡🤬🤬🤬 Like Reply hassaant.tariq 3w Internet has been down for the last 7 days. Despite multiple complaints, no one has come to resolve the issue. Extremely poor service and customer support",https://www.instagram.com/nayatel_official/p/DcBUSmOAlfr/,media/nayatel_official/DcBUSmOAlfr.jpg,"Photo by Nayatel Official on August 14, 2026.",
Nayatel,direct,nayatel_official,Db_E7CnEcw0,reel,2026-08-13,post_page,13,no,"Every Culture is the Pride of Our Nation! 🤍💚 This Independence Day, every culture, language, and tradition comes together as one strong, united Pakistan. Diversity is our pride, unity is our strength. Azaadi Mubarak! #Nayatel #Pakistan #HappyIndependence #Unity #14August asifkhan.0322 3w Like Reply hassaant.tariq 3w Internet has been down for the last 7 days. Despite multiple complaints, no one has come to resolve the issue. Extremely poor service and customer support Like Reply salihawahaj 4w ❤️❤️❤️",https://www.instagram.com/nayatel_official/reel/Db_E7CnEcw0/,media/nayatel_official/Db_E7CnEcw0.jpg,"Video by Nayatel Official on August 13, 2026. May be an image of ‎poster and ‎text that says '‎NAYAtel ہیں ا ہمسبآزادہیں سبآ Unitedinlanguagecultureandpride United in language culture and pride #HumSabAzaadHain‎'‎‎.",
Nayatel,direct,nayatel_official,Dc6rBKOHJnp,p,2026-09-05,post_page,14,no,Salute to our brave soldiers who stood fearlessly to defend our homeland. Your courage and sacrifice make us proud. 🇵🇰💚 Pakistan Zindabad! 🇵🇰❤️ #DefenceDay #PakistanZindabad #SaluteOurHeroes #6September #PakistanAirForce ecombyrizwana 4d Pakistan zindabad,https://www.instagram.com/nayatel_official/p/Dc6rBKOHJnp/,media/nayatel_official/Dc6rBKOHJnp.jpg,"Photo by Nayatel Official on September 05, 2026. May be an image of flag, poster and text that says 'NAYAtel 6th September Pakistan Defence Day 6-0 On this Defence Day, we stand united for our homeland, today & always. We salute the courage & sacrifices of Pakistan's brave soldiers,'.",
Nayatel,direct,nayatel_official,DbVbT2WnIwb,p,2026-07-28,post_page,15,no,SOMETHING EXCITING IS COMING !!! 👀 #Nayatel #MyNayatelApp #ComingSoon #StayTuned zubairbey_786 5w Fsd ma tu service ha nahi near allama Iqbal town near cook factory Like Reply justrandomthings385 6w It can't be better than last 14yh august. Free upgrade se agy kya behtr hoga? Like Reply arsala_kh 6w Exciting!,https://www.instagram.com/nayatel_official/p/DbVbT2WnIwb/,media/nayatel_official/DbVbT2WnIwb.jpg,"Photo by Nayatel Official on July 28, 2026. May be an image of phone, screen, poster, magazine and text.",
Nayatel,direct,nayatel_official,DbX9e1bj5jy,reel,2026-07-29,post_page,16,no,Are You Ready? 🤩 #Nayatel #MyNayatelApp #StayTuned #ComingSoon maher.aftab.3150 1w 😍,https://www.instagram.com/nayatel_official/reel/DbX9e1bj5jy/,media/nayatel_official/DbX9e1bj5jy.jpg,"Video by Nayatel Official on July 29, 2026. May be a graphic of phone, poster, screen, magazine and text that says 'NAYAtel Something Exciting is Coming! Stay wumed Stay ned Stay vuned Stay Tuned Stay Tuned Stay Tuned Stay StayTuned Tuned Stay Tuned Stay Tuned #AzaadiSpecial --- ----- Download owiloaaMyNayatelApp My Nayatel App Getito Downie adonte Google GooglePlay Play App Store'.",
Nayatel,direct,nayatel_official,DbsHhGPFWbS,reel,2026-08-06,post_page,17,no,"Iss Azaadi, enjoy karein Rs. 500 OFF by playing a short quiz💸 Abhi My Nayatel App download ya update karein. 🇵🇰💚 #Nayatel #Azaadi #MyNayatelApp #Rewards #QuizTime overloaded_couch_potato 4w aaj 3 din ho gy complain keay hoey... Mention kia thabk whatsapp p rabta kro par ni kia gea mj c whatsapp p rabta. Jab en k representative c call p bat ki tu us nai kaha k hmra sop ni ha k whatsapp p rabta kia jae.Mein nai bola b k mery area mn sim signals ni aty but still en ka representative ara raha k hmra sop ni ha whatsapp p call krny ki jab k whatsapp p e msg kr k bta ry hn k ap c rabta krny ki koshesh ki gy ha .... Nehayat e ganda ghatia network Like Reply 2 August 5",https://www.instagram.com/nayatel_official/reel/DbsHhGPFWbS/,media/nayatel_official/DbsHhGPFWbS.jpg,"Video by Nayatel Official on August 05, 2026. May be an image of poster and text that says 'NAYAtel Azaadi Ko Special Banaein? Play the Quiz! win off Rs. 500 Download DownloadMyNayatelApp My Nayatel App GETITON Google GooglePlay Play Dowrica App Store'.",
Nayatel,direct,nayatel_official,Dbd_cPjnFAw,p,2026-07-31,post_page,18,no,Is your service available in Mandi Bahauddin?,https://www.instagram.com/nayatel_official/p/Dbd_cPjnFAw/,media/nayatel_official/Dbd_cPjnFAw.jpg,"Photo by Nayatel Official on July 31, 2026. May be an image of poster, cash machine, card, phone and text.",
Nayatel,direct,nayatel_official,Dcd5rHjnWdK,p,2026-08-25,post_page,19,no,"Today we remember the Prophet (ﷺ), whose life taught us kindness, patience, and love for one another! 💚🤍 #Nayatel #RabiUlAwal #ProphetMuhammad #Kindness #Love haroonmughal333 2w Kia eidain aap logon ke. Kia mission aap logon schai khushikhlaqi imandari. Apny employ ka haq kha kr yeh SB zeb nahi deta Like Reply rajarehangg 2w ❤️❤️❤️",https://www.instagram.com/nayatel_official/p/Dcd5rHjnWdK/,media/nayatel_official/Dcd5rHjnWdK.jpg,"Photo by Nayatel Official on August 25, 2026. May be an image of ‎poster, the Charminar and ‎text that says '‎NAYAtel 12 لقد لرواعمَ On this holy occasion of Rabi-ul Rabi-ul-Awal, Awal, May your home be filled with faith, hope & countless blessings.‎'‎‎.",
Nayatel,direct,nayatel_official,Db2X6TJAs5C,p,2026-08-10,post_page,20,no,😍,https://www.instagram.com/nayatel_official/p/Db2X6TJAs5C/,media/nayatel_official/Db2X6TJAs5C.jpg,"Photo by Nayatel Official on August 09, 2026.",
Nayatel,direct,nayatel_official,DZ0gw0EETos,p,2026-06-20,post_page,21,no,Happy Father’s Day 🧡💙 Let’s pay tribute to the heroes of our families. ❤️ #Nayatel #FathersDay #Tribute #LoveFather #LetsCelebrateFathers rajarehangg 9w ❤️❤️❤️❤️,https://www.instagram.com/nayatel_official/p/DZ0gw0EETos/,media/nayatel_official/DZ0gw0EETos.jpg,"Photo by Nayatel Official on June 20, 2026. May be a cartoon of card and poster.",
Nayatel,direct,nayatel_official,DZzeFECEcPJ,p,2026-06-20,post_page,22,no,"Greatness begins with someone who believes in you. 🤩 At just 9, Arfa Karim became the world’s youngest Microsoft Certified Professional. Behind her remarkable journey was a father whose faith and support helped turn talent into history. 🇵🇰❤️ Sometimes, a parent’s belief is the first step toward extraordinary heights. 💙🧡 #ArfaKarim #FatherASuperHero #YoungGenius #ParentingInspiration #LegacyOfBelief bulletin_pak 11w Check Your Email I have a message for you Like Reply attirediresuits 11w ♾️🤍",https://www.instagram.com/nayatel_official/p/DZzeFECEcPJ/,media/nayatel_official/DZzeFECEcPJ.jpg,"Photo by Nayatel Official on June 20, 2026. May be a cartoon of one or more people, poster and magazine.",
Nayatel,direct,nayatel_official,DZxjLzEEdcg,p,2026-06-19,post_page,23,no,"Pakistan's Greatest Olympics Victory Was A Father's Greatest Sacrifice. 🥇🇵🇰 But behind that historic moment stood a father who never stopped believing in his son. Through financial hardships, sacrifices, and years of unwavering support, he did everything he could to help Arshad Nadeem pursue his dream. ❤️ #Nayatel #FatherASuperHero #ArshadNadeem #FathersDay #HistoricAchievement bulletin_pak 11w Check Your Email I have a message for you Like Reply irehanwarraich 11w 🇵🇰❤️",https://www.instagram.com/nayatel_official/p/DZxjLzEEdcg/,media/nayatel_official/DZxjLzEEdcg.jpg,"Photo by Nayatel Official on June 19, 2026. May be an image of one or more people, poster, card, magazine and stadium.",
Transworld Home,direct,transworldhome,Db_cqyCG0h9,reel,2026-08-13,post_page,0,yes,"79 years of resilience. 79 years of hope. 79 years of Pakistan. 🇵🇰 From the dreams that shaped a nation to the connections that bring us closer today, we celebrate the spirit of independence that continues to unite us. Happy Independence Day! 💚 #IndependenceDay #Pakistan #14August #TransworldHome #PakistanZindabad malakzada__ 3w This is of next level fr😂😂😂",https://www.instagram.com/transworldhome/reel/Db_cqyCG0h9/,media/transworldhome/Db_cqyCG0h9.jpg,"Video by Transworld Home on August 13, 2026. May be an image of banner, poster, flag and text that says 'Transworld HCME 79 SAAL LAG GAYE LEKIN HO GAYA PAKISTAN; CONNECTION EST. SINCE 1947 1837 Itransworld-home.com 30'.",
Transworld Home,direct,transworldhome,DcBCQ-pAhQ0,reel,2026-08-14,post_page,1,yes,Burey internet se jaan churaayein aur is Jashn e Azaadi @transworldhome pe shift hojayein! #transworld #arzzuuuuu #azadi #independence #internet ranarana_5656 20h زبردست اس بندی سے میں بیت متاثر ہوں بہت بہت کیا ایکٹنگ کرتی ہے کمال میں فین ہوں آپ کی Like Reply sajjadanjum113 2d 😂😂😂😂😂😂😂 Like Reply haisam002 6d Haisam meh ho 😮😢 Like Reply haider.karrar77 1w 😂😂😂 Like Reply zeemal_momin 1w 😂😂😂😂😂 Like Reply imzarakhan_23 1w Please do not spread false information.. transworld is the shittiest internet im using.. I complained hell of time but they never resolve my issue @transworldhome Like Reply imzarakhan_23 1w Bakwas tareen internet @transworldhome Like Reply danie_typist 1w 😂 Like Reply indcelebration 1w Reel scroll karte karte border cross kar gya😂😂😂😂 Like Reply kaiesyed 1w This is true in every country 😂 Like Reply nabila.shehzad 1w 😂😂 Like Reply q.lk0107 2w 😂😂😂😂😂 Like Reply heera_faisal1 ,https://www.instagram.com/arzzuuuuu/reel/DcBCQ-pAhQ0/,media/transworldhome/DcBCQ-pAhQ0.jpg,"Video by Arzu Fatima on August 14, 2026. May be an image of one or more people, people smiling, dental floss and text that says 'Every internet complaint call Part 2'.",arzzuuuuu
Transworld Home,direct,transworldhome,DdG4NI-HPBg,p,2026-09-10,alt_text,2,yes,,https://www.instagram.com/transworldhome/p/DdG4NI-HPBg/,media/transworldhome/DdG4NI-HPBg.jpg,"Photo by Transworld Home on September 10, 2026. May be an image of screen, videogame controller, poster, magazine and text that says 'Transworld"" HOME 46066 Don't Let A Bad Route OPTIMIZE HE THEPATH PATH OPTI WITH ZONE Get Between YOU & THE GAME 1837 transworld-home.com'.",
Transworld Home,direct,transworldhome,DdBqqaklZsm,p,2026-09-08,post_page,3,no,"Two hands. One remote. Zero chill. Tonight's real matchup: Binge-Watcher 🆚 Sports Fan With Tru TV, everyone gets their moment on screen. No fights, no fast-forwarding through someone's favorite show. 📞 1837 | transworld-home.com No comments yet. Start the conversation. 6 2 days ago",https://www.instagram.com/transworldhome/p/DdBqqaklZsm/,media/transworldhome/DdBqqaklZsm.jpg,"Photo by Transworld Home on September 08, 2026. May be an image of television, wrist watch, screen and text that says 'Transworld"" HOME ሀሩ TV Tru TONIGHT'S BIGGEST MATCHUP isn't on the screen OK = OL OK ￥ NETFLIX Ynuabe คสนยรี่เย GRASO BINGE-WATCHER Vs SPORTS FAN PAKSIN PAK WHO GETS REMOTE RIGHTS? 1837 transworld-home.com'.",
Transworld Home,direct,transworldhome,Dc6qabRGPJf,p,2026-09-05,post_page,4,no,"Some heroes protect our borders, while their families wait at home with courage and pride. 🇵🇰 Today, we honour their sacrifice and salute the spirit that keeps Pakistan strong. Youm-e-Difa Mubarak! #YoumEDifa #Transworld #ConnectedPakistan #Pakistan #SaluteOurHeroes #ProudPakistan No comments yet. Start the conversation. 18 5 days ago",https://www.instagram.com/transworldhome/p/Dc6qabRGPJf/,media/transworldhome/Dc6qabRGPJf.jpg,"Photo by Transworld Home on September 05, 2026. May be a doodle of ‎aircraft, poster and ‎text that says '‎Transworld"" Some People Go To Work Knowing The Risk. T WE HONOUR THEM AND HE FAMILIES WHO WAIT. YOUM-E-DIFA E-DIFA YOUM MUBARAK ن a‎'‎‎.",
Transworld Home,direct,transworldhome,Dc3M9ctldvV,p,2026-09-04,post_page,5,no,"Don’t let more devices mean slower internet. 🚀 Whether it’s streaming, gaming, video calls, or uploads, choose the speed that matches your digital lifestyle. Get connected with Transworld Home. Call 1837. #TransworldHome #SpeedThatMatters #StayConnected No comments yet. Start the conversation. 31 6 days ago",https://www.instagram.com/transworldhome/p/Dc3M9ctldvV/,media/transworldhome/Dc3M9ctldvV.jpg,"Photo by Transworld Home on September 04, 2026.",
Transworld Home,direct,transworldhome,Dc0iOSrFVLF,p,2026-09-03,post_page,6,no,"Game nights. Group calls. Everyone streaming at once. Your home is doing more than ever, make sure your internet can keep up. Upgrade your plan instantly with the My Transworld App. No calls, no waiting, just a few taps. 📲 Available now on Google Play and the App Store. #TransworldHome #MyTransworldApp #InternetUpgrade #SmartLiving #ConnectedHome No comments yet. Start the conversation. 12 September 3",https://www.instagram.com/transworldhome/p/Dc0iOSrFVLF/,media/transworldhome/Dc0iOSrFVLF.jpg,"Photo by Transworld Home on September 03, 2026.",
Transworld Home,direct,transworldhome,DctGDx4FQzO,p,2026-08-31,post_page,7,no,Clearer voice. Better conversations. Better connections. 💙☎️ Experience Tru HD Voice with Transworld Home today. Call 1837 or visit transworld-home.com #TransworldHome #TruHDVoice #StayConnected No comments yet. Start the conversation. 5 August 31,https://www.instagram.com/transworldhome/p/DctGDx4FQzO/,media/transworldhome/DctGDx4FQzO.jpg,"Photo by Transworld Home on August 31, 2026.",
Transworld Home,direct,transworldhome,DcnZ0ISTlL6,reel,2026-08-29,post_page,8,no,"Event Highlights | Transworld Associates ✨ Where vision meets flawless execution. A memorable corporate experience, brought to life by Eventive. #CorporateEvent #EventHighlights #BrandExperience #EventManagement #IslamabadEvents sdtaurus 1w 👏🌟💐👍 Like Reply 50 1 August 29",https://www.instagram.com/eventive_pak/reel/DcnZ0ISTlL6/,media/transworldhome/DcnZ0ISTlL6.jpg,"Video by Eventive on August 29, 2026. May be an image of lighting, signboard, banner and text.",eventive_pak
Transworld Home,direct,transworldhome,DclcDYDle5M,p,2026-08-28,post_page,9,no,"📺 Something LIVE? A movie? Or that show you still haven’t finished? 👀 Whatever you’re in the mood for, it’s ON with TruTV! 🍿✨ From live TV to movies and your favourite shows, there’s always something to watch. 👉 Get TruTV with Transworld Home and turn your entertainment ON! 📞 Call 1837 or visit transworld-home.com #TransworldHome #TruTV #Entertainment #LiveTV #Movies #Shows No comments yet. Start the conversation. 16 August 28",https://www.instagram.com/transworldhome/p/DclcDYDle5M/,media/transworldhome/DclcDYDle5M.jpg,"Photo by Transworld Home on August 28, 2026.",
Transworld Home,direct,transworldhome,DcgS-00j4n_,p,2026-08-26,post_page,10,no,"One less thing to worry about! 📲✨ Pay your Transworld Home bill quickly and conveniently through the My Transworld App. Stay connected, stay hassle free. 💙 #TransworldHome #MyTransworldApp #EasyPayments #StayConnected jahanzaibpasha 2w Best internet ever Like Reply 13 1 August 26",https://www.instagram.com/transworldhome/p/DcgS-00j4n_/,media/transworldhome/DcgS-00j4n_.jpg,"Photo by Transworld Home on August 26, 2026. May be an image of screen, phone and text that says 'Transworld"" HOME ONE LESS THING TO WORRY ABOUT 9-41 .ll l۱. My Bills Outstanding Amount 4,500 Pay Now 星 Downlead Current DowrlandCarmrentMorthhuelos Month Ivoide Transaction History nePuyment 0601.2024 Transworld O Rs2,345 + Payment Rs2,345: + 成 Payment Rs2,345 อาลักพ aynent 08052 Rs2,345 Pay Your Bill Easily With My Transworld 1837 Itransworld-home.com'.",
Transworld Home,direct,transworldhome,DcbEVSlFjRS,p,2026-08-24,post_page,11,no,"Tired of watching that circle spin? 😤 Buffering shouldn't be part of your daily routine. Switch to Transworld Home for internet that actually keeps up with you. Fast, reliable, frustration free. 📞 1837 | transworld home.com #TransworldHome #SwitchToTransworld #NoMoreBuffering #FastInternet No comments yet. Start the conversation. 8 August 24",https://www.instagram.com/transworldhome/p/DcbEVSlFjRS/,media/transworldhome/DcbEVSlFjRS.jpg,"Photo by Transworld Home on August 24, 2026. May be an image of screen, poster, tablet, phone, thermostat and text that says 'Transworld"" HOME If This Circle Annoys You Buffering... Switch To Transworld 1837 transworld-home.com'.",
Transworld Home,direct,transworldhome,DcViShbkfEq,p,2026-08-22,post_page,12,no,"Time for a better web? 🕸️ Swipe to see what we mean → Transworld Home is redefining connectivity stronger signal, seamless coverage, zero excuses. 📞 1837 | transworld-home.com #TransworldHome #UpgradeYourInternet #ConnectedHome arslanxbajwa 2w 😍😍😍 Like Reply 28 3 August 22",https://www.instagram.com/transworldhome/p/DcViShbkfEq/,media/transworldhome/DcViShbkfEq.jpg,"Photo by Transworld Home on August 22, 2026.",
Transworld Home,direct,transworldhome,DcN6_q_DtVp,p,2026-08-19,post_page,13,no,One match. One nation. One moment that brings us all together. 🏑🇵🇰 Pakistan 🇵🇰 vs India 🇮🇳 Catch the action live on TruTV and cheer for Pakistan! #PakistanVsIndia #Hockey #PakistanHockey #TruTV #TransworldHome #MatchDay xxabdulraheemxx 3w Start Time 6:00 PM Like Reply jaweriaa.bhatti 3w Pakistan in Sha Allah ❤️,https://www.instagram.com/transworldhome/p/DcN6_q_DtVp/,media/transworldhome/DcN6_q_DtVp.jpg,"Photo by Transworld Home on August 19, 2026. May be an image of billiards, magazine, poster, sports equipment, ball and text that says 'Transworld"" HOME PIHPrOLO CATCH THE ACTION LIVE On My M a TV Tru One Match. A NATION TUNED IN. India Pakistan 1837 37ltransworld-home.com'.",
Transworld Home,direct,transworldhome,DcLmHuQjE3_,p,2026-08-18,alt_text,14,no,,https://www.instagram.com/transworldhome/p/DcLmHuQjE3_/,media/transworldhome/DcLmHuQjE3_.jpg,"Photo by Transworld Home on August 18, 2026.",
Transworld Home,direct,transworldhome,DcGCNnbNUnb,reel,2026-08-16,post_page,15,no,"This Independence Day, I’m celebrating a different kind of azaadi — azaadi from bad, slow internet! 🇵🇰✨ @transworldhome Because some connections should never be dropped. 💚 Switch to Transworld for an experience that truly matters. Call 1837. #Transworld #IndependenceDay #Azadi #Pakistan #GoodInternet arsh.i8118 Like Reply zahidrafiq227 3w GOOD Like Reply jabbasi45 3w For Transworld internet 🛜 services in DHA,Bahria,gulberg Greens & Islamabad contact 03125222162. Like Reply ibrarahmed_804 3w 😮😮 Like Reply areej.fatima 3w 🙌🙌",https://www.instagram.com/nismaameer/reel/DcGCNnbNUnb/,media/transworldhome/DcGCNnbNUnb.jpg,"Video by Nisma Zahid on August 16, 2026. May be an image of sleepwear, magazine, dress, net and text that says 'Transworld™ d™ HOME'.",nismaameer
Transworld Home,direct,transworldhome,DcD3rzss31D,reel,2026-08-15,post_page,16,no,"Some connections never need a signal. They’re inherited, lived, and passed on. 🤍🇵🇰 Celebrating the roots, stories and connections that make us who we are. Pakistan, connected since 1947. #ConnectionEst1947 0_mujtaba_1 2w When will transworld be available in north nazimabad? Like Reply asranoorelahi 3w ❤️❤️❤️❤️ Like Reply saimaraashad 3w ❤️ Like Reply saniyakhan2796 3w 😍😍😍😍 Like Reply thegirlinthenewcity 3w Wailing 🤍 Like Reply makeupbyzainabkhalid 3w 😍😍 ❤️❤️ Like Reply miraalkhan1010 3w 😍😍😍😍",https://www.instagram.com/maimoonaa_/reel/DcD3rzss31D/,media/transworldhome/DcD3rzss31D.jpg,"Video by Maimoona Rashad on August 15, 2026. May be an image of the Taj Mahal and text.",maimoonaa_
Transworld Home,direct,transworldhome,DcDcmEmMSRI,reel,2026-08-15,post_page,17,no,"Some connections go beyond distance, time and technology. They’re found in the places we call home, the people we love and the memories we carry with us. 🤍🇵🇰 This Independence Day, celebrating the connection that keeps Pakistan close wherever we are. @transworldhome #ConnectionEst1947 tayyab70uhab 3w Really nice styling in this one 🙌 Like Reply jabbasi45 3w For Transworld fiber internet 🛜 services in Islamabad DHA Bahria contact 03125222162 Like Reply arslanxbajwa 3w 😍😍😍 Like Reply maheenali_ 3w 😍😍 Like Reply madiha_imran56 3w 😍😍😍😍 Like Reply sairamuzaffar 3w Zabardast 😍 Like Reply spammingfromsara 3w ❤️❤️❤️",https://www.instagram.com/duaadogar__/reel/DcDcmEmMSRI/,media/transworldhome/DcDcmEmMSRI.jpg,"Video by Duaa Amir on August 15, 2026. May be a selfie of phone, screen, camera and text.",duaadogar__
Transworld Home,direct,transworldhome,DcBRxMnoScO,reel,2026-08-14,post_page,18,no,"WiFi ka scene chahe jo bhi ho, hamari connection wali story toh 1947 se strong hai 🇵🇰❤️ #ConnectionEst1947 @transworldhome jabbasi45 3w For Transworld internet 🛜 services in Islamabad DHA Bahria contact 03125222162 Like Reply tal_ha011 3w Give us proof that u r using their connection",https://www.instagram.com/kashmalafaisal_/reel/DcBRxMnoScO/,media/transworldhome/DcBRxMnoScO.jpg,"Video by LALA on August 14, 2026. May be an image of one or more people, makeup, lipstick, eyeliner, people smiling and text.",kashmalafaisal_
Transworld Home,direct,transworldhome,DcAZ6p5jYFX,p,2026-08-14,post_page,19,no,"A connection that began in 1947… and continues to inspire generations. 🇵🇰 This Independence Day, we celebrate the legacy, spirit, and connections that make Pakistan what it is. Happy Independence Day, Pakistan! 💚✨ #TransworldHome #IndependenceDay #Pakistan #14thAugust #SomeThingsNeverDisconnect igl_xx_official.pk 4w Any Azadi offers for valid customers? Like Reply 9 2 August 14",https://www.instagram.com/transworldhome/p/DcAZ6p5jYFX/,media/transworldhome/DcAZ6p5jYFX.jpg,"Photo by Transworld Home on August 13, 2026. May be an image of card, flag, poster, magazine and text that says 'Transworld"" HOME CONNECTION ESTABLISHED 1947 EXPERIENCE THAT MATTERS Happy Independence Day PAKISTAN 14th August, 1947 12:00 AM. SOME THINGS NEVER DISCONNECT ー 1837 Itransworld-home.com'.",
Transworld Home,direct,transworldhome,Db-9E8XMG_g,reel,2026-08-18,post_page,20,no,Ever wondered how do 100+ drummers sound when they're perfectly in sync? 🌀✨ Check the highlights for our recent corporate drum circle for @transworldhome 📸 @exposure_by_hassan #Onecircleonegroove #corporatedrumcircle #transworldhome saminaali57 3w Amazing experience Like Reply maria.pervaiz.714 3w where is that location it's in lslamabad? Like Reply jawad.ishere 4w Amazing experience.... Thanks @zee_murtaza 🙏 It was unforgettable experience.... Thanks @one.drum 🙏❤️,https://www.instagram.com/one.drum/reel/Db-9E8XMG_g/,media/transworldhome/Db-9E8XMG_g.jpg,"Video by ONE DRUM on August 13, 2026. May be an image of one or more people, violin and text.",one.drum
Transworld Home,direct,transworldhome,Db8GagRldXs,p,2026-08-12,post_page,21,no,"Eight years later, Pakistan is back on the world stage! 🇵🇰🏑 The wait is over. Now, it’s time to make history. Best of luck, Team Pakistan! 💚 #TeamPakistan #HockeyWorldCup #PakistanHockey ibrarahmed_804 3w 😍😍 Like Reply 19 1 August 12",https://www.instagram.com/transworldhome/p/Db8GagRldXs/,media/transworldhome/Db8GagRldXs.jpg,"Photo by Transworld Home on August 12, 2026. May be an image of cricket, poster, sports equipment, magazine, stadium and text that says 'Transworld"" HOME lC PAKISTAN AN AKIST PAKISTAN PAKISAN PAKIS 8 Years Later Back Where We Belong BEST OF LUCK Team Pakistan 1837 transword-home.com'.",
Transworld Home,direct,transworldhome,Db0XlieiPIf,reel,2026-08-09,post_page,22,no,"The group has been created. The connection is forever. 💚 This Independence Day, celebrate being part of the greatest group of all — Pakistan. 📞 1837 | 🌐 transworld-home.com #TransworldHome #PakistanZindabad #IndependenceDay #14August #Azadi No comments yet. Start the conversation. 13 August 9",https://www.instagram.com/transworldhome/reel/Db0XlieiPIf/,media/transworldhome/Db0XlieiPIf.jpg,"Video by Transworld Home on August 09, 2026. May be a Twitter screenshot of magazine, poster, flag, banner, screen and text.",
Transworld Home,direct,transworldhome,Dbx1076DIvi,reel,2026-08-08,post_page,23,no,"From “Wish You Were Here” to “You Are Here.” ❤️🇵🇰 Because there’s no greater feeling than being home with the people who matter most. This Independence Day, celebrate the joy of coming home. 🇵🇰 📞 1837 | 🌐 transworld-home.com #TransworldHome #Pakistan #Homecoming #StayConnected #FamilyConnection #CloserToHome #CelebrateTogether #PakistanZindabad No comments yet. Start the conversation. 14 August 8",https://www.instagram.com/transworldhome/reel/Dbx1076DIvi/,media/transworldhome/Dbx1076DIvi.jpg,"Video by Transworld Home on August 08, 2026. May be an image of ‎card, poster, flag, magazine and ‎text that says '‎Transworld"" HOME FROM ""WISH YOU WERE HERE"" TO ""ου ARE HERE."" וווש NATANNW 1837 transworld-home.com‎'‎‎.",
Optix,direct,optixpkofficial,DdG3DNoldOs,p,2026-09-10,post_page,0,yes,"Every screen deserves a connection that keeps up. 𝗨𝗽 𝘁𝗼 𝟯𝟬𝟬 𝗠𝗯𝗽𝘀 𝗳𝗼𝗿 𝗥𝘀. 𝟭𝟬,𝟵𝟵𝟵. Stream. Work. Game. Browse. Stay connected. Switch to Optix today! No comments yet. Start the conversation. 3 21 hours ago",https://www.instagram.com/optixpkofficial/p/DdG3DNoldOs/,media/optixpkofficial/DdG3DNoldOs.jpg,"Photo by Optix Pakistan Private Limited on September 10, 2026. May be an image of television, screen, projector, phone, tablet and text that says 'OPTIX ALWAYS ON! CONNECT EVERY SCREEN. STAY UNINTERRUPTED. 300 RS. 10,999 Mbps មហ em .… Switch to Optix today! Call: 021-11-11-67849 -11-67849 optix.pk'.",
Optix,direct,optixpkofficial,DdEKyyFHF89,p,2026-09-09,post_page,1,yes,"Your ideas deserve better speed. With Optix, get speeds of up to 200 Mbps for smoother streaming, faster downloads, better gaming, and everything you do online. Upgrade your home internet and enjoy the speed your ideas deserve. Switch to Optix today. Call: 021-11-11-67849 OR reach us out via DM. #Optix #OptixInternet #200Mbps #HighSpeedInternet #HomeInternet #PakistanInternet shahab.saeed.5 1d Optix service is excellent. I called them and team arrived within few hours while.",https://www.instagram.com/optixpkofficial/p/DdEKyyFHF89/,media/optixpkofficial/DdEKyyFHF89.jpg,"Photo by Optix Pakistan Private Limited on September 09, 2026. May be an image of television, screen, projector, phone, poster, tablet and text that says 'OPTIX ALWAYS ON! YOUR IDEAS DESERVE BETTER SPEED 200 200Rs.6,399 Rs. 6,399 Mbps NTH OPEO S Switch to Optix today! Call: :021-11-11-67849|optix.pk 021-11-11-67849 optix.pk'.",
Optix,direct,optixpkofficial,DdBUL-PD9xb,p,2026-09-08,post_page,2,yes,"𝗕𝘂𝗳𝗳𝗲𝗿𝗶𝗻𝗴 𝗸𝗮 𝗱𝗿𝗮𝗺𝗮 𝗮𝗯 𝗸𝗵𝗮𝘁𝗮𝗺! Enjoy non-stop streaming of your favorite shows without any interruptions. Get unlimited downloads, no data capping, and 2x speed for a seamless binge-watching experience. 𝗦𝘄𝗶𝘁𝗰𝗵 𝘁𝗼 𝗢𝗽𝘁𝗶𝘅 𝘁𝗼𝗱𝗮𝘆! Call: 021-11-11-67849 OR reach out to us via DM. No comments yet. Start the conversation. 4 3 days ago",https://www.instagram.com/optixpkofficial/p/DdBUL-PD9xb/,media/optixpkofficial/DdBUL-PD9xb.jpg,"Photo by Optix Pakistan Private Limited on September 08, 2026. May be an image of television, screen, projector, poster and text that says 'OPTIX ALWAYS ON! BUFFERING WALA DRAMA? SKIP KARO Switch to Optix today! Unlimited Downloads No Data capping 2x Speed Call: Call:0211-1-67849loptix.pk 021-11-11-67849 optix.pk'.",
Optix,direct,optixpkofficial,DdA2VnBDicp,p,2026-09-08,post_page,3,no,"Say goodbye to lag spikes and endless loading screens. Upgrade your gaming setup with speeds up to 𝟭𝟱𝟬 𝗠𝗯𝗽𝘀 for Rs. 5,199/month. 𝗦𝘄𝗶𝘁𝗰𝗵 𝘁𝗼 𝗢𝗽𝘁𝗶𝘅 𝘁𝗼𝗱𝗮𝘆! Call: 021-11-11-67849 OR reach us out in DMs. No comments yet. Start the conversation. 3 days ago",https://www.instagram.com/optixpkofficial/p/DdA2VnBDicp/,media/optixpkofficial/DdA2VnBDicp.jpg,"Photo by Optix Pakistan Private Limited on September 07, 2026. May be an image of screen and text that says 'OPTIX ALWAYS ON! STAY IN THE GAME NOT THE LOADING SCREEN LIPTO 150 Rs. 5,199 + Mbps POSITION 2/8 LAP 1/3 198 ...... Switch to Optix today! Call: 021-11- 021-11-11-67849 :021-11-11-67849|optix.pl 11-67849 optix.pk'.",
Optix,direct,optixpkofficial,Dc-iH-NDmPI,p,2026-09-07,post_page,4,no,"Why settle for limited internet? With Optix, enjoy no data capping, unlimited downloads, and reliable connectivity for everything you do online, from streaming and gaming to work and everyday browsing. Ready for a better internet experience? 𝗦𝘄𝗶𝘁𝗰𝗵 𝘁𝗼 𝗢𝗽𝘁𝗶𝘅 𝗻𝗼𝘄! Call: 021-11-11-67849 OR DM us. #Optix #FiberInternet #InternetFreedom #NoDataCapping #UnlimitedDownloads #AlwaysOn sherazrealtor 3d I recently took an Optix connection and paid the full amount upfront. It has now been 6 days, but the connection has still not been properly provided. Before payment, the salesperson Bilal called repeatedly and made several commitments regarding installation. However, after receiving the payment, he is now not even attending my calls. This is extremely disappointing and unprofessional. Customers deserve clear communication and timely service, especially after making full payment. Optix management, p",https://www.instagram.com/optixpkofficial/p/Dc-iH-NDmPI/,media/optixpkofficial/Dc-iH-NDmPI.jpg,"Photo by Optix Pakistan Private Limited on September 07, 2026. May be an image of screen, tablet, projector and text that says 'OPTIX ALWAYS ON! Don't Settle for Less Less Switch to Optix Now! No Data Capping Unlimited Downloads Always-On Connectivity … ・ OPTIX ALMAYEON Call: l:0211-11-67849|optix.pk 021-11-11-67849 optix.pk'.",
Optix,direct,optixpkofficial,Dc6qa_IjQb9,p,2026-09-05,post_page,5,no,"Every day, we go to work, spend time with our families and chase our dreams. Today, we remember those who stand guard so we can do all of it. 𝗦𝗮𝗹𝘂𝘁𝗲 𝘁𝗼 𝘁𝗵𝗲 𝗵𝗲𝗿𝗼𝗲𝘀 𝗼𝗳 𝗣𝗮𝗸𝗶𝘀𝘁𝗮𝗻. #DefenceDay #6September #Pakistan #OurHeroes #Courage #Sacrifice #NationalPride #Optix #PakistanZindabad No comments yet. Start the conversation. 2 5 days ago",https://www.instagram.com/optixpkofficial/p/Dc6qa_IjQb9/,media/optixpkofficial/Dc6qa_IjQb9.jpg,"Photo by Optix Pakistan Private Limited on September 05, 2026. May be a graphic of ‎screen, poster, military uniform, magazine and ‎text that says '‎OPTIX ALWAYS ALWAYSON ON! 6 th يومدفاع September PakistanDefenceDay Pakistan Defence Day GILGIT BALTISTAN KHYBER PAKHTUNKHWA PUNJAB BALOCHISTAN SINDH They guard our borders, so we can live, work and dream. SALUTE to OUR HEROES. Call: 021-11-11-67849 optix.pk‎'‎‎.",
Optix,direct,optixpkofficial,Dc3A_y5jc5m,reel,2026-09-04,post_page,6,no,"YouTube, Netflix, downloads, gaming… use your internet without constantly worrying about the limit. No capping. No hidden charges. Just more freedom online. 𝗦𝘄𝗶𝘁𝗰𝗵 𝘁𝗼 𝗢𝗽𝘁𝗶𝘅 𝘁𝗼𝗱𝗮𝘆! #Optix #InternetFreedom #NoCapping #FiberInternet sherazrealtor 3d I recently took an Optix connection and paid the full amount upfront. It has now been 6 days, but the connection has still not been properly provided. Before payment, the salesperson Bilal called repeatedly and made several commitments regarding installation. However, after receiving the payment, he is now not even attending my calls. This is extremely disappointing and unprofessional. Customers deserve clear communication and timely service, especially after making full payment. Optix management, please look into this matter urgently and resolve my connection issue instead of making further false promises. #Optix #CustomerService #PoorService #",https://www.instagram.com/optixpkofficial/reel/Dc3A_y5jc5m/,media/optixpkofficial/Dc3A_y5jc5m.jpg,"Video by Optix Pakistan Private Limited on September 04, 2026. May be an image of phone, eyeglasses, thermostat, projector, tablet, screen and text that says 'OPTIX ALWAYS ALWAYSON! ON!'.",
Optix,direct,optixpkofficial,Dc0TYIAjlvI,p,2026-09-03,post_page,7,no,"𝗠𝗼𝘃𝗶𝗲 𝗻𝗶𝗴𝗵𝘁 + 𝗯𝘂𝗳𝗳𝗲𝗿𝗶𝗻𝗴? 𝗪𝗼𝗿𝘀𝘁 𝗰𝗼𝗺𝗯𝗶𝗻𝗮𝘁𝗶𝗼𝗻. Get your watchlist rolling with up to 𝟭𝟬𝟬 𝗠𝗯𝗽𝘀 𝗳𝗼𝗿 𝗥𝘀. 𝟯,𝟵𝟵𝟵. Grab the popcorn and let Optix handle the connection. Switch to Optix today! #Optix #100Mbps #Streaming sherazrealtor 3d I recently took an Optix connection and paid the full amount upfront. It has now been 6 days, but the connection has still not been properly provided. Before payment, the salesperson Bilal called repeatedly and made several commitments regarding installation. However, after receiving the payment, he is now not even attending my calls. This is extremely disappointing and unprofessional. Customers deserve clear communication and timely service, especially after making full payment. Optix management, please look into this matter urgently and resolve my connection issue instead of making further false promises. #Optix #CustomerService #PoorService #CustomerExperience #",https://www.instagram.com/optixpkofficial/p/Dc0TYIAjlvI/,media/optixpkofficial/Dc0TYIAjlvI.jpg,"Photo by Optix Pakistan Private Limited on September 03, 2026. May be an image of ‎television, screen, projector, phone, poster and ‎text that says '‎OPTIX ALWAYS ONI YOUR WATCHLIST DESERVES A SMOOTHER CONNECTION. 100 TO Rs. 3,999 UF UPTO Mbps الككله Switch to Optix today! Call: 021-11-11-67849 11-67849 optix.pk‎'‎‎.",
Optix,direct,optixpkofficial,Dcv1GEZnGQ6,p,2026-09-03,post_page,8,no,"I recently took an Optix connection and paid the full amount upfront. It has now been 6 days, but the connection has still not been properly provided. Before payment, the salesperson Bilal called repeatedly and made several commitments regarding installation. However, after receiving the payment, he is now not even attending my calls. This is extremely disappointing and unprofessional. Customers deserve clear communication and timely service, especially after making full payment. Optix management, please look into this matter urgently and resolve my connection issue instead of making further false promises. #Optix #CustomerService #PoorService #CustomerExperience #Lahore Like Reply obigamer12 1w ap log ka service bohat kamal ka hai. subha sa raat tak kam karta hai kuch din phele mera internet ka issue agaya tha raat ko mena phone kia ka subha ajana. us nay ka hum abhe aarah hai aur 30min",https://www.instagram.com/optixpkofficial/p/Dcv1GEZnGQ6/,media/optixpkofficial/Dcv1GEZnGQ6.jpg,"Photo by Optix Pakistan Private Limited on September 01, 2026. May be a video game screenshot of ‎television, screen, projector and ‎text that says '‎OPTIX ALWAYS ALWAYSON! ON! NO LAG. NO CAP. Built for your next big play. ー ر = - = - CRPEXK Switch to Optix today! Call: 021-11-11-67849 optix.pk‎'‎‎.",
Optix,direct,optixpkofficial,Dcu_gUyChLf,p,2026-09-03,post_page,9,no,"Keep learning. Leave the loading behind! Whether you're attending online classes, working, or simply browsing, enjoy a smoother experience with up to 75 Mbps at just Rs. 3,199. Upgrade your connection. Stay productive. Switch to Optix today! #Optix #75Mbps #FiberInternet #KeepLearning #InternetThatWorks sherazrealtor 3d I recently took an Optix connection and paid the full amount upfront. It has now been 6 days, but the connection has still not been properly provided. Before payment, the salesperson Bilal called repeatedly and made several commitments regarding installation. However, after receiving the payment, he is now not even attending my calls. This is extremely disappointing and unprofessional. Customers deserve clear communication and timely service, especially after making full payment. Optix management, please look into this matter urgently and resolve my connection issue inste",https://www.instagram.com/optixpkofficial/p/Dcu_gUyChLf/,media/optixpkofficial/Dcu_gUyChLf.jpg,"Photo by Optix Pakistan Private Limited on August 31, 2026. May be an image of eyeglasses, screen, poster and text that says 'OPTIX ALWAYS ON! KEEP LEARNING. LEAVE THE LOADING BEHIND. 75 UP To Mbps Rs. RS.3, 3,199 Switch to Optix today! Call: 021-11-11-67849 11-67849 OPTI: optix.pk'.",
Optix,direct,optixpkofficial,Dcsvck1FtDN,p,2026-09-01,post_page,10,no,"More data. More freedom. No limits! Experience Azadi with speeds of up to 300 Mbps and enjoy your internet freely with no counting and no compromise. Get started for Rs. 10,999* and switch to Optix today! #Optix #Azadi #300Mbps #InternetFreedom #FiberInternet #Pakistan No comments yet. Start the conversation. 3 August 31",https://www.instagram.com/optixpkofficial/p/Dcsvck1FtDN/,media/optixpkofficial/Dcsvck1FtDN.jpg,"Photo by Optix Pakistan Private Limited on August 31, 2026. May be an image of phone and text that says 'OPTIX ALWAYS ON! Experiece Data Limits Se Azadi Use your internet freely. No counting. No compromise. 300 UP Mbps Rs. 10,999 Switch to Optix today! Call: 021-11-11-67849 I optix.pk'.",
Optix,direct,optixpkofficial,DcpygwRj52n,p,2026-08-30,post_page,11,no,"Your Optix experience, all in one place. Monitor your usage, view & pay your bill, get instant support, and manage your connection, all through the My Optix App. For more info: Website: https://optix.pk/ Call: (021) 111-167-849 Email: support@optix.pk WhatsApp: https://whatsapp.com/channel/0029VaHcQSw0AgWIQZMRUs1J Sign Up: https://www.optix.pk/coverage-areas Andriod: https://play.google.com/store/apps/details?id=io.optix.optix iOS: https://apps.apple.com/pk/app/my-optix/id145612829 #Optix #MyOptixApp #SwitchToOptix #OptixExperience #SmartInternet #ManageYourConnection #HighSpeedInternet #InternetMadeEasy #DigitalExperience #OptixPakistan No comments yet. Start the conversation. 2 August 29",https://www.instagram.com/optixpkofficial/p/DcpygwRj52n/,media/optixpkofficial/DcpygwRj52n.jpg,"Photo by Optix Pakistan Private Limited on August 29, 2026. May be an image of phone, screen, tablet, projector and text that says 'OPTIX ALWAYS ON! 9:41 令 Your Optix Experience. One Ap Away. Experience a smarter, simpler way to manage your Optix connection. My Optix MyOptixApp App Mornina! Welcome Back Optix Fiber Monitor Your Usage 120.4 ubps 35.6 Mibps PKR View & Pay Your Bill Vew Pay Your Usage Overview Get Instant Support Support Wi-Fi Settings Stay Connected, Always! StayConinected, Always",
Optix,direct,optixpkofficial,DcnwJGlCJyB,p,2026-08-29,post_page,12,no,"Loading? Not in our vocabulary. ⚡ Switch to Optix and enjoy smoother streaming, faster browsing, and less waiting. For more info: Website: https://optix.pk/ Call: (021) 111-167-849 Email: support@optix.pk WhatsApp: https://whatsapp.com/channel/0029VaHcQSw0AgWIQZMRUs1J Sign Up: https://www.optix.pk/coverage-areas #SwitchToOptix #Optix #NoMoreLoading #SmoothInternet #FastInternet #OptixPakistan No comments yet. Start the conversation. 1 August 29",https://www.instagram.com/optixpkofficial/p/DcnwJGlCJyB/,media/optixpkofficial/DcnwJGlCJyB.jpg,"Photo by Optix Pakistan Private Limited on August 29, 2026. May be an image of phone, screen, tablet, projector and text that says 'OPTIX ALWAYS ON! Experience Azadi from ""loading..."" Say goodbye to endless loading circles. SwitchtoOptixtoday! Switch to Optix today! Call: 021-11-11-67849 Call:021-1-11-67849|optix.pk 11-67849 |optix.pk'.",
Optix,direct,optixpkofficial,DcnvniciP0z,p,2026-08-29,post_page,13,no,"Drama ho ya match, entertainment rukna nahi chahiye! Stream your favorite shows, movies & matches without limits with Optix Xtream App. Switch to Optix and enjoy entertainment ki asli azadi! For more info: Website: https://optix.pk/ Call: (021) 111-167-849 Email: support@optix.pk WhatsApp: https://whatsapp.com/channel/0029VaHcQSw0AgWIQZMRUs1J Sign Up: https://www.optix.pk/coverage-areas #Optix #SwitchToOptix #OptixXtream #StreamWithoutLimits #UnlimitedEntertainment #HighSpeedInternet #BufferingSeAzadi #InternetKiAsliAzadi #StreamMore #WatchWithoutLimits No comments yet. Start the conversation. 1 August 29",https://www.instagram.com/optixpkofficial/p/DcnvniciP0z/,media/optixpkofficial/DcnvniciP0z.jpg,"Photo by Optix Pakistan Private Limited on August 29, 2026. May be a video game screenshot of television, screen, projector, tablet and text that says 'OPTIX ALWAYS ON! Drama Ho να Match Stream Without Limits. Optix Xtream Ke Saath, Entertainment Ki Asli Azadi.. TREAM TREAM TR OPTIX TrendingMovies Switch to Optix today! Call: 021-11-11-67849 11-67849 optix.pk'.",
Optix,direct,optixpkofficial,DcitnH4jM-K,p,2026-08-27,post_page,14,no,"Skip the buffer. Keep the entertainment going. With Optix, enjoy seamless streaming, browsing, and staying connected without the endless loading. Switch to Optix and stay Always On. For more info: Website: https://optix.pk/ Call: (021) 111-167-849 Email: support@optix.pk WhatsApp: https://whatsapp.com/channel/0029VaHcQSw0AgWIQZMRUs1J Sign Up: https://www.optix.pk/coverage-areas #Optix #AlwaysOn #SkipTheBuffer #SeamlessStreaming #FiberInternet #FastInternet #InternetWithoutLimits #SwitchToOptix No comments yet. Start the conversation. 1 August 27",https://www.instagram.com/optixpkofficial/p/DcitnH4jM-K/,media/optixpkofficial/DcitnH4jM-K.jpg,"Photo by Optix Pakistan Private Limited on August 27, 2026. May be an image of screen and text that says 'OPTIX ALWAYSON! ALWAYSON! ALWAYS ON! Skip the Buffer Azadi the Enjoy Experience Experienceseamless seamless entertainment with internet that never misses a beat. 0 Switch to Optix today! Call: 021-11-11-67849 optix.pk'.",
Optix,direct,optixpkofficial,DciYiaSFr-p,p,2026-08-27,post_page,15,no,"Streaming ki asli azadi starts with Optix! ⚡ Enjoy speeds of up to 200 Mbps at Rs. 6,399/month, no buffering, no interruptions, just non-stop entertainment. Switch to Optix today and keep streaming without limits! For more info: Website: https://optix.pk/ Call: (021) 111-167-849 Email: support@optix.pk WhatsApp: https://whatsapp.com/channel/0029VaHcQSw0AgWIQZMRUs1J Sign Up: https://www.optix.pk/coverage-areas #Optix #AlwaysOn #Streaming #200Mbps #FiberInternet #FastInternet #NoBuffering #SwitchToOptix No comments yet. Start the conversation. 2 August 27",https://www.instagram.com/optixpkofficial/p/DciYiaSFr-p/,media/optixpkofficial/DciYiaSFr-p.jpg,"Photo by Optix Pakistan Private Limited on August 27, 2026. May be an image of phone and text that says 'OPTIX ALWAYS ALWAYSON! ON! Streaming ki Asli Azadi No buffering. No interruptions. Bas non-stop entertainment. 20- UP Mbps Rs. 6,399* ና SPEEDTEST 200.0 0 200. 200.00 00 Switch to Optix today! Call: 021-11-11-67849 11-67849 I optix.pk'.",
Optix,direct,optixpkofficial,DcfrfWQDaiy,p,2026-08-26,post_page,16,no,"Slow Internet Se Azadi! ⚡ Enjoy 150 Mbps at just Rs. 5,199/month with Optix. More speed, smoother streaming, and seamless connectivity without the wait. Switch to Optix today and stay Always On. For more info: Website: https://optix.pk/ Call: (021) 111-167-849 Email: support@optix.pk WhatsApp: https://whatsapp.com/channel/0029VaHcQSw0AgWIQZMRUs1J Sign Up: https://www.optix.pk/coverage-areas #Optix #SwitchToOptix #150Mbps #FastInternet #AlwaysOn #SmoothStreaming #OptixPakistan No comments yet. Start the conversation. August 26",https://www.instagram.com/optixpkofficial/p/DcfrfWQDaiy/,media/optixpkofficial/DcfrfWQDaiy.jpg,"Photo by Optix Pakistan Private Limited on August 26, 2026. May be an image of phone and text that says 'OPTIX ALWAYS ON! Slow Internet Se Azadi. Switch to Optix today! UP 150 TO Mbps Rs. 5,199 の Call: 021-11-11-67849 Il:021-111-67849loptix.pk 11-67849 I optix.pk'.",
Optix,direct,optixpkofficial,DcdmEEfIFNN,p,2026-08-25,post_page,17,no,"Meet Noman Shafiq, Our Newest Addition! With 17 years of experience in the Telecom & ICT industry, Noman brings strong expertise in Revenue Assurance, business operations, sales, finance, billing, collections, and revenue optimization. With previous experience at Multinet Pakistan and Supernet, he brings valuable expertise in regional business operations, revenue assurance, stakeholder management, and commercial performance. We’re excited to welcome Noman Shafiq to the Optix family and look forward to the leadership, experience, and value he brings to the Central Punjab region. #OptixPakistan #NewAddition #Leadership #Telecom #ICT #RevenueAssurance #Punjab #TeamMultinet #BusinessLeadership No comments yet. Start the conversation. August 25",https://www.instagram.com/optixpkofficial/p/DcdmEEfIFNN/,media/optixpkofficial/DcdmEEfIFNN.jpg,"Photo by Optix Pakistan Private Limited on August 25, 2026. May be an image of eyeglasses, magazine, office and text that says 'OPTIX ALWAYS ON! Welcome TO TOTHE THE TEAM Noman Shafiq Regional Head of Operations Central Operations-Central 2 W www.optix.pk W w optix WW'.",
Optix,direct,optixpkofficial,Dcdk_UjjZRD,p,2026-08-25,post_page,18,no,"Meet Syed Ali Haider Zaidi, Our Newest Addition! With 18+ years of experience across the Telecom industry, Haider brings extensive expertise in sales strategy, channel management, revenue growth, customer experience, and commercial leadership. His career spans leading organizations including Telenor Pakistan and PTCL Group, where he most recently served as Senior Manager Sales, driving sales, service KPIs, and revenue targets. Beyond his professional journey, Haider is an avid Cricket and Table Tennis enthusiast and has represented his previous organizations in sporting tournaments. He is also passionate about technology and media, with a keen interest in emerging technologies. We’re excited to welcome Syed Ali Haider Zaidi to Optix and look forward to the leadership, expertise, and commercial value he brings to our Consumer Sales team. #WelcomeToOptix #Optix #NewBeginnings #Leadership #",https://www.instagram.com/optixpkofficial/p/Dcdk_UjjZRD/,media/optixpkofficial/Dcdk_UjjZRD.jpg,"Photo by Optix Pakistan Private Limited on August 25, 2026. May be an image of eyeglasses, magazine and text that says 'OPTIX ALWAYS ON! Welcome τό TOTHE TEAM Syed Ali Haider Zaidi Deputy General Manager Of Consumer Sales W W w www.optix.pk optix. pk'.",
Optix,direct,optixpkofficial,DcdkGxkDvZm,p,2026-08-25,post_page,19,no,"Meet Muhammad Nabeel Anwar, Our Newest Addition! With over 11 years of experience in the telecommunications and ISP industry, Nabeel brings extensive expertise in FTTH/FTTB/FTTT, GPON, fiber-optic networks, MPLS, L2/L3 VPNs, infrastructure operations, SLA management, and team leadership. His experience spans leading telecom projects in Pakistan and the UAE, including work with *du and Etisalat*, as well as key infrastructure and operations roles at Multinet Pakistan. We’re excited to welcome Muhammad Nabeel Anwar as Manager – Business & Development, FTR & MTR Region, and look forward to the expertise, leadership, and business growth he will bring to the region. #Optix #WelcomeOnboard #NewBeginnings #Leadership #Telecom #Telecommunications #BusinessDevelopment #NetworkInfrastructure #FTTH #GPON #FiberOptics #TeamLeadership #CustomerExperience #BusinessGrowth #PakistanTelecom No comments y",https://www.instagram.com/optixpkofficial/p/DcdkGxkDvZm/,media/optixpkofficial/DcdkGxkDvZm.jpg,"Photo by Optix Pakistan Private Limited on August 25, 2026. May be a graphic of eyeglasses, poster, magazine, office and text that says 'OPTIX ALWAYS ON! Welcome TOTHE Τό THE TEAM Nabeel Anwar Business Development Manager W www ww.optix.pk w w ptix.p x.pk w'.",
Optix,direct,optixpkofficial,Dcc7MaejcBf,p,2026-08-25,post_page,20,no,"Hidden charges se Azadi! Enjoy up to 100 Mbps at just Rs. 3,999/month with Optix. No hidden charges, just pure speed. ⚡ Switch to Optix today and stay Always On. For more info: Website: https://optix.pk/ Call: (021) 111-167-849 Email: support@optix.pk WhatsApp: https://whatsapp.com/channel/0029VaHcQSw0AgWIQZMRUs1J Sign Up: https://www.optix.pk/coverage-areas #Optix #SwitchToOptix #100Mbps #HiddenChargesSeAzadi #InternetKiAzadi #AlwaysOn #FastInternet No comments yet. Start the conversation. 3 August 25",https://www.instagram.com/optixpkofficial/p/Dcc7MaejcBf/,media/optixpkofficial/Dcc7MaejcBf.jpg,"Photo by Optix Pakistan Private Limited on August 24, 2026. May be an image of phone and text that says 'OPTIX ALWAYS ONI Hiddeen Hidden Charges Se Azadi. Switch to Optix switchtoOptixtoday! today! 100 UPTO Mbps Rs. 3,999* Call: 021-11-11-67849 Call:021-111-67849loptix.pk -11-67849 I optix.pk'.",
Optix,direct,optixpkofficial,DcbA77rigrZ,p,2026-08-24,post_page,21,no,"Meet Saleem Raza Soomro, Our Newest Addition! With 26 years of experience in the Telecom & ICT industry, Saleem brings extensive expertise in telecom, FTTH/GPON, infrastructure operations, business development, project management, cybersecurity, GRC, and leadership. His experience spans the evolution of Pakistan’s connectivity landscape, from Dial-up and DSL to large-scale FTTH/GPON deployments, along with network infrastructure development, business growth, customer acquisition, and digital transformation. We’re excited to have Saleem Raza Soomro onboard and look forward to the leadership, expertise, and value he brings to the Hyderabad region. #WelcomeAboard #NewBeginnings #Leadership #Telecom #ICT #Infrastructure #FTTH #GPON #Technology #TeamOptix #Optix No comments yet. Start the conversation. August 24",https://www.instagram.com/optixpkofficial/p/DcbA77rigrZ/,media/optixpkofficial/DcbA77rigrZ.jpg,"Photo by Optix Pakistan Private Limited on August 24, 2026. May be an image of eyeglasses, magazine, office and text that says 'OPTIX ALWAYS ON! Welcome Τό TOTHE TEAM Saleem Raza Soomro Regional RegionalHeadofOperations- Hyderabad Head of Operations W www www.optix.pk w optix.p x.pk'.",
Optix,direct,optixpkofficial,Dca_lqljSxX,p,2026-08-24,post_page,22,no,"Meet Hassam Ahmed, Our Newest Addition! With 4.5+ years of experience in engineering high-impact, production-ready systems, Hassam brings strong expertise in system design, product architecture, scalable digital workflows, and intelligent automation. His experience spans AI-driven tools, conversational platforms, real-time 3D web ecosystems, financial workflow engines, and enterprise data security solutions. We’re excited to have Hassam Ahmed onboard and look forward to the innovation and expertise he brings to the team. #WelcomeAboard #NewBeginnings #SoftwareEngineering #Technology #AI #Automation #SystemArchitecture #DigitalInnovation #TechLeadership #TeamOptix No comments yet. Start the conversation. August 24",https://www.instagram.com/optixpkofficial/p/Dca_lqljSxX/,media/optixpkofficial/Dca_lqljSxX.jpg,"Photo by Optix Pakistan Private Limited on August 24, 2026. May be a graphic of eyeglasses, magazine, poster, office and text that says 'OPTIX ALWAYS ON! Welcome Τό TOTHE TEAM Hassam Ahmed Asst. Manager-Software Manager Software Development w www www.optix.p W w optix.pk pk'.",
Optix,direct,optixpkofficial,Dca0DgriWcT,p,2026-08-24,post_page,23,no,"Speed limits? Not this Azadi! 🇵🇰⚡ Go faster. Stream more. Play without limits. With Optix, your internet is always ready for what’s next. Switch to Optix today and experience Speed Ki Asli Azadi! For more info: Website: https://optix.pk/ Call: (021) 111-167-849 Email: support@optix.pk WhatsApp: https://whatsapp.com/channel/0029VaHcQSw0AgWIQZMRUs1J Sign Up: https://www.optix.pk/coverage-areas #Optix #SpeedKiAsliAzadi #InternetWithoutLimits #SwitchToOptix #AlwaysOn #OptixPakistan #UnlimitedInternet No comments yet. Start the conversation. 1 August 24",https://www.instagram.com/optixpkofficial/p/Dca0DgriWcT/,media/optixpkofficial/Dca0DgriWcT.jpg,"Photo by Optix Pakistan Private Limited on August 24, 2026. May be an image of screen, projector, phone and text that says 'OPTIX ALWAYS ALWAYSON! ON! Get Azadi From Speed Limits Go faster. Stream more. Play without limits with Optix AZADI PAKISTAN PAKIS TREAM そター AZADI C OPTI Switch to Optix today! Call: 021-11-11-67849 11-67849 |optix.pk'.",
Wateen,direct,wateentelecomlimited,DcsZOsACW5x,p,2026-08-31,post_page,0,yes,"A cyberattack can happen in seconds. Its impact can be much harder to contain. A single breach can expose sensitive data, disrupt operations, and erode years of customer trust. As cyber threats become more sophisticated, businesses need security that identifies risks early and protects critical systems before an incident becomes the next big story. Through proactive threat monitoring, managed security, and protection for critical enterprise infrastructure, Wateen helps businesses stay ahead of threats and out of the headlines. To learn more, visit: https://wateen.com/managed-cyber-security/ or email us at: info@wateen.com #Cybersecurity #DataSecurity #EnterpriseSecurity #Wateen No comments yet. Start the conversation. 1 August 30",https://www.instagram.com/wateentelecomlimited/p/DcsZOsACW5x/,media/wateentelecomlimited/DcsZOsACW5x.jpg,"Photo by Wateen Telecom Limited on August 30, 2026. May be an image of magazine, screen and text that says 'W wateen DON'T LET THIS BE YOUR HEADLINE Protect your business with WATEEN'S CYBER SECURITY VCL.47 NO.112 MAJOR DAILY REPORT HITS LEADING ENTERPRISE. large- large-scale scale cyberattack. DATA BREACH MAY24.2024 2024 Sensitive customer data exposed after with companyis warking ersecurity icinis deto scope nnnine info@wateen.com liected ustopers www.wateen.com Thisincident ชว မြ 042-111-365-",
Wateen,direct,wateentelecomlimited,DckuXowDHCU,p,2026-08-28,post_page,1,yes,"Leadership isn't just about getting the work done. It's about creating the environment where people can do their best work. Recently, as part of Wateen's Leadership Development Program (MLAB), our Vice President, Nasir Mehmood, led a thought-provoking masterclass on “Leading People and Driving Results.” What stood out was a simple idea: business results don't happen in isolation — they happen through people. Drawing on decades of leadership experience, Nasir shared practical perspectives on what it takes to lead teams in a way that brings out their best: 🔹 Give people ownership, not just instructions. 🔹 Connect everyday work to the bigger picture. 🔹 Create space for people to speak up, while holding them accountable. 🔹 Build teams where performance and people go hand in hand. At Wateen, we believe developing leaders means creating opportunities to learn from experience, challenge perspec",https://www.instagram.com/wateentelecomlimited/p/DckuXowDHCU/,media/wateentelecomlimited/DckuXowDHCU.jpg,"Photo by Wateen Telecom Limited on August 27, 2026.",
Wateen,direct,wateentelecomlimited,DciOb1_Ek-u,reel,2026-08-27,post_page,2,yes,"Commitment is easy to promise. Its true measure is what we do when conditions are at their hardest. When heavy rains and flooding affected networks across Pakistan, our frontline teams showed extraordinary courage and commitment, moving through water, mud, and damaged routes to protect and restore the connections entrusted to them. There were no spotlights. No applause. Just people committed to doing what needed to be done. To every team member who stepped forward when circumstances demanded more, thank you. You are the people behind the network, and the strength behind every connection we keep alive. We see you. We value you. And we are immensely proud of you. #FrontlineHeroes #KeepingPakistanConnected #Wateen No comments yet. Start the conversation. 1 August 27",https://www.instagram.com/wateentelecomlimited/reel/DciOb1_Ek-u/,media/wateentelecomlimited/DciOb1_Ek-u.jpg,"Video by Wateen Telecom Limited on August 27, 2026. May be an image of text.",
Wateen,direct,wateentelecomlimited,DcSmURWjKBl,p,2026-08-21,post_page,3,no,"A little colour, a lot of well-being. Sometimes the best team-building doesn't need an agenda — just a canvas, some colours, and a little time to breathe. Our team at Wateen recently swapped spreadsheets for paintbrushes during a Canvas Painting Session — no deadlines, no ""right way"" to do it, just space to slow down, create, and connect with one another. There were no masterpieces expected. Just people showing up as themselves — laughing over smudged colours, discovering hidden artists, and enjoying a rare moment of quiet in a busy week. Because well-being isn't always about big initiatives. Sometimes it's simply about creating moments to pause, connect, and just be. That's the kind of culture we're building — one canvas at a time. #PeopleAndCulture #EmployeeWellbeing #WellbeingAtWork #ArtTherapy #EmployeeExperience #LifeAtWateen #Wateen No comments yet. Start the conversation. 12 Augus",https://www.instagram.com/wateentelecomlimited/p/DcSmURWjKBl/,media/wateentelecomlimited/DcSmURWjKBl.jpg,"Photo by Wateen Telecom Limited on August 20, 2026.",
Wateen,direct,wateentelecomlimited,DcLjygADMMa,p,2026-08-18,post_page,4,no,"We wrapped up another chapter in our Leadership Development Program (MLAB) with an engaging session on Organizational Savviness, facilitated by Waleed Anwar. The session explored the different aspects of an organization, the universal factors that influence how we work, and how our behaviours and decisions shape the way we navigate these dynamics. Through thought-provoking activities and meaningful discussions, participants gained new perspectives on organizational awareness and how communication, collaboration, decisions, and responses reveal valuable insights about people. A great reminder that leadership is not just about understanding processes or structures; it is about understanding people, perspectives, and the dynamics that bring an organization to life. #LeadershipProgram #OrganizationalSavviness #PeopleAndCulture #Leadership #LearningAtWateen #Wateen No comments yet. Start the ",https://www.instagram.com/wateentelecomlimited/p/DcLjygADMMa/,media/wateentelecomlimited/DcLjygADMMa.jpg,"Photo by Wateen Telecom Limited on August 18, 2026.",
Wateen,direct,wateentelecomlimited,DcIuqe2DB1h,p,2026-08-17,post_page,5,no,"One day celebrates Pakistan. Every day, we have the chance to build it. The celebrations may be over, but our commitment to the country continues. Through our Pledge Wall, our people made personal commitments towards a better Pakistan. As a small reminder of those pledges, each participant took home a tree sapling — a symbol of growth, hope and the belief that meaningful change begins with each of us. Because building a better Pakistan is not the responsibility of a few. It is something we can all contribute to, in our own way, every day. The growth of Pakistan starts with us. #IndependenceDay #TheGrowthStartsWithUs #PledgeForPakistan #BetterPakistan #Sustainability #TogetherForPakistan #Wateen No comments yet. Start the conversation. 15 August 17",https://www.instagram.com/wateentelecomlimited/p/DcIuqe2DB1h/,media/wateentelecomlimited/DcIuqe2DB1h.jpg,"Photo by Wateen Telecom Limited on August 17, 2026.",
Wateen,direct,wateentelecomlimited,DcBzJM7K1sx,reel,2026-08-14,post_page,6,no,"Celebrating the spirit of freedom, unity and pride. Here’s to the Pakistan we continue to build — together, with purpose, passion and hope. Happy Independence Day! #IndependenceDay #Pakistan #Azadi #PakistanZindabad #Wateen No comments yet. Start the conversation. 14 August 14",https://www.instagram.com/wateentelecomlimited/reel/DcBzJM7K1sx/,media/wateentelecomlimited/DcBzJM7K1sx.jpg,"Video by Wateen Telecom Limited on August 14, 2026. May be an image of banner, balloon and text.",
Wateen,direct,wateentelecomlimited,DcAmJM-FvA9,p,2026-08-14,post_page,7,no,"Some celebrations are about more than just a date on the calendar. They are about the people you share them with, the laughter around you, the music that brings everyone together, and those little moments that stay with you long after the celebration ends. This Independence Day, we came together at Wateen to celebrate Pakistan in our own way — with big smiles, spirited games, music, friendly competition, and, most importantly, the joy of being together. It was a beautiful reminder that while we may come from different backgrounds and play different roles, there is something that brings us all together — our shared love and pride for Pakistan. Here’s to celebrating our country, our people, and the spirit that keeps us moving forward. Pakistan Zindabad! #IndependenceDay #PakistanZindabad #TogetherForAStrongerPakistan #Wateen noshifarid 4w 😍MASHAALLAH Like Reply 20 1 August 14",https://www.instagram.com/wateentelecomlimited/p/DcAmJM-FvA9/,media/wateentelecomlimited/DcAmJM-FvA9.jpg,"Photo by Wateen Telecom Limited on August 13, 2026.",
Wateen,direct,wateentelecomlimited,Db-51evDPHJ,reel,2026-08-13,post_page,8,no,"Pakistan was built on the belief of a better future. Today, that belief continues to move us forward. This country is ours, and we will always need it, just as it will always need each of us to play our part in moving it forward. Happy Independence Day! #IndependenceDay #PakistanZindabad #Wateen No comments yet. Start the conversation. 6 August 13",https://www.instagram.com/wateentelecomlimited/reel/Db-51evDPHJ/,media/wateentelecomlimited/Db-51evDPHJ.jpg,"Video by Wateen Telecom Limited on August 13, 2026. May be an image of one or more people and text that says 'W wateen'.",
Wateen,direct,wateentelecomlimited,Db45QUEjBP5,p,2026-08-11,post_page,9,no,"The road ahead may be complex, but the right direction makes all the difference. With secure connectivity, resilient infrastructure, and future-ready digital solutions, Wateen helps businesses move forward with clarity, act with confidence, and stay prepared for what comes next. Navigate what’s next with Wateen. To learn more, www.wateen.com or email at: info@wateen.com #DigitalTransformation #EnterpriseTechnology #ICTSolutions #BusinessConnectivity #Wateen No comments yet. Start the conversation. August 10",https://www.instagram.com/wateentelecomlimited/p/Db45QUEjBP5/,media/wateentelecomlimited/Db45QUEjBP5.jpg,"Photo by Wateen Telecom Limited on August 10, 2026. May be a graphic of ‎map, poster, magazine and ‎text that says '‎wateen ateN w NAVIGATE WHAT'S NEXT CLARITY WITH WITH MOVE N NW NE w E SW سی ACT 三 IT WITH SE E S info@wateen.com www.wateen.com 042-111-365-111‎'‎‎.",
Wateen,direct,wateentelecomlimited,Dbm3v8ykv-1,reel,2026-08-04,post_page,10,no,"Summer is still here, and so are the energy challenges it brings. Rising temperatures can mean greater power demand, higher electricity costs, and outages that put business continuity at risk. Wateen Energy Solutions helps businesses overcome these challenges through integrated solar and battery energy storage solutions, advanced energy automation, and real-time E-NOC monitoring. The result is more dependable power, optimized energy consumption, and reduced reliance on the grid. Don’t let the summer heat disrupt your operations. Power through it with Wateen Energy Solutions. To learn more, visit: https://wateen.com/energy-solutions/ or email us at: energysupport@wateen.com #WateenEnergySolutions #EnergyResilience #BESS #SwitchToSolar #Wateen No comments yet. Start the conversation. 2 August 3",https://www.instagram.com/wateentelecomlimited/reel/Dbm3v8ykv-1/,media/wateentelecomlimited/Dbm3v8ykv-1.jpg,"Video by Wateen Telecom Limited on August 03, 2026. May be an image of text.",
Wateen,direct,wateentelecomlimited,DbdXVfVDIO4,p,2026-07-31,post_page,11,no,,https://www.instagram.com/wateentelecomlimited/p/DbdXVfVDIO4/,media/wateentelecomlimited/DbdXVfVDIO4.jpg,"Photo by Wateen Telecom Limited on July 31, 2026.",
Wateen,direct,wateentelecomlimited,Dbaj62oDPDp,p,2026-07-30,post_page,12,no,"The future isn't built tomorrow. It's shaped by the curiosity we nurture today. Over six incredible days, Wateen welcomed the children of our employees through our flagship Beyond School program, a journey designed to spark creativity, build confidence, and inspire a lifelong love of learning. Through hands-on STEM activities, digital literacy sessions, environmental awareness, and interactive learning experiences, every child had the opportunity to explore, experiment, and discover something new. Watching their eyes light up with every new idea and every small achievement was a powerful reminder that the next generation already holds limitless potential. Sometimes, all they need is the opportunity to explore it. A special thank you to Maydda Nabeel (STEAMAKERS Edu), Syed Azizullah Safdar Rizvi, and Ali Raza (ITA) for generously sharing their expertise, passion, and time with our young l",https://www.instagram.com/wateentelecomlimited/p/Dbaj62oDPDp/,media/wateentelecomlimited/Dbaj62oDPDp.jpg,"Photo by Wateen Telecom Limited on July 30, 2026.",
Wateen,direct,wateentelecomlimited,DbZ_u8PAbOT,p,2026-07-30,post_page,13,no,"Banking runs on trust, and trust today moves faster than manual processes can keep up. Fraud doesn't wait for a quarterly review. Customers don't wait for a queue. Regulators don't wait for a report. That's why Wateen builds Agentic AI for Banking & FSI – AI that reasons and acts in the moment, not after it. Ready to move from AI ambition to AI execution? Let's talk. To learn more, visit: www.wateen.com or email us at: info@wateen.com #AgenticAI #DigitalTransformation #Banking #BankingAndFSI #Wateen No comments yet. Start the conversation. 1 July 29",https://www.instagram.com/wateentelecomlimited/p/DbZ_u8PAbOT/,media/wateentelecomlimited/DbZ_u8PAbOT.jpg,"Photo by Wateen Telecom Limited on July 29, 2026.",
Wateen,direct,wateentelecomlimited,DbFxf2xDFUC,p,2026-07-22,post_page,14,no,Send me this post Like Reply 11 1 July 22,https://www.instagram.com/wateentelecomlimited/p/DbFxf2xDFUC/,media/wateentelecomlimited/DbFxf2xDFUC.jpg,"Photo by Wateen Telecom Limited on July 22, 2026.",
Wateen,direct,wateentelecomlimited,DbAPzHjG2hq,p,2026-07-20,post_page,15,no,"Tired of chasing outdated displays across stores? Manual updates waste time and leave customers confused with outdated information. Wateen’s Digital Signage flips the script: every screen syncs instantly, sparking customer interest and connection in real time. To learn more, visit: https://wateen.com/ or email us at: info@wateen.com #DigitalSignage #CustomerEngagement #RealTimeUpdates #Wateen No comments yet. Start the conversation. 2 July 20",https://www.instagram.com/wateentelecomlimited/p/DbAPzHjG2hq/,media/wateentelecomlimited/DbAPzHjG2hq.jpg,"Photo by Wateen Telecom Limited on July 19, 2026. May be an image of lighting, banner, display case, signboard, poster and text that says 'W wateen NecAdventure Next Adventure Plan Your Engage Customers in Real Real-Time with Digital Signage Solutions info@wateen.com www.wateen.com 042-111-365-111'.",
Wateen,direct,wateentelecomlimited,Da18mHnDBGa,p,2026-07-16,post_page,16,no,"In banking, every process has a next step, whether it's verification, approval, flagging, or reconciliation. Wateen’s Agentic AI is built to handle that chain on its own. It doesn't just process a request; it understands what needs to happen next and takes care of it, whether that's clearing a cheque, screening a transaction, or onboarding a customer. That's the difference between AI that assists and AI that operates. To learn more, visit: https://wateen.com/ or email us at: info@wateen.com #AgenticAI #BankingInnovation #FinTech #FSI #BankingAndFSI #Wateen No comments yet. Start the conversation. 2 July 15",https://www.instagram.com/wateentelecomlimited/p/Da18mHnDBGa/,media/wateentelecomlimited/Da18mHnDBGa.jpg,"Photo by Wateen Telecom Limited on July 15, 2026.",
Wateen,direct,wateentelecomlimited,DauOPS0jISa,reel,2026-07-13,post_page,17,no,"A breach doesn't just cost you data. It costs you customers, downtime, and trust you spent years building. The NIST Cybersecurity Framework helps you close that gap before it opens, so you're identifying risks early, stopping threats fast, and bouncing back without missing a beat. This is exactly what Wateen delivers: managed cybersecurity built on a proven framework, backed by round-the-clock monitoring, and trusted by businesses that can't afford to get it wrong. #CyberSecurity #NISTFramework #RiskManagement #BusinessContinuity #Wateen No comments yet. Start the conversation. 1 July 13",https://www.instagram.com/wateentelecomlimited/reel/DauOPS0jISa/,media/wateentelecomlimited/DauOPS0jISa.jpg,"Video by Wateen Telecom Limited on July 12, 2026. May be an image of television, screen and text that says 'W wateen'.",
Wateen,direct,wateentelecomlimited,Dae8fZ7DGiA,p,2026-07-07,post_page,18,no,,https://www.instagram.com/wateentelecomlimited/p/Dae8fZ7DGiA/,media/wateentelecomlimited/Dae8fZ7DGiA.jpg,"Photo by Wateen Telecom Limited on July 07, 2026.",
Wateen,direct,wateentelecomlimited,Dac0izrDDTt,p,2026-07-06,alt_text,19,no,,https://www.instagram.com/wateentelecomlimited/p/Dac0izrDDTt/,media/wateentelecomlimited/Dac0izrDDTt.jpg,"Photo by Wateen Telecom Limited on July 06, 2026.",
Wateen,direct,wateentelecomlimited,DacMrnzjs9I,p,2026-07-06,post_page,20,no,"Your network is either a competitive advantage or a liability. There's no middle ground anymore. Every millisecond of delay compounds – higher costs, frustrated users, revenue you don't get back. The root cause is rarely speed. It's infrastructure that was never designed for what's being asked of it today. This is exactly the problem Wateen’s Enterprise Connectivity was built to solve. 50,000+ km of fiber backbone, engineered for the performance, scale, and reliability that modern enterprises demand. To learn more, https://wateen.com/enterprises/ or email at: info@wateen.com #Connectivity #EnterpriseConnectivity #OpticalFiber #Wateen No comments yet. Start the conversation. 1 July 5",https://www.instagram.com/wateentelecomlimited/p/DacMrnzjs9I/,media/wateentelecomlimited/DacMrnzjs9I.jpg,"Photo by Wateen Telecom Limited on July 05, 2026.",
Wateen,direct,wateentelecomlimited,DaR5dOejG-4,p,2026-07-02,post_page,21,no,"Modern logistics isn’t just about moving from A to B; it’s about the intelligence you command in between. Our FleetOps360 moves beyond basic tracking to deliver true operational mastery. Through predictive maintenance, fuel theft detection, and real-time route optimization, we turn your fleet into a self-correcting, intelligent system. Choose Wateen’s FleetOps360 and start mastering your operations. To learn more, visit: https://wateen.com/ or email us at: info@wateen.com #FleetOps360 #FleetManagement #Wateen No comments yet. Start the conversation. 1 July 1",https://www.instagram.com/wateentelecomlimited/p/DaR5dOejG-4/,media/wateentelecomlimited/DaR5dOejG-4.jpg,"Photo by Wateen Telecom Limited on July 01, 2026. May be an image of road.",
Wateen,direct,wateentelecomlimited,DaKLFWbAInI,reel,2026-06-29,post_page,22,no,"In business, every move matters. The real advantage comes from seeing clearly, thinking ahead, and acting with confidence. At Wateen, we help businesses navigate complexity with the right solutions, services & products built to support smarter decisions, sharper direction, and stronger outcomes. To learn more, visit: https://wateen.com/ or email us at: info@wateen.com #Wateen #TechnologyPartner #BusinessGrowth #DigitalTransformation No comments yet. Start the conversation. 1 June 28",https://www.instagram.com/wateentelecomlimited/reel/DaKLFWbAInI/,media/wateentelecomlimited/DaKLFWbAInI.jpg,"Video by Wateen Telecom Limited on June 28, 2026. May be a graphic of chess, magazine, poster and book.",
Wateen,direct,wateentelecomlimited,DZ4RtKGjCCn,p,2026-06-22,post_page,23,no,"Lead with Purpose. Lead with Integrity. Lead with Heart. As part of our ongoing Leadership Development Program for Managers (MLAB), we recently hosted a session on Ethical & Spiritual Leadership facilitated by Arslan Ahmad from Naseeha Institute. The session provided participants with an opportunity to reflect on the values that shape authentic leadership and to build practical skills for making ethical decisions in both professional and personal settings. At Wateen, we believe leadership is about more than achieving results—it is about building trust, demonstrating character, and leading with purpose. A sincere thank you to Arslan Ahmad and Naseeha Institute for delivering an insightful and thought-provoking session, and to our colleagues for their active participation and engagement. Together, we continue to develop leaders who not only drive performance but also inspire through integr",https://www.instagram.com/wateentelecomlimited/p/DZ4RtKGjCCn/,media/wateentelecomlimited/DZ4RtKGjCCn.jpg,"Photo by Wateen Telecom Limited on June 22, 2026.",
Worldcall,direct,worldcalltel,Cuti-e4owyr,reel,2023-07-15,post_page,0,yes,"We changed the game once, we will change it again. Call to subscribe DTV service: 042-111-111-966 For complaints dial: 042-32510505 Visit our website: www.worldcall.net.pk #WorldCall #ClearAisayRealJaisay #WorldCallDigitalTV #HDChannels No comments yet. Start the conversation. 20 July 15, 2023",https://www.instagram.com/worldcalltel/reel/Cuti-e4owyr/,media/worldcalltel/Cuti-e4owyr.jpg,"Video by WorldCall Telecom Limited on July 15, 2023.",
Worldcall,direct,worldcalltel,DdGUZ0zlt42,p,2026-09-10,post_page,1,yes,"A better connection starts with a better setup. 📶 With WorldCall / Switch Fiber FTTH, eligible packages come with a free TP-Link WiFi device, making it easier to get your home connected from day one. Choose the package that fits your needs and enjoy reliable connectivity at home. 👉 Explore packages: https://www.worldcall.com.pk/ 💬 WhatsApp now: 0302-8422965 #WorldCall #SwitchFiber #FTTH #FiberInternet #HomeInternet #WiFi #StayConnected No comments yet. Start the conversation. 1 day ago",https://www.instagram.com/worldcalltel/p/DdGUZ0zlt42/,media/worldcalltel/DdGUZ0zlt42.jpg,"Photo by WorldCall Telecom Limited on September 10, 2026. May be an image of phone, screen, tablet, projector and text that says 'L WORLD CALL CALL Better Connect Work Grow WiFi Device Included FTTH customers receive a Free TP-Link WiFi device with eligible packages 두직 Fast& & Stable WiFi Wide Coverage Multiple Devices WHATSAPP NOW Trusted TP-Link TP-LinkQuality Quality Only available 0302-8422965 Lahore ncluding DHA Phase 3(X, Blocks), Wapda Town, Gulberg Askari5, Zaman Park, and ISN College,'.",
Worldcall,direct,worldcalltel,DdBKLnxlTtq,p,2026-09-08,post_page,2,yes,"Modern homes need an internet connection that keeps everyone connected. From streaming and online classes to work, browsing, gaming, and entertainment, WorldCall / Switch Fiber helps keep your household connected to what matters most. Choose a package that fits your family’s needs and enjoy a connection built for everyday life. 👉 Find your ideal package: https://www.worldcall.com.pk/ 💬 WhatsApp us now: 0302-8422965 #WorldCall #SwitchFiber #FiberInternet #HomeInternet #StayConnected No comments yet. Start the conversation. 3 days ago",https://www.instagram.com/worldcalltel/p/DdBKLnxlTtq/,media/worldcalltel/DdBKLnxlTtq.jpg,"Photo by WorldCall Telecom Limited on September 08, 2026. May be an image of ‎television, screen, projector, socket and ‎text that says '‎One Connection for the Whole Home WORLD CALL Streaming, online classes, browsing and entertainment all need reliable fiber. Streaming Online Classes Browsing ك Entertainment Only alable of Lahore,including ahore,in HA Phase X> XX& Blocks) Wapda Town, Gulberg Askari WHATSAPP WHATSAPPNOW NOW Laman Park ark andH HSN NCollage 0302-8422965‎'‎‎.",
Worldcall,direct,worldcalltel,DcxoKzaFVUd,p,2026-09-02,post_page,3,no,"Good Internet Is Better Shared. 🎁 Refer a new WorldCall / Switch Fiber customer and get Rs. 1,000 off your next bill. Share the connection you trust with friends and family, and enjoy a reward for your referral. 📞 Call: 042-32510505 | 0302-8422965 🌐 https://www.worldcall.com.pk/ #WorldCall #SwitchFiber #ReferAFriend #FiberInternet #ReferralReward No comments yet. Start the conversation. 2 September 1",https://www.instagram.com/worldcalltel/p/DcxoKzaFVUd/,media/worldcalltel/DcxoKzaFVUd.jpg,"Photo by WorldCall Telecom Limited on September 01, 2026. May be an image of ‎card, phone and ‎text that says '‎Refer a Friend, Earn Rs. 1,000 O FA WORLD CALL CALL Refer a new WorldCall / Switch Fiber customer and get Rs. 1,000 discount on your next bill. Rs Refer aFriend They Become a Customer You Earn Rs. 1,000 ופו Rs. 1,000 DISCOUNT ON YOUR NEXT BILL wailable no Lahore, includ gD Di ng HA HA Phase 3( (X,X &Y Blocks) Wapda Town Gulberg. Askari GETCONNECTED GET TODAY Zaman Park ॐ 0423 2510 505 ",
Worldcall,direct,worldcalltel,Dcsl2rHFeR3,p,2026-08-31,post_page,4,no,"WorldCall / Switch Fiber is expanding connectivity across selected areas of Lahore with FTTH and WMG services. Coverage is available in DHA Phase 3, Wapda Town, Gulberg, Askari 5, Zaman Park, Aitchison Area, Allama Iqbal Town & Daroghawala. Whether you're working from home, streaming, gaming, or running your business, stay connected with a reliable fiber connection. Check service availability for your location and get connected today. 📞 Call: 042-32510505 | 0302-8422965 🌐https://www.worldcall.com.pk/ #WorldCall #SwitchFiber #FiberInternet #FTTH #Lahore #HighSpeedInternet No comments yet. Start the conversation. 1 August 31",https://www.instagram.com/worldcalltel/p/Dcsl2rHFeR3/,media/worldcalltel/Dcsl2rHFeR3.jpg,"Photo by WorldCall Telecom Limited on August 31, 2026. May be an image of text that says 'WORLD CALL Fiber Coverage Across Key Lahore Areas DHA DHAPhase Phase 3 and WMG services Wapda Town Gulberg Zaman Park available selected Lahore locations including Wapda Town, DHA Phase Gulberg, Askari 5, Zaman Park, Aitchison area, Allama Iqbal Town and Daroghawala. Askari5 5 Aitchison Area Allama Iqbal Town ........ Daroghawala Reliable Fiber Connection High Speed Internet Onty lyavallablei ofLehore inclu",
Worldcall,direct,worldcalltel,Dck1EJWDJ65,p,2026-08-28,post_page,5,no,"The internet you need. WorldCall’s fiber-optic WMG internet-only packages offer fast, reliable, and affordable connectivity. Now available in Allama Iqbal Town and Daroghawala. Check package availability and choose the right plan for your home today. 📞 Call: 042-32510505 | 0302-8422965 💬 WhatsApp: https://wa.me/923419709392 #WorldCall #WMG #FiberInternet #InternetOnly #HomeConnectivity #InternetOnly #HomeConnectivity No comments yet. Start the conversation. 5 August 28",https://www.instagram.com/worldcalltel/p/Dck1EJWDJ65/,media/worldcalltel/Dck1EJWDJ65.jpg,"Photo by WorldCall Telecom Limited on August 28, 2026. May be an image of screen and text that says 'CALL Allama Iqbal AllamalqbalTown Town Internet Internet-Only Plans for WMG Areas Daroghawala Allama Iqbal Town and Daroghawala customers can choose fiber-optic fiber- WMG internet packages. C ........ GET CONNECTED TODAY Check WMG package availability 0423 2510 505 Pure Internet. No Extra. Just Speed. 0302 8422 965 ighSpeed Intemnet Fiber Optic detwork Relable Connection Affordable Packages Loca",
Worldcall,direct,worldcalltel,Dca4jlgD-pd,reel,2026-08-24,post_page,6,no,"One Team. One Nation. This Independence Day, the WorldCall team came together to celebrate the spirit of Pakistan, sharing moments of pride, unity, and joy. From celebrating together to reflecting on what Pakistan means to each of us, the day was a reminder that our strength lies in the people who move forward together. Here’s to the spirit that keeps us united. 💚 Pakistan Zindabad! 🇵🇰 #WorldCall #IndependenceDay #14thAugust #OneTeamOneNation #PakistanZindabad #TeamWorldCall No comments yet. Start the conversation. 2 August 24",https://www.instagram.com/worldcalltel/reel/Dca4jlgD-pd/,media/worldcalltel/Dca4jlgD-pd.jpg,"Video by WorldCall Telecom Limited on August 24, 2026. May be an image of one or more people, television, screen, office and text.",
Worldcall,direct,worldcalltel,DcabCJTiP06,p,2026-08-24,post_page,7,no,"A stable connection can make work-from-home easier. WorldCall / Switch Fiber gives households the fiber connectivity they need for video meetings, uploads, emails, browsing and daily productivity. Upgrade your home internet experience today. Check package availability and upgrade your home internet today. 📞 Call: 042-32510505 | 0302-8422965 💬 WhatsApp: https://wa.me/923419709392 🌐 Visit: www.worldcall.net.pk #WorldCall #SwitchFiber #FTTH #FiberInternet #InternetUpgrade #HighSpeedInternet No comments yet. Start the conversation. 1 August 23",https://www.instagram.com/worldcalltel/p/DcabCJTiP06/,media/worldcalltel/DcabCJTiP06.jpg,"Photo by WorldCall Telecom Limited on August 23, 2026. May be an image of tablet, screen, laptop, desk, office and text that says 'WORLD CALL FIBER FOR MODERN LIVING Work Better From Home Fiber internet built for video calls, uploads, emails, browsing and daily productivity. ....... VIDEO CALLS FAST UPLOADS EMAILS BROWSING UPGRADE YOUR HOME INTERNET ઉ 0423 2510 505 www.worldcall.net.pk ULTRA-GAST FRERSPEIDA L 0302 8422 965 STURLE& 社4おいしだ SECURE GONMECTION LOCAL SUPPORT Onlyavailablein Lahore DHA",
Worldcall,direct,worldcalltel,DcNvC23Fe-z,p,2026-08-19,post_page,8,no,"Fast internet for everything you do. Free Cable TV for everything you love. 📶📺 Get a WorldCall / Switch Fiber FTTH package and enjoy high-speed connectivity plus 70–75 analogue national channels, bringing work, browsing, sports, news, and entertainment together. Get connected today! 📞 0423-2510505 | 0302-8422965 🌐 www.worldcall.net.pk #WorldCall #SwitchFiber #FiberInternet #FreeCableTV #HomeEntertainment No comments yet. Start the conversation. 3 August 19",https://www.instagram.com/worldcalltel/p/DcNvC23Fe-z/,media/worldcalltel/DcNvC23Fe-z.jpg,"Photo by WorldCall Telecom Limited on August 19, 2026. May be an image of ‎television, screen, projector, tablet and ‎text that says '‎WORL WORLD Internet Plus Cable TV packages include free Cable TV with 70to75 70 to 75 analogue national channels. Live TV PTV HUM ARY DIGITAL GEO express News Vplus Vplus M இனി Sports Movies 신픈에 Kids ALA.NIA ........ Music Onl: aya laole inof ahore includir DHA hase 1X XX&Y Blocks) Wapda lawn. Gulberg ABKBr FTTH Connectivity Free Cable Zaman Perk. Park.andHSNCole",
Worldcall,direct,worldcalltel,DcBoRMwj2bH,p,2026-08-14,post_page,9,no,"Celebrating the freedom, unity, and spirit of our beloved homeland. Times change and generations move forward, but our love for Pakistan continues to keep us connected. May Pakistan continue to grow, prosper, and shine for generations to come. Happy Independence Day! 💚 #HappyIndependenceDay #14thAugust #PakistanZindabad #AzadiMubarak No comments yet. Start the conversation. 2 August 14",https://www.instagram.com/worldcalltel/p/DcBoRMwj2bH/,media/worldcalltel/DcBoRMwj2bH.jpg,"Photo by WorldCall Telecom Limited on August 14, 2026.",
Worldcall,direct,worldcalltel,Dbu8fDOFbRx,p,2026-08-07,post_page,10,no,"More speed. More entertainment. More possibilities. ⚡ Enjoy upgraded WorldCall / Switch Fiber FTTH speeds at no extra cost on eligible packages for a limited time. From seamless streaming and gaming to smooth work and online learning, your home is ready for more. Get connected today! 📞 042-32510505 | 0302-8422965 💬 WhatsApp: https://wa.me/923419709392 #WorldCall #SwitchFiber #MoreSpeed #FTTH #FiberInternet #FastInternet #StayConnected No comments yet. Start the conversation. 3 August 7",https://www.instagram.com/worldcalltel/p/Dbu8fDOFbRx/,media/worldcalltel/Dbu8fDOFbRx.jpg,"Photo by WorldCall Telecom Limited on August 07, 2026. May be an image of television, screen, projector and text that says 'Ф WORLD CALL More Speed, More Possibilities Special offer upgrades your subscribed speed at no extra cost for a limited time. UPGRADE SPEED WITHLOW WITH LOW COST FREE Cable ULTRA-FAST SPEEDS 魚 ਪ> 100% FTTHNETWORK TWORK STABLE & RELIABLE 0423 2510 505 SECURE CONNECTION 0302 8422 965 LOCAL SUPPORT 街 www.worldcall.net.pk'.",
Worldcall,direct,worldcalltel,Dbm-ltjgSra,p,2026-08-07,post_page,11,no,Fast fiber. Zero installation charges. No setup stress. ⚡ Choose an eligible WorldCall / Switch Fiber package and let our technical team handle the complete installation—free of cost. Get connected today! 📞 042-32510505 | 0302-8422965 💬 WhatsApp: https://wa.me/923419709392 #WorldCall #SwitchFiber #FiberInternet #FreeInstallation #HighSpeedInternet #ReliableInternet No comments yet. Start the conversation. 3 August 4,https://www.instagram.com/worldcalltel/p/Dbm-ltjgSra/,media/worldcalltel/Dbm-ltjgSra.jpg,"Photo by WorldCall Telecom Limited on August 04, 2026. May be an image of text that says 'WORLD CALL FIBER FOR MODERN LIVING Choose Your Ideal Internet Package No Installation Cost Get your fiber connection installed by the technical team with zero installation charges. ZERO INSTALLATION CHARGES PROFESSIONAL INSTALLATION INSTALLA FAST RELIABLE CONINECTION GET CONNECTED TODAY ल 0423 2510 505 0302 8422 965 ULTRA- ULTRA-FAST FAST FIBER SPEEDS STABLE& RELIABLE SECURE CONNECTION LOCAL LOC SUPPORT'.",
Worldcall,direct,worldcalltel,DbcrbxsCC5A,p,2026-08-07,post_page,12,no,"DHA Phase 3, it is time to upgrade your home internet. Get WorldCall / Switch Fiber FTTH with 50% OFF for the first 3 months, free installation and free Cable TV for new sign-ups. Book your connection today: 042-32510505, 0302-8422965 https://wa.me/923419709392 #WorldCall #SwitchFiber #DHAPhase3 #FiberInternet #Lahore #FTTH No comments yet. Start the conversation. 2 July 31",https://www.instagram.com/worldcalltel/p/DbcrbxsCC5A/,media/worldcalltel/DbcrbxsCC5A.jpg,"Photo by WorldCall Telecom Limited on July 31, 2026. May be an image of projector and text that says 'WOR CALL THE WILD Available Only XX& Available-Onlyinx,XX&Yblock Y block DHA Phase 3 Gets More Fiber Value First 3 months at 50% OFF, with free installation and bundled Cable TV on FTTH packages. 50% OFF 50% OFF Free Installation Cable TV FTTH Packages YOUR CONNECTION TODAY ULTRA-FAST FIBER SPEEDS STABLE RELIABLE ලා 0423 2510 505 SECURE CONNECTION LOCAL SUPPORT 0302 8422 965 www.worldcall.net.pk",
Worldcall,direct,worldcalltel,DbVEgXJlfCC,p,2026-08-07,post_page,13,no,"Wapda Town, your fiber upgrade is here. Get WorldCall / Switch Fiber FTTH with 50% OFF for the first 3 months, free installation, free Cable TV, and a free TP-Link WiFi device for new sign-ups. Enjoy faster internet for work, streaming, study, and home entertainment. 📞Call now: 042-32510505, 0302-8422965 https://wa.me/923419709392 No comments yet. Start the conversation. 3 July 28",https://www.instagram.com/worldcalltel/p/DbVEgXJlfCC/,media/worldcalltel/DbVEgXJlfCC.jpg,"Photo by WorldCall Telecom Limited on July 28, 2026. May be an image of text that says 'WORLD CALL WAPDA TOWN, SWITCH TO FIBER Experience ultra-fast fast speed. Built for your digital lifestyle. Choose the Package That Fits You Best 50% OFF 50% OFF for the first months FREE Installation FREE Cable TV • FREE TP-Link WiFi Device CABLE RTAINNE TV NTER ENTERTAINMENT CABLETV っ1を 0423 2510 505 0302 8422 965 Don't miss this limited- time offer! GD'.",
Worldcall,direct,worldcalltel,DaBTFKZlfU9,p,2026-06-25,post_page,14,no,"A day of remembrance, reflection, and reverence. Youm-e-Ashura reminds us of the timeless spirit of Karbala, a symbol of sacrifice, truth, courage, and unwavering faith. On this sacred day, WorldCall joins in prayer for peace, humility, compassion, and unity across all of humanity. #Ashura #YoumEAshura #Karbala #MuharramUlHaram #WorldCall #Remembrance #Compassion #Faith #Peace #IslamicHeritage No comments yet. Start the conversation. 3 June 25",https://www.instagram.com/worldcalltel/p/DaBTFKZlfU9/,media/worldcalltel/DaBTFKZlfU9.jpg,"Photo by WorldCall Telecom Limited on June 25, 2026. May be an image of poster and pie.",
Worldcall,direct,worldcalltel,DZfr_EiHct7,p,2026-06-12,post_page,15,no,"#Football fever is here, and every big match deserves to be watched live. ⚽ Experience the FIFA World Cup action from the comfort of your home with WorldCall Cable & DTV. From powerful goals to unforgettable match moments, enjoy the game the way it should be watched. Order Now and get match-ready today. www.worldcall.net.pk #WorldCall #FIFAWorldCup #LiveFootball #CableTV #DTV #FootballFans #OrderNow itx_me_butt_0011 12w ❤️❤️ Like Reply 2 1 June 12",https://www.instagram.com/worldcalltel/p/DZfr_EiHct7/,media/worldcalltel/DZfr_EiHct7.jpg,"Photo by WorldCall Telecom Limited on June 12, 2026.",
Worldcall,direct,worldcalltel,DZfVZ4yFdrW,p,2026-06-12,post_page,16,no,"The biggest #football action starts at home! ⚽⚡ Turn every match into a live football experience with WorldCall Cable & DTV. From thrilling goals to match-winning moments, enjoy the FIFA World Cup action with clear entertainment, powerful coverage, and the comfort of watching from home. Get your connection ready before kick-off. Order Now: www.worldcall.net.pk #WorldCall #FIFAWorldCup #LiveFootball #CableTV #DTV #FootballSeason #OrderNow No comments yet. Start the conversation. 1 June 12",https://www.instagram.com/worldcalltel/p/DZfVZ4yFdrW/,media/worldcalltel/DZfVZ4yFdrW.jpg,"Photo by WorldCall Telecom Limited on June 12, 2026.",
Worldcall,direct,worldcalltel,DYzl1-oD6Ke,p,2026-05-26,post_page,17,no,"Eid ul Adha Mubarak from WorldCall Telecom Limited. May this blessed Eid bring peace, joy, and prosperity to you and your loved ones. Here’s to stronger connections, brighter moments, and happiness in every home. #EidUlAdha #EidMubarak #WorldCall #WTL #Connectivity #Telecom #DigitalPakistan No comments yet. Start the conversation. 5 May 26",https://www.instagram.com/worldcalltel/p/DYzl1-oD6Ke/,media/worldcalltel/DYzl1-oD6Ke.jpg,"Photo by WorldCall Telecom Limited on May 26, 2026.",
Worldcall,direct,worldcalltel,DWHPSoZl25g,p,2026-03-20,post_page,18,no,Eid Mubarak 🌙✨ Connecting hearts. Sharing moments. Celebrating together. Wishing you a joyful Eid filled with love and happiness 💫 #EidMubarak #StayConnected #EidVibes #WorldCall No comments yet. Start the conversation. 5 March 20,https://www.instagram.com/worldcalltel/p/DWHPSoZl25g/,media/worldcalltel/DWHPSoZl25g.jpg,"Photo by WorldCall Telecom Limited on March 20, 2026.",
Worldcall,direct,worldcalltel,DU6Cfs7DNMs,p,2026-02-18,post_page,19,no,"🌙✨ Ramadan Kareem! A month of reflection, gratitude, and connection. May your days be filled with blessings and your nights with peace. 🤍 — Team WorldCall #RamadanKareem #RamadanVibes #Blessings #WorldCall #Connection No comments yet. Start the conversation. 6 February 18",https://www.instagram.com/worldcalltel/p/DU6Cfs7DNMs/,media/worldcalltel/DU6Cfs7DNMs.jpg,"Photo by WorldCall Telecom Limited on February 18, 2026.",
Worldcall,direct,worldcalltel,DS9YeQyiiQd,p,2026-01-01,post_page,20,no,"New year. Better connections. Faster growth. ✨📡 Here’s to a 2026 full of seamless internet, entertainment, and endless possibilities. Happy New Year! 🎆 #HappyNewYear2026 #WorldCall #Internet #DigitalLife #Connectivity #Innovation No comments yet. Start the conversation. 5 December 31, 2025",https://www.instagram.com/worldcalltel/p/DS9YeQyiiQd/,media/worldcalltel/DS9YeQyiiQd.jpg,"Photo by WorldCall Telecom Limited on December 31, 2025.",
Worldcall,direct,worldcalltel,DSSRBqBivo3,p,2025-12-15,post_page,21,no,"WorldCall Telecom Limited has entered into a strategic collaboration with Minutes Network to enhance its international wholesale voice operations. By leveraging Minutes Network’s blockchain-enabled traffic termination and revenue assurance infrastructure, the partnership strengthens efficiency, transparency, and scalability across global voice aggregation. The agreement also supports the Hello application, unlocking new revenue opportunities. No comments yet. Start the conversation. 13 December 15, 2025",https://www.instagram.com/worldcalltel/p/DSSRBqBivo3/,media/worldcalltel/DSSRBqBivo3.jpg,"Photo by WorldCall Telecom Limited on December 15, 2025.",
Worldcall,direct,worldcalltel,DRwusypDFpB,p,2025-12-02,post_page,22,no,,https://www.instagram.com/worldcalltel/p/DRwusypDFpB/,media/worldcalltel/DRwusypDFpB.jpg,"Photo by WorldCall Telecom Limited on December 02, 2025.",
Worldcall,direct,worldcalltel,DNfX-MLqrVR,p,2025-08-18,post_page,23,no,"🇵🇰✨ Freedom, Future, and Forward Motion This August 14th, we didn’t just cut cake, we reignited a purpose. WTL celebrated Pakistan’s Independence Day with heart, pride, and a renewed commitment to digital inclusion across the nation. Because what’s freedom, if not the ability to connect, grow, and rise, together? 🎂 Swipe through the day that celebrated our roots and spotlighted our future. #WTL #IndependenceDay #PakistanZindabad #DigitalPakistan #EmpowerWithTech #WTLCelebrates #SmartPakistan #FutureForward #TelecomWithPurpose No comments yet. Start the conversation. 14 August 18, 2025",https://www.instagram.com/worldcalltel/p/DNfX-MLqrVR/,media/worldcalltel/DNfX-MLqrVR.jpg,"Photo by WorldCall Telecom Limited on August 18, 2025.",
Jazz,adjacent,jazzdigital,DXgrbBKDEmL,reel,2026-04-24,alt_text,0,yes,,https://www.instagram.com/jazzdigital/reel/DXgrbBKDEmL/,media/jazzdigital/DXgrbBKDEmL.jpg,"Video by Jazz on April 24, 2026.",
Jazz,adjacent,jazzdigital,DVtOxKaivmM,reel,2026-03-10,post_page,1,yes,Jazz main free fire ka package be fake hai or vho chalta be nahi reply karo Like Reply dils.aystop 9w آن لائن جوئے (Online Gambling) کی سرپرستی اور پنجاب پولیس کی کھلی ناکامی کا نوٹس لیا جائے میں پچھلے ایک سال سے پنجاب پولیس اور متعلقہ اداروں کو بار بار تحریری اور زبانی طور پر آگاہ کر رہا ہوں کہ جیز کیش (JazzCash) اور ایزی پیسہ (Easypaisa) جیسے موبائل والٹس کو آن لائن جوئے کے لیے کھلے عام بطور گیٹ وے استعمال کیا جا رہا ہے۔ لیکن انتہائی افسوس کے ساتھ کہنا پڑتا ہے کہ پنجاب پولیس اس سنگین جرم کو روکنے میں بری طرح ناکام ہو چکی ہے۔ یہ موبائل ایپس غیر قانونی بیٹنگ اور جوئے کے پلیٹ فارمز کے لیے رقم جمع کرنے اور نکالنے کا آسان ترین ذریعہ بن چکی ہیں، جس کی وجہ سے ہماری نوجوان نسل تباہ ہو رہی ہے اور گلی محلوں میں جوا عام ہو چکا ہے۔ پولیس کی یہ مجرمانہ خاموشی اور سست روی اس بات کا ثبوت ہے کہ یا تو وہ اس جدید سائبر کرائم کو سمجھنے کی صلاحیت نہیں رکھتی، یا پھر جان بوجھ کر چشم پوشی کی جا رہی ہے۔ میں آ,https://www.instagram.com/jazzdigital/reel/DVtOxKaivmM/,media/jazzdigital/DVtOxKaivmM.jpg,"Video by Jazz on March 10, 2026.",
Jazz,adjacent,jazzdigital,DT215fhCmeA,reel,2026-01-26,post_page,2,yes,"Jazz aur Zarr mil kar hazaron customers ke saath kya kar rahe hain? Logon se advance payment li ja rahi hai, lekin 2–2 mahine guzrne ke baad bhi orders deliver nahi kiye ja rahe. Upar se Jazz inki promotion kar raha hai. 🤦‍♂️ Agar itni complaints ke bawajood bhi action nahi ho raha to PTA ko bhi jawab dena chahiye ke in complaints ka notice kyun nahi liya ja raha? Pehle customers ke paise aur orders ka hisaab do, phir promotion karo. Sharam honi chahiye! Like Reply zahidrimsha085 2d Jazz aur Zarr mil kar hazaron customers ke saath kya kar rahe hain? Logon se advance payment li ja rahi hai, lekin 2–2 mahine guzrne ke baad bhi orders deliver nahi kiye ja rahe. Upar se Jazz inki promotion kar raha hai. 🤦‍♂️ Agar itni complaints ke bawajood bhi action nahi ho raha to PTA ko bhi jawab dena chahiye ke in complaints ka notice kyun nahi liya ja raha? Pehle customers ke paise aur orders ka hisaab",https://www.instagram.com/jazzdigital/reel/DT215fhCmeA/,media/jazzdigital/DT215fhCmeA.jpg,"Video by Jazz on January 23, 2026.",
Jazz,adjacent,jazzdigital,DdHESs0sE6v,p,2026-09-10,post_page,3,no,"Agla iPhone wishlist mein nahi, reach mein hoga. iPhone 18 Pro, coming soon with Jazz 5G. #Jazz5G #JazzMeriSuperpower #iPhone18pro shahzadasadislamgmail.com2 45m Amazing Like Reply awaisqazi512 5h What's the price Like Reply faizan.ilyas5682 8h Instalments per mil jay ga Like Reply essenzabymm_ 17h Price Like Reply sameer.ibrahim26 17h Rs Like Reply oyee_walii 17h Price?? Like Reply avidreader26_ 17h Price Like Reply ayazahmad857 17h Price?",https://www.instagram.com/jazzdigital/p/DdHESs0sE6v/,media/jazzdigital/DdHESs0sE6v.jpg,"Photo by Jazz on September 10, 2026. May be an image of screen, phone and text that says 'Jazz 学 5G Z mercantile Authorised Authorised Distributor COMING SOON iPhone 18 Pro PRO ਰ JAZZWORLD'.",
Jazz,adjacent,jazzdigital,DdEWRGBDCYV,p,2026-09-09,alt_text,4,no,,https://www.instagram.com/jazzdigital/p/DdEWRGBDCYV/,media/jazzdigital/DdEWRGBDCYV.jpg,"Photo by Jazz on September 09, 2026. May be an image of screen, magazine, phone, tablet, poster and text.",
Jazz,adjacent,jazzdigital,DdDzliLjFTi,p,2026-09-09,post_page,5,no,Purani yaadon ka safar. Connected every step of the way. #80s #Jazz5G #JazzMeriSuperpower _kavya_mishra11_ 2d Gathiya service,https://www.instagram.com/jazzdigital/p/DdDzliLjFTi/,media/jazzdigital/DdDzliLjFTi.jpg,"Photo by Jazz on September 09, 2026. May be an image of poster, portable cassette player, stereo, magazine and text that says 'Jazz Jazz5G 5G Connected Then. Connected Connew. Now. E りリ CRLERON JAZZWORLD'.",
Jazz,adjacent,jazzdigital,Dc_WUe7Moy7,reel,2026-09-07,post_page,6,no,Phone to 5g wala he lekin Jazz ka 5g available to ho karachi university jese area mai 5g nhi Like Reply 86 15 3 days ago,https://www.instagram.com/jazzdigital/reel/Dc_WUe7Moy7/,media/jazzdigital/Dc_WUe7Moy7.jpg,"Video by Jazz on September 07, 2026. May be a Twitter screenshot of one or more people, people smiling, phone, screen, tablet and text that says 'Jazz Jazz5G 5G Secure Secur@mnecsion Hup Suppartus W8 8 Your favourite phone. Νον Lest5G SHptuo Muaies Latestso Smartshone k 一： ￥d品 Devces Devces Mobile &More &More WIHI Available for all network users'.",
Jazz,adjacent,jazzdigital,Dc7uMgDMpwy,p,2026-09-06,post_page,7,no,Mulk ki hifazat se barh kar koi zimmedari nahi.⁠ #DefenceDay #Jazz5G #JazzMeriSuperpower muhmmad5hahzad 3d Pakistan zanda bad oval fariz pak sr Zameen ki hafizat Like Reply azmatclicks 4d ❤️ Like Reply azmatclicks 4d ❤️ Like Reply azmatclicks 4d ❤️ Like Reply azmatclicks 4d ❤️ Like Reply azmatclicks 4d ❤️ Like Reply azmatclicks 4d ❤️ Like Reply azmatclicks 4d ❤️ Like Reply azmatclicks 4d ❤️ Like Reply azmatclicks 4d ❤️ Like Reply azmatclicks 4d ❤️ Like Reply azmatclicks 4d ❤️ Like Reply azmatclicks 4d ❤️ Like Reply 36 17 5 days ago,https://www.instagram.com/jazzdigital/p/Dc7uMgDMpwy/,media/jazzdigital/Dc7uMgDMpwy.jpg,"Photo by Jazz on September 05, 2026. May be an image of flag and text that says 'JazA 5Z2,.5G 4 5G Jaz Aik parcham. Aik pehchaan. Aik jazba. HAPPY DEFENCE DAY go JAZZWORLD'.",
Jazz,adjacent,jazzdigital,Dc1RNlBDK1x,p,2026-09-03,post_page,8,no,"Jazz aur Zarr mil kar hazaron customers ke saath kya kar rahe hain? Logon se advance payment li ja rahi hai, lekin 2–2 mahine guzrne ke baad bhi orders deliver nahi kiye ja rahe. Upar se Jazz inki promotion kar raha hai. 🤦‍♂️ Agar itni complaints ke bawajood bhi action nahi ho raha to PTA ko bhi jawab dena chahiye ke in complaints ka notice kyun nahi liya ja raha? Pehle customers ke paise aur orders ka hisaab do, phir promotion karo. Sharam honi chahiye! Like Reply azmatclicks 4d ❤️ Like Reply azmatclicks 4d ❤️ Like Reply azmatclicks 4d ❤️ Like Reply azmatclicks 4d ❤️ Like Reply azmatclicks 4d ❤️ Like Reply azmatclicks 4d ❤️ Like Reply azmatclicks 4d ❤️ Like Reply azmatclicks 4d ❤️ Like Reply azmatclicks 4d ❤️ Like Reply azmatclicks 4d ❤️ Like Reply azmatclicks 4d ❤️ Like Reply azmatclicks 4d ❤️ Like Reply azmatclicks 4d ❤️ Like Reply azmatclicks 4d ❤️ Like Reply 74 69 7 days ago",https://www.instagram.com/jazzdigital/p/Dc1RNlBDK1x/,media/jazzdigital/Dc1RNlBDK1x.jpg,"Photo by Jazz on September 03, 2026. May be an image of one or more people, screen, tablet, poster, phone, magazine and text that says 'Jazz Jazz5G 5G WI WE5 =5 FANTASTIC T 200 200GB GB DATA 20,000 JAZZ JAZZMINSSMS MINS SMS 2,000 OTHERNETWORK OT OTHER NETWORK MINUTES Rs. 5,999 aLONDI Dial ial*400# orsubectibeonGalosi orsubscribeon മஜ Terms&ConditionsApply jo JAZZWORLD'.",
Jazz,adjacent,jazzdigital,DcymX9IsllR,reel,2026-09-02,post_page,9,no,"Jazz aur Zarr mil kar hazaron customers ke saath kya kar rahe hain? Logon se advance payment li ja rahi hai, lekin 2–2 mahine guzrne ke baad bhi orders deliver nahi kiye ja rahe. Upar se Jazz inki promotion kar raha hai. 🤦‍♂️ Agar itni complaints ke bawajood bhi action nahi ho raha to PTA ko bhi jawab dena chahiye ke in complaints ka notice kyun nahi liya ja raha? Pehle customers ke paise aur orders ka hisaab do, phir promotion karo. Sharam honi chahiye! Like Reply zahidrimsha085 2d Jazz aur Zarr mil kar hazaron customers ke saath kya kar rahe hain? Logon se advance payment li ja rahi hai, lekin 2–2 mahine guzrne ke baad bhi orders deliver nahi kiye ja rahe. Upar se Jazz inki promotion kar raha hai. 🤦‍♂️ Agar itni complaints ke bawajood bhi action nahi ho raha to PTA ko bhi jawab dena chahiye ke in complaints ka notice kyun nahi liya ja raha? Pehle customers ke paise aur orders ka hisaab",https://www.instagram.com/ptaofficialpk/reel/DcymX9IsllR/,media/jazzdigital/DcymX9IsllR.jpg,"Video by PTA on September 02, 2026. May be an image of ‎screen, tablet, poster and ‎text that says '‎PUBLIC PΤΑ ADVISORY SIM SECURITY AND DIGITAL SAFETY PROTECT YOUR IDENTITY, FINANCES AND LEGAL STANDING. www.pta.gov.pk 0000... PTAOfficialPK تیا بي قدم محفوظ میں دنیا ذيجيتل‎'‎‎.",ptaofficialpk
Jazz,adjacent,jazzdigital,Dcv2zUeKcVW,reel,2026-09-01,post_page,10,no,"Jokes, plans aur secrets. Dosti mein sab shared hota hai, We5 Sharing Package ki tarah! *400# dial karein aur har moment apnay special 5 ke saath share karein. Hum 5 jahan, life wahan. #Jazz5G #JazzMeriSuperpower azmatclicks 4d ❤️❤️ Like Reply azmatclicks 4d ❤️❤️ Like Reply azmatclicks 4d ❤️❤️ Like Reply azmatclicks 4d ❤️ Like Reply azmatclicks 4d 😂 Like Reply azmatclicks 4d 😂 Like Reply azmatclicks 4d 😂 Like Reply azmatclicks 4d 😂 Like Reply azmatclicks 4d 😂 Like Reply mirzaali657266 5d bhai 1 week howa ha jazz ki sim li series he nahi hai wapas nikal di 😅😅 Like Reply mzain.khan.00786 5d Itna bekar Jazz. 4g chalta nhi complaint kro 2 ghanty baad message a jata hai masla hal ho gya. Bakwas. Salay.. whatsapp k messages bhi nhi jatay. Ch**ia 🤬 Like Reply low_ping_high_ego 6d Slow internet 😔🛜 Like Reply mo33z_im 1w In bahria town area not even 4g working properly Like Reply farazkhan100 1w ",https://www.instagram.com/jazzdigital/reel/Dcv2zUeKcVW/,media/jazzdigital/Dcv2zUeKcVW.jpg,"Video by Jazz on September 01, 2026. May be a selfie of one or more people, people smiling, phone, screen and text that says 'Jazz Jazz5G 5G 5G 5G sabaqamarzaman Jazz5G Jazz 5G NOWSHARE NOW SHARE 200GB ENDLESS| ENDLESSMINS&SMS MINS &SMS & WITH WITHWE5FANTASTIC WE5F FANTASTIC PTPAO/TWNE ผสเอล+400# பளம *400# Rs. 5,999 Rs.5,999LOAD LOAD Send message'.",
Jazz,adjacent,jazzdigital,DcvMAsmq5UG,reel,2026-09-01,post_page,11,no,❤️ Like Reply azmatclicks 2d ❤️ Like Reply azmatclicks 2d ❤️ Like Reply azmatclicks 2d ❤️ Like Reply azmatclicks 2d ❤️ Like Reply azmatclicks 2d ❤️ Like Reply azmatclicks 2d ❤️ Like Reply azmatclicks 2d ❤️ Like Reply azmatclicks 2d ❤️ Like Reply azmatclicks 2d Saba❤️ Like Reply azmatclicks 4d ❤️❤️ Like Reply azmatclicks 4d ❤️❤️ Like Reply azmatclicks 4d ❤️❤️ Like Reply azmatclicks 4d ❤️❤️ Like Reply 206 46 September 1,https://www.instagram.com/jazzdigital/reel/DcvMAsmq5UG/,media/jazzdigital/DcvMAsmq5UG.jpg,"Video by Jazz on September 01, 2026. May be an image of ‎one or more people, makeup, people smiling and ‎text that says '‎zدن Jazz5G 5G رسا‎'‎‎.",
Jazz,adjacent,jazzdigital,DcnZTDCDIY3,p,2026-08-29,post_page,12,no,"5G wala phone, instalments par nahi liya tou kya kiya? Abhi Jazz Experience Center jayein aur 5G wala phone easy instalments se apna banayein! Ya Jazz Estore se abhi order karein aur home delivery karwayein. Kyun? Kyun ke phone ho tou 5G wala. #Jazz5G #JazzMeriSuperpower azmatclicks 2d ❤️ Like Reply azmatclicks 2d ❤️ Like Reply azmatclicks 2d ❤️ Like Reply azmatclicks 2d ❤️ Like Reply azmatclicks 2d ❤️ Like Reply azmatclicks 2d ❤️ Like Reply azmatclicks 2d ❤️ Like Reply azmatclicks 2d ❤️ Like Reply azmatclicks 2d ❤️ Like Reply azmatclicks 2d ❤️ Like Reply azmatclicks 2d ❤️ Like Reply azmatclicks 2d ❤️ Like Reply azmatclicks 2d ❤️ Like Reply azmatclicks 2d ❤️ Like Reply azmatclicks 2d ❤️ Like Reply 60 45 August 29",https://www.instagram.com/jazzdigital/p/DcnZTDCDIY3/,media/jazzdigital/DcnZTDCDIY3.jpg,"Photo by Jazz on August 29, 2026. May be an image of ‎screen, phone and ‎text that says '‎Jazz,5G azz 5G PTA APPROVED PHONEHO του 5GMAL WALA Visit Jazz Experience Center or jazz.com.pk/estore Apple SAMSUNG |NOTHING R ZTE Infinix *Tems&ConditiorsApply جن JAZZWORLD‎'‎‎.",
Jazz,adjacent,jazzdigital,Dcl5S2oT0JY,reel,2026-08-28,post_page,13,no,"5G sites, ek hazaar! Sub se baray aur tez tareen network kee connectivity, beshumar! #Jazz5G #JazzMeriSuperpower drbilaalnaeem 3d When is the 5G coming to Google Pixel 9 Pro in Lahore? Like Reply sheeraz_41 1w Tower Laga huwa hai phir bhi 5G show nahi karta",https://www.instagram.com/jazzdigital/reel/Dcl5S2oT0JY/,media/jazzdigital/Dcl5S2oT0JY.jpg,"Video by Jazz on August 28, 2026. May be a selfie of standing, lighting, sparkler, newsroom and text.",
Jazz,adjacent,jazzdigital,Dclgya7jOyb,p,2026-08-28,post_page,14,no,"Apna agla Galaxy choose karein aur Jazz 5G ke sath FREE wearables claim karein! 🚀 📍 Shop at Jazz Estore or visit your nearest Jazz Experience Center. #Jazz5G #JazzMeriSuperpower mr.siyal360 1w `Hi Jazz, I activated we5fantastic sharing package today from 0348 3083330. But 1 slot is still locked. 111 and WhatsApp not responding. Please help unlock slot. Screenshot attached. Like Reply itssalmansandhu 1w Can we avail on Installment?😂 Like Reply 93 19 August 28",https://www.instagram.com/jazzdigital/p/Dclgya7jOyb/,media/jazzdigital/Dclgya7jOyb.jpg,"Photo by Jazz on August 28, 2026.",
Jazz,adjacent,jazzdigital,Dck3m6-sfpM,reel,2026-08-28,post_page,15,no,"Experience the convenience of SIMVORA eSIM Internet — no physical SIM required! Simply get your eSIM, scan the QR code, and connect to fast 4G internet on a compatible device. 🌐 Use mobile internet without waiting for PTA approval 📲 Instant QR activation ⚡ Fast & reliable 4G connectivity 🇵🇰 Coverage across Pakistan 💰 Affordable packages starting from just Rs. 450 No SIM swapping. No hassle. Just scan, connect & enjoy your internet. 🔥 📲 Order your SIMVORA eSIM on WhatsApp: 0327 4198226 SIMVORA — Connecting You, Anywhere. 💙💜 Like Reply mr.siyal360 1w `Hi Jazz, I activated we5fantastic sharing package today from 0348 3083330. But 1 slot is still locked. 111 and WhatsApp not responding. Please help unlock slot. Screenshot attached. Like Reply altafhussain3770 1w Subject: Zong Internet Service Complaint السلام علیکم، میرے Zong نمبر پر انٹرنیٹ سروس صحیح طریقے سے کام نہیں کر رہی۔ موبائل ڈیٹا آن",https://www.instagram.com/ptaofficialpk/reel/Dck3m6-sfpM/,media/jazzdigital/Dck3m6-sfpM.jpg,"Video by PTA on August 28, 2026. May be an image of text that says 'PTA Public Advisory on SIM Security and Digital Account Safety'.",ptaofficialpk
Jazz,adjacent,jazzdigital,DcjIViyq1uY,reel,2026-08-27,post_page,16,no,Phone ho tou 5G wala! ⚡ 📱 Aaj hi apni pasand ka 5G model choose karein. Jazz Estore se online order karein ya apna qareebi Jazz Experience Center visit karein. #Jazz5G #JazzMeriSuperpower ali.ahmad.150402 1d Where's CTA? Like Reply qasimkhan540 1w Jazz to signal nahe hai kaam nahe krta Like Reply bebemi555 1w why cant they update their sims automatically Like Reply __ammaz 1w Day by day network of jazz getting worst in my area Even sometimes even callls gets worst quality,https://www.instagram.com/jazzdigital/reel/DcjIViyq1uY/,media/jazzdigital/DcjIViyq1uY.jpg,"Video by Jazz on August 27, 2026. May be an image of phone, screen, tablet, thermostat and text.",
Jazz,adjacent,jazzdigital,Dci0kEGqUgX,reel,2026-08-27,post_page,17,no,"Taimoor ke liye sawal aaye bouncer, lekin jawab diye sixer! 🏏🔥 Dekhein kis sawaal ne ki boundary clear! #JazzMeriSuperpower #JazzTapeballClash shayzii___ 1w Dm check krna sir @jazzdigital Like Reply ranasaqib_07 2w 😍 Like Reply sikanderkhan1546 2w Kia ghtia netwark he lakki marwat me iska Like Reply zohran_828 2w Naya Nazimabad ❤️ Like Reply 226 8 August 27",https://www.instagram.com/jazzdigital/reel/Dci0kEGqUgX/,media/jazzdigital/Dci0kEGqUgX.jpg,"Video by Jazz on August 27, 2026. May be an image of basketball, flute, saxophone and text that says 'azz Jaz25G ကန်မ်းး 5G 27 JIC JAZZ TAPEBALL CLASH JTC4 Jazz FA SPC - MIAN SPORTS LENS clini clin&JTC4 T BRUO JTC4 KEMU apna apnaclinic clinic JTC4 KMIS 風 FRI amasha azz 3ZJ J C'.",
Jazz,adjacent,jazzdigital,Dcix0q4jFm_,p,2026-08-29,post_page,18,no,"Har site ke saath, 5G ka aik aur qadam aagay. ⚡ Pakistan ka sab se tez 5G rollout Jazz ke saath jaari hai! 📶 #JazzMeriSuperpower #Jazz5G azmatclicks 2d 😍😍 Like Reply azmatclicks 2d 😍😍 Like Reply azmatclicks 2d 😍😍 Like Reply azmatclicks 2d 😍 Like Reply azmatclicks 2d 😍😍 Like Reply azmatclicks 2d 🔥🔥 Like Reply azmatclicks 2d ❤️❤️ Like Reply azmatclicks 2d ❤️❤️ Like Reply azmatclicks 2d ❤️❤️ Like Reply azmatclicks 2d ❤️❤️ Like Reply azmatclicks 2d ❤️❤️ Like Reply azmatclicks 2d ❤️ Like Reply azmatclicks 2d ❤️ Like Reply azmatclicks 2d ❤️ Like Reply azmatclicks 2d 🔥 Like Reply 161 66 August 27",https://www.instagram.com/jazzdigital/p/Dcix0q4jFm_/,media/jazzdigital/Dcix0q4jFm_.jpg,"Photo by Jazz on August 27, 2026. May be a graphic of saxophone, poster, magazine and text that says 'Jazz5G Jazz 5G Jazz 1,000 OOO SITES THEBEGINNING 50 JUST ግ IT'S jor JAZZWORLD'.",
Jazz,adjacent,jazzdigital,Dcir3Qks3IR,reel,2026-08-27,post_page,19,no,"Five months. 1,000 live 5G sites. First in Pakistan. In March, JazzWorld made a bold bet on Pakistan’s digital future, securing the country’s largest spectrum portfolio. Today, Jazz has delivered Pakistan’s fastest 5G rollout, becoming the first operator to take 1,000 5G sites live. And we’re not slowing down, with 2,500 sites targeted by year-end. Because leadership isn’t about being first to make a promise. It’s about being first to deliver on it. azmatclicks 2d 👏 Like Reply azmatclicks 2d ❤️❤️ Like Reply azmatclicks 2d ❤️❤️ Like Reply azmatclicks 2d ❤️ Like Reply azmatclicks 2d ❤️❤️ Like Reply azmatclicks 2d ❤️❤️ Like Reply azmatclicks 2d ❤️❤️ Like Reply azmatclicks 2d ❤️❤️ Like Reply azmatclicks 2d ❤️❤️ Like Reply azmatclicks 2d ❤️❤️ Like Reply azmatclicks 2d ❤️❤️ Like Reply azmatclicks 2d ❤️ Like Reply azmatclicks 2d ❤️❤️ Like Reply azmatclicks 2d ❤️❤️ Like Reply azmatclicks 2d 🔥 Li",https://www.instagram.com/jazzworld_official/reel/Dcir3Qks3IR/,media/jazzdigital/Dcir3Qks3IR.jpg,"Video by JazzWorld on August 27, 2026. May be an image of newsroom, office and text.",jazzworld_official
Jazz,adjacent,jazzdigital,DcgyAfNsNCD,reel,2026-08-26,post_page,20,no,Cricket aur full-on energy. JTC 4 opening ceremony ke khaas lamhe! 🔥🏏 #Jazz5G #JazzMeriSuperpower #JazzTapeballClash azmatclicks 2d ❤️ Like Reply azmatclicks 2d 🙌🙌 Like Reply azmatclicks 2d 🔥 Like Reply azmatclicks 2d ❤️❤️ Like Reply azmatclicks 2d 🙌🙌 Like Reply azmatclicks 2d ❤️❤️ Like Reply azmatclicks 2d 🙌🙌 Like Reply azmatclicks 2d 🔥🔥 Like Reply azmatclicks 2d 🙌🙌 Like Reply azmatclicks 2d 🙌🙌 Like Reply azmatclicks 2d ❤️❤️ Like Reply azmatclicks 2d 🔥🔥 Like Reply azmatclicks 2d ❤️❤️ Like Reply azmatclicks 2d 🙌🙌 Like Reply azmatclicks 2d 🙌🙌 Like Reply 51 18 August 26,https://www.instagram.com/jazzdigital/reel/DcgyAfNsNCD/,media/jazzdigital/DcgyAfNsNCD.jpg,"Video by Jazz on August 26, 2026. May be an image of basketball, banner, poster and text.",
Jazz,adjacent,jazzdigital,DcgquLQIlkB,reel,2026-08-26,post_page,21,no,"That upgrade you’ve been waiting for? Consider this your sign. 👀📱 Get the Galaxy S26 Series with Samsung × Jazz 5G and enjoy exclusive special discounts, free Galaxy Buds3 and 200GB Jazz 5G data. Available for a limited time at Jazz Experience Centers or via Jazz eStore: https://jazz.com.pk/estore/product-category/samsung/ #SamsungPakistan #Jazz5G #SamsungxJazz #GalaxyS26Ultra syedharrisqasim 2w 😮 Like Reply bakhtawarm 2w 👏👏 Like Reply 3 August 26",https://www.instagram.com/anushekhalidd/reel/DcgquLQIlkB/,media/jazzdigital/DcgquLQIlkB.jpg,"Video by Anushe Khalid on August 26, 2026. May be an image of lighting, microphone and text that says 'SAMSUNG Trading in? Get a special top-up top- bonus, FREE Galaxy Buds3, and 200GB 5G Data'.",anushekhalidd
Jazz,adjacent,jazzdigital,DcgKcKjMoqT,reel,2026-08-26,post_page,22,no,"When the question gets spicy, things are bound to get interesting. Stay close to what’s next with Jazz 5G. #Jazz5G #JazzMeriSuperpower azmatclicks 2d ❤️❤️ Like Reply azmatclicks 2d ❤️❤️ Like Reply azmatclicks 2d ❤️❤️ Like Reply azmatclicks 2d ❤️❤️ Like Reply azmatclicks 2d ❤️❤️ Like Reply azmatclicks 2d ❤️❤️ Like Reply azmatclicks 2d ❤️❤️ Like Reply azmatclicks 2d ❤️❤️ Like Reply azmatclicks 2d ❤️❤️ Like Reply azmatclicks 2d ❤️❤️ Like Reply azmatclicks 2d ❤️❤️ Like Reply azmatclicks 2d ❤️❤️ Like Reply azmatclicks 2d ❤️❤️ Like Reply azmatclicks 2d ❤️❤️ Like Reply azmatclicks 2d ❤️❤️ Like Reply 188 47 August 26",https://www.instagram.com/jazzdigital/reel/DcgKcKjMoqT/,media/jazzdigital/DcgKcKjMoqT.jpg,"Video by Jazz on August 26, 2026. May be an image of one or more people, makeup, people smiling, poster and text.",
Jazz,adjacent,jazzdigital,Dcf89blMstz,reel,2026-08-26,post_page,23,no,Something’s brewing. You won’t want to miss this. Keep an eye out for what Jazz 5G has in store. 👀 #Jazz5G #JazzMeriSuperpower drshahbazwatto 1w Lovly Like Reply drshahbazwatto 1w Most۔beautiful Like Reply drshahbazwatto 1w Yes Like Reply drshahbazwatto 1w Hi Like Reply babarprince12 2w Sister nice God bless you Always Like Reply abdulgafar_k Like Reply jamama1245 2w ❣️ Like Reply 359 9 August 26,https://www.instagram.com/jazzdigital/reel/Dcf89blMstz/,media/jazzdigital/Dcf89blMstz.jpg,"Video by Jazz on August 26, 2026. May be an image of one or more people, makeup, people smiling, poster and text.",
Jazz Business,adjacent,jazzbusinesspk,DdGl1cMDTGl,p,2026-09-10,post_page,0,yes,"Real progress takes clear goals, teamwork, and the right people leading the way. Kanwal Baig brings all of that to Jazz Business, with a practical, focused approach that turns plans into results and keeps teams moving forward together. Grateful for the impact she continues to make. #LeadershipSpotlight #JazzBusiness hina.kashif13 14h Well done👏 Like Reply hina.kashif13 14h Well done👏 Like Reply mehvish_jalil 16h Excellent👏👏👏👏 Like Reply anumkhurshd 17h 👏 Like Reply tayyabakhalid2001 22h 👏",https://www.instagram.com/jazzbusinesspk/p/DdGl1cMDTGl/,media/jazzbusinesspk/DdGl1cMDTGl.jpg,"Photo by Jazz Business on September 10, 2026. May be an image of one or more people, poster, magazine, suit, office and text that says 'MA azz Business jur JAZZWORLD LEADERSHIPSPOTLIGHT LEADERSHIP SPOTLIGHT BUILDING BUSINESS VALUE THROUGH STRATEGY & EXECUTION 17+ years of experience driving portfolio & product ctmanagement ,PMO governance, and B2 ICT growth across leading leadingtelecom telecom and technology organizations, turning enterprise: strategy into disciplined, measurable action. Kanwal",
Jazz Business,adjacent,jazzbusinesspk,DdELGYvN_cp,reel,2026-09-09,post_page,1,yes,"What if the biggest AI mistake is starting with AI? Beenish Wajih, CTO at Jazz Business, shares what businesses need to get right first, from data and governance to infrastructure and security, and where AI is already driving meaningful business impact. Watch the latest episode of Jazz BizBuzz Insights now. #JazzBusiness #BizBuzzInsights #AI #EnterpriseTech littlebeauty6963 Like Reply littlebeauty6963 1d ..amamamqamuoo Like Reply 41 2 1 day ago",https://www.instagram.com/jazzbusinesspk/reel/DdELGYvN_cp/,media/jazzbusinesspk/DdELGYvN_cp.jpg,"Video by Jazz Business on September 09, 2026. May be a meme of ‎one or more people, poster, magazine and ‎text that says '‎រក្កក Business aZl IG C GARAJ Jazz Biz Buzz Insights ዛር 'ון ባር A Conversation with Beenish Wajih ChiefTechnologyOffcer Chief Technology Officer Jazz Business JAZZWORLD‎'‎‎.",
Jazz Business,adjacent,jazzbusinesspk,DdCFhWfDdzk,p,2026-09-08,post_page,2,yes,"Jazz Business is now powering connectivity for McDonald's Pakistan nationwide, with a managed platform that lets them customize data and calling minutes for every team member based on role. Here's to seamless connectivity across the country. #JazzBusiness #McDonaldsPakistan #Partnership #EnterpriseMobility No comments yet. Start the conversation. 55 2 days ago",https://www.instagram.com/jazzbusinesspk/p/DdCFhWfDdzk/,media/jazzbusinesspk/DdCFhWfDdzk.jpg,"Photo by Jazz Business on September 08, 2026.",
Jazz Business,adjacent,jazzbusinesspk,Dc7oSSBDZf7,p,2026-09-06,post_page,3,no,"This Defence Day, we honour the unwavering courage, commitment and service of those who stand guard for Pakistan. While the nation rests, they never stop watching over it. Jazz Business, Garaj and Quantica stand together in gratitude and salute their dedication to a stronger Pakistan. #DefenceDay #Pakistan #JazzBusiness #Garaj #Quantica #StrongerTogether No comments yet. Start the conversation. 28 5 days ago",https://www.instagram.com/jazzbusinesspk/p/Dc7oSSBDZf7/,media/jazzbusinesspk/Dc7oSSBDZf7.jpg,"Photo by Jazz Business on September 05, 2026. May be an image of military uniform, poster, flag and text that says 'Jazz G Business BusinesGARAJQUANTICA ness Bus GARAJ QUANTICA FOR THE NATION. FOR THE FUTURE. DEFENCE DAY jor JAZZWORLD'.",
Jazz Business,adjacent,jazzbusinesspk,Dc03iENDZ3z,p,2026-09-03,post_page,4,no,"What does it take to put AI to work? Jazz Business, in collaboration with PITB, hosted an AI Workshop exploring data readiness, GPU-as-a-Service, AI networking, cybersecurity and SD-WAN, with a joint GTM + Teknosys demo. A day of practical insights on building smarter, more secure, and connected digital environments. #JazzBusiness #AI #PITB #DigitalTransformation #CyberSecurity #EnterpriseTechnology No comments yet. Start the conversation. 18 7 days ago",https://www.instagram.com/jazzbusinesspk/p/Dc03iENDZ3z/,media/jazzbusinesspk/Dc03iENDZ3z.jpg,"Photo by Jazz Business on September 03, 2026.",
Jazz Business,adjacent,jazzbusinesspk,DcylpuhjU8V,p,2026-09-02,post_page,5,no,"We’re pleased to announce our partnership with iTecknologi to bring Drivver to Pakistan. Drivver brings mobility, connectivity, digital payments and financial services together in one seamless ecosystem, designed to make your everyday journeys simpler and more accessible. With data-free access and convenient digital payments, your smarter way to move is coming soon. #Drivver #ConnectedMobility #DigitalPakistan No comments yet. Start the conversation. 23 September 2",https://www.instagram.com/jazzbusinesspk/p/DcylpuhjU8V/,media/jazzbusinesspk/DcylpuhjU8V.jpg,"Photo by Jazz Business on September 02, 2026.",
Jazz Business,adjacent,jazzbusinesspk,DcvIsvTjcSY,p,2026-09-01,post_page,6,no,"Jazz Business and CBTL have entered a strategic partnership to strengthen CBTL’s connectivity today and accelerate its digital growth tomorrow. Starting with core voice and data services, the collaboration will expand into Quantica and a broader suite of Jazz SME solutions, helping drive greater operational efficiency, stronger customer engagement, and sustainable business growth. Together, Jazz Business and CBTL are building an integrated business ecosystem, with Jazz SME as a long-term technology and connectivity partner. #JazzBusiness #JazzSME #DigitalTransformation #Partnership No comments yet. Start the conversation. 36 September 1",https://www.instagram.com/jazzbusinesspk/p/DcvIsvTjcSY/,media/jazzbusinesspk/DcvIsvTjcSY.jpg,"Photo by Jazz Business on September 01, 2026.",
Jazz Business,adjacent,jazzbusinesspk,DckxNcEja_T,p,2026-08-28,post_page,7,no,"Great businesses are built by great people. We're excited to welcome Kazim Saeed to the Garaj team as our new Regional Head Cloud Sales, North. As he begins this new chapter with us, we look forward to the perspective and leadership he will bring to the team and the journey ahead. Welcome to the team, Kazim! #JazzBusiness #LeadershipSpotlight #DigitalTransformation No comments yet. Start the conversation. 40 August 27",https://www.instagram.com/jazzbusinesspk/p/DckxNcEja_T/,media/jazzbusinesspk/DckxNcEja_T.jpg,"Photo by Jazz Business on August 27, 2026. May be a graphic of ‎magazine, poster, cloud and ‎text that says '‎azz Business jwr JAZZWORLD LEADERSHIP LEADERSHIPSPOTLIGHT SPOTLIGHT DRIVING CLOUD GROWTH ACROSS THE NORTH With over 15 years of experience across Canada, Pakistan and the MENA region, Kazim brings expertise in sales leadership, business growth, and enterprise technology create greater value for customers. Kazim Saeed Regional Head Cloud Sales, North Growth. Leadership. Impact. س‎'‎‎.",
Jazz Business,adjacent,jazzbusinesspk,DcQYYx7tts9,reel,2026-08-20,post_page,8,no,"Behind every business is someone who decided to bet on themselves. Not because it was easy. Not because the path was clear. But because they believed in what they were building, they kept going even when things got hard. Today, we celebrate every entrepreneur who's still in it. Still showing up, still pushing forward, still building what's next. #JazzBusiness #Garaj #Quantica #DigitalPakistan fayyazali268 2w گل،چت5گگگگ5گگگگل5گ،گت5,ff5ffl5f,ft,fl,5l55l,l5,lf,گ55گگگگ,ffl,5گ5گگل،گگگ5,ل5گ،,l,ffl,45lt,fcf5l,ل5،گل،5،ل،چ،گل،5ل5،گ5گل,لگ،گگل5،,l5,fl55lf,ff5lf5,4f5l,,fffl5l5گگل،گگ5lf,f5ffffl,fl,l55l,ffl,f،,,54l,l5l,ل55لff،گگ5f,,,l5,fffl,f,,l,fl,l,ffl5,l5,fl,5ffl5lf,l5lt,lf4,,ل55لگfff5ffl,5f5f,fl,5f,l5,l,fcl,ffl,f5l,fl,fffl,ffl،l5,f,f,lf,5,5ffl,ffl5f,fل،ltffl,lf,f,،,ffclf,,l5l5,ffffl,fc,fl,5ff4ff5f,ffl,fff5ff5f,fftl,5l,ftlf,5gfffl5lf,,llf,fl5,f,fffffffl,f5fl,f,l,f5👏l👏5l,f,tf5ff👏5f,fll5f,f5flfl5,👏👏,",https://www.instagram.com/jazzbusinesspk/reel/DcQYYx7tts9/,media/jazzbusinesspk/DcQYYx7tts9.jpg,"Video by Jazz Business on August 20, 2026. May be an image of magazine, poster and text that says 'て ት Business GARAJ QUANTICA WORLD ENTREPRENEURS' DAY yo JAZZWORLD'.",
Jazz Business,adjacent,jazzbusinesspk,DcJRtrSDa9g,p,2026-08-17,post_page,9,no,"Some partnerships are about more than a signature on a page. Jazz Business and FPCCI have signed an MoU to bring enterprise-grade connectivity and digital solutions closer to Pakistan's SMEs, small traders, and women-led businesses. With FPCCI's network of 307 trade bodies representing over 600,000 businesses, this collaboration has the reach to make a real difference. Pakistan's SMEs deserve better access to the tools that help them grow. This is a step in that direction. #JazzBusiness #FPCCI #SMEs #DigitalPakistan #EnterpriseTech No comments yet. Start the conversation. 29 August 17",https://www.instagram.com/jazzbusinesspk/p/DcJRtrSDa9g/,media/jazzbusinesspk/DcJRtrSDa9g.jpg,"Photo by Jazz Business on August 17, 2026.",
Jazz Business,adjacent,jazzbusinesspk,DcDTX2gDV8E,p,2026-08-15,post_page,10,no,"Most sales teams know how to sell a connection. The bigger challenge is understanding the problem behind it and knowing how to solve it. Nauman Fakhar, Head of Enterprise Sales at Jazz Business, shares five takeaways on where enterprise sales is headed. From the hidden scale of the core business to moving beyond price and thinking like entrepreneurs, these perspectives offer a look at what it takes to create greater value for customers. Swipe through for the five leadership takeaways. #JazzBusiness #BizBuzzInsights #EnterpriseSales #LeadershipTakeaways atiqshahofficial 2w True, and your internet service has collapsed. Why don't you accept it? Like Reply shayaan_nauman 3w 🙌 Like Reply 43 2 August 15",https://www.instagram.com/jazzbusinesspk/p/DcDTX2gDV8E/,media/jazzbusinesspk/DcDTX2gDV8E.jpg,"Photo by Jazz Business on August 15, 2026. May be an image of text.",
Jazz Business,adjacent,jazzbusinesspk,DcAZ7b-DXx_,reel,2026-08-14,post_page,11,no,"Nations are shaped by the people who show up every day to build a better tomorrow. To the dreamers, the doers, and everyone making a difference: this day is yours. Happy 79th Independence Day, Pakistan. No comments yet. Start the conversation. 87 August 13",https://www.instagram.com/jazzbusinesspk/reel/DcAZ7b-DXx_/,media/jazzbusinesspk/DcAZ7b-DXx_.jpg,"Video by Jazz Business on August 13, 2026. May be an image of flag and text that says 'JzCla Jazz Business GARAJ QUANTICA When a business rises Pakistan rises Happy Independence Day jor JAZZWORLD'.",
Jazz Business,adjacent,jazzbusinesspk,Db5gQ6gNDO9,reel,2026-08-11,post_page,12,no,"Most enterprise sales teams know how to sell connectivity. But as the market moves beyond GSM, can they sell AI, IoT, and digital solutions with the same confidence? That’s the question Nauman Fakhar explores. In Episode 2 of Jazz Biz Buzz Insights, the Head of Enterprise Sales at Jazz Business sits down to talk about why the next decade won't be won on discounts, what connectivity really means for Pakistan's corporate landscape, and how entrepreneurial thinking is reshaping the way sales teams operate. Episode 2 is live. Watch now. #JazzBusiness #BizBuzzInsights #EnterpriseSales #DigitalPakistan #Leadership tsjuttt001 4w B",https://www.instagram.com/jazzbusinesspk/reel/Db5gQ6gNDO9/,media/jazzbusinesspk/Db5gQ6gNDO9.jpg,"Video by Jazz Business on August 11, 2026. May be a meme of ‎magazine, poster and ‎text that says '‎ع Jazz azZ 2G G Business GARAJ Jazz Biz Buzz Insights A Conversation with Nauman Fakhar Head of Enterprise Sales jor JAZZWORLD‎'‎‎.",
Jazz Business,adjacent,jazzbusinesspk,Dbsu3mkjbTF,p,2026-08-06,post_page,13,no,"Jazz Business now goes beyond connectivity to power the tools your team relies on every day. In partnership with GNext, Apple’s Authorized Distributor in Pakistan, we’re bringing the MacBook Neo to enterprise clients, backed by a 1-Year SHIELD Extended Warranty for added peace of mind. Equip your workforce with hardware built for performance. #JazzBusiness #DigitalTransformation #MacBookNeo #GNext No comments yet. Start the conversation. 5 August 6",https://www.instagram.com/jazzbusinesspk/p/Dbsu3mkjbTF/,media/jazzbusinesspk/Dbsu3mkjbTF.jpg,"Photo by Jazz Business on August 06, 2026. May be an image of screen, tablet, mouse pad and text that says 'Jazz Business Busi ness GNEXT Authorized Distributor MacBook Neo JAZZ BUSINESS' S FIRST ACOK OFFERING 256GB: PKR 259,49 PKR259,499 ,499 inclusive tax 512GB: PKR KR294,499 294, 94,499 inclusiva oftax SHIELD 1-Year Extended Warranty *Piaesineusisoardsale inclusive subject jor JAZZWORLD'.",
Jazz Business,adjacent,jazzbusinesspk,DbnbxjdDZyr,p,2026-08-04,post_page,14,no,"Five leadership principles. One perspective worth paying attention to. Mr. Babar Shahbaz shared the principles he believes distinguish organisations that merely respond to disruption from those that lead through it. From recognising early signals to understanding why the cost of waiting is greater than ever, these are the insights that stood out to us. Swipe through to explore all five. #JazzBusiness #BizBuzzInsights #DigitalTransformation #LeadershipTakeaways No comments yet. Start the conversation. 46 August 4",https://www.instagram.com/jazzbusinesspk/p/DbnbxjdDZyr/,media/jazzbusinesspk/DbnbxjdDZyr.jpg,"Photo by Jazz Business on August 04, 2026.",
Jazz Business,adjacent,jazzbusinesspk,DbTDeHntmpL,reel,2026-07-27,post_page,15,no,"Most enterprises know they need to transform. But what they don't know is where to start and how to do it without making the wrong decisions. As Jazz Biz Buzz Insights returns, Babar Shahbaz Ahmed sits down with us to talk about the realities of enterprise transformation in Pakistan. He discusses everything from legacy infrastructure and 5G adoption to AI use cases, and why proving value at a small scale before going big is almost always the smarter move. Episode 1 is live. Watch now! #JazzBusiness #BizBuzzInsights #DigitalPakistan #EnterpriseTech #BusinessLeadership faryalafb 3w 😮 Like Reply faryalafb 3w 😮😮😮😮😮😮 Like Reply faryalafb 3w 😮😮😮😮😮😮😮 Like Reply faryalafb 3w 😮😮😮😮😮😮😮😮😮 Like Reply faryalafb 3w 😮😮😮😮 Like Reply faryalafb 3w 😮 Like Reply faryalafb 3w 😮 Like Reply faryalafb 3w 😮 Like Reply faryalafb 3w 😮😮😮😮😮😮😮 Like Reply faryalafb 3w M. 😮😮😮😮😮😮😮😮😮😮😮😮",https://www.instagram.com/jazzbusinesspk/reel/DbTDeHntmpL/,media/jazzbusinesspk/DbTDeHntmpL.jpg,"Video by Jazz Business on July 27, 2026. May be a Twitter screenshot of poster, magazine and text that says 'លក្ហ Business azz IG G GARAJ Jazz Biz Buzz Insights A Conversation with Babar Shahbaz Head of Business Development Jazz Enterprise Solutions JAZZWORLD'.",
Jazz Business,adjacent,jazzbusinesspk,DbIrkaYjdc2,p,2026-07-23,post_page,16,no,"Biz Buzz is back, and this season, we’re diving deeper than ever. Jazz Biz Buzz Insights brings you sharp, focused conversations with the leaders and innovators shaping Pakistan's business and tech landscape. One guest. One topic. The insights you don't usually get access to. Coming live soon. Watch this space. #JazzBusiness #BizBuzz #DigitalPakistan #EnterpriseTech #BusinessLeadership No comments yet. Start the conversation. 42 July 23",https://www.instagram.com/jazzbusinesspk/p/DbIrkaYjdc2/,media/jazzbusinesspk/DbIrkaYjdc2.jpg,"Photo by Jazz Business on July 23, 2026. May be a graphic of one or more people, banner, magazine, poster and text that says 'Jazz Business Jazz Biz Buzz Insights JOIN THE CONVERSATIONS REDEFINING ENTERPRISE, INNOVATION AND AI Babar Shahbaz Head ofBusiness Development Beenish Wajih Technology Officer Nauman Fakhar Head Enterprise Sales WaqarAhmed Waqar Ahmed Heado fB2G Sales Central Junaid Sheikh VP, Products& cts& & Solutians COMINGSOON COMING SOON STAY STAYTUNED TUNED jo JAZZWORLD'.",
Jazz Business,adjacent,jazzbusinesspk,DbDgjmsDUvN,p,2026-07-21,post_page,17,no,"We are pleased to spotlight Syed Waqar Uddin, Principal Evangelist – Cloud & AI at Jazz Business. With over 15 years of experience in cloud, AI, enterprise architecture, and digital transformation, Waqar has been instrumental in helping organizations adopt scalable technologies and accelerate innovation. His expertise in bridging business strategy with technology enables enterprises to navigate complex transformation journeys with confidence. We look forward to the impact of his leadership as we continue empowering businesses with next-generation cloud and AI solutions. #JazzBusiness #LeadershipSpotlight #Cloud #ArtificialIntelligence #DigitalTransformation #Enterprise #Innovation #Leadership No comments yet. Start the conversation. 7 July 21",https://www.instagram.com/jazzbusinesspk/p/DbDgjmsDUvN/,media/jazzbusinesspk/DbDgjmsDUvN.jpg,"Photo by Jazz Business on July 21, 2026. May be an image of one or more people, beard, poster, magazine, suit and text that says 'lazz Business jwr JAZZWORLD LEADERSHIP: LEADERSHIPSPOTLIGHT SPOTLIGHT BUILDING BUSINESS VALUE THROUGH CLOUD & AI 15+ years of experience driving digital transformation, cloud adoption, enterprise architecture and strategic innovation, enabling organizations to build, scale and modernize with confidence. Syed Waqar Uddin Principal Evangelist- -Cloud & I Vision. Innovat",
Jazz Business,adjacent,jazzbusinesspk,DbA_RwQs_Yx,reel,2026-07-20,post_page,18,no,"Building momentum, together. Following our recent collaboration with @nutechpak, Jazz Enterprise was proud to participate in the Engineering the Future Open House and Student Projects Showcase. From AI and IoT to smart infrastructure and automation, it was inspiring to see the next generation of innovators tackling real-world challenges through technology. Strong industry-academia partnerships are essential to developing future-ready talent and accelerating Pakistan’s digital transformation journey. We look forward to continuing this collaboration and creating even more opportunities for innovation and impact. #JazzBusiness #NUTECH No comments yet. Start the conversation. 38 July 20",https://www.instagram.com/jazzbusinesspk/reel/DbA_RwQs_Yx/,media/jazzbusinesspk/DbA_RwQs_Yx.jpg,"Video by Jazz Business on July 20, 2026. May be an image of poster, magazine, dais and text that says 'lazz Business ®N AENA YUTECH ENGINEERING THE FUTURE SURCI ผวมคม'.",
Jazz Business,adjacent,jazzbusinesspk,Da7HE63jemM,p,2026-07-18,post_page,19,no,"We are pleased to welcome Waqar Ahmed as Head of B2G – Central, Jazz Enterprise. With extensive experience across enterprise technology and telecommunications, Waqar brings valuable expertise in building strategic partnerships and driving technology-led transformation. We look forward to the leadership and insights he will bring as we continue helping public sector organizations accelerate their digital transformation journeys. Welcome to the team, Waqar. #JazzBusiness #JazzEnterprise #B2G #DigitalTransformation #Leadership No comments yet. Start the conversation. 12 July 17",https://www.instagram.com/jazzbusinesspk/p/Da7HE63jemM/,media/jazzbusinesspk/Da7HE63jemM.jpg,"Photo by Jazz Business on July 17, 2026. May be an image of magazine, poster and text that says 'azz Business jor JAZZWORLD LEADERSHIP SPOTLIGHT BUILDING BUSINESS VALUE THROUGH TECHNOLOGY 26+ YEARS OF EXPERIENCE DRIVING ENTERPRISE TECHNOLOGY, STRATEGIC PARTNERSHIPS AND BUSINESS GROWTH, GROWTH,ENABLING ENABLING ORGANIZATIONS tO BUILD, SCALE AND TRANSFORM. Waqar Ahmed Head of B2G, Central Jazz Enterprise'.",
Jazz Business,adjacent,jazzbusinesspk,Da4yn4tjTmO,p,2026-07-17,post_page,20,no,"Celebrating our wins, our people, and the opportunities ahead. Our Quarterly Townhall brought teams together to reflect on key achievements and milestones from the year so far, celebrate outstanding business performance and employee contributions, and align on our priorities for the remainder of the year. A valuable opportunity to connect, share perspectives, and build momentum as we continue driving growth and delivering impact together. #JazzBusiness #QuarterlyTownhall No comments yet. Start the conversation. 73 July 17",https://www.instagram.com/jazzbusinesspk/p/Da4yn4tjTmO/,media/jazzbusinesspk/Da4yn4tjTmO.jpg,"Photo by Jazz Business on July 17, 2026.",
Jazz Business,adjacent,jazzbusinesspk,DazwhOzNoE6,reel,2026-07-15,alt_text,21,no,,https://www.instagram.com/jazzbusinesspk/reel/DazwhOzNoE6/,media/jazzbusinesspk/DazwhOzNoE6.jpg,"Video by Jazz Business on July 15, 2026. May be an image of ‎tower and ‎text that says '‎Jazz G Business GARAJ QUANTICA Every skill adds to something bigger. 20虎 مارکه CYBERSECURITY गुफ़ CLOUD 湾 ד0ם LEADERSHIP COLLABORATION CONNECTIVITY INNOVATION COMMUNICATION 最 DATA INTELLIGENCE CE TELLIGEN Unill ឆ PERSONAL GROWTH AИИЛИCyUOЙ ИЛErTOEИC OMOЛЛH JAZZWORLD‎'‎‎.",
Jazz Business,adjacent,jazzbusinesspk,Dap1ZGzjV0W,p,2026-07-11,post_page,22,no,"Strategic partnerships are key to accelerating digital transformation. It was a pleasure to be part of a collaboration session between Huawei Enterprise and Jazz Business, where we explored opportunities to strengthen our strategic alignment and drive Pakistan's digital future. From account mapping and joint go-to-market strategies to industry-specific ICT solutions, the discussions focused on combining Huawei's technology leadership with Jazz Business' enterprise expertise to deliver greater value across the public and private sectors. Looking forward to turning these conversations into impactful initiatives that help shape Pakistan's digital ecosystem. #jazzbusiness #huawei No comments yet. Start the conversation. 13 July 11",https://www.instagram.com/jazzbusinesspk/p/Dap1ZGzjV0W/,media/jazzbusinesspk/Dap1ZGzjV0W.jpg,"Photo by Jazz Business on July 11, 2026.",
Jazz Business,adjacent,jazzbusinesspk,DakIvTLDQja,p,2026-07-09,post_page,23,no,"A partnership built to keep Pakistan moving. We're proud to partner with foodpanda to deliver a customised connectivity solution designed for its nationwide rider network, keeping thousands of riders seamlessly connected as they power deliveries across Pakistan. This marks the first milestone in a broader collaboration, with both organisations exploring innovative digital solutions to enhance operational efficiency, strengthen the rider ecosystem, and accelerate digital transformation. Together, we're creating customer-centric enterprise solutions that solve real business challenges through innovation, flexibility, and scale, and we're excited for what comes next. #JazzBusiness #Foodpanda #Collaboration No comments yet. Start the conversation. 33 July 9",https://www.instagram.com/jazzbusinesspk/p/DakIvTLDQja/,media/jazzbusinesspk/DakIvTLDQja.jpg,"Photo by Jazz Business on July 09, 2026.",
Zong,adjacent,zong.official,DdHERBDI5J1,p,2026-09-10,post_page,0,yes,"📱✨ The wait is almost over. Always at the forefront of technology, Zong is bringing the latest iPhone to you very soon in collaboration with Mercantile Stay tuned for more updates #Zong5G #AisaHaiFuture #iPhone18 #ComingSoon #Pakistan shahzadasadislamgmail.com2 51m Wonderful Like Reply sameer.ibrahim26 17h Rs Like Reply ffsmarthub_rwp.isb 19h Rate ???? Like Reply 145 6 20 hours ago",https://www.instagram.com/zong.official/p/DdHERBDI5J1/,media/zong.official/DdHERBDI5J1.jpg,"Photo by Zong 5G on September 10, 2026. May be an image of phone, battery and text that says 'ZONG 5G Aisa Hai Future COMING SOON WITH ZONG 5G ZONG iPhone 18 Pro 中国移动 ChinaMobile China Mobile 310 11 11 zon zong.com.p 3101112211/z0ng.co.pk g.co com pk . paly. mercantile'.",
Zong,adjacent,zong.official,DdG8aWJowAd,p,2026-09-10,post_page,1,yes,"Make more of every moment with Zong 5G. 🌴📱✨ From streaming your favourite music and sharing your holiday moments to staying connected with loved ones, video calling, scrolling, gaming, and keeping up with what matters — experience it all with the power of Zong 5G. Wherever the moment takes you, stay connected and make more of it. 💚💗 #Zong5G #AisaHaiFuture #MakeMoreOfEveryMoment #StayConnected #Zong No comments yet. Start the conversation. 5 21 hours ago",https://www.instagram.com/zong.official/p/DdG8aWJowAd/,media/zong.official/DdG8aWJowAd.jpg,"Photo by Zong 5G on September 10, 2026. May be an image of phone, tablet and text.",
Zong,adjacent,zong.official,DdGSthoo1jI,p,2026-09-10,post_page,2,yes,"📱✨ Everything you need for a week, all in one bundle! Get 100 GB plus unlimited calls & SMS with Weekly Digital Max for just Rs. 750 Load. 💚💗 Subscribe easily through My Zong App and make the most of your week! 🚀 #Zong5G #WeeklyDigitalMax #MyZongApp #AisaHaiFuture No comments yet. Start the conversation. 5 1 day ago",https://www.instagram.com/zong.official/p/DdGSthoo1jI/,media/zong.official/DdGSthoo1jI.jpg,"Photo by Zong 5G on September 10, 2026. May be an image of phone, magazine, tablet and text that says 'Aisa Hai Future ZONG 5G WEEKLY DIGITAL MAX 100 GB Unlimited Calls & SMS Rs. 750 Load 中国移动 China ChinaMobile Mobile 310|111222111|zong.com.pk 111222 112 2221 1111 zon 310 |111 ang- a.c zong.con com pk Terms TemmsandCardtensAppy Subscribe Subscribethrough through My MyZongApp Zong App'.",
Zong,adjacent,zong.official,DdEZd7QoNNu,p,2026-09-09,post_page,3,no,"Turn every idea into something worth sharing with Zong 5G. Whether you’re creating, exploring or sharing what matters to you, Zong 5G is here to make every moment more seamless. 💚💗 #Zong5G #AisaHaiFuture #CreateMore #ShareMore #FutureReady No comments yet. Start the conversation. 7 1 day ago",https://www.instagram.com/zong.official/p/DdEZd7QoNNu/,media/zong.official/DdEZd7QoNNu.jpg,"Photo by Zong 5G on September 09, 2026. May be a cartoon of screen, phone, poster, tablet and text.",
Zong,adjacent,zong.official,DdB4um-CID5,p,2026-09-08,post_page,4,no,"📚✨ This International Literacy Day, we’re celebrating learning that opens doors to brighter futures. Through the Zong Digital Scholars Program, we’re bringing AI-powered learning, gamified content and digital tutoring to classrooms across Pakistan. 💻 🌍 50,000+ students reached 🏫 300+ schools 📍 35 cities 👩‍🏫 120+ teachers trained #AisaHaiFuture #ZongDigitalScholars #LiteracyDay #Zong5G No comments yet. Start the conversation. 11 2 days ago",https://www.instagram.com/zong.official/p/DdB4um-CID5/,media/zong.official/DdB4um-CID5.jpg,"Photo by Zong 5G on September 08, 2026.",
Zong,adjacent,zong.official,DdBu7H9I-sD,p,2026-09-08,post_page,5,no,"Get 200 GB + Unlimited Calls & SMS with Monthly Pro Max Plus for just Rs. 2,800 Load. 💚📱 Stream, scroll, call and text all month long. Subscribe now via My Zong App.📱🙌 #Zong #MonthlyProMaxPlus #MyZongApp #AisaHaiFuture No comments yet. Start the conversation. 9 2 days ago",https://www.instagram.com/zong.official/p/DdBu7H9I-sD/,media/zong.official/DdBu7H9I-sD.jpg,"Photo by Zong 5G on September 08, 2026. May be an image of phone, magazine, screen and text that says 'Aisa Hai Future ZONG 5G MONTHLY PRO MAX PLUS 200 GB Unlimited Calls Rs.2,800 & SMS Rs. Load 2,800 Subscribe through MyZongApp My Zong Golootlo ZONGTV 310 11 3101112112ng.com 122 222 11 111 zong com. pk TemmsandCardtansAppiy MOBILE INSURANCE 中国移动 China Mobile'.",
Zong,adjacent,zong.official,Dc_LiORCCDX,p,2026-09-07,post_page,6,no,"This Clean Air Day, Zong continues to support a greener future by making more sustainable choices. 🌱💚 Let’s make mindful choices, care for our surroundings and play our part in creating healthier spaces for everyone. 🌍✨ #CleanAirDay #CleanAirForBlueSkies #Sustainability #Zong5G #AisaHaiFuture inayatullah744 3d Ye zong sim kase malom krna ho gah i mean number ka pata ke kon sa number h Like Reply 8 3 3 days ago",https://www.instagram.com/zong.official/p/Dc_LiORCCDX/,media/zong.official/Dc_LiORCCDX.jpg,"Photo by Zong 5G on September 07, 2026.",
Zong,adjacent,zong.official,Dc-2JPVI9PT,p,2026-09-07,post_page,7,no,"Why settle for ordinary when you can get offers made just for you? ✨ Discover personalized deals at Bachat Bazaar with bundles starting from just Rs. 5, and pick the one that fits your needs! 🛍️📱💸 Explore your exclusive offers on My Zong App today! ⚡💚 #Zong5G #BachatBazaar #MyZongApp #AisaHaiFuture No comments yet. Start the conversation. 6 4 days ago",https://www.instagram.com/zong.official/p/Dc-2JPVI9PT/,media/zong.official/Dc-2JPVI9PT.jpg,"Photo by Zong 5G on September 07, 2026. May be an image of poster, magazine and text.",
Zong,adjacent,zong.official,Dc7vKYkjjkX,p,2026-09-06,post_page,8,no,"This Defence Day, we salute the brave hearts who stand strong for Pakistan and its people. 🫡 💚✨ Defending our pride, shaping our future with Zong 5G💚 #Zong5G #DefenceDay #AisaHaiFuture No comments yet. Start the conversation. 19 5 days ago",https://www.instagram.com/zong.official/p/Dc7vKYkjjkX/,media/zong.official/Dc7vKYkjjkX.jpg,"Photo by Zong 5G on September 05, 2026. May be an image of poster and text that says 'ZONG 5G Aisa Hai Future DEFENDING OUR PRIDE SHAPING OUR FUTURE በት 睛 310| 310|112111/zong.com.ik pk 11 211 222 111 11| zong com. ยแคว and 中国移动 ChinaMobile China Mobile'.",
Zong,adjacent,zong.official,Dc5_iWls7by,reel,2026-09-05,post_page,9,no,"An unused or recycled SIM number can expose your social media and financial accounts to unauthorized access. Keep your mobile number updated, remove old links, and enable strong security features to safeguard your identity, finances, and legal standing. #SIMSecurity #DigitalSafety #CyberAwareness #StaySecure #OnlineProtection IdentitySafety MobileSecurity CyberHygiene DataProtection PublicAdvisory mehboobarainjahanian 1d 💕💕💕 Like Reply imranahmed3644 1d aisa kuch nh nh hota ha wo number jb tak ap Apne nam se hatwa nhi dete tb tak company kise ko nh deti Like Reply shehrozearain138 4d 😍😍😍 Like Reply shehrozearain138 4d ❤️❤️❤️ Like Reply shehzadakhan213 5d 😂😂😂😂😂 Like Reply waqasashraf778 5d What if someone is in abroad? Like Reply itx_mr5 5d PTA Divce Register new update Like Reply 50 7 5 days ago",https://www.instagram.com/ptaofficialpk/reel/Dc5_iWls7by/,media/zong.official/Dc5_iWls7by.jpg,"Video by PTA on September 05, 2026. May be an image of ‎poster, card and ‎text that says '‎PΤΑ پبلک ایڈوائزری 떄 ပိ اور ڈیجیٹل سماورڈہجھیٹل اکاؤ ونٹس کا تحفظ www.pta.gov.pk www. محتاط یں محتاطریں۔ھویں PTAOfficialPK 00..... ذیجیثل دنیا میں محفوظ قدم بی ہینیاک‎'‎‎.",ptaofficialpk
Zong,adjacent,zong.official,Dc5spYPkZmE,p,2026-09-05,post_page,10,no,Make every recharge more rewarding with Z Wallet on My Zong App!💸⚡ Top up through My Zong App and enjoy cashback. 📱✨ #Zong5G #ZWallet #MyZongApp #DigitalPayments #AisaHaiFuture wasi.i0786 5d Nehayat ee ghtya network almost 4 months se sms kr rha hn complaints kr rha follow up koe improvement ni or jo solution hai ek woh b ni kr rhe pehly chat history check krlein dm m reply krdein Like Reply 10 4 6 days ago,https://www.instagram.com/zong.official/p/Dc5spYPkZmE/,media/zong.official/Dc5spYPkZmE.jpg,"Photo by Zong 5G on September 05, 2026. May be an image of phone, cash machine and text.",
Zong,adjacent,zong.official,Dc3GaiJIKMG,p,2026-09-04,post_page,11,no,"Find the right bundle for your needs on Bachat Bazaar, with options starting from just Rs. 5 and enjoy more value with every recharge. 🛍️📱 Explore Bachat Bazaar on My Zong App and make every recharge count! 💚 #Zong5G #BachatBazaar #MyZongApp #AisaHaiFuture nasir.ramzan.chachar 6d Details DM Kii hai ab Meinnae Bola Hai Mery pass evidence hai Kam na kerny Ka evidence Hai ab reply Nhi Ker Rahai Hoo reply Kroo bhenchod Like Reply 10 1 7 days ago",https://www.instagram.com/zong.official/p/Dc3GaiJIKMG/,media/zong.official/Dc3GaiJIKMG.jpg,"Photo by Zong 5G on September 04, 2026. May be an image of poster and text.",
Zong,adjacent,zong.official,Dc0nJJHiPg1,p,2026-09-03,post_page,12,no,"Recharge, buy bundle and get rewarded with Z Wallet! ⚡💸 From easy payments to exciting cashback, your everyday mobile needs just got more rewarding. 📱✨ #ZWallet #Zong5G #Cashback #RechargeAndEarn #AisaHaiFuture zulfiqar_ali__7 1w Mkc bsdk 4g chl nhi rha aur 5g k sapne zaleel kia hua hai na net ata hai na apko shrm Like Reply 13 4 September 3",https://www.instagram.com/zong.official/p/Dc0nJJHiPg1/,media/zong.official/Dc0nJJHiPg1.jpg,"Photo by Zong 5G on September 03, 2026.",
Zong,adjacent,zong.official,Dc0N7dFoVP4,p,2026-09-03,post_page,13,no,"The future of Pakistan is defined by bold ideas, big ambition, and big wins. 🐉🏆🇵🇰 With 5 BIG WINS at the 2026 Dragons of Pakistan, Zong 5G is taking Pakistani creativity and innovation to new heights. #Zong5G #AisaHaiFuture #DragonsOfPakistan #5BigWins No comments yet. Start the conversation. 22 September 3",https://www.instagram.com/zong.official/p/Dc0N7dFoVP4/,media/zong.official/Dc0N7dFoVP4.jpg,"Photo by Zong 5G on September 03, 2026. May be an image of card, wafer, magazine, poster and text that says 'ZONG Aisa Hai Future ACING THE YEAR OF 5G WITH 5 BIG WINS MAA PMAA BRONZE DRAGONS PAKISTAN Canngary MAA 2026 PMAA PMAA 2026 GOLD Caagany DRAGONS OFPAKISTAN COL DRAGONS PAKISTAN င့ာ်မန်ုန bveenutteteen 2026 2026 . BLACK LHAGON XON DRAGONSO PAKISTAN 310|11122 310| 222 11 |zong 310|1112211/zong.com.pk com pk Term&snd ConditionsApply DRAGONSO PAKISTAN 中国移动 ChinaMobile China Mobile'.",
Zong,adjacent,zong.official,DcymX9IsllR,reel,2026-09-02,post_page,14,no,"Jazz aur Zarr mil kar hazaron customers ke saath kya kar rahe hain? Logon se advance payment li ja rahi hai, lekin 2–2 mahine guzrne ke baad bhi orders deliver nahi kiye ja rahe. Upar se Jazz inki promotion kar raha hai. 🤦‍♂️ Agar itni complaints ke bawajood bhi action nahi ho raha to PTA ko bhi jawab dena chahiye ke in complaints ka notice kyun nahi liya ja raha? Pehle customers ke paise aur orders ka hisaab do, phir promotion karo. Sharam honi chahiye! Like Reply zahidrimsha085 2d Jazz aur Zarr mil kar hazaron customers ke saath kya kar rahe hain? Logon se advance payment li ja rahi hai, lekin 2–2 mahine guzrne ke baad bhi orders deliver nahi kiye ja rahe. Upar se Jazz inki promotion kar raha hai. 🤦‍♂️ Agar itni complaints ke bawajood bhi action nahi ho raha to PTA ko bhi jawab dena chahiye ke in complaints ka notice kyun nahi liya ja raha? Pehle customers ke paise aur orders ka hisaab",https://www.instagram.com/ptaofficialpk/reel/DcymX9IsllR/,media/zong.official/DcymX9IsllR.jpg,"Video by PTA on September 02, 2026. May be an image of ‎screen, tablet, poster and ‎text that says '‎PUBLIC PΤΑ ADVISORY SIM SECURITY AND DIGITAL SAFETY PROTECT YOUR IDENTITY, FINANCES AND LEGAL STANDING. www.pta.gov.pk 0000... PTAOfficialPK تیا بي قدم محفوظ میں دنیا ذيجيتل‎'‎‎.",ptaofficialpk
Zong,adjacent,zong.official,Dcx-IZSoadW,p,2026-09-02,post_page,15,no,"Save more while getting the bundles you need! 💚📱 With Bachat Bazaar, choose from a range of bundles starting from just Rs. 5, made for every need. 🛍️✨ Find your perfect bundle on My Zong App! 💰💚 #Zong5G #BachatBazaar #MyZongApp #AisaHaiFuture No comments yet. Start the conversation. 7 September 2",https://www.instagram.com/zong.official/p/Dcx-IZSoadW/,media/zong.official/Dcx-IZSoadW.jpg,"Photo by Zong 5G on September 02, 2026. May be an image of poster and text.",
Zong,adjacent,zong.official,DcvZaS4CPSL,p,2026-09-01,post_page,16,no,"The more you save, the more you earn with Z Wallet on My Zong App. 💚💰 Your eligible balance can earn you weekly cash rewards. Start saving and make your balance work for you! 📲✨ #ZWallet #CashRewards #Zong5G #AisaHaiFuture wajid27453 1w Hi Like Reply 19 1 September 1",https://www.instagram.com/zong.official/p/DcvZaS4CPSL/,media/zong.official/DcvZaS4CPSL.jpg,"Photo by Zong 5G on September 01, 2026.",
Zong,adjacent,zong.official,Dcs7qeDiLPA,p,2026-08-31,post_page,17,no,"5 Dragons. One incredible win. 🐉🏆 Zong celebrates its success at the Dragons of Asia 2026, recognising the creative excellence, dedication, and ideas that continue to set new benchmarks. #Zong5G #AisaHaiFuture #DragonsOfPakistan #DragonsOfAsia #5BigWins haris009.ahmed 4d Internet speed in Karachi is very worst now days... Like Reply nagina.majeed.667 6d Ghatiya Treen Network Hai Zong Pakistan Ka Zong Ka Licence Khatam Karoo Like Reply mohammadzohaibkhan 1w Lol,getting awarded for the shittiest network of Pakistan. Like Reply rubab_hayat 1w 🙌 simply amazing Like Reply 105 7 August 31",https://www.instagram.com/zong.official/p/Dcs7qeDiLPA/,media/zong.official/Dcs7qeDiLPA.jpg,"Photo by Zong 5G on August 31, 2026.",
Zong,adjacent,zong.official,Dcs099iIT7T,p,2026-08-31,post_page,18,no,Need a little extra balance? 📱 Get Double Advance Loan when you need it most for Rs. 120 Load only. ✨ Avail now through My Zong App and stay connected without the worry. #Zong5G #KyunKeAisaHaiFuture #MyZongApp #AdvanceLoan No comments yet. Start the conversation. 9 August 31,https://www.instagram.com/zong.official/p/Dcs099iIT7T/,media/zong.official/Dcs099iIT7T.jpg,"Photo by Zong 5G on August 31, 2026. May be an image of money, cash machine, card, poster and text that says 'Aisa Hai Future ZONG 5G GET 2 ADVANCE LOAN Get double advance loan with Zong ผองดอม 404 AND DE あみ地 -ad 164.13 M -k5円 စ Rs. Rs.120 Rs. Rs.G0 60 Load Only 120 o 安 中国移动 China Mobile 310| 111 222 111 zong. ong.com.pk 310/111222111|zong.com.pk com andConaitiotsA Avail Through My ZongApp App Zong'.",
Zong,adjacent,zong.official,DcqP5tCjEVO,p,2026-08-30,post_page,19,no,"Your everyday essentials, made simpler with My Zong App. 💚📲 Whether you’re topping up, managing your payments, or staying connected, My Zong App puts convenience right at your fingertips. ✨ #Zong5G #MyZongApp #ZWallet #AisaHaiFuture mbilalzaheer438 1w They are deducting my balance I have r charged 200 rs not even use they message me everyday ck gats you won 500 mb 200mb resulting in after 3 weeks I have not used any single resource my balance remains zero @ptaofficialpk Like Reply 13 4 August 30",https://www.instagram.com/zong.official/p/DcqP5tCjEVO/,media/zong.official/DcqP5tCjEVO.jpg,"Photo by Zong 5G on August 30, 2026. May be an image of card, cash machine and text that says 'WALLET ZONG 5G Afsa Hai Future DO MORE WITH MY ZONG APP Pay, Recharge Get Bundles Instantly e Hello, Enclave 22.3°c aCE FeelsShe22.0°C 75.6PKR 2006 Recharge GetR.60 WALLET PAY, TRANSFERA AND SHOP ZONG 5G Explore Now 27255Mm 2491 MINS Tofle sotive 609M Zalles mOBиe Make Ow eBundie undle tafler actie Bachat 日製 Zong i da だ 中国移动 China ChinaMobi Mobile 310 1112 10|111222111| 222111 zong.com.pk Trmsan#Confit",
Zong,adjacent,zong.official,Dcnr38IIUiB,p,2026-08-29,post_page,20,no,"Why switch between apps when you can have more of what you love in one place? 💚🎮📲 Z Wallet is built into Pakistan’s first all-in-one app, making digital payments simple and accessible. 💸📲 #Zong5G #MyZongApp #ZWallet #AisaHaiFuture No comments yet. Start the conversation. 16 1 August 29",https://www.instagram.com/zong.official/p/Dcnr38IIUiB/,media/zong.official/Dcnr38IIUiB.jpg,"Photo by Zong 5G on August 29, 2026. May be an image of phone, cash machine, card, tablet, poster and text.",
Zong,adjacent,zong.official,DclZ8OBTwk1,p,2026-08-28,post_page,21,no,"Experience the future with Galaxy AI on the Samsung Galaxy S26 Series and get benefits worth PKR 36,100/- including: ⌚ FREE Galaxy Fit3 💚 200GB Zong 5G Data 📞 Unlimited Calls & SMS Available at Zong Customer Service Center Karachi, Lahore & Islamabad. #Zong5G #SamsungGalaxyS26 #AisaHaiFuture #AisaHaiFuturePakistanKa altafhussain3770 1w Subject: Zong Internet Service Complaint السلام علیکم، میرے Zong نمبر پر انٹرنیٹ سروس صحیح طریقے سے کام نہیں کر رہی۔ موبائل ڈیٹا آن ہونے کے باوجود انٹرنیٹ بہت سست ہے یا بالکل نہیں چل رہا۔ براہِ کرم میرے نمبر اور علاقے میں نیٹ ورک/انٹرنیٹ سروس چیک کرکے مسئلہ جلد حل کریں۔ شکریہ۔ Like Reply 19 3 August 28",https://www.instagram.com/zong.official/p/DclZ8OBTwk1/,media/zong.official/DclZ8OBTwk1.jpg,"Photo by Zong 5G on August 28, 2026. May be an image of screen, phone, tablet and text that says 'ZONG 5G Aisa Hai Future Experience Galaxy AI with Zong 5G on Samsung Galaxy S26 Ultra 1.2 TB 5G Data Valid months GalaxyAl Galaxy AI Privacy PrivacyDisplay Display Nightography Horizontal Lock 中国移动 China ChinaMobile 310|1112211|zong.com.pk fmuamiCardikm/pl dCardteraApply 310| 11222 222 111 |zor zong.ct pk'.",
Zong,adjacent,zong.official,Dck3m6-sfpM,reel,2026-08-28,post_page,22,no,"Experience the convenience of SIMVORA eSIM Internet — no physical SIM required! Simply get your eSIM, scan the QR code, and connect to fast 4G internet on a compatible device. 🌐 Use mobile internet without waiting for PTA approval 📲 Instant QR activation ⚡ Fast & reliable 4G connectivity 🇵🇰 Coverage across Pakistan 💰 Affordable packages starting from just Rs. 450 No SIM swapping. No hassle. Just scan, connect & enjoy your internet. 🔥 📲 Order your SIMVORA eSIM on WhatsApp: 0327 4198226 SIMVORA — Connecting You, Anywhere. 💙💜 Like Reply mr.siyal360 1w `Hi Jazz, I activated we5fantastic sharing package today from 0348 3083330. But 1 slot is still locked. 111 and WhatsApp not responding. Please help unlock slot. Screenshot attached. Like Reply altafhussain3770 1w Subject: Zong Internet Service Complaint السلام علیکم، میرے Zong نمبر پر انٹرنیٹ سروس صحیح طریقے سے کام نہیں کر رہی۔ موبائل ڈیٹا آن",https://www.instagram.com/ptaofficialpk/reel/Dck3m6-sfpM/,media/zong.official/Dck3m6-sfpM.jpg,"Video by PTA on August 28, 2026. May be an image of text that says 'PTA Public Advisory on SIM Security and Digital Account Safety'.",ptaofficialpk
Zong,adjacent,zong.official,Dci4Z7roYj4,p,2026-08-27,post_page,23,no,Your gaming bundle just got an anime upgrade! 🎮🔥 Get the Zong Gaming Bundle for Rs. 650 and redeem 60 UC via Quick Topups for a chance to win limited Naruto outfits! ⚡ Subscribe now through My Zong App 🎯 #Zong5G #PUBGMobile #Naruto #GamingBundle #AisaHaiFuture altafhussain3770 1w Subject: Zong Internet Service Complaint السلام علیکم، میرے Zong نمبر پر انٹرنیٹ سروس صحیح طریقے سے کام نہیں کر رہی۔ موبائل ڈیٹا آن ہونے کے باوجود انٹرنیٹ بہت سست ہے یا بالکل نہیں چل رہا۔ براہِ کرم میرے نمبر اور علاقے میں نیٹ ورک/انٹرنیٹ سروس چیک کرکے مسئلہ جلد حل کریں۔ شکریہ۔ Like Reply 13 3 August 27,https://www.instagram.com/zong.official/p/Dci4Z7roYj4/,media/zong.official/Dci4Z7roYj4.jpg,"Photo by Zong 5G on August 27, 2026. May be an image of card and text that says 'ZONG 5G Aisa Hai Future ZONG GAMING BUNDLE GOT BETTER WITH NARUTO OUTFITS 60 UC Voucher on QUICK Pawering Digital nQUICKTOPUPS Play TOPUPS Per Month Rs. 650 Load PUBG Subscribe through My Zong App 中国移动 ChinaMobile China 310|11 310|111222111|zo 1222 |zong.com 310|111222111/20ng.com.pk pk wmowd/Carei6arsph PUBG MOBILE'.",
Ufone,adjacent,ufone_official,DcoGi5xKJ1V,reel,2026-08-29,post_page,0,yes,first of all the network doesn't work at all... 2nd if you merge with another useless company it will go more slow... and 3rd there is no ufone service in rawalpindi today... Like Reply primaclicks 1w good ad Like Reply onlineclothes482 1w Internet speed is very very poor slow in Rawalpindi Like Reply mansuraslam_ 1w Brilliant 👏 Like Reply haniflaiqzada 1w U& Pakistan Like Reply can_you_see_me_1988 1w Ufone is slow in my area and the Ufone app doesn't open without wifi connection sometimes it opens 😕 without wifi too I just have to claim free rewards ... Damn I be here on complain crazy shi on insta account rather than filling complain on thier Gmail or franchise 😭 Like Reply call_me_panda804 1w Lahore ma kab tk hoga nd kin areas ma ho chuka details plz baki sab cities ki ati ha lahore ki nahr Like Reply usufbaloch 1w e& Pakistan Like Reply emteeaitch 1w Reveal kr bhi do ab Like Reply na,https://www.instagram.com/ufone_official/reel/DcoGi5xKJ1V/,media/ufone_official/DcoGi5xKJ1V.jpg,"Video by Ufone 5G on August 29, 2026. May be an image of text that says 'ufone 5G telenor telenor5G 5G ARE YOU READY FOR MORE?'.",
Ufone,adjacent,ufone_official,DXy3Ba9KuaX,reel,2026-05-01,post_page,1,yes,Awesome 😮 Like Reply usmanwasifi 10w 062726-1201 is my complaint id and it's 4th day that still they are telling me to wait 120 hours bull shit service highly unsatisfactory and not recomended to anyone. Like Reply aimiofficial_777 10w Hahahahahhahahaha amazing😂😂😂😂😂 Like Reply bchibicha_aish 10w ❤️ Like Reply muhammad_m5_f90 11w Best ad ever Like Reply saffiullah737 11w Like 6000 but views🔥🔥 Like Reply fahmeenaaman 12w 🔥🔥🔥🔥 Like Reply salman._.s24_ 13w Aap donon ki film a jaaye kya baat hai maja a jaega,https://www.instagram.com/ufone_official/reel/DXy3Ba9KuaX/,media/ufone_official/DXy3Ba9KuaX.jpg,"Video by Ufone 5G on May 01, 2026.",
Ufone,adjacent,ufone_official,DX1sBPYDIsO,p,2026-05-02,post_page,2,yes,BS package Ka rate dubble kerdo or Internet chal ta he nahe Like Reply asadali45556 8w Ma zong se ufone per Aya net k liye trust me ufone ka pahly din se itna ghatiya internet ha abi b inka 4g nai a raha h+ per a rha,https://www.instagram.com/ufone_official/p/DX1sBPYDIsO/,media/ufone_official/DX1sBPYDIsO.jpg,"Photo by Ufone 5G on May 02, 2026.",
Ufone,adjacent,ufone_official,DdJIrKJKhLG,p,2026-09-11,post_page,3,no,"From timeless tunes to the people and moments we love, stay connected to whatever keeps you going. 💚 #Ufone #StayConnected #80sTrend alpha_boy776600 48m 😂😂😂😂😂😂 Like Reply 9 1 55 minutes ago",https://www.instagram.com/ufone_official/p/DdJIrKJKhLG/,media/ufone_official/DdJIrKJKhLG.jpg,"Photo by Ufone 5G on September 11, 2026. May be an image of guitar, poster, banjo and text that says 'MUSIC PEOPLE BETTER DAYS Whatever conrected love, you stay to toit, 雲 Rhkr'.",
Ufone,adjacent,ufone_official,DdG_4deq2tI,p,2026-09-10,post_page,4,no,"Dialling back to the ’80s. ☎️✨ #Ufone #Telenor #80sTrend tahiraziz127 3h Allah da wasta wa jaldi merge ho jao zalil hogy hain Like Reply zaheerahmed092 20h Ufone Pakistan ka Number 1 network hay,balance pee janay me 🙃 Like Reply 69 3 20 hours ago",https://www.instagram.com/ufone_official/p/DdG_4deq2tI/,media/ufone_official/DdG_4deq2tI.jpg,"Photo by Ufone 5G on September 10, 2026. May be an image of sunglasses, poster, portable cassette player and text that says 'Some Never CoииecToи GetOld'.",
Ufone,adjacent,ufone_official,DdGoJwLj14f,p,2026-09-10,post_page,5,no,Serving 80s nostalgia with a connection that never gets old. 📞✨ #Ufone #Telenor #80sTrend No comments yet. Start the conversation. 76 1 day ago,https://www.instagram.com/ufone_official/p/DdGoJwLj14f/,media/ufone_official/DdGoJwLj14f.jpg,"Photo by Ufone 5G on September 10, 2026. May be an image of ‎poster and ‎text that says '‎ufone ufone|Ttelenor ل telenor Old Timeless Times, Connections EXTRAS 40 和豆は店 森者 0G 日力 0 PR DB CONNECTED‎'‎‎.",
Ufone,adjacent,ufone_official,Dc8nL9yqMIS,p,2026-09-06,post_page,6,no,"This Defence Day, we honour the heroes who keep our nation moving forward. Remembering their courage that protects our today and inspires our tomorrow. #DefenceDay #Pakistan #Ufone5G umer_dk4 1d Your network literally sucks do something about it . Like Reply hassankayanii_ 3d Signal half hain. Net na hony k barabar hai ufone bhai. Like Reply 35 10 4 days ago",https://www.instagram.com/ufone_official/p/Dc8nL9yqMIS/,media/ufone_official/Dc8nL9yqMIS.jpg,"Photo by Ufone 5G on September 06, 2026. May be an image of poster, flag, magazine and text that says 'ufone 5G telenor 5G SEPTEMBER DEFENCE DAY Honouring the courage that keeps our nation moving forward.'.",
Ufone,adjacent,ufone_official,Dcq8suvgNLc,p,2026-08-30,post_page,7,no,"A proud night, made 9 times more memorable. 🏆 Ufone & Telenor collectively brought home 9 Dragons, the highest award tally in telecom at Dragons of Pakistan 2026, which recognises outstanding creativity and effectiveness in marketing communications. #DragonsOfPakistan2026 #Ufone #Telenor No comments yet. Start the conversation. 72 1 August 30",https://www.instagram.com/ufone_official/p/Dcq8suvgNLc/,media/ufone_official/Dcq8suvgNLc.jpg,"Photo by Ufone 5G on August 30, 2026. May be an image of ‎fragrance, poster, magazine and ‎text that says '‎ufone 5G lenar 5G DRAGONS OF PAKISTAN 2026 RECOGNITION T REFLECTS RELENTLESS PURSUIT 9 THE MOST AWARDED IN THE TELECOM CATEGORY 2 DRAGONS 2 SILVER DRAGONS 5 DRAGONS GOD FPAKISTAN 2026 DRAGONS 0O0 OFPAKISTAN 2026 DRAGONS 2026 2026 သမ်တတတ် 2026 2026 BLACK Μι6α Meto re FLACK 2026 Digial 2026 DRACONSOFPAKISTAN EιO PuefcPelciions ماففااحت .、 CRAGONSFPAKISTAN DRAGONS Contere Creation B maBudget ",
Ufone,adjacent,ufone_official,DcAyRIFCnT8,p,2026-08-14,post_page,8,no,"A country’s future is shaped by the people who dare to imagine it, build it and believe in it. 🇵🇰 This Independence Day, let’s celebrate the spirit that keeps Pakistan moving forward - and ask ourselves: What more will you do for Pakistan’s future? 💚 #Ufone5G #Telenor5G #Pakistan #IndependenceDay No comments yet. Start the conversation. 53 1 August 14",https://www.instagram.com/ufone_official/p/DcAyRIFCnT8/,media/ufone_official/DcAyRIFCnT8.jpg,"Photo by Ufone 5G on August 14, 2026.",
Ufone,adjacent,ufone_official,DcAonJjG1_S,p,2026-08-14,post_page,9,no,"A Pakistan built on more dreams, more possibilities, and the courage to go for more. 💚 This Independence Day, we celebrate the people who keep moving Pakistan forward - together, connected, and always reaching for what’s next. Happy Independence Day! 🇵🇰 #Ufone5G #Telenor5G #14thAugust #IndependenceDay shehrozearain138 2w ❤️❤️❤️ Like Reply 48 4 August 13",https://www.instagram.com/ufone_official/p/DcAonJjG1_S/,media/ufone_official/DcAonJjG1_S.jpg,"Photo by Ufone 5G on August 13, 2026. May be an image of magazine, poster, screen and text that says 'ufone 5G telenor 5G 7 years TOGETHER FOR A PAKISTAN WITH MORE DREAMS & MORE POSSIBILITIES Happy Independence Day #MoreForPakistan M'.",
Ufone,adjacent,ufone_official,Db-8iXWIFJp,p,2026-08-13,post_page,10,no,"Celebrate 14th August with an Azaadi Discount on Super Card Premium! 🇵🇰 Get 79 GBs, 6000 Ufone, Telenor & PTCL minutes, and 500 Other Network minutes for just Rs. 1,947. 🤩 Dial *9111# and grab yours today! #Ufone5G #AzaadiDiscount shehrozearain138 2w ❤️❤️❤️ Like Reply 70 4 August 13",https://www.instagram.com/ufone_official/p/Db-8iXWIFJp/,media/ufone_official/Db-8iXWIFJp.jpg,"Photo by Ufone 5G on August 13, 2026. May be an image of card, phone and text that says 'telenor 5G ufone 5G SUPER CARD PREMIUM AZAADI DISCOUNT 50GB 6000 79 79GB GB Lifone, Telenor& Mins 500 OttherMebile:Netwarks Other OtherMcbllg Teienor&PTCL PTCL SMS Mins มาร์ Moblle! Netwarks Rs. Rs.1947 Inclusive InclusiveofTax of Tax Dial Dial*9111# * 9111# Validity: Validity:30Days 30 Days ""T8CsApply T8CS Apply'.",
Ufone,adjacent,ufone_official,Db8ZptcG-4Q,p,2026-08-12,post_page,11,no,"Celebrating the young minds that dream beyond boundaries, chase new ideas and turn possibilities into progress. Keep dreaming. Keep creating. Keep moving forward. 🌍 Happy International Youth Day! shehrozearain138 2w ❤️❤️❤️ Like Reply 49 3 August 12",https://www.instagram.com/ufone_official/p/Db8ZptcG-4Q/,media/ufone_official/Db8ZptcG-4Q.jpg,"Photo by Ufone 5G on August 12, 2026. May be a graphic of newspaper, magazine, poster and text that says 'ufone5G telenor 5G Connecting Youth with Endless Possibilities Celebrating International Youth Day DIGITAL DIGITALCREATOR CREATOR ENTREPRENEUR FREELANCER ANCER FREEL LEARNER RURALINNOVATOR RURAL INNOVATOR'.",
Ufone,adjacent,ufone_official,DbGI-KiMhWn,reel,2026-07-22,post_page,12,no,Please upgrade your internet speed in our area very poor speed at your Telenor site EnodeB ID: 820568 Like Reply i_em_lost_ 6w @ufone_official May this year flood affect you the most or may your company get into severe fire. Ameen jitna hamy zaleel kia hua ha itny mehngy package or net itna bekaar,https://www.instagram.com/zalmifoundation/reel/DbGI-KiMhWn/,media/ufone_official/DbGI-KiMhWn.jpg,"Video by Zalmi Foundation on July 22, 2026. May be a video game screenshot of basketball, scoreboard, banner, stadium and text that says 'Winner ufone 4G ufone ZA ufone 4G ALMI EN LEAGU ns: Empowering Women in Sport ZWL WDMEN ILM0 иИaHe4 Β0 CAMIANC ZWL ZALMUIOMEN YOMEN'.",zalmifoundation
Ufone,adjacent,ufone_official,Dak8buXq6vs,p,2026-07-09,post_page,13,no,"One day in Sha Allah ❤️ Like Reply iamshazz295 8w Yeah maiden call up and from now ready to loose…shit girls Like Reply jangulkhanswati 8w Masha Allah Like Reply attarimursleen 9w Mm Like Reply hafsatariq50 9w ❤️❤️❤️ Like Reply naheedkhalid25 9w Mashallah Like Reply kubramalik16 9w 💞 Like Reply kubramalik16 9w 🔥 Like Reply drhinatipu 9w MashAllah Like Reply asna.sayeedkhan 9w 👏👏👏 Like Reply sh24._.i 9w ❤️ Like Reply eman_bhabhi 9w Congratulations Like Reply imhussainaslam 9w A great initiative by Peshawar Zalmi to invest in women's cricket and create opportunities for future stars of Pakistan. 👏🏏 Good work, Mian Abbas Layaq & Javed Afridi. Keep inspiring the next generation! 💛🖤",https://www.instagram.com/peshawarzalmipk/p/Dak8buXq6vs/,media/ufone_official/Dak8buXq6vs.jpg,"Photo by Peshawar Zalmi on July 09, 2026. May be an image of one or more people, poster, sports equipment and text that says 'yEWo YELLORSTORM STORM ZALMI ufone ufone5G 5G ZWL ALMIWOMEN PAKISTAN Lfone Raahima maSyea Syed Maiden Call-Up to Pakistan U19 Squad forSouthAfricaTour for South Africa Tour'.",peshawarzalmipk
Ufone,adjacent,ufone_official,DaUfN5QqtIy,p,2026-07-03,post_page,14,no,"Assalamu Alaikum, Warahmatullahi wa Barakatuh, a week ago I converted Jazz Network to Ufone and availed porting services from Ufone Gulberg Head Office, but I regret that the Ufone representative provided me with a 3G SIM, on which I now either have to go back to Ufone's office to get a 4G SIM or continue on 3G, but why is this behavior being done to customs? Like Reply panther.256186 8w Hi I have done my graduation in physics can I be the part of Telenor company? Like Reply zaiddddddddd__ 9w I recently purchased a Ufone eSIM and visited your Nazimabad franchise for assistance. Unfortunately, the staff seemed unfamiliar with the eSIM process and had to keep asking each other for guidance. I am also continuously receiving the error message: ""Can't reach the internet"" while trying to install the eSIM profile. Kindly improve staff training regarding eSIM services and help resolve this issue",https://www.instagram.com/ufone_official/p/DaUfN5QqtIy/,media/ufone_official/DaUfN5QqtIy.jpg,"Photo by Ufone 5G on July 02, 2026. May be an image of skydiving, helicopter, banner, parachute and poster.",
Ufone,adjacent,ufone_official,DaQSEiYquh_,p,2026-07-01,post_page,15,no,"We are for a new name etislat Like Reply usmanyousaf7 7w It's been 3 weeks since we last heard from you both. Waiting for the next update ! Like Reply lyuebt 7w 5G internet? Inta issue ho rha hai chal hi nhi rha weekend per Islamabad mien Like Reply stkr.exe 8w ​We are experiencing severe internet outages lasting 5 to 6 days in our area. Even when service returns, the connection is incredibly weak and unstable, despite having one Ufone and two Telenor towers nearby. This is causing major disruptions—we cannot attend online classes or access basic online services. I urgently request the relevant authorities and network providers to look into this issue and resolve it as soon as possible",https://www.instagram.com/ufone_official/p/DaQSEiYquh_/,media/ufone_official/DaQSEiYquh_.jpg,"Photo by Ufone 5G on July 01, 2026. May be a graphic of poster, screen, eclipse and text that says 'ufone 5G telenor 5G ARE ALL SET to UNITE. ARE YOU READY FOR MORE?'.",
Ufone,adjacent,ufone_official,DaNz8Lgqqzq,p,2026-06-30,post_page,16,no,"Worst experience facing now a days Like Reply fysal.syed 10w Dear PTCL Support, This is my second complaint regarding my PTCL internet service. I lodged a complaint nearly 48 hours ago, but no technician has visited and the issue is still unresolved. My 4 Mbps connection is performing far below standard, with frequent disconnections, service interruptions, and very slow speeds. I have screenshots and records of these issues. More importantly, this is now a serious safety concern, as there appears to be electrical current in the telephone/internet lines. I have contacted the assigned line technician many times, but he has not responded or taken any action. The lack of response from technical staff is unacceptable. I request immediate intervention to fix the issue, inspect the hazardous line condition, and take action against the responsible staff. If this is not addressed immediately, I w",https://www.instagram.com/ptclofficial/p/DaNz8Lgqqzq/,media/ufone_official/DaNz8Lgqqzq.jpg,"Photo by PTCL Official on June 30, 2026. May be a video game screenshot of poster and magazine.",ptclofficial
Ufone,adjacent,ufone_official,DaNZa3Lq13N,p,2026-06-30,post_page,17,no,"One minute you’re checking a message… next thing you know, you’ve laughed at 20 memes, shared 3 reels and replied to 5 chats. 😭📱 That’s the magic of staying connected. Happy World Social Media Day! 💛 #Ufone5G #WorldSocialMediaDay #StayConnected zaiddddddddd__ 9w I recently purchased a Ufone eSIM and visited your Nazimabad franchise for assistance. Unfortunately, the staff seemed unfamiliar with the eSIM process and had to keep asking each other for guidance. I am also continuously receiving the error message: ""Can't reach the internet"" while trying to install the eSIM profile. Kindly improve staff training regarding eSIM services and help resolve this issue as soon as possible. Thank you. Like Reply 23 3 June 30",https://www.instagram.com/ufone_official/p/DaNZa3Lq13N/,media/ufone_official/DaNZa3Lq13N.jpg,"Photo by Ufone 5G on June 30, 2026. May be a Twitter screenshot of one or more people, screen and poster.",
Ufone,adjacent,ufone_official,DaFe0nlqap2,p,2026-06-27,post_page,18,no,"Girls who are enrolled in this project are getting which kind of device? Is that MacBook, smart phone or iPhone ? Like Reply farwasaf 10w Why ptcl internet doesnt work in saddar gulberg peshawar? Its not a one day problem. Every day its not working or work for some hours then stop. Like Reply 41 32 June 27",https://www.instagram.com/ptclofficial/p/DaFe0nlqap2/,media/ufone_official/DaFe0nlqap2.jpg,"Photo by PTCL Official on June 27, 2026. May be an image of one or more people, magazine, poster and calendar.",ptclofficial
Ufone,adjacent,ufone_official,DZ7sMVbq-P7,p,2026-06-23,post_page,19,no,"What a joke! I’m paying Rs. 4,500 for a 20 Mbps PTCL Flash Fiber connection, while they’re advertising 30 Mbps at a much lower price for new customers. To make matters worse, my bill keeps increasing every 2–3 months without this ever being disclosed at the time of installation. I’ve contacted both 1218 and Customer Support via email, and they just keep passing me from one department to another without resolving the issue. This has been one of the most frustrating customer service experiences I’ve had. Existing customers deserve better than being charged more for less. Like Reply kous.er6524 9w Proud of you sir Like Reply kous.er6524 10w Best wishes Like Reply emaan_iqbal19 11w Bhai internet de diya karo takeh hum BHI koi celebration kar sake",https://www.instagram.com/ptclofficial/p/DZ7sMVbq-P7/,media/ufone_official/DZ7sMVbq-P7.jpg,"Photo by PTCL Official on June 23, 2026. May be an image of poster.",ptclofficial
Ufone,adjacent,ufone_official,DZ2UJKEKRPT,p,2026-06-21,post_page,20,no,"Kindly mara Ghar flash fiber ka net Laga kar doo AP ka imployes nahi Laga kar da Raha haa please request haa please la do please la do AP ka team nahi Laga raha haa please Laga doo Like Reply azadarkhan5 6w The whole world is flying on 5G, gigabit fiber, and satellite internet, while our so-called ""premium"" PTCL connection barely supports 2Mbps — and even that is just on paper! In reality, we get 200kbps at best. YouTube buffers before the video even starts, Zoom calls feel like we're back in the 90s with dial-up! And the cherry on top? We’re still paying 2500+ rupees every month! For that money, people are getting proper 20–30Mbps fiber packages these days, but PTCL keeps telling us ""we can't upgrade your line."" What kind of joke is this? You have all the power to increase the bill and do fancy marketing, but zero courage to actually upgrade the damn lines! Three full years of this humi",https://www.instagram.com/ptclofficial/p/DZ2UJKEKRPT/,media/ufone_official/DZ2UJKEKRPT.jpg,"Photo by PTCL Official on June 21, 2026. May be an image of poster.",ptclofficial
Ufone,adjacent,ufone_official,DZ2T5c0qkf0,p,2026-06-21,post_page,21,no,"Kindly mara Ghar flash fiber ka net Laga kar doo AP ka imployes nahi Laga kar da Raha haa please request haa please la do please la do AP ka team nahi Laga raha haa please Laga doo Like Reply azadarkhan5 6w The whole world is flying on 5G, gigabit fiber, and satellite internet, while our so-called ""premium"" PTCL connection barely supports 2Mbps — and even that is just on paper! In reality, we get 200kbps at best. YouTube buffers before the video even starts, Zoom calls feel like we're back in the 90s with dial-up! And the cherry on top? We’re still paying 2500+ rupees every month! For that money, people are getting proper 20–30Mbps fiber packages these days, but PTCL keeps telling us ""we can't upgrade your line."" What kind of joke is this? You have all the power to increase the bill and do fancy marketing, but zero courage to actually upgrade the damn lines! Three full years of this humi",https://www.instagram.com/ptclofficial/p/DZ2T5c0qkf0/,media/ufone_official/DZ2T5c0qkf0.jpg,"Photo by PTCL Official on June 21, 2026. May be an image of box, hamper, carton and card.",ptclofficial
Ufone,adjacent,ufone_official,DZ1cJL-KbDI,p,2026-06-21,post_page,22,no,"After being a loyal PTCL customer for 11 years, I’m disappointed with the service in Baghbanpura, Lahore (near Singhpura PTCL Exchange). For the last year, whenever electricity goes out, my internet stops because there is no battery backup at the exchange. Despite repeated complaints to 1218 and multiple visits to the exchange over the past 6–7 months, nothing has changed. I pay PKR 3,300/month but lose internet for many hours during power outages. Even local cable operators provide backup. I hope PTCL management takes notice and resolves this long-pending issue. PTCL No: 6831665. #PTCL #CustomerService #Lahore Like Reply 45 2 June 21",https://www.instagram.com/ptclofficial/p/DZ1cJL-KbDI/,media/ufone_official/DZ1cJL-KbDI.jpg,"Photo by PTCL Official on June 21, 2026. May be an image of poster, card and book.",ptclofficial
Ufone,adjacent,ufone_official,DZ1bpNZquLm,p,2026-06-21,post_page,23,no,"After being a loyal PTCL customer for 11 years, I’m disappointed with the service in Baghbanpura, Lahore (near Singhpura PTCL Exchange). For the last year, whenever electricity goes out, my internet stops because there is no battery backup at the exchange. Despite repeated complaints to 1218 and multiple visits to the exchange over the past 6–7 months, nothing has changed. I pay PKR 3,300/month but lose internet for many hours during power outages. Even local cable operators provide backup. I hope PTCL management takes notice and resolves this long-pending issue. PTCL No: 6831665. #PTCL #CustomerService #Lahore Like Reply 38 5 June 21",https://www.instagram.com/ptclofficial/p/DZ1bpNZquLm/,media/ufone_official/DZ1bpNZquLm.jpg,"Photo by PTCL Official on June 21, 2026. May be an image of one or more people, card, poster and pie.",ptclofficial
Shoq,substitute,shoqofficial,DaNhTZlNivq,reel,2026-06-30,post_page,0,yes,"Jab entertainment itni ho... Tou Shoq tou lagayga! Movies, shows, live TV, and much more, all in one place. Call 1218 or download UPTCL to place your order today. #PTCL #Shoqtv mohidqureshi25 6d Mere pass ap ka android box laga hua ha oss me jo channels ate ha hum apne mutabik channels ki screen size (display) change nhi karsakte why? plz ap log ye option unlock kare ke har koi channel ka display raito apne mutabik adjust kare, or tv ke remote se display change nhi hota. 1 channel ata ha jis ka name ha cartoon network plz oss ka display 16:9 ratio me karde Like Reply kamranimran365 6w Kindly mara Ghar flash fiber ka net Laga kar doo AP ka imployes nahi Laga kar da Raha haa please request haa please la do please la do AP ka team nahi Laga raha haa please Laga doo",https://www.instagram.com/shoqofficial/reel/DaNhTZlNivq/,media/shoqofficial/DaNhTZlNivq.jpg,"Video by Shoq on June 30, 2026. May be a graphic of poster and banner.",
Shoq,substitute,shoqofficial,DWyp_feDZj0,p,2026-04-06,post_page,1,yes,"Shoq TV brings you the ultimate entertainment experience 🎥 With smart features like built-in Chromecast and more, enjoy your favourite shows by placing the order now! #PTCL #ShoqTV fahadfofficial 22w Application ko b update kr dijiye cricket rights to lety nhi Ap ad free k liye alag se pckges krwana parta hai Like Reply 3 1 April 6",https://www.instagram.com/shoqofficial/p/DWyp_feDZj0/,media/shoqofficial/DWyp_feDZj0.jpg,"Photo by Shoq on April 06, 2026.",
Shoq,substitute,shoqofficial,DU8DYo1jUg5,p,2026-02-19,post_page,2,yes,"May this blessed month be that of spiritual connection, peace and everlasting joy. Ramzan Mubarak 🌙 #RamzanMubarak #PTCL #Ufone No comments yet. Start the conversation. 4 February 19",https://www.instagram.com/shoqofficial/p/DU8DYo1jUg5/,media/shoqofficial/DU8DYo1jUg5.jpg,"Photo by Shoq on February 19, 2026.",
Shoq,substitute,shoqofficial,DS9KAaKjOza,p,2026-01-01,post_page,3,no,"Wishing you all a Happy New Year! ✨ As we step into 2026, let’s turn every moment into entertainment and experiences that connect us all. #Shoq #NewYear2026 No comments yet. Start the conversation. 1 December 31, 2025",https://www.instagram.com/shoqofficial/p/DS9KAaKjOza/,media/shoqofficial/DS9KAaKjOza.jpg,"Photo by Shoq on December 31, 2025.",
Shoq,substitute,shoqofficial,DSrj3tPjZKV,p,2025-12-25,post_page,4,no,"A vision that built a nation and a legacy that continues to guide us forward. This Quaid day, we honour the values that built Pakistan. 🇵🇰 #QuaidEAzamDay #PTCL #Ufone4G #DigitalPakistan #PakistanZindabad No comments yet. Start the conversation. 5 December 25, 2025",https://www.instagram.com/shoqofficial/p/DSrj3tPjZKV/,media/shoqofficial/DSrj3tPjZKV.jpg,"Photo by Shoq on December 25, 2025.",
Shoq,substitute,shoqofficial,DRtUNSYCOi7,p,2025-12-01,post_page,5,no,"Catch the action live on Zalmi TV and the Shooq App 📺⚡️ Semi Final 2 brings Peshawar All Stars against Malakand Strikers in a high stakes battle 🏏💛 #Zalmi #ZalmiFoundation #ZalmiWomenLeague #Ufone4G #ZalmiWomenLeagueSeasonII No comments yet. Start the conversation. 15 December 1, 2025",https://www.instagram.com/zalmiwomenleague/p/DRtUNSYCOi7/,media/shoqofficial/DRtUNSYCOi7.jpg,"Photo by Zalmi Women League on November 30, 2025.",zalmiwomenleague
Shoq,substitute,shoqofficial,DRoYE_9CI6V,p,2025-11-29,post_page,6,no,"Zalmi Women League Season 2 is live. ✨ Watch the action on Zalmi TV and the Shoq app. 🏏🔥 #Zalmi #ZalmiFoundation #ZalmiWomenLeague #Ufone4G #zalmiwomenleagueseasonii No comments yet. Start the conversation. 17 November 28, 2025",https://www.instagram.com/zalmiwomenleague/p/DRoYE_9CI6V/,media/shoqofficial/DRoYE_9CI6V.jpg,"Photo by Zalmi Women League on November 28, 2025.",zalmiwomenleague
Shoq,substitute,shoqofficial,DRmSghpDSg3,p,2025-11-28,post_page,7,no,"Every run is a step towards empowerment. Watch the Zalmi Women League Season 2 LIVE on SHOQ App.🏏 #Ufone4G #ZalmiWomenLeague #Season2 #SHOQApp No comments yet. Start the conversation. 14 November 28, 2025",https://www.instagram.com/ufone_official/p/DRmSghpDSg3/,media/shoqofficial/DRmSghpDSg3.jpg,"Photo by Ufone 5G on November 28, 2025.",ufone_official
Shoq,substitute,shoqofficial,DRlofREiJLj,p,2025-11-28,post_page,8,no,"Zalmi Women League Season II ⚡️ Match 4 Bannu Renegades 🆚 Hazara Daffodils Watch the live stream now on Zalmi TV and the Shoq App 🙌 #Zalmi #ZalmiFoundation #Ufone4G #ZalmiWomenLeague #ZalmiWomenLeagueSeasonII No comments yet. Start the conversation. 16 November 27, 2025",https://www.instagram.com/zalmiwomenleague/p/DRlofREiJLj/,media/shoqofficial/DRlofREiJLj.jpg,"Photo by Zalmi Women League on November 27, 2025.",zalmiwomenleague
Shoq,substitute,shoqofficial,DRhbDkviO5M,p,2025-11-26,post_page,9,no,"All matches. One OTT platform 🙌 Zalmi Women League Season 2 will stream exclusively on the OTT platform through our official Live Stream Partner Shoq App ✨ Stay connected and stay excited 💛 #Zalmi #ZalmiWomenLeague #ShoqApp #Ufone4G #ZwlSeason2 No comments yet. Start the conversation. 13 November 26, 2025",https://www.instagram.com/zalmiwomenleague/p/DRhbDkviO5M/,media/shoqofficial/DRhbDkviO5M.jpg,"Photo by Zalmi Women League on November 26, 2025.",zalmiwomenleague
Shoq,substitute,shoqofficial,DPOACc9DaW-,p,2025-09-30,post_page,10,no,"The biggest stage of women’s cricket is here! Catch FREE live streaming of the ICC Women’s Cricket World Cup 2025 only on Shoq App 🏏🔥 #SHOQApp #ShoqToLagayGa #LiveCricket No comments yet. Start the conversation. 2 September 30, 2025",https://www.instagram.com/shoqofficial/p/DPOACc9DaW-/,media/shoqofficial/DPOACc9DaW-.jpg,"Photo by Shoq on September 30, 2025.",
Shoq,substitute,shoqofficial,DOPrPxMjZBK,p,2025-09-06,post_page,11,no,"Hello, I’m tired of writing, calling, mailing, and texting on every possible way to complain. I’m preparing for exams and frequent data outages in QUETTA have made it worse. It’s been 2+ months since I applied for PTCL connection. You said 24 hrs, but every day same story: “complaint launched” and nothing happens. Do you have any special instructions for new registrations in Balochistan? Or any logical reason? If you can’t give connection, at least give a clear answer. Now when I called you out publicly, suddenly you say service not feasible? Then why waste 2 months while I was contacting you daily? And this excuse is false: my whole neighborhood uses your service, and your own website shows area feasible. Like Reply 11 9 September 5, 2025",https://www.instagram.com/shoqofficial/p/DOPrPxMjZBK/,media/shoqofficial/DOPrPxMjZBK.jpg,"Photo by Shoq on September 05, 2025.",
Shoq,substitute,shoqofficial,DOO0VqOjQaK,p,2025-09-05,post_page,12,no,"Hello, I’m tired of writing, calling, mailing, and texting on every possible way to complain. I’m preparing for exams and frequent data outages in QUETTA have made it worse. It’s been 2+ months since I applied for PTCL connection. You said 24 hrs, but every day same story: “complaint launched” and nothing happens. Do you have any special instructions for new registrations in Balochistan? Or any logical reason? If you can’t give connection, at least give a clear answer. Now when I called you out publicly, suddenly you say service not feasible? Then why waste 2 months while I was contacting you daily? And this excuse is false: my whole neighborhood uses your service, and your own website shows area feasible. Like Reply 3 8 September 5, 2025",https://www.instagram.com/shoqofficial/p/DOO0VqOjQaK/,media/shoqofficial/DOO0VqOjQaK.jpg,"Photo by Shoq on September 05, 2025.",
Shoq,substitute,shoqofficial,DNUjwdMMHCl,p,2025-08-14,post_page,13,no,"Hello, I’m tired of writing, calling, mailing, and texting on every possible way to complain. I’m preparing for exams and frequent data outages in QUETTA have made it worse. It’s been 2+ months since I applied for PTCL connection. You said 24 hrs, but every day same story: “complaint launched” and nothing happens. Do you have any special instructions for new registrations in Balochistan? Or any logical reason? If you can’t give connection, at least give a clear answer. Now when I called you out publicly, suddenly you say service not feasible? Then why waste 2 months while I was contacting you daily? And this excuse is false: my whole neighborhood uses your service, and your own website shows area feasible. Like Reply 8 8 August 14, 2025",https://www.instagram.com/shoqofficial/p/DNUjwdMMHCl/,media/shoqofficial/DNUjwdMMHCl.jpg,"Photo by Shoq on August 13, 2025.",
Shoq,substitute,shoqofficial,DNTnm-fMZbE,p,2025-08-13,post_page,14,no,Internet thik kro Like Reply i_am_aimamalik 55w Ptcl is not working why Like Reply maniachaudhary5070 55w There is no internet connection or ptcl available,https://www.instagram.com/ptclofficial/p/DNTnm-fMZbE/,media/shoqofficial/DNTnm-fMZbE.jpg,"Photo by PTCL Official on August 13, 2025.",ptclofficial
Shoq,substitute,shoqofficial,DLZ3yZ1N81k,p,2025-06-27,post_page,15,no,"My ptcl shouq tv is locked how can i get it fixed Like Reply 19 29 June 27, 2025",https://www.instagram.com/shoqofficial/p/DLZ3yZ1N81k/,media/shoqofficial/DLZ3yZ1N81k.jpg,"Photo by Shoq on June 27, 2025.",
Shoq,substitute,shoqofficial,DLXUrq3t-io,p,2025-06-26,post_page,16,no,"Hello, I’m tired of writing, calling, mailing, and texting on every possible way to complain. I’m preparing for exams and frequent data outages in QUETTA have made it worse. It’s been 2+ months since I applied for PTCL connection. You said 24 hrs, but every day same story: “complaint launched” and nothing happens. Do you have any special instructions for new registrations in Balochistan? Or any logical reason? If you can’t give connection, at least give a clear answer. Now when I called you out publicly, suddenly you say service not feasible? Then why waste 2 months while I was contacting you daily? And this excuse is false: my whole neighborhood uses your service, and your own website shows area feasible. Like Reply 21 27 June 26, 2025",https://www.instagram.com/shoqofficial/p/DLXUrq3t-io/,media/shoqofficial/DLXUrq3t-io.jpg,"Photo by Shoq on June 26, 2025.",
Shoq,substitute,shoqofficial,DKwoUKhtdJe,p,2025-06-11,post_page,17,no,"Hello, I’m tired of writing, calling, mailing, and texting on every possible way to complain. I’m preparing for exams and frequent data outages in QUETTA have made it worse. It’s been 2+ months since I applied for PTCL connection. You said 24 hrs, but every day same story: “complaint launched” and nothing happens. Do you have any special instructions for new registrations in Balochistan? Or any logical reason? If you can’t give connection, at least give a clear answer. Now when I called you out publicly, suddenly you say service not feasible? Then why waste 2 months while I was contacting you daily? And this excuse is false: my whole neighborhood uses your service, and your own website shows area feasible. Like Reply 594 11 June 11, 2025",https://www.instagram.com/shoqofficial/p/DKwoUKhtdJe/,media/shoqofficial/DKwoUKhtdJe.jpg,"Photo by Shoq on June 11, 2025.",
Shoq,substitute,shoqofficial,DKlW1vHOZ4y,p,2025-06-07,post_page,18,no,"May this Eid-ul-Azha bring hearts closer and inspire the spirit of sharing, compassion, and unity. From all of us at PTCL — Eid Mubarak to you and your loved ones! #EidUlAzha #EidMubarak #SpiritOfSacrifice #TogetherInJoy #PTCL #EidWishes #CelebrateTogether #BlessingsForAll No comments yet. Start the conversation. 6 June 6, 2025",https://www.instagram.com/shoqofficial/p/DKlW1vHOZ4y/,media/shoqofficial/DKlW1vHOZ4y.jpg,"Photo by Shoq on June 06, 2025.",
Shoq,substitute,shoqofficial,DKkErW1s0dt,reel,2025-06-06,post_page,19,no,"Eid ki khushi, SHOQ ke saath! Celebrate the joy of togetherness with your favourite shows, movies, and nonstop entertainment — only on ShOQ TV! #EidWithShOQ #ShOQEntertainment #ShOQTV #WatchOnShOQ #EidNonStopFun #BingeWithShOQ #EidMubarak No comments yet. Start the conversation. 4 June 6, 2025",https://www.instagram.com/shoqofficial/reel/DKkErW1s0dt/,media/shoqofficial/DKkErW1s0dt.jpg,"Video by Shoq on June 06, 2025.",
Shoq,substitute,shoqofficial,DKhcN4cNfzW,p,2025-06-05,post_page,20,no,"On this sacred journey, may every step bring you closer to peace. PTCL Group wishes all Muslims a safe, blessed, and spiritually fulfilling Hajj. #HajjMubarak #Hajj2025 #PTCLGroup #SacredJourney #PeaceAndFaith #SpiritualConnection #FaithInEveryStep #HandsInPrayer #UnityInFaith No comments yet. Start the conversation. 10 June 5, 2025",https://www.instagram.com/shoqofficial/p/DKhcN4cNfzW/,media/shoqofficial/DKhcN4cNfzW.jpg,"Photo by Shoq on June 05, 2025.",
Shoq,substitute,shoqofficial,DJf8aJBCobe,p,2025-05-11,post_page,21,no,"A mother’s hand is love in motion. Holding us through every fall, lifting us with every step. To the ones who only gave without thinking twice. Happy Mother’s Day 🧡 #MaaKaHaath #PyarBharaSaath #HappyMothersDay #Shoq #PTCL No comments yet. Start the conversation. 5 May 10, 2025",https://www.instagram.com/shoqofficial/p/DJf8aJBCobe/,media/shoqofficial/DJf8aJBCobe.jpg,"Photo by Shoq on May 10, 2025.",
Shoq,substitute,shoqofficial,DJRIuXztHMs,reel,2025-05-05,post_page,22,no,"Non-stop Entertainment, One Active Subscription Away 🎉 Don’t let the fun pause- keep your Shoq TV subscription active & continue enjoying your favourite shows 🙌 Dial 1218 for more info. #PTCL #StreamingForever #SHOQTV No comments yet. Start the conversation. 17 7 May 5, 2025",https://www.instagram.com/shoqofficial/reel/DJRIuXztHMs/,media/shoqofficial/DJRIuXztHMs.jpg,"Video by Shoq on May 05, 2025.",
Shoq,substitute,shoqofficial,DI3627AtugL,p,2025-04-25,post_page,23,no,"Nonstop Entertainment, One Subscription Away! 🎉 Keep the fun going with your PTCL SHOQ TV subscription – enjoy your favorite shows, latest movies and much more! ⚠️ Reminder: An active SHOQ TV subscription will soon be mandatory for all Android TV Boxes. Devices from open market will be locked if not linked to an active PTCL SHOQ TV account. Dial 1218 for more info. #PTCL #StreamingForever #SHOQTV #AndroidTVBox muhammadwahaj68 70w POOR SERVICE they cant solve issue its been more than 24 hours and still no one contacted to sort issue NOT RECOMMENDED Like Reply 25 2 April 25, 2025",https://www.instagram.com/shoqofficial/p/DI3627AtugL/,media/shoqofficial/DI3627AtugL.jpg,"Photo by Shoq on April 25, 2025.",
Tapmad,substitute,tapmad.entertainment,Dc-_LzlDFhV,p,2026-09-07,post_page,0,yes,"Play-off Leg 2 is here! 10 fixtures. One night to decide who’s still standing ⚡🏆 From Arsenal’s European return to Bayern chasing perfection, this is where Champions League dreams are made or broken. ⚽💫 Watch the match live in HD and without ads only on tapmad! #UCL | #AllSportsWithoutAds | #tapmad | UCL26 dont.like.juice 19h United gonna lose Arabian Stugle Like Reply mobeenshake___________ 2d I don't think they got the rights for cl games they just frauding lol",https://www.instagram.com/tapmad.entertainment/p/Dc-_LzlDFhV/,media/tapmad.entertainment/Dc-_LzlDFhV.jpg,"Photo by tapmad on September 07, 2026.",
Tapmad,substitute,tapmad.entertainment,Dc9LtHWg8_6,reel,2026-09-06,post_page,1,yes,"Lahore, Saari Raat Jaga Re. ❤️‍🔥 ALI NOOR — LIVE & EXCLUSIVE THE SURRENDER TOUR 📍 Alhamra Cultural Complex, Gaddafi 📅 20 September 🎟️ Limited tickets Standard — PKR 5,000 | VIP — PKR 10,000 Meet & Greet — PKR 25,000 (Extremely Limited) Lahore, this is your night. #AliNoor #LiveAndExclusive #TheSurrenderTour #SaariRaatJagaRe #EventusLive mhsheefd 3d ♥️♥️♥️ Like Reply ibrahiemkhann 3d 🔥 Like Reply sophymir 3d Bohaat shor hai bai ser hi dukh ra hai daikh k Like Reply pratham.kamathh 4d Please please upload more videos!! Can’t find your songs on Spotify and YouTube anymore 💔😢 Like Reply mohammadhbokhari 4d 🔥🔥🙌🙌🙌🔥🔥 Like Reply hassaantanwir 4d 🔥🔥🔥 Like Reply team.islamabadians 4d 🔥🔥🔥",https://www.instagram.com/eventus.pk/reel/Dc9LtHWg8_6/,media/tapmad.entertainment/Dc9LtHWg8_6.jpg,"Video by Eventus PR & Productions on September 06, 2026. May be an image of microphone, concert and text.",eventus.pk
Tapmad,substitute,tapmad.entertainment,Dc1VXDKgh-i,p,2026-09-03,post_page,2,yes,"Forget the old playlist. We’re in reset mode. 🔄🎧 Coke Studio Nu.WAV is pulling up TOMORROW with fresh sounds, crazy energy, and a whole new wave of Pakistani music. No skips. No filler. Just straight-up main character energy. ⚡🧊 Consider your playlist officially cooked. 👀 Watch, vibe and discover Nu.WAV only on tapmad! #CokeStudioNuWAV | #tapmad | CS26 No comments yet. Start the conversation. 680 7 days ago",https://www.instagram.com/tapmad.entertainment/p/Dc1VXDKgh-i/,media/tapmad.entertainment/Dc1VXDKgh-i.jpg,"Photo by tapmad on September 03, 2026. May be an image of poster, magazine, portable cassette player, calendar and text that says 'Coke STUDIO Nu .WAV STARTING FROM 4패 SEPTEMBER Oke Nu ISTUDIO .WAV .... 力 I : 一·品 tapmad DownloadNow Now Download COC X Google GooglePlay App AppSto tore'.",
Tapmad,substitute,tapmad.entertainment,DdJPi2qHD0t,p,2026-09-11,post_page,3,no,"Two proud cricketing nations, one big series 🏏🔥. England host Sri Lanka for a full ODI and T20I series starting from 15th September 📅 Who's your pick to dominate this series?👀 Watch the matches live in HD and without ads only on tapmad! #ENGvSL | #AllSportsWithoutAds | #tapmad | SE26 No comments yet. Start the conversation. 1 minute ago",https://www.instagram.com/tapmad.entertainment/p/DdJPi2qHD0t/,media/tapmad.entertainment/DdJPi2qHD0t.jpg,"Photo by tapmad on September 11, 2026. May be an image of cricket, poster and text.",
Tapmad,substitute,tapmad.entertainment,DdJJY4gDNgq,p,2026-09-11,post_page,4,no,"Pure dominance from the top 5! 🎮🔥 Anass, Smarty, Dada, Poe, and Aflatoon completely owned the Group Stage with outrageous frag counts and headshots. Who is your favorite player of the five? 👀 Watch the matches live in HD and without ads only on tapmad #FreeFireEsportsPakistan | #AllSportsWithoutAds | #tapmad | #tapshop | FFWS26 No comments yet. Start the conversation. 1 55 minutes ago",https://www.instagram.com/tapmad.entertainment/p/DdJJY4gDNgq/,media/tapmad.entertainment/DdJJY4gDNgq.jpg,"Photo by tapmad on September 11, 2026. May be a video game screenshot of poster and text that says 'FREE WORLDSERIES REEFIRE FIR WORLD SERIES PAKISTAN 2024F FALL tapshop tap hop FREEFIRE TOP 5 PLAYERS OF GROUP STAGE ANASS HOTSHOT ESPORTS ELIMS HEADSHOT 109 37 R SMARTY ELIMS HEADSHOT ROG 102 66 CHEmi IHAN DADA KHAN OFFICIAL ELIMS HEADSHOT 95 35 ダ POE ZENITH X ESPORTS ELIMS HEADSHOT 82 28 WINNER AFLATOON 79 79 ELIMS HEADSHOT TOTAL WINNER 34 tapmad ALL SPORTS. WITHOUT ADS'.",
Tapmad,substitute,tapmad.entertainment,DdI80-GnNJm,p,2026-09-11,post_page,5,no,"Two goals in five days, and now a statement to make. 🔴 Sešković's got Carrick's attention right before the derby that decides everything. ⚽🔥 Watch the match live in HD and without ads only on tapmad! #UCL | #AllSportsWithoutAds | #tapmad | UCL26 No comments yet. Start the conversation. 2 2 hours ago",https://www.instagram.com/tapmad.entertainment/p/DdI80-GnNJm/,media/tapmad.entertainment/DdI80-GnNJm.jpg,"Photo by tapmad on September 11, 2026. May be an image of football, soccer, card, sports equipment, stadium and text that says 'JEFA CHAMPIONS LEAGUE EXC TECHN TECHNOLOGY OLOGY apdragon apdr agon SESKO MAKES HIS CASEFOR FOR MAN UNITED AHEAD OF MANCHESTER DERBY tapmad ALL SPORTS. WITHOUT ADS.'.",
Tapmad,substitute,tapmad.entertainment,DdI8xm_HKec,p,2026-09-11,post_page,6,no,"Fenerbahçe to Man United, PSV to Bayern. Six different jerseys, one shared trait: they showed up. ⚽🔥🏆 Watch the match live in HD and without ads only on tapmad! #UCL | #AllSportsWithoutAds | #tapmad | UCL26 No comments yet. Start the conversation. 25 2 hours ago",https://www.instagram.com/tapmad.entertainment/p/DdI8xm_HKec/,media/tapmad.entertainment/DdI8xm_HKec.jpg,"Photo by tapmad on September 11, 2026. May be an image of football, soccer, poster and text that says 'VEF CHAMPIONS PIONS LEAGUE STANDOUT PERFORMERS -PSV """" COMO R Otokoc ARAINPORT EINDHOVEN ิงใด Il T evolut napdragon Kuchan 3 al ខិ 8 20 G Pos-de-Ca 1310 7 13 10 il tapmad ALL SPORTS. WITHOUT ADS'.",
Tapmad,substitute,tapmad.entertainment,DdI8NF9HI_x,p,2026-09-11,post_page,7,no,"Bayern rout Bodø 5-0, United cruise past Sabah 4-0, and Como stun Leipzig 4-1. ⚽🔥 Four games, goals everywhere, not a single close call in sight. 🏆 Watch the match live in HD and without ads only on tapmad! #UCL | #AllSportsWithoutAds | #tapmad | UCL26 No comments yet. Start the conversation. 57 2 hours ago",https://www.instagram.com/tapmad.entertainment/p/DdI8NF9HI_x/,media/tapmad.entertainment/DdI8NF9HI_x.jpg,"Photo by tapmad on September 11, 2026. May be an image of text that says 'JEFA CHAMPIONS LEAGUE MATCH RESULTS THE NIGHT IN NUMBERS CRAYERU MUNCHEN BAYERN MÜNCHEN 5-0 BODO BODO/GLIMT GLIMT LIMT BOD019 MAN UTO UNITED 4-0 SABAH SI SABAH ชป SLAVIA PRAHA ИW: 4 時用でお屋こだ 2-3 3 LENS COMO COMO 4-1 LEIPZIG tapmad ALL SPORTS. ALLSPORTS.WITHOUTADS WITHOUT ADS'.",
Tapmad,substitute,tapmad.entertainment,DdHjxWlFr1F,p,2026-09-10,post_page,8,no,England Take Command as Pakistan Trail by 268 Runs 🔥 Watch the match live in HD and without ads only on tapmad! #PAKvsENG | #AlISportsWithoutAds | #tapmad | ENGPAK26 No comments yet. Start the conversation. 29 15 hours ago,https://www.instagram.com/tapmad.entertainment/p/DdHjxWlFr1F/,media/tapmad.entertainment/DdHjxWlFr1F.jpg,"Photo by tapmad on September 10, 2026. May be an image of cricket and text that says 'HORS Tyrrelh 代代味 Tyrrelli PAKISTAN VS PAK TRAIL BY 268 RUNS GLAI STUMPS DAY2 じ 453 133 52/2 (12.4) tapmad ALL SPORTS. WITHOUT ADS'.",
Tapmad,substitute,tapmad.entertainment,DdHYoV7Oxxa,reel,2026-09-10,post_page,9,no,Every performance. Every dream. It all comes down to this one final moment. ✨ The biggest night of talent has arrived! Don’t miss the Grand Finale of Pakistan’s Got Talent on Saturday at 10pm on HAR PAL GEO. #gottalent #pixelentertainment #pakistangottalent #kashmir #tapmad #haier #laziza rehan_rajpootz 19m Shaheer is winner🔥,https://www.instagram.com/gottalentpakistan/reel/DdHYoV7Oxxa/,media/tapmad.entertainment/DdHYoV7Oxxa.jpg,"Video by Pakistan's Got Talent on September 10, 2026. May be an image of violin, guitar, microphone, concert and text.",gottalentpakistan
Tapmad,substitute,tapmad.entertainment,DdHXIH2uPeD,reel,2026-09-10,post_page,10,no,Every journey led to this moment. Every dream is fighting for one title. Who will make history? ⭐ Comment below who do you want to see in the finals⬇️ #gottalent #pixelentertainment #pakistangottalent #haier #kashmir #laziza #tapmad #abhibank #fyp i.husnainn 58m Fiction Like Reply hamid_bilal_69 3h Mintooo Like Reply mehroo__nisaa 6h My vote only Karachi boy 👌 Like Reply princeovais907 7h Vote for ather magic Like Reply syedsoban84 11h @athermagicofficial kaha hai 🤔,https://www.instagram.com/gottalentpakistan/reel/DdHXIH2uPeD/,media/tapmad.entertainment/DdHXIH2uPeD.jpg,"Video by Pakistan's Got Talent on September 10, 2026. May be an image of poster, magazine and text that says 'Kashmir presents GOT TALENT WHO WOULD TAKE TH WINNING TITLE?'.",gottalentpakistan
Tapmad,substitute,tapmad.entertainment,DdHUpkquLOk,reel,2026-09-10,post_page,11,no,They didn’t just dance… they brought the dead back to life on stage. 🖤🔥 A terrifyingly brilliant performance on Pakistan’s Got Talent. #gottalent #pixelentertainment #pakistangottalent #haier #kashmir #laziza #tapmad #abhibank #fyp omikhan70 3h Is mein axha kya tha,https://www.instagram.com/gottalentpakistan/reel/DdHUpkquLOk/,media/tapmad.entertainment/DdHUpkquLOk.jpg,"Video by Pakistan's Got Talent on September 10, 2026. May be an image of poster and text that says 'Kashmir Prosontis LENT GOT'.",gottalentpakistan
Tapmad,substitute,tapmad.entertainment,DdHSH_OufUj,reel,2026-09-10,post_page,12,no,"A magic filled Semi Final performance, did you enjoy it as much as we did? 😍 #gottalent #pixelentertainment #pakistangottalent #haier #kashmir #laziza #tapmad #abhibank #fyp lqraanwer 13h Pakistan zindabad Like Reply itsyaseenjutt 15h Scripted hai main vahin tha Like Reply doclife44 16h Old magic...iski trick to mery bety ko bh ati h",https://www.instagram.com/gottalentpakistan/reel/DdHSH_OufUj/,media/tapmad.entertainment/DdHSH_OufUj.jpg,"Video by Pakistan's Got Talent on September 10, 2026. May be an image of flag, stadium and text that says 'Kashmir Pregeneo GOT TXL TALENT LEN'.",gottalentpakistan
Tapmad,substitute,tapmad.entertainment,DdHPc1Nzaih,reel,2026-09-10,post_page,13,no,"Everyone’s talking about the Man City clash. He’s stuck on Sabah, and honestly, who can blame him? 😅⚽ Some fears just hit different this season. 🔴🔥 Watch the match live in HD and without ads only on tapmad! #UCL | #AllSportsWithoutAds | #tapmad | UCL26 No comments yet. Start the conversation. 2 18 hours ago",https://www.instagram.com/tapmad.entertainment/reel/DdHPc1Nzaih/,media/tapmad.entertainment/DdHPc1Nzaih.jpg,"Video by tapmad on September 10, 2026. May be a meme of one or more people, people playing football, phone, office and text that says 'How do I explain that I'm more worried about Sabah than Man City Man Utd 13/09/26 Sun Sun,9:00PM 9:00 P Mar City Man 11/09/26 Fri, Fri,12:30AM 12:30 AM Utd Sabah Alena Timeless- Journe LAPING Timeless-Journg PING DESTINY'.",
Tapmad,substitute,tapmad.entertainment,DdHFI8wucH2,reel,2026-09-10,post_page,14,no,"An attempt to break the Guinness world record for the Fastest Magician, would they be able to break it? 😮 #gottalent #pixelentertainment #pakistangottalent #haier #kashmir #laziza #tapmad #abhibank #fyp saadiamazhar 8h Wow Like Reply mr.aliusman 9h Wat a talent 🔥",https://www.instagram.com/gottalentpakistan/reel/DdHFI8wucH2/,media/tapmad.entertainment/DdHFI8wucH2.jpg,"Video by Pakistan's Got Talent on September 10, 2026. May be an image of text.",gottalentpakistan
Tapmad,substitute,tapmad.entertainment,DdHD5DBOaIG,reel,2026-09-10,post_page,15,no,The countdown for Pakistan Got Talent Grand Finale has officially begun🔥 JUST 2 DAYS TO GO!! Are you excited? #gottalent #pixelentertainment #pakistangottalent #haier #kashmir #laziza #tapmad #abhibank #fyp abdulmuneem990 13h Vote for Ather magic 🎩🪄✨️🗳 Like Reply 45 1 20 hours ago,https://www.instagram.com/gottalentpakistan/reel/DdHD5DBOaIG/,media/tapmad.entertainment/DdHD5DBOaIG.jpg,"Video by Pakistan's Got Talent on September 10, 2026. May be a graphic of poster, magazine and text that says 'Kashmir presents KISTAN'S GOT LENT The Countdown To To GRAND FINALE Begins Now! 2 Days 2Daystaga! to Ao!'.",gottalentpakistan
Tapmad,substitute,tapmad.entertainment,DdHDgVFIvPZ,reel,2026-09-10,post_page,16,no,Faraz Sarwar handed over the mic and let the puppet do the talking 🎭🔥 Act It Out ft Faraz Sarwar is here and it is every bit as wild and entertaining as you’d expect from Pakistan’s most iconic ventriloquist 👀😂 #PakistansGotTalent | #AllSportsWithoutAds | #tapmad | PGT26 educationwithomar 17m ❤️😂😂😂❤️ Like Reply zeeshanjanoffical 4h Nice Like Reply flawless_sana 9h 😂👏😂 Like Reply zaryan21.30 16h If anyone wants good quality phone accessories @zayans_products dm me Like Reply zaryan21.30 16h If anyone wants good quality phone accessories @zayans_products dm me Like Reply azaanhassan5588 18h Teddy ki voice kon bolta ha Like Reply michroaxz 19h de de bhai treat @farazsarwarlive😂 Like Reply 437 7 20 hours ago,https://www.instagram.com/tapmad.entertainment/reel/DdHDgVFIvPZ/,media/tapmad.entertainment/DdHDgVFIvPZ.jpg,"Video by tapmad on September 10, 2026. May be a selfie of one or more people, people standing, poster, costume and text that says 'ACT IT OUT ft ftFarazSarwar Faraz Sarwar (Ventriloquist)'.",
Tapmad,substitute,tapmad.entertainment,DdHADjenM78,p,2026-09-10,post_page,17,no,Bayern's machine against Bodø/Glimt's fearless run. The surprise package that's already given giants nightmares this season. 🔴⚫🟡 Nobody's taking them lightly anymore ⚽🔥 Watch the match live in HD and without ads only on tapmad! #UCL | #AllSportsWithoutAds | #tapmad | UCL26 No comments yet. Start the conversation. 3 20 hours ago,https://www.instagram.com/tapmad.entertainment/p/DdHADjenM78/,media/tapmad.entertainment/DdHADjenM78.jpg,"Photo by tapmad on September 10, 2026. May be an image of soccer, football, poster, card and text that says 'JEFA CHAMPIONS LEAGUE AYERM MÜNCHEN VS KIMT BODO 1916 Elkem Elkem 11 SEP 12:00 AM tapmad ALL SPORTS. WITHOUT ADS'.",
Tapmad,substitute,tapmad.entertainment,DdG9y9vsvRO,reel,2026-09-10,post_page,18,no,"MUNKR is here, and Bayan is ready to make the stage come alive. 🔥🎶 Are you ready?👀 #MUNKR | #Bayaan | #LiveConcert | #tapmad No comments yet. Start the conversation. 23 21 hours ago",https://www.instagram.com/tapmad.entertainment/reel/DdG9y9vsvRO/,media/tapmad.entertainment/DdG9y9vsvRO.jpg,"Video by tapmad on September 10, 2026. May be a Twitter screenshot of text that says 'PREDICTIONS PAK VS PREDICIONS PAKVSWI WI Fan'.",
Tapmad,substitute,tapmad.entertainment,DdG6U0ynIOo,p,2026-09-10,post_page,19,no,"Asia's second tier of continental football is back 🏆⚽ The AFC Champions League Two kicks off from 15th September, bringing top clubs and rising stars together in the race for glory, who are you rooting for?👀 Watch the matches live in HD and without ads only on tapmad! #AFCChampionsLeagueTwo | #AllSportsWithoutAds | #tapmad | AFCT26 No comments yet. Start the conversation. 108 21 hours ago",https://www.instagram.com/tapmad.entertainment/p/DdG6U0ynIOo/,media/tapmad.entertainment/DdG6U0ynIOo.jpg,"Photo by tapmad on September 10, 2026. May be an image of ‎football, soccer, poster, sports equipment, card and ‎text that says '‎AFC CHAMPIONS LEAGUE TWO ROHTO KELME KELME みば 반 Secu. X 자이 الحقق LABKHOOR االس REALES SENERALT emam+ STARTING FROM 15TH SEPT tapmad ALL SPORTS. WITHOUT ADS‎'‎‎.",
Tapmad,substitute,tapmad.entertainment,DdG53FlHAOX,p,2026-09-10,post_page,20,no,One of these four owns the record. The rest just came close. 🧠⚽ Comment your answer before you scroll for it. 🏆🔥 Watch the match live in HD and without ads only on tapmad! #UCL | #AllSportsWithoutAds | #tapmad | UCL26 shahzadkhan47 38m C Like Reply dont_callmezaier 9h Cristiano Ronaldo,https://www.instagram.com/tapmad.entertainment/p/DdG53FlHAOX/,media/tapmad.entertainment/DdG53FlHAOX.jpg,"Photo by tapmad on September 10, 2026. May be an image of football, soccer, poster, card, sports equipment and text that says 'UEFA CHAMPIONS LEAGUE WHO HAS MADE THE MOST ALL-TIME APPEARANCES IN THE UEFA CHAMPIONS LEAGUE? A LIONEL MESSI B IKER CASILLAS C CRISTIANO RONALDO D THOMASMÜLLER THOMAS MÜLLER 出当のい tapmad ALLSPORTS.WITHOUTADS ALL SPORTS. WITHOUT ADS'.",
Tapmad,substitute,tapmad.entertainment,DdG505nsYqX,reel,2026-09-10,post_page,21,no,"Some things you just know. 🏆⚽ He’s not saying a word, but that smirk says it all. First team that comes to mind? 👀 Watch the match live in HD and without ads only on tapmad! #UCL | #AllSportsWithoutAds | #tapmad | UCL26 mairajunejo 18h Killing it 🔥 Like Reply tapmad.entertainment 21h What’s the first team that comes to your mind?👀 Like Reply 24 4 21 hours ago",https://www.instagram.com/tapmad.entertainment/reel/DdG505nsYqX/,media/tapmad.entertainment/DdG505nsYqX.jpg,"Video by tapmad on September 10, 2026. May be an image of one or more people, beard, hair, lighting, chair, newsroom, office and text that says 'Nobody knows who'l 'Il win UEFA Champions Championsleague,but league, but everyone knows who wont.'.",
Tapmad,substitute,tapmad.entertainment,DdGrdheHIy-,p,2026-09-10,post_page,22,no,"This is as real as it gets ⚡🎾 Semi-Final fixtures have landed, and every match now decides who plays for the title. Who has the nerve to advance? 👀 Watch the matches live in HD and without ads, only on tapmad! #USOpen | #Tennis | #AllSportsWithoutAds | #tapmad | USO26 No comments yet. Start the conversation. 116 23 hours ago",https://www.instagram.com/tapmad.entertainment/p/DdGrdheHIy-/,media/tapmad.entertainment/DdGrdheHIy-.jpg,"Photo by tapmad on September 10, 2026. May be an image of poster and text that says 'usopen FIXTURES SEMI-FINAL JUNIOR JUNIOR&WHEELCHAIRSEMIFINALS & WHEELCHAIR SEMIFINALS 10SEP 9:00P PM WOMEN'S SINGLES SEMIFINALS 11SEP 4:00 AM WOMEN'SDOUBLES FINAL 11SEP 9:00P PM MEN'S SINGLES SEMIFINAL 12SEP 12:00AM AM MEN'SSINGLESS SINGLES SEMIFINAL 12SEP 4:00AM JUNIOR & WHEELCHAIR CHAMPIONSHIPS 12SEP 8:00PM 8:00 tapmad ALL SPORTS. WITHOUT ADS'.",
Tapmad,substitute,tapmad.entertainment,DdGrcEJo-PB,reel,2026-09-10,post_page,23,no,Thought Dino was done exposing the judges? Think again 👀 Part 2 is even more unfiltered 😂🎤 #PakistansGotTalent | #tapmad | PGT26 No comments yet. Start the conversation. 5 23 hours ago,https://www.instagram.com/tapmad.entertainment/reel/DdGrcEJo-PB/,media/tapmad.entertainment/DdGrcEJo-PB.jpg,"Video by tapmad on September 10, 2026. May be a Twitter screenshot of one or more people and text that says '00 Who gets annoyed the fastest? Part2 2 ٥٥ . I THINK THEY'REALL THINKTHEY'REALLVERY- ALL VERY-'.",
Multinet,substitute,multinetpakistan,DdJMyOaDKOI,p,2026-09-11,post_page,0,yes,"24/7 security monitoring designed to identify and respond to cyber threats in real time. FortSecure empowers organizations with proactive SOC expertise and continuous threat protection. Secure your digital infrastructure with confidence, every hour, every day. For more details: UAN: (021) 111-021-021 Email: fortsecure@multinet.com.pk Website: https://fortsecure.multinet.com.pk #FortSecure #CyberSecurity #SOC #ThreatDetection #CyberDefense #SecurityMonitoring #InformationSecurity #DigitalSecurity #ThreatIntelligence #MultiNet No comments yet. Start the conversation. 1 29 minutes ago",https://www.instagram.com/multinetpakistan/p/DdJMyOaDKOI/,media/multinetpakistan/DdJMyOaDKOI.jpg,"Photo by Multinet Pakistan Pvt Ltd on September 11, 2026. May be an image of screen and text.",
Multinet,substitute,multinetpakistan,DdI3equlTIW,reel,2026-09-11,post_page,1,yes,"Behind every fibre connection is a business, a service, and someone depending on it to keep moving. At Multinet, we connect more than locations, we help keep possibilities in motion. For more details: UAN: (021) 111-021-021 Email: info@multinet.com.pk Website: https://multinet.com.pk #MultinetPakistan #Multinet #FibreConnectivity #DigitalInfrastructure #Connectivity #ICT #BusinessConnectivity #NetworkInfrastructure #DigitalTransformation #Pakistan No comments yet. Start the conversation. 4 3 hours ago",https://www.instagram.com/multinetpakistan/reel/DdI3equlTIW/,media/multinetpakistan/DdI3equlTIW.jpg,"Video by Multinet Pakistan Pvt Ltd on September 11, 2026. May be an image of text that says 'multine nnet INFOSTRUCTURE FOR INFOSTRUCTUREFORTHENATION THE NATION info@multinet.com.pk KARACHI www.multinet.com.pk 021111021021'.",
Multinet,substitute,multinetpakistan,DdG2NVOjKTc,p,2026-09-10,post_page,2,yes,"Why spend months building an analytics ecosystem when your business needs insights now? Nunomics Analytics-as-a-Service combines the platform, expertise and implementation support into a simpler analytics journey. Less time building. More time making decisions. For more information: UAN: (021) 111-021-021 Email: info@multinet.com.pk Website: https://nunomics.multinet.com.pk #Nunomics #AnalyticsAsAService #BusinessIntelligence #DataAnalytics #DataInsights #DigitalTransformation #EnterpriseTechnology #BusinessDecisions #B2BTechnology #Multinet No comments yet. Start the conversation. 1 22 hours ago",https://www.instagram.com/multinetpakistan/p/DdG2NVOjKTc/,media/multinetpakistan/DdG2NVOjKTc.jpg,"Photo by Multinet Pakistan Pvt Ltd on September 10, 2026. May be an image of text.",
Multinet,substitute,multinetpakistan,DdGLhXlDKmE,p,2026-09-10,post_page,3,no,"Around the world, cybersecurity is becoming a strategic business concern, not just an IT responsibility. Digital risks can affect operations, customer trust and business continuity. Multinet helps organizations strengthen their cybersecurity approach and build greater resilience for an increasingly connected business environment. For more details: UAN: (021) 111-021-021 Email: info@multinet.com.pk Website: https://multinet.com.pk #Multinet #Cybersecurity #CyberResilience #BusinessSecurity #DigitalTransformation #ICT #CyberRisk #InformationSecurity #BusinessContinuity #DigitalSecurity No comments yet. Start the conversation. 1 1 day ago",https://www.instagram.com/multinetpakistan/p/DdGLhXlDKmE/,media/multinetpakistan/DdGLhXlDKmE.jpg,"Photo by Multinet Pakistan Pvt Ltd on September 09, 2026. May be an image of text that says 'multinet INFOSTRUCTURE FOR THE NATION Cybersecurity isn' just IT' IT's s problem. It's everyone's business. G ဝိ info@multinet.com.pk www.multinet.com.pk 021 021111021021 111 021 021'.",
Multinet,substitute,multinetpakistan,DdEQ9lLDaCO,p,2026-09-09,post_page,4,no,"From assets to operations, ithinX gives businesses the visibility to monitor, analyze, and act in real time. Because smarter operations start with knowing what’s happening. For more details: UAN: (021) 111-021-021 Email: ithinx@multinet.com.pk Website: https://ithinx.multinet.com.pk #ithinX #IoT #SmartBusiness #RealTimeMonitoring #DigitalTransformation #IoTSolutions #BusinessIntelligence #SmartOperations #EnterpriseTechnology #MultinetPakistan No comments yet. Start the conversation. 1 1 day ago",https://www.instagram.com/multinetpakistan/p/DdEQ9lLDaCO/,media/multinetpakistan/DdEQ9lLDaCO.jpg,"Photo by Multinet Pakistan Pvt Ltd on September 09, 2026. May be a graphic of text that says 'ithin Your Assets Are Talking but are You Listening? Turn real-time real- loT data into smarter business decisions. multinet ie mult INFOSTRUCTUREFOF EFORTHE INFOSTRUCTUREFORTHENATON THE NATION Info@multinet.com.pk www.multinet.com.pk 021 021111021021 111'.",
Multinet,substitute,multinetpakistan,DdEKRLFCshx,p,2026-09-09,post_page,5,no,"Stop threats before they reach your network. With Fortsecure’s scalable firewall protection, secure your business, strengthen your network edge, and stay ahead of evolving cyber threats. For more details: UAN: (021) 111-021-021 Email: fortsecure@multinet.com.pk Website: https://fortsecure.multinet.com.pk #CyberSecurity #Fortsecure #NetworkSecurity #FirewallProtection #CyberDefense #DataSecurity #NetworkProtection #BusinessSecurity #Multinet #SecureBusiness No comments yet. Start the conversation. 1 1 day ago",https://www.instagram.com/multinetpakistan/p/DdEKRLFCshx/,media/multinetpakistan/DdEKRLFCshx.jpg,"Photo by Multinet Pakistan Pvt Ltd on September 09, 2026. May be an image of screen and text that says 'FortSecure FortS cure SecuningtheFutureofBusiness Stop Threats at the Network Edge CYBER CYBERATTCK ATTC Deploy Fortsecure's Scalable WARNING Firewall Protection. multinat INFOSTRUCTURF FORT FOR THF INFOSTRUCTUREFORTHENATON IF NATION Info@multinet.com.pk www.multinet.com.pk 021 021111021021 111 021 021'.",
Multinet,substitute,multinetpakistan,DdEEbc0lojM,p,2026-09-09,post_page,6,no,"It’s a Wrap! Our MultiShip Internship Program has officially come to a close! A journey filled with learning, collaboration, new experiences, and meaningful connections comes to an end, but the memories and lessons will stay with us. Our closing session was a celebration of the growth, contributions, and achievements of our amazing interns. Here’s to taking the next step, embracing new opportunities, and making an impact wherever you go! A look back at some memorable moments from the closing session. #MultiShip #InternshipProgram #InternshipJourney #FutureProfessionals #LearningAndGrowth #TeamMultiShip No comments yet. Start the conversation. 14 2 days ago",https://www.instagram.com/multinetpakistan/p/DdEEbc0lojM/,media/multinetpakistan/DdEEbc0lojM.jpg,"Photo by Multinet Pakistan Pvt Ltd on September 09, 2026. May be an image of text.",
Multinet,substitute,multinetpakistan,DdDb-_DHHOH,p,2026-09-09,post_page,7,no,"As digital operations expand globally, businesses are paying closer attention to where their critical data and workloads are hosted. Location, resilience and infrastructure standards all play an important role in keeping operations running. With locally hosted solutions and certified Rated III Data Centers in Pakistan, Multinet provides a stronger foundation for critical digital assets. For more details: UAN: (021) 111-021-021 Email: info@multinet.com.pk Website: https://multinet.com.pk #Multinet #DataCenter #DataSecurity #RatedIII #LocalHosting #DigitalInfrastructure #Pakistan #BusinessContinuity #DataProtection #ICT No comments yet. Start the conversation. 2 days ago",https://www.instagram.com/multinetpakistan/p/DdDb-_DHHOH/,media/multinetpakistan/DdDb-_DHHOH.jpg,"Photo by Multinet Pakistan Pvt Ltd on September 08, 2026. May be an image of text that says 'multinet INFOSTRUCTURE FOR HE NATION Your data has a location. Do you know how secure it is? info@multinet.com.pk www.multinet.com.pk 021 021111021021 111 021 021'.",
Multinet,substitute,multinetpakistan,DdBUM07kxSQ,reel,2026-09-08,post_page,8,no,"A temperature deviation can mean more than just a number, it can put an entire shipment at risk. With ithinX Cold Chain Monitoring, track temperature, humidity, alerts, and fleet location in real time. Monitor smarter, protect your products and deliver with confidence. For more details: UAN: (021) 111-021-021 Email: ithinx@multinet.com.pk Website: https://ithinx.multinet.com.pk #ithinX #ColdChainMonitoring #ColdChain #IoT #FleetTracking #TemperatureMonitoring #SupplyChain #RealTimeMonitoring #SmartLogistics #MultinetPakistan No comments yet. Start the conversation. 3 3 days ago",https://www.instagram.com/multinetpakistan/reel/DdBUM07kxSQ/,media/multinetpakistan/DdBUM07kxSQ.jpg,"Video by Multinet Pakistan Pvt Ltd on September 08, 2026. May be a graphic of screen, magazine, poster and text that says 'ithin Making your Smart Idea's Smarter ithinx.multinet.com.pk'.",
Multinet,substitute,multinetpakistan,DdBC9pRFl8y,p,2026-09-08,post_page,9,no,"Digital growth can quickly put pressure on networks and systems that were never designed to handle increased demand. As businesses worldwide modernize their technology, scalable infrastructure is becoming essential. Multinet helps organizations in Pakistan build infrastructure that can grow with their business and support what comes next. For more details: UAN: (021) 111-021-021 Email: info@multinet.com.pk Website: https://multinet.com.pk #Multinet #ScalableInfrastructure #ICT #BusinessGrowth #DigitalTransformation #Connectivity #FutureReady #BusinessAgility #BusinessProtection No comments yet. Start the conversation. 3 days ago",https://www.instagram.com/multinetpakistan/p/DdBC9pRFl8y/,media/multinetpakistan/DdBC9pRFl8y.jpg,"Photo by Multinet Pakistan Pvt Ltd on September 07, 2026. May be an image of text that says 'multinnet INFOSTRUCTURE FOR THE NATION Your business grew. Did your infrastructure grow too? info@multinet.com.pk www.multinet.com.pk 021 021111021021 111 021 021'.",
Multinet,substitute,multinetpakistan,DdA9QhbDgN2,p,2026-09-08,post_page,10,no,"Real-time threats demand real-time visibility. FortSecure by Multinet enables continuous monitoring to detect anomalies, identify potential threats, and support faster mitigation before they impact your operations. For more details: UAN: (021) 111-021-021 Email: fortsecure@multinet.com.pk Website: https://fortsecure.multinet.com.pk #FortSecure #ThreatDetection #RealTimeSecurity #CyberSecurity #SecurityMonitoring #CyberDefense #SOC #IncidentResponse #Multinet #NetworkSecurity No comments yet. Start the conversation. 1 3 days ago",https://www.instagram.com/multinetpakistan/p/DdA9QhbDgN2/,media/multinetpakistan/DdA9QhbDgN2.jpg,"Photo by Multinet Pakistan Pvt Ltd on September 07, 2026. May be an image of screen, laptop and text that says 'FortSecure ecure FortS SecuringtheFutureofBusiness 1 AA ! ! 4 Δ ! Real-Time Real- ime Threats Need Real Real-Time Time Visibility Monitor Detect Mitigate 24/7 multinnat INFOSTRUCTUREFORTHE.NATRON NFOSTRUCTURF FOR THF NATION nfo@multinet.com.pk www.multinet.com.pk 021 11 021 021'.",
Multinet,substitute,multinetpakistan,DdA7_erk4Xo,p,2026-09-08,post_page,11,no,"We’re pleased to share the August 2026 edition of the PING Newsletter, featuring the latest updates from Multinet, technology trends, expert insights, and key industry highlights. This edition reflects our commitment to keeping you informed and connected with the evolving digital landscape. A sincere thanks to the Multinet team and our editorial contributors for their dedication and valuable contributions in making this edition possible. Access the August 2026 edition here: https://bit.ly/4iiJgCX #MultinetPakistan #PINGNewsletter #August2026 #DigitalTransformation #Technology #Innovation #DigitalInfrastructure #TechTrends #IndustryInsights #Connectivity No comments yet. Start the conversation. 3 3 days ago",https://www.instagram.com/multinetpakistan/p/DdA7_erk4Xo/,media/multinetpakistan/DdA7_erk4Xo.jpg,"Photo by Multinet Pakistan Pvt Ltd on September 07, 2026. May be a graphic of poster, magazine and text that says 'multinet INFOSTRUCTURE FOR THE NATION PING Redefining Digital Excellence, One Ping at a Time! AUGUST AUGUST2026 2026'.",
Multinet,substitute,multinetpakistan,Dc_Hpb3Cjlb,p,2026-09-07,post_page,12,no,"Your business doesn’t operate on a 9-to-5 schedule, and neither should your cybersecurity. With Multinet’s Security Operations Center (SOC), your critical operations stay protected through 24/7 monitoring, threat intelligence, managed detection and response, and rapid incident response. Stay ahead of threats with Multinet Fortsecure, security that works around the clock. For more details: UAN: (021) 111-021-021 Email: info@multinet.com.pk Website: https://fortsecure.multinet.com.pk #Multinet #Fortsecure #Cybersecurity #SecurityOperationsCenter #SOC #ManagedSecurity #ThreatDetection #IncidentResponse #CyberResilience #DigitalSecurity No comments yet. Start the conversation. 1 3 days ago",https://www.instagram.com/multinetpakistan/p/Dc_Hpb3Cjlb/,media/multinetpakistan/Dc_Hpb3Cjlb.jpg,"Photo by Multinet Pakistan Pvt Ltd on September 07, 2026. May be an image of text that says 'FortSecure Securg:heFuturedfBusiness SECURITY OPERATIONS CENTER (SOc) Your Business Never Sleeps. Neither Does Multinet SOC. ผลส็กขิง Real-time threat detection, rapid incident response and continuous protection for your critical operations. andapteudal ahil Aabiti 24/7 Monitoring Intelligence Managed Detection & Response (MDR) Incident Response Compliance& & Regulatory Support Trusted by leading banks, ",
Multinet,substitute,multinetpakistan,Dc-W4gdCiN4,p,2026-09-07,post_page,13,no,"Data management should enable business growth, not create unnecessary complexity. MyCloud DBaaS brings database creation, remote accessibility, scalability and integration together. Is your database infrastructure ready to scale? For more details: UAN: (021) 111-021-021 Email: cloud@multinet.com.pk Website: cloud.multinet.com.pk #MyCloud #Multinet #DatabaseAsAService #DBaaS #CloudComputing #DataSecurity #EnterpriseCloud #ITModernization #BusinessTechnology #PakistanTech No comments yet. Start the conversation. 2 4 days ago",https://www.instagram.com/multinetpakistan/p/Dc-W4gdCiN4/,media/multinetpakistan/Dc-W4gdCiN4.jpg,"Photo by Multinet Pakistan Pvt Ltd on September 06, 2026. May be an image of text.",
Multinet,substitute,multinetpakistan,Dc-WweVjbUi,p,2026-09-07,post_page,14,no,"Global cloud adoption continues to accelerate as businesses rely on digital platforms to scale and stay agile. But cloud success depends on having the right infrastructure supporting the workloads behind it. With locally hosted solutions in Pakistan, Multinet brings the cloud advantage closer to your business. For more details: UAN: (021) 111-021-021 Email: info@multinet.com.pk Website: https://multinet.com.pk #Multinet #CloudComputing #CloudInfrastructure #CloudServices #DigitalTransformation #BusinessAgility #EnterpriseIT #Pakistan #LocalCloud #FutureReady No comments yet. Start the conversation. 3 4 days ago",https://www.instagram.com/multinetpakistan/p/Dc-WweVjbUi/,media/multinetpakistan/Dc-WweVjbUi.jpg,"Photo by Multinet Pakistan Pvt Ltd on September 06, 2026. May be an image of cloud and text that says 'multinet INFOSTRUCTURE FOR THE NATION Cloud was once an upgrade. Now, it's part of the foundation. 3BИmEm RDAMIUI info@multinet.com.pk www.multinet.com.pk 021 021111021021 111 021 021'.",
Multinet,substitute,multinetpakistan,Dc6qg6TCoeh,p,2026-09-05,post_page,15,no,"On Defence Day, Multinet pays tribute to the brave heroes who defended Pakistan with courage, sacrifice, and unwavering commitment. Their resilience continues to inspire us to build a stronger, connected Pakistan. #Multinet #DefenceDay #PakistanDefenceDay #6September #Pakistan #SaluteOurHeroes #NationFirst #ProudPakistanis #StrengthAndUnity #InfrastructureForTheNation No comments yet. Start the conversation. 3 5 days ago",https://www.instagram.com/multinetpakistan/p/Dc6qg6TCoeh/,media/multinetpakistan/Dc6qg6TCoeh.jpg,"Photo by Multinet Pakistan Pvt Ltd on September 05, 2026. May be an image of ‎flag, poster and ‎text that says '‎multiet INFOSTRUCTURE INFOSTRUCTUREFORTHENATION FOR THE NATION يومدفاع ستمکیم Pakistan Defence Day Honoring the brave souls who stood for Pakistan and protected our nation with unwavering courage. www.multinet.com.pk‎'‎‎.",
Multinet,substitute,multinetpakistan,Dc5IjaXnJyt,p,2026-09-05,post_page,16,no,"Your business needs connectivity that keeps up with every task, call, and connection. Tezz keeps your workplace reliably connected, so your team can focus on business. Stay connected, keep business moving with Tezz. For more information: UAN: (021) 111-021-021 Website: tezz.multinet.com.pk Email: tezz@multinet.com.pk #Tezz #BusinessConnectivity #BusinessInternet #SMEs #FiberInternet #WorkplaceConnectivity #BusinessGrowth #DigitalBusiness #ReliableInternet #MultinetPakistan No comments yet. Start the conversation. 1 6 days ago",https://www.instagram.com/multinetpakistan/p/Dc5IjaXnJyt/,media/multinetpakistan/Dc5IjaXnJyt.jpg,"Photo by Multinet Pakistan Pvt Ltd on September 04, 2026. May be an image of screen and text that says 'TEZZ... ৬ Te 因争日心 Fiber the FbertotheSmartOffice SmartOffice Smart Office Your Business, Always Connected. Reliable connectivity for uninterrupted work. tez@mulitinet.com.pk tezz.multinet.com.pk 021111021021 multinnet เพคน FORTHE NATION'.",
Multinet,substitute,multinetpakistan,Dc5G1lojp8Q,p,2026-09-05,post_page,17,no,"Cyber threats are becoming faster, more automated and increasingly complex across the globe. Protecting a business today requires more than one layer of defence, it requires a stronger overall security approach. Multinet helps organizations strengthen the cybersecurity foundation behind the digital environments they rely on. For more details: UAN: (021) 111-021-021 Email: info@multinet.com.pk Website: https://multinet.com.pk #Multinet #Cybersecurity #CyberSecurityAwareness #DigitalSecurity #BusinessProtection #CyberResilience No comments yet. Start the conversation. 1 6 days ago",https://www.instagram.com/multinetpakistan/p/Dc5G1lojp8Q/,media/multinetpakistan/Dc5G1lojp8Q.jpg,"Photo by Multinet Pakistan Pvt Ltd on September 04, 2026. May be an image of text that says 'multinet INFOSTRUCTURE FOR HE NATION One password can't protect a business. Security needs more layers. 15I-L info@multinet.com.pk www.multinet.com.pk 021 021111021021 111 021 021'.",
Multinet,substitute,multinetpakistan,Dc2v-CGDhdz,reel,2026-09-04,post_page,18,no,"Learning. Growing. Building Futures! We’re proud to share our interns’ experiences and hear how their journey helped them gain practical exposure, develop new skills, and grow professionally. Here’s to learning, meaningful experiences, and the next generation of talent! #InternshipExperience #InternTestimonials #EarlyCareers #TalentDevelopment #CareerGrowth No comments yet. Start the conversation. 10 7 days ago",https://www.instagram.com/multinetpakistan/reel/Dc2v-CGDhdz/,media/multinetpakistan/Dc2v-CGDhdz.jpg,"Video by Multinet Pakistan Pvt Ltd on September 03, 2026. May be a graphic of one or more people, scarf, shawl, headscarf, magazine, poster and text that says 'multinet nnet mult INFOSTRUCTURE INFOSTRUCTURE.FORTHENATION FOR HE NATION multinet INFOSTRUCTUREF INFOSTRUCTUREFORTHENATION FOR THE NATION 家 3 MULTISHIP 2026 Learn Learn|Grow|Launch Grow Launch Aplatform Aplatformtoleam,innovate. and build andbuildthefuture the thefuture to learn, innovate,'.",
Multinet,substitute,multinetpakistan,Dc2qydLnJZ3,p,2026-09-04,post_page,19,no,"As businesses adopt AI, cloud and smarter digital tools, strong connectivity is becoming the foundation behind every digital experience. Multinet helps businesses stay connected with reliable and scalable ICT infrastructure built for growing digital demands. Build a stronger foundation for what's next with Multinet. For more details: UAN: (021) 111-021-021 Email: info@multinet.com.pk Website: https://multinet.com.pk #Multinet #ICT #Connectivity #DigitalInfrastructure #DigitalTransformation #BusinessTechnology #NetworkInfrastructure #CloudComputing #AI #FutureReady No comments yet. Start the conversation. 1 7 days ago",https://www.instagram.com/multinetpakistan/p/Dc2qydLnJZ3/,media/multinetpakistan/Dc2qydLnJZ3.jpg,"Photo by Multinet Pakistan Pvt Ltd on September 03, 2026. May be an image of text.",
Multinet,substitute,multinetpakistan,Dc0B8WxCnVQ,p,2026-09-03,post_page,20,no,"Today's digital businesses depend on systems that remain available whenever customers need them. As global businesses become increasingly connected, even a small infrastructure disruption can create a much bigger impact. Multinet helps businesses strengthen their digital foundation with reliable connectivity and infrastructure built for continuity. For more details: UAN: (021) 111-021-021 Email: info@multinet.com.pk Website: https://multinet.com.pk #Multinet #BusinessConnectivity #DigitalInfrastructure #NetworkReliability #BusinessContinuity #EnterpriseConnectivity #DigitalTransformation #ITInfrastructure #NetworkInfrastructure #PakistanBusiness No comments yet. Start the conversation. 3 September 2",https://www.instagram.com/multinetpakistan/p/Dc0B8WxCnVQ/,media/multinetpakistan/Dc0B8WxCnVQ.jpg,"Photo by Multinet Pakistan Pvt Ltd on September 02, 2026. May be an image of text that says 'multinet INFOSTRUCTURE FOR THE NATION Your business runs 24/7, Canyourinfrastructures anyour infrastructure say the same? .lil info@multinet.com.pk www.multinet.com.pk 021 021111021021 02111102 111 021 021'.",
Multinet,substitute,multinetpakistan,DcxboBgivnc,p,2026-09-02,post_page,21,no,"Build smarter, deploy faster, manage with confidence. MyCloud Developer Cloud brings managed databases, monitoring, and security together with less complexity. Powering developers with more control, backed by Multinet’s trusted infrastructure. For more details: UAN: (021) 111-021-021 Email: cloud@multinet.com.pk Website: cloud.multinet.com.pk #MyCloud #DeveloperCloud #Multinet #CloudComputing #ManagedDatabases #CloudSecurity #CloudInfrastructure #DevOps #DigitalTransformation #PakistanIT No comments yet. Start the conversation. 2 September 1",https://www.instagram.com/multinetpakistan/p/DcxboBgivnc/,media/multinetpakistan/DcxboBgivnc.jpg,"Photo by Multinet Pakistan Pvt Ltd on September 01, 2026. May be an image of text that says 'CSMYCLOUD Es MYCLOUD DEVELOPER CLOUD More control, OI, Less Complexity Managed Databases Monitoring ManagedDatabases)MontriglSec Security mult multinet INFOSTRUCTURE FORT THE NATION Info@multinet.com.pk www.multinet.com.pk 021 11 1021 021'.",
Multinet,substitute,multinetpakistan,DcvTod7Fc4i,p,2026-09-01,post_page,22,no,"Build smarter, analyze faster, grow with confidence. With Nunomics, turn complex data into actionable business intelligence. The smarter path to insights starts here. For more information: UAN: (021) 111-021-021 Email: info@multinet.com.pk Website: https://nunomics.multinet.com.pk #Nunomics #BusinessIntelligence #DataAnalytics #SmartBusiness #DataDriven #Analytics #DigitalTransformation #BusinessGrowth #ManagedAnalytics #Multinet No comments yet. Start the conversation. 1 September 1",https://www.instagram.com/multinetpakistan/p/DcvTod7Fc4i/,media/multinetpakistan/DcvTod7Fc4i.jpg,"Photo by Multinet Pakistan Pvt Ltd on September 01, 2026. May be a graphic of magazine, poster and text that says '{nunomICS> THE SMARTER PATH to BUSINESS INTELLIGENCE TRADITIONAL BUILD PLATFORMS, INFRASTRUCTURE, AND TEAMS FROM SCRATCH. NUNOMICS ACCESS MANAGED ANALYTICS ANAL DESIGNED FOR FASTER INSIGHT DELIVERY. BENEFIT: ACCELERATE DEPLOYMENT WHILE REDUCING OPERATIONAL COMPLEXITY. multinet mult ይት INFOSTRUCTURE FORTI INFOSTRUCTUREFORTHENATION THE NATION info@multinet.com.pk www.multinet.com.pk 0",
Multinet,substitute,multinetpakistan,DcvCQclHAVc,p,2026-09-01,post_page,23,no,Digital growth can quickly put pressure on networks and systems that were never designed to handle increased demand. Multinet helps organizations in Pakistan build infrastructure that can grow with their business and support what comes next. For more details: UAN: (021) 111-021-021 Email: info@multinet.com.pk Website: https://multinet.com.pk #Multinet #ICT #AI #ArtificialIntelligence #DigitalInfrastructure #Connectivity #NetworkInfrastructure #DigitalTransformation #BusinessTechnology #FutureReady No comments yet. Start the conversation. 1 August 31,https://www.instagram.com/multinetpakistan/p/DcvCQclHAVc/,media/multinetpakistan/DcvCQclHAVc.jpg,"Photo by Multinet Pakistan Pvt Ltd on August 31, 2026. May be an image of screen and text that says 'multinet INFOSTRUCTURE FOR THE NATION AI is getting smarter. Is your network getting stronger? info@multinet.com.pk www.multinet.com.pk 021 021111021021 111 021 021'.",
