text,source_col,row,is_reply,likes,author,posted,lang_script,times_in_file,themes,brands
محترم یہ کھاد چاول کی فصل کے لئے کیسی ہے,0,2,no,,,,urdu_script,1,,
Daer ye pak arab k best hy ya sarsabz ki? Ya 2non best hein...,0,3,no,,,,latin,1,counterfeit_quality,Sarsabz|Pak Arab
Dono he behtreen hn,1,4,yes,,,,latin,1,,
❤🎉😊❤🎉😊,0,5,no,,,,other,1,,
That's for uploading valuable information,0,6,no,,,,latin,1,,
Welcome Dear,1,7,yes,,,,latin,1,,
Din b Sath bataya kro kitny din ppr krna h,0,8,no,,,,latin,1,,
Cangawara k saat sulfare saat daa sakta hai ?,0,9,no,,,,latin,1,,CAN / Gawara (product)
نہیں بھائی,1,10,yes,,,,urdu_script,3,,
کین گوارا کے ساتھ سلفر +زنک +ہیومک ایسڈ فلڈ یا چھٹا کر سکتے ہیں,0,11,no,,,,urdu_script,1,application_method,CAN / Gawara (product)
السلام علیکم بھائی جان یہ کھاد فلڈ کرنی چاہیے یا چھٹا صحیح رہے گا,0,12,no,,,,urdu_script,1,application_method,
واعلیکم السلام بھائی ۔ دونوں طرح ہی بہترین رزلٹ مل جاتے ہیں,1,13,yes,,,,urdu_script,1,yield_result,
Bhai Jaan fawara khad kis company ki achi ha SAR sbz ya Fatima wali,0,14,no,,,,latin,1,,Sarsabz|Fatima
Fatima fertilizer company,1,16,yes,,,,latin,1,,Fatima
Good bhot achi information dy rhy han Allah apka kush rakhy,0,17,no,,,,latin,1,,
Pyaz ko daal sakte hain,0,18,no,,,,latin,1,crop_other,
Sir gamlon m use kisy krty hain 24 waly gamly m kitne dalni h,0,19,no,,,,latin,1,timing_dose,
بھائی ایک گملے میں ایک چمچ ڈال دیں اور ہر ہفتے ڈال دیا کریں۔,1,20,yes,,,,urdu_script,1,,
Bahi امونیم سلفیٹ کا چھٹا کر سکتے ہیں کیا جواب ضرور دیجئے گا,0,21,no,,,,mixed,1,contact_reply_request,
zabardast information,0,22,no,,,,latin,1,,
Assalam o allaikum sir can guwara k sath Fe iron use Kr sakty hn koe issue to nhi Hoga kindly reply kijiega thanks,0,23,no,,,,latin,1,video_feedback,CAN / Gawara (product)
واعلیکم السلام بھائی ۔ کین گوارا ہمیشہ اکیلی دیں,1,25,yes,,,,urdu_script,1,,CAN / Gawara (product)
Dear Abid Bhai. Please guide which approach is better for CAN gawara Khaad to flood it or have keera in khalien? I have cotton crop on khalien,0,26,no,,,,latin,1,application_method|crop_other,CAN / Gawara (product)
Yeh leachdown tou nahin ho jati ?,1,27,yes,,,,latin,1,,
Fertigation is good option,1,28,yes,,,,latin,1,,
Abid bhai. Please guide that can i flood can gawara khaad and 3 kg sona Boron together in my Cotton crop ?,0,29,no,,,,latin,1,mixing_compatibility|application_method|crop_other,CAN / Gawara (product)|FFC Sona
Yes,1,30,yes,,,,latin,42,,
کپاس کو یہ کھاد دی سکتی ہے,0,31,no,,,,urdu_script,1,crop_other,
Nethrophas can max kr k dy skte,0,32,no,,,,latin,1,,NP / Nitrophos (product)
Nahi bhae,1,33,yes,,,,latin,5,,
Can gawara say paidawar mien izafa hota hy kia,0,34,no,,,,latin,1,yield_result,CAN / Gawara (product)
بھائی ستمبر کاشت کماد ہے جوس والا بونا اس میں کین گوارا کھاد کب ڈالے اب بھی اس کی دو فٹ ہائٹ ہے ؟,0,35,no,,,,urdu_script,1,crop_other,CAN / Gawara (product)
کیا فلڈ کر سکتے ہیں,0,36,no,,,,urdu_script,1,application_method,
جی بالکل,1,37,yes,,,,urdu_script,4,,
Sir kia potash water salobal ky sath can goura istamal kr sakth,0,38,no,,,,latin,1,,CAN / Gawara (product)
Boht achi malomat di Apne shukria bahi Salamt rahen❤,0,39,no,,,,latin,1,,
کین گورا کے ساتھ سلفر فلڈ کر سکتے ہیں ؟,0,40,no,,,,urdu_script,1,application_method,CAN / Gawara (product)
نہیں,1,41,yes,,,,urdu_script,3,,
مقدار کتنی ڈالیں اور کیا پہلے پانی کے بعد دوسرے پانی پہ بھی دی جا سکتی ہے,0,42,no,,,,urdu_script,1,timing_dose,
اسلام و علیکم ۔۔۔۔مکی نیچے سے وقت سے پہلے سوکھنے لگ جاتی ھے دیمک کی وجہ سے یا فنگس کی وجہ سے یہ تو نہیں معلوم مہربانی فرما کر ایک وڈیو بنا دیں اور اسکا حل بھی تجویز کر دیں ۔۔۔ھمارے علاقے ضلع لودھراں میں یہ بڑا مسلا ھے اور آپ کی وڈیوز دیکھتے اور عمل کرتے ہیں ھم سب,0,43,no,,,,urdu_script,2,,
اسلام و علیکم ۔۔۔۔مکی نیچے سے وقت سے پہلے سوکھنے لگ جاتی ھے دیمک کی وجہ سے یا فنگس کی وجہ سے یہ تو نہیں معلوم مہربانی فرما کر ایک وڈیو بنا دیں اور اسکا حل بھی تجویز کر دیں ۔۔۔ھمارے علاقے ضلع لودھراں میں یہ بڑا مسلا ھے اور آپ کی وڈیوز دیکھتے اور عمل کرتے ہیں ھم سب,0,44,no,,,,urdu_script,2,,
السلام علیکم! Sir many bechai k waqat DAP 50kg or SOP 25kg or Boran 2kg 11 canel men or phly pani 1.5 bori uria khad istmal ki hay or gandum kafi ghani hy matlb poday bht ziada hain or fasal 50 din ki ho choki hy ab mujy dosry pani par kon khad use krni chahye takh seta bara or dana Mota ho,0,45,no,,,,mixed,1,timing_dose|crop_wheat,DAP (product)|Urea (generic)
Assalam Walekum bhai Hamari Zameer Mehra hai aap aur usmein bagat laga hua hai tarsa Bhagat Lage hue hain aap bata Den Ki usmein Ham kaun si fertilizer Khad istemal Karen,0,46,no,,,,latin,1,,
Abid bhai sodium nitrate klar wali zamin main use kr skta hain,0,47,no,,,,latin,1,price_cost,
بھائ میں نے نائیٹروفاس استعمال کی ہے میری زمین نرم ہے ریتلی ہے تو اکثر لوگ کہہ رہے ہیں کہ ریتلی اور نرم زمینوں میں نائیٹروفاس کا کا کوی فایدہ نہیں کیا یہ سچ ہے بھائ پلیز ضرور جواب دی دجاف,0,48,no,,,,urdu_script,1,soil_type,NP / Nitrophos (product)
بھائی جان کین گوارا کھاد کے ساتھ زبردست یوریا استعمال کر سکتے ہیں گندم میں یا نہیں,0,49,no,,,,urdu_script,1,crop_wheat,CAN / Gawara (product)|Urea (generic)|Engro Zabardast
Abid Bhai Kia immonium sulphate zinc urea mix krke use kr sakty hai gandum p please reply,0,50,no,,,,latin,1,mixing_compatibility|crop_wheat,Urea (generic)
Flood behtr hai ya chatta,0,51,no,,,,latin,1,application_method,
Abid bhai main gandam main nechy koi khad ni di uper pani k bad 1 bori zabardast ki use ki hai aur ek bori urea 10 din bad phir dal raha ho watar par dosre pani par kon si khad dalo.,0,52,no,,,,latin,1,timing_dose|crop_wheat,Urea (generic)
Abid mian desi lemon kasht h us par. bhi video bna dou aik proper plain k sath ur iss time uska kia krna behtr h . npk dy skty hn is stage p ya nh ur pani ka kia plain hai aur spray ka?,0,53,no,,,,latin,1,,
Pki chkni Zameen kay lye ksi hai yah khad abid bhai,0,54,no,,,,latin,2,soil_type,
Pki chkni Zameen kay lye ksi hai yah khad abid bhai,0,55,no,,,,latin,2,soil_type,
can ko nitro k sath use kr saktay???),0,56,no,,,,latin,1,mixing_compatibility,CAN / Gawara (product)
سرسوں قد بڑھائے جا رہی ہے لیکن فول کم بنا رہی ہے اس ایک بوری ڈی اے پی اور ایک بوری نائٹروفاس ایک بوری ایس او پی پوٹاش اور ایک دو کلو سلفر دیا تھا اور تین پانی بھی لگا دیئے ہیں اب کیا کیا جائے رقبہ کاشت چار کنال,0,57,no,,,,urdu_script,1,np_vs_dap_substitution|crop_other,NP / Nitrophos (product)|DAP (product)
"AOA, jnab hm ne klrathy raqba me 3 bori ssp nechy .or pehly pani pr 1 bori urea di ha zink boran b dia ha is k ilawa ap ki kya ray ha",0,58,no,,,,latin,1,timing_dose,Urea (generic)
"Wa alaikum assalam bhae, ab urea k sath sulphur dein",1,59,yes,,,,latin,1,,Urea (generic)
سر نائیٹروفاس کھاد میں کونسی نائیٹروجن یوریا ہوتی ہے کین گوارا ہوتی ہے میں نے نائیٹروفاس فی ایکڑ دو بوری استعمال کی ہے,0,60,no,,,,urdu_script,1,timing_dose,NP / Nitrophos (product)|CAN / Gawara (product)|Urea (generic)
جی کین گوارا والی نائٹروجن ہوتی ہے,1,62,yes,,,,urdu_script,1,,NP / Nitrophos (product)|CAN / Gawara (product)
phly itni sardi hy aur uper say cangawara kya bhtr rhy ga,0,63,no,,,,latin,1,,CAN / Gawara (product)
جی بہترین,1,64,yes,,,,urdu_script,4,,
"Sir Gundom k kis pani py istmal kren can gwara, 2sry ya 3sry?",0,65,no,,,,latin,1,timing_dose,CAN / Gawara (product)
Asalam o alikum kya is ko potash ka sat mix kr skta hn,0,66,no,,,,latin,1,mixing_compatibility,
"Wa alaikum assalam bhae, mix na krein",1,67,yes,,,,latin,1,mixing_compatibility,
اسلام علیکم سرجی کیسے ہو سرجی لوسن کے پتے جل رہے ہیں اب کیا کرنا چاہیے,0,68,no,,,,urdu_script,1,,
وا علیکم السّلام بھائی ، سینجنٹا کمپنی کا اِیذا بیان اسپرے کریں,1,69,yes,,,,urdu_script,1,,
فلڈ یا چھٹا کریں بہترین نتائج کیلئے,0,70,no,,,,urdu_script,1,application_method|yield_result,
Kon sa pani pa is ko dana chia 2 ya 3 pa,0,71,no,,,,latin,1,timing_dose,
عابد بھائی پکے وٹ کی زمین ہے اس میں جڑی بوٹی ہیں چوڑے پتے والی اور نکلے پتے والی اس کے لیے کون سا ز اچھا ہ,0,72,no,,,,urdu_script,1,,
الاٸ میکس,1,73,yes,,,,urdu_script,1,,
زبردست جناب، محترم کین گورا کو DAP کے ساتھ استعمال کر سکتے ہیں,0,74,no,,,,mixed,1,video_feedback,CAN / Gawara (product)|DAP (product)
Paka wat ke zameen ha jinta khoshi kar la per bhi gadam 33 40 mun he ayti ha kay waga ha 10 sal sa gadam monji he lag ray hj Reply liemz sir,0,75,no,,,,latin,1,soil_type|yield_result|crop_rice,
Tunnel m vegetables k lye kase h,0,76,no,,,,latin,1,,
V good bro 60din k gandam ko dy sakty hen 3 Pani per retly Zameen hy,0,77,no,,,,latin,1,timing_dose|soil_type|crop_wheat,
فلڈ کرنے سے رزلٹ اچھا ملتا ہے یا چھٹہ کرنے سے,0,78,no,,,,urdu_script,1,application_method|yield_result,
Sir January ma jawar laga skte ha,0,79,no,,,,latin,1,,
Good information,0,80,no,,,,latin,1,video_feedback,
بھترين,0,81,no,,,,urdu_script,4,,
السلام علیکم پیارے بھائی گندم پر گلابی سنڈی کا اٹیک ہے اسے کون سا سپرے کرنا چاہیے کافی بھی مسئلہ بنا ہوا ہے,0,82,no,,,,urdu_script,1,crop_wheat,
Khuda da khof kr bhaya,1,84,yes,,,,latin,1,,
وا علیکم السّلام بھائی ، دانے دار زہر کا چھٹا کریں اور پانی لگا دیں,1,85,yes,,,,urdu_script,1,,
استغفار کرو,1,86,yes,,,,urdu_script,1,,
Zeeshan,0,87,no,,,,latin,1,,
Well done 👍,0,88,no,,,,latin,1,video_feedback,
Thank you so much for your appreciation!,1,89,yes,,,,latin,1,video_feedback,
Assalamo Alaikum Gandum ko 3 Pani par Can guara de sakte hn? Aur chatta bhi kar sakte hn Ya ni,0,90,no,,,,latin,1,application_method|timing_dose|crop_wheat,CAN / Gawara (product)
Good information Bhai jan,0,91,no,,,,latin,1,video_feedback,
Welcome,1,92,yes,,,,latin,1,,
"Salaam, plz attend your mobile",0,93,no,,,,latin,1,,
Rateeli raqbe mein flood Ker sakte hein,0,94,no,,,,latin,1,application_method|soil_type,
G bhae,1,95,yes,,,,latin,22,,
First comment,0,96,no,,,,latin,1,,
Jazak Allah Bhai g boht shukrya,0,97,no,,,,latin,1,video_feedback,
Khanewal Mukhdumpur road 16 Chak/V ma Gandum ke Average 63-68 mann hoti hai. 1.DAP 1 bag 2.Urea 2 bag 3.Tonic 4.Mix Bag,0,98,no,,,,latin,1,mixing_compatibility|yield_result|crop_wheat,DAP (product)|Urea (generic)
Nice,0,99,no,,,,latin,3,,
What is micro nutrient,0,100,no,,,,latin,1,,
چھوٹے خوراکی اجزا جو بہت کم مقدار میں درکار ہوتے ہیں جیسے آئرن،کاپر،مینگانیز وغیرہ,1,101,yes,,,,urdu_script,1,timing_dose,
جزاکم اللہ خیراً,0,102,no,,,,urdu_script,1,,
"Assalam o Alaikum sir Mandi Bahauddin ki Halki mera zameen per Bhakhar Star sy ye Yield issi Fertilizer plan sy possible hy? Last season 3 dec ki drill kasht 42.5 Mand nikli thii (1DAP, 1NP, 1Zbrdast Urea, aur 1 spray Headlandmulti thaa) taqreeban 2-2.5 kanal gir gai thii",0,103,no,,,,latin,1,timing_dose|np_vs_dap_substitution|yield_result,Urea (generic)|Badshah / Swat / Jaffar / others
اگر گوبھ کے طریقہ سے کس تاریخ کوکاشت کی جائے,0,104,no,,,,urdu_script,1,timing_dose,
Sir gandam ma zabardast urea or nitrophase ko ak sath use kr skty hn Koi nuksan to nhi,0,105,no,,,,latin,1,mixing_compatibility|crop_wheat,NP / Nitrophos (product)|Urea (generic)|Engro Zabardast
Bijai Kay waqt 1 DAP,0,106,no,,,,latin,1,,DAP (product)
"<a href=""https://youtube.com/@hafizjavedkumbhar?si=c1r25oyGtyBrSdNz"">https://youtube.com/@hafizjavedkumbhar?si=c1r25oyGtyBrSdNz",0,107,no,,,,latin,1,,
Apka number mil sakta hai???,0,108,no,,,,latin,1,contact_reply_request,
میں اس بات کو نہیں مانتا نائٹرو کے ساتھ یوریا ہی سہی رہتی زبردست یوریا تو بلکل نا ڈالی جائے نہیں تو پودے ہارڈ ہو جائے گے اور فیلاو زیادہ نہیں ہو گا,0,109,no,,,,urdu_script,1,,NP / Nitrophos (product)|Urea (generic)|Engro Zabardast
جولستان قلعہ مروٹ جہاں سب سے زیادہ گندم کاشت ہوتی ہے اس علاقے کے بارے میں بتاؤ جہاں پر لاکھوں,0,110,no,,,,urdu_script,1,crop_wheat,
Medicine mafia se paise lekar video banner rehta ke zimidar Aur Jaan se me,0,111,no,,,,latin,1,trust_distrust_advice,
کمپنیاں واقعی مافیا ضرور بن چکی ہیں لیکن پیسے والی بات غلظ ہے کچھ مزید وقت گزرنے پر آپ کو بھی یقین ہوجائے گا,1,112,yes,,,,urdu_script,1,trust_distrust_advice,
بہت شکریہ ❤❤❤❤❤❤❤❤❤,0,113,no,,,,urdu_script,1,video_feedback,
حاجی صاحب میں نے زیرو ڈرل کی تھی . ایک بوری ڈی اے پی تین بوری یوریا تین سپرے کے ساتھ 55/70 من پیداوار لے رہا ہوں .,0,114,no,,,,urdu_script,1,yield_result,DAP (product)|Urea (generic)
lawjab janab,0,116,no,,,,latin,1,,
janab ap ka analysis apka bat ka tareewa aur jo bat ao ne sanjhai hai wo sub La. jawab hai,1,117,yes,,,,latin,1,,
؟؟,1,118,yes,,,,urdu_script,1,,
اسلام و علیکم سر میں نے 20 نومبر کے بعد گندم کاشت کی تھی اب وہ زیادہ گروتھ نھیں کر رہی اس کا ہل بتاو پھلا پانی لگا دیا اور ایک بییگ یوریا بھی ڈالا ہے,0,119,no,,,,urdu_script,1,crop_wheat,Urea (generic)
ڈی اے پی کی جگہ اگر تین بوری نائٹروفاس ڈالی جائے کیا کہیں گے اس بارے میں,0,120,no,,,,urdu_script,1,np_vs_dap_substitution,NP / Nitrophos (product)|DAP (product)
شکریہ جناب ❤,1,121,yes,,,,urdu_script,1,video_feedback,
تین بوری سرسبز نائٹروفاس ڈیڑح بوڑی ڈی اے پی کے مقابلے میں بہتر ہے,1,122,yes,,,,urdu_script,1,np_vs_dap_substitution,Sarsabz|NP / Nitrophos (product)|DAP (product)
"اسلام علیکم 2ایکڑ گندم کاشت کی ایک ایک بوری Dap وقت بجائی ڈالی ھے میرے پاس <a href=""https://www.youtube.com/watch?v=Uuw-bf4SoJY&t=1124"">18:44 یوریا فاسفیٹ ہے12کج ۔کس وقت استعمال کریں",0,123,no,,,,mixed,1,crop_wheat,DAP (product)|Urea (generic)
Sir Headland Multi swat agro ko flood kren ya spray kren aur kitni miqdar ma?,0,124,no,,,,latin,1,application_method|timing_dose,Badshah / Swat / Jaffar / others
Apka channel SIRF Punjab ke liye he?,0,125,no,,,,latin,1,,
yai fi acre ka plan hai,0,126,no,,,,latin,1,timing_dose,
سرسوں اور گندم کے دوسرے پانی پر یوریا کے ساتھ sop کو 10 کلو کے حساب سے ڈال سکتے کیا,0,127,no,,,,mixed,1,timing_dose|crop_wheat|crop_other,Urea (generic)
Baba G Rice zone konsa ilaqain hain,0,128,no,,,,latin,1,crop_rice,
السلام علیکم بابا جی پہلے پانی پر جو 21 دن بعد دینا ہے اس میں سرسبز نائٹروفاس اور زبردست یوریا دونوں مکس کر کے ڈالی جا سکتی ہیں کیونکہ زبردست یوریا میں زنک ہوتا ہے تو زنک اور فاسفورس کا اکٹھا کرنا تو مناسب نہیں ہے پلیز جواب ضرور دینا وسلام,0,129,no,,,,urdu_script,1,mixing_compatibility|timing_dose|contact_reply_request,Sarsabz|NP / Nitrophos (product)|Urea (generic)|Engro Zabardast
Salam..kya hum nitrophose pani lagany sy pehly daal sakty hain? Aur baad main wattar any ky baad zabardast urea daal lain??. Ya dono pani lagant ky baad ik sath daal sakty hain??,1,130,yes,,,,latin,1,,NP / Nitrophos (product)|Urea (generic)|Engro Zabardast
absolutely right g,1,131,yes,,,,latin,1,,
"G dey skty hain . For more information visit , Kgm farming and gardening",1,132,yes,,,,latin,1,,
نائٹروفاس فلڈ کریں زبردست یوریا پانی اتر جانے کے بعد چھٹہ کریں کوئی مسئلہ نہیں ہوتا,1,133,yes,,,,urdu_script,1,application_method,NP / Nitrophos (product)|Urea (generic)|Engro Zabardast
سر مکس مائیکرو نیوٹرینٹس کون سے ہیں ؟,0,134,no,,,,urdu_script,1,mixing_compatibility,
You may seek guidance from Rana Ishfaq 03006519713,1,135,yes,,,,latin,1,,
بہت خوب بہت زبردست ۔,0,136,no,,,,urdu_script,1,,
50 din k bad can goara ki jagah nitrofast dal dain to behtar hai kia,0,137,no,,,,latin,1,timing_dose,NP / Nitrophos (product)
Yes this is better,1,138,yes,,,,latin,1,,
Zabrdast urea ma zink ha aur np ma phosphorus ha to akthy dalen gy to zink phosphorus to fix ho jay ge,0,139,no,,,,latin,1,mixing_compatibility,NP / Nitrophos (product)|Urea (generic)|Engro Zabardast
اگر نائٹروفاس کی جگہ زوآور ڈال دیں,0,140,no,,,,urdu_script,1,,NP / Nitrophos (product)|Engro (other)
1 npk+1np+ 1 urea kya is sy achi average a skti ha?,0,141,no,,,,latin,1,yield_result,Urea (generic)
Sir MOP/SOP at time of cultivation nai dalni??,0,142,no,,,,latin,1,,
ASLAM O ALIKUM BABA ji seed dal kir suhaga kir kay oper say pani laga dain tu kaisa rahy GA please reply me,0,143,no,,,,latin,1,,
برادر گندم میں بجایء کے وقت پچاس کلو گرام ایس او پی ،ڈیڑھ بوری ڈی اے پی اور ایک پیکٹ سونا بوران اور دلکش بیج ڈالا ھے پھلے پانی پر ایک بوری زبردست یوریا کا چھٹا اور ھاف بیگ سادہ یوریا میں سلفر فلڈ کر سکتے ہیں ،؟ رہنمائی فرمائیں پتوکی ضلع قصور,0,144,no,,,,urdu_script,1,application_method|timing_dose|crop_wheat,DAP (product)|Urea (generic)|Engro Zabardast|FFC Sona
"Nitro Phos or Zinc aik Sath ,?",0,145,no,,,,latin,1,mixing_compatibility,NP / Nitrophos (product)
Sir nitrophos and zabradsst area mix nahi kr sakta zinc and phosphorus Ki waja Sa,0,146,no,,,,latin,1,mixing_compatibility,NP / Nitrophos (product)
Bhai alg alg kr k dal lain na,1,147,yes,,,,latin,1,,
سانگلہ ہل میں گندم کی کونسی قسم اچھی ہے؟,0,148,no,,,,urdu_script,1,crop_wheat,
اکبر،دلکش،عروج,1,149,yes,,,,urdu_script,1,,
Excellent Sir as always,0,150,no,,,,latin,1,,
Fakhre Bukhar nay 71 من dia tha last time in Tando Allahyar area.,0,151,no,,,,mixed,1,yield_result,
Sir APNA number de,1,152,yes,,,,latin,1,contact_reply_request,
جناب نائٹروفاس کے ساتھ زنک یوریا یعنی زبردست یوریا ڈالی جا سکتی ھے؟؟؟؟؟,0,153,no,,,,urdu_script,1,,NP / Nitrophos (product)|Urea (generic)|Engro Zabardast
Mix micro nutrient kis company ky?,0,154,no,,,,latin,1,mixing_compatibility,
ہر کمپنی کے پاس ہے,1,155,yes,,,,urdu_script,1,,
Barani ilaqo k liye b kuch info dain sir,0,156,no,,,,latin,1,soil_type|region_request,
Pindi bhattian me konsi variety soo karee,0,157,no,,,,latin,1,,
اکبر،عروج،اناج ۱۷، کچھ رقبے پر دلکش بھی لگاسکتے ہیں,1,158,yes,,,,urdu_script,1,,
Sir ssp khad dal saktay ha,0,159,no,,,,latin,1,,
Sir Barish Wala water pa gandam kasht Kar da Ya ravndi kar da tubewell sa Kn sa option best ha,1,160,yes,,,,latin,1,crop_wheat,
بادشاہ ایس ایس پی ڈال سکتے ہیں,1,161,yes,,,,urdu_script,1,,Badshah / Swat / Jaffar / others
What is mix micro nutrients,0,162,no,,,,latin,1,mixing_compatibility,
سر چھیاسی مونجی گر گئی ہے اور پک بھی گٔی اور زمین میں پانی بھی خشک نہیں ہونا ۔ اب اس کو کس طرح کاٹیں پلیز بتائیں,0,163,no,,,,urdu_script,1,crop_rice,
اس کا مجھے نہیں پتہ,1,164,yes,,,,urdu_script,1,,
سر کیا نائیٹروفاس کے ساتھ زبردست یوریا مکس کرکے گندم کو پہلے پانی پر فلڈ کر سکتے ھیں جواب ضرور دیں شکریہ,0,166,no,,,,urdu_script,1,video_feedback|mixing_compatibility|application_method|timing_dose|contact_reply_request|crop_wheat,NP / Nitrophos (product)|Urea (generic)|Engro Zabardast
بابا جی کیا زیرہ ٹلج سے ڈی اے پی اور ایس او پی اور بوران ڈال سکتے ہیں؟ ہمارا پلان بوائی کے وقت ڈی اے پی، پچیس کلو ایس او پی تین کلو بوران. پہلے پانی کے ساتھ ایک یوریا، زنک اور سلفر اور پائلیٹس دوسرا پانی دو بوری کین گوارا تیسرے پانی پر نائٹرو پوٹاش دس کلو,0,167,no,,,,urdu_script,1,timing_dose,NP / Nitrophos (product)|CAN / Gawara (product)|DAP (product)|Urea (generic)
سر صادق اباد میں گندم کی کون سی اقسام کاشت کریں پلیز رہنمائی فرمائیں❤,0,168,no,,,,urdu_script,1,crop_wheat,
نواب ۲۱ اکبر ۱۹ عروج ۲۲,1,169,yes,,,,urdu_script,1,,
گندم کا ریٹ کیا نکلا ہے؟؟,0,170,no,,,,urdu_script,1,price_cost|crop_wheat,
ہارون آباد ۔ فقیر والی کا شیڈول بھی بتائیں ۔ مکمل دارومدار نہری پانی پہ ہے,0,171,no,,,,urdu_script,1,timing_dose,
بارانی علاقوں کیلییے بھی ضرور بنائیں، یوٹیوب پر کوئی بندہ بھی اتنی بڑی آڈیینس کو ٹارگٹ نہیں کر رہا، آپ ضرور کریں,0,172,no,,,,urdu_script,1,soil_type|region_request,
"<a href=""https://www.youtube.com/watch?v=wyoPniw3Rm4"">https://youtu.be/wyoPniw3Rm4?si=nhIg5qJoOXrOkeR_",1,173,yes,,,,latin,1,,
chakwal ma kia tarteb ki jay ziayada padawar ki lie,0,174,no,,,,latin,1,region_request,
سر گندم کے لیے چھٹا دے کر بیڈ بنانے کے لیے کتنا بیج استعمال کیا جاتا ہے,0,175,no,,,,urdu_script,1,crop_wheat,
السلام علیکم محمد عاشق صاحب اللہ تعالٰی اپکو صحت دے۔۔ آپ پاکپتن کا نام نہیں لیتے باقی تمام لیتے ہیں اوکاڑہ ساہیوال ، 😢,0,176,no,,,,urdu_script,1,,
بابا جی اگر وسطی پنجاب ساہیوال ایریا میں مونجی کی کٹائی جلدی ھو چکی ھے گندم کی اچھی پیداوار کے لیے ہل چلا کے زمین کی تیاری کے بعد زیرو ڈرل کرنا بہتر ھے یا اسی طرح بغر ہل چلائےرونی کر کے زیرو ڈرل کرنا بہتر ھے رہنمائی فرما دیں کہ اچھا طریقہ کونسا ھے,0,177,no,,,,urdu_script,1,yield_result|crop_wheat|crop_rice,
Sir potash kesy flad kren,0,178,no,,,,latin,1,application_method,
Zubrdast urea has zink and NP has phosforas.yeh together kesay??,0,179,no,,,,latin,1,mixing_compatibility,NP / Nitrophos (product)|Urea (generic)
A.o.a Sir mry pas kch raqba asa h jo pka h ziada barish a jay to pani khra ho jata h ghandam khrab hny k chances hty hn.. Asy raqby m gandam k ly kn c khad istmal ki jay..???,0,180,no,,,,latin,1,crop_wheat,
Sar jabardast uriya aur nitro fas akathi Dal de,0,181,no,,,,latin,1,mixing_compatibility,
Salam sir please tell which soluble potash shoulf we use,0,182,no,,,,latin,1,,
Best is Jaffar Brothers Sop but it expensive.,1,183,yes,,,,latin,1,price_cost,Badshah / Swat / Jaffar / others
Sir bhawalnagar walo k liy kia plan he,0,184,no,,,,latin,1,,
bahawalpur area k ly b video bnain,0,185,no,,,,latin,1,region_request,
میانوالی ،، پپلاں میں کونسی ورائٹی اچھی رہی گی,0,186,no,,,,urdu_script,1,,
Sakht zameen me fertilizer plan btaiye,0,187,no,,,,latin,1,soil_type,
Normal retli zamen k lyee Kon c varity best h,0,188,no,,,,latin,1,soil_type,
Gandum ko girne se kaise bachaya jae? Plz guide,0,189,no,,,,latin,1,crop_wheat,
Waqt kasht: 1 bag dap + enrich First pani: 1 bag nitrophas+ 1 bag zabardat urea Second pani: 1 bag nitrophas plus 1 bag can gawara+3kg sulphur Third pani: 25 kg soluble potash+ 20kg can gawara... Ye fertilizer plan kaisa ha? Area: district muzaffargarh,0,190,no,,,,latin,1,np_vs_dap_substitution,NP / Nitrophos (product)|CAN / Gawara (product)|DAP (product)|Urea (generic)|Engro Zabardast
Bhai zink ko phosphorus k sath q dalwa rhy han wo to fix ho jay ge Zabrdast urae zink coted ha np ma phosphorus ha,1,192,yes,,,,latin,1,mixing_compatibility,NP / Nitrophos (product)|Engro Zabardast
G .....sath main mix krne ha... Aik pack per acre,1,193,yes,,,,latin,1,mixing_compatibility|timing_dose,
Ye enrich sath mix krna he beej or dap k sath,1,194,yes,,,,latin,1,mixing_compatibility,DAP (product)
Enrich by syngenta is humic acid plus potassium.....,1,195,yes,,,,latin,1,,Badshah / Swat / Jaffar / others
Ye fap k sath enrich kia chz h,1,196,yes,,,,latin,1,,
Sir ffc ke sop 50 kg agr dap k sath zameen ke tyari m mix kr d to kesa rhy ga.. mtlb 1. Bag dap+ 1 bag sop+1 bag can gwara combination kesa rhy ga.. kindly respond thanks area Sharqpur sheikhupura,0,197,no,,,,latin,1,video_feedback|mixing_compatibility,CAN / Gawara (product)|DAP (product)|FFC Sona
Sir g 2sry pani py amoniyum sulphate dalni chaye hai kia,0,198,no,,,,latin,1,timing_dose,
Sir bhakkar layyah ka liy gandum safarshat par video bna dy,0,199,no,,,,latin,1,region_request|crop_wheat,
Assalam O Allikum sir gibberellic acid kay use kay bara ma bhi btaye. Mana ki hight to cotton and rice ki kafi improve hui. Ab mana makai py ki ha jo vo yellow yellow sa tha kaheen kaheen sab dark green or ek dam chali pay a gaye ha.,0,200,no,,,,latin,1,crop_rice|crop_other,
سر بجاٸی میں کتنی بوری سرسبز ناٸٹروفاس ایک ڈی اے پی کے مقابلے رزلٹ دے سکتی ہیں؟ یا ڈی اے پی کے متبادل نہیں ھو سکتی جس سے بالکل ایک ڈی اے پی جتنا رزلٹ ملے۔,0,201,no,,,,urdu_script,1,timing_dose|np_vs_dap_substitution|yield_result,Sarsabz|NP / Nitrophos (product)|DAP (product)
Assalam o alaikum half bag DAP zameen key tayari main aur first water pr 1bag NP,1,202,yes,,,,latin,1,,NP / Nitrophos (product)|DAP (product)
Andazan yee cost kitna ayee ga ju app nay bataee hai,0,203,no,,,,latin,1,price_cost,
ماشاءاللہ باباجی آپ نے بہت خوبصورت بات کی ہے,0,204,no,,,,urdu_script,1,,
Jazak Allah,0,205,no,,,,latin,1,video_feedback,
Sir kisi micro nutrient ka name suggest kar dn,0,206,no,,,,latin,1,,
Headland Multi,1,208,yes,,,,latin,1,,Badshah / Swat / Jaffar / others
SOP ko laye kion krtay hen,0,210,no,,,,latin,1,,
Vibrance Due se treat kr skty hen?,0,211,no,,,,latin,1,,
"You may watch this video, Which is better for Seed Treatment in Wheat | Hombre Vs Vibrance Duo | Crop Reformer <a href=""https://www.youtube.com/watch?v=8vy5gm4Y_8g"">https://youtu.be/8vy5gm4Y_8g",1,212,yes,,,,latin,1,crop_wheat,
پرالی ko kasy zameen mein mix krein is pay video bnaein plz for small farmer,0,213,no,,,,mixed,1,mixing_compatibility,
Subhanalla,0,214,no,,,,latin,1,,
Zinc or np akhty flood kr skty hn,0,215,no,,,,latin,1,application_method,NP / Nitrophos (product)
بابا جی ملکی حالات پہ آپ بات کرتے وقت کوزے میں دریا بند کر دیتے ہیں ۔,0,216,no,,,,urdu_script,1,,
سربرسیم کےبیج سےکاسنی کابیج الگ کرنےکےلئےکوئ ترکیب بتادیں,0,217,no,,,,urdu_script,1,,
Soon sakser kb kasht ki jay aur,0,218,no,,,,latin,1,,
Sir Hyderabad thall mankera ka bta dein gandam ki kashat ky mutalaq.,0,219,no,,,,latin,1,region_request|crop_wheat,
❤ thanks sir❤,0,220,no,,,,latin,1,video_feedback,
سر ڈی ای پی کا پی ایچ کیا ہے,0,221,no,,,,urdu_script,1,,DAP (product)
سر جی ناٹٔروفاس اور زبردست یوریا ایک ساتھ ڈالی جا سکتی ہے کچھ لوگ کہتے ہیں اگر فاسفورس اور زنک ایک ساتھ ڈالی جائے تو یہ فاسفیٹ بن کر ضائع ہو جاتی ہے,0,222,no,,,,urdu_script,1,mixing_compatibility,NP / Nitrophos (product)|Urea (generic)|Engro Zabardast
"Bilkul Allah say Dua toh zroori hy jitna zoor Laga lain, Sir south Punjab jampur main paidawar muqablay main hissab laina us k leay plan bhi bata dain apko Whatsapp kea hy",0,223,no,,,,latin,1,yield_result|contact_reply_request|region_request,
Good bab j❤❤❤❤❤,0,224,no,,,,latin,1,,
25کتوبر کاشت کرلیں دلکش,0,225,no,,,,urdu_script,1,,
Baba Jan barani Zamen ka khad plan O bazurgu,0,226,no,,,,latin,1,soil_type|region_request,
اسلام علیکم سر کیا نائٹروفاس +زبردست یوریا اکھٹی ڈالی جاسکتی ہے ؟ رہنمائ درکار ہے ۔ شکریہ,0,227,no,,,,urdu_script,1,video_feedback,NP / Nitrophos (product)|Urea (generic)|Engro Zabardast
Assalam o alaikum Sir Sindh me gandum ki pedawar pe bhi video banain konsi variety ho or fertilizer plan b batain shukria.,0,228,no,,,,latin,1,yield_result|region_request|crop_wheat,
en ko sindh ka nahi pata,1,230,yes,,,,latin,1,region_request,
Sir nitrophas or zabardast urea apply toghter,0,231,no,,,,latin,1,,NP / Nitrophos (product)|Urea (generic)|Engro Zabardast
No,1,232,yes,,,,latin,18,,
تین بوری نائٹرو والی وہ طریقہ کیسا ہے نائٹرو کیسے ڈالنی ہے نیچے یا اوپر زمین کچھ مٹی اور زیادہ کچے وٹ کی ہے,0,233,no,,,,urdu_script,1,,NP / Nitrophos (product)
Uncle g ek video bana dy chatta kar k uper sy pani laga dy is topic par kudam,0,234,no,,,,latin,1,application_method,
Sir nitrophos or zabrdast urea akhty dain gay first irrigation PA to issue nhi hoga bcz phophurus or zinc akhty flood nhi karty?,0,235,no,,,,latin,1,application_method,NP / Nitrophos (product)|Urea (generic)|Engro Zabardast
Assalam o alaikum Bhai NP paani k sath flood kr k 24(reetli) ya 48(maira) ya 72 (clay soil)hr zameen k hisab say chatta krdain,1,236,yes,,,,latin,1,application_method|soil_type,NP / Nitrophos (product)
Thats true,1,237,yes,,,,latin,1,,
Sir g Kia bagher dap kaad k 40 mund pedawar asakti hai gobar kaad Dali hai 3 trali fi acer,0,238,no,,,,latin,1,yield_result,DAP (product)
Sir agr 2 veritas ko mix kiya jaiye ek ki mesbat to kaya zaydha pedawar ati hy,0,239,no,,,,latin,1,mixing_compatibility|yield_result,
sir agr dap ki jga hm 2 bag natrophos dal dy sai bki jis tra ap keh ryy hai wo ee kry gy aur sat sulphur kitna dena chaiyh first irragation py z.urea k sat natro da ni kui disadvantg phosphorus r zinc ki wjh sy,0,240,no,,,,latin,1,np_vs_dap_substitution,NP / Nitrophos (product)|DAP (product)|Urea (generic)
گندم گرنے سے کیسے بچائی جا سکتی ھے,0,241,no,,,,urdu_script,1,crop_wheat,
نائٹروفاس اور زبردست یوریا اکٹھی ڈالی جا سکتی ہے... زنک اور فاسفورس کا ری ایکشن نہیں ہو گا ؟؟,0,242,no,,,,urdu_script,1,mixing_compatibility,NP / Nitrophos (product)|Urea (generic)|Engro Zabardast
Sir dilkush seed price Kya is dafa?,0,243,no,,,,latin,1,price_cost|crop_rice,
مسک مکرون. کیا. ہے. سر. جی,0,244,no,,,,urdu_script,1,,
Headland Multi mix micronutrient ki aik example hai. Har company k pas apna mix micronutrient mojood hai.,1,246,yes,,,,latin,1,mixing_compatibility,Badshah / Swat / Jaffar / others
Sir start main bijae k waqat hi potash dalna kesa he????,0,247,no,,,,latin,1,,
Bout acha hai,1,248,yes,,,,latin,1,,
سر جی یہ رائس زون کونسا علاقہ ہے,0,249,no,,,,urdu_script,1,,
رحیم یار خان کا گندم کھاد پلان دیں,0,250,no,,,,urdu_script,1,crop_wheat,
Is hwaly se alag video bna don ga.,1,251,yes,,,,latin,1,,
first irrigation py DAP use kr skty n.p ki jagah?,0,252,no,,,,latin,1,,NP / Nitrophos (product)|DAP (product)
Yes by flood irrigation.,1,253,yes,,,,latin,1,application_method,
M Ali arifwala se Sir suna ha k phasphors k sath Zinc sakhti se manah ha..? Mehrubani farma k rehnumai fermain,0,254,no,,,,latin,1,soil_type,
Zabardast Urea me mojood zinc bio active form me hoti hai jo Phosphorus k sath reaction nahi krti.,1,256,yes,,,,latin,1,,Urea (generic)|Engro Zabardast
Bijae. Half DAP+Half NP+ 1 SSP+ 1 inrich 1st Pani: 1 27% zink+ 1 urea 2nd Pani: Half sarsbz NP + Salfar 3rd Pani: Half sarsbz NP+ 10 KG potash Kia ye sahi plan hai please rehnumai farmayen. Jazak Allah,0,257,no,,,,latin,1,video_feedback|np_vs_dap_substitution,Sarsabz|NP / Nitrophos (product)|DAP (product)|Urea (generic)
3rd irrigation wali NP bhi 1st irrigation pr hi daal den.,1,260,yes,,,,latin,1,,NP / Nitrophos (product)
Sir gandm ki bejai k waqt potash netrofast k Sath dal skty han r kitni?,0,261,no,,,,latin,1,mixing_compatibility|timing_dose,NP / Nitrophos (product)
Yes Atleast 25kg,1,262,yes,,,,latin,1,,
تھل کے علاقے میں کور چھٹ کے حوالے سے ایک چھوٹی سی ویڈیو بنوادیں,0,263,no,,,,urdu_script,1,application_method|region_request,
Ok,1,264,yes,,,,latin,1,,
Sir DAP 2number boohat hai markit mein Kissan kidar Jai hazaro rupay day kar bhi orignal chez ni milti,0,265,no,,,,latin,1,counterfeit_quality|availability,DAP (product)
Thank you sir.,1,266,yes,,,,latin,1,video_feedback,
Sarsabz NitroPhos or Badshah SSP se kaam chalaya ja sakt hai.,1,267,yes,,,,latin,1,,Sarsabz|NP / Nitrophos (product)|Badshah / Swat / Jaffar / others
sir 1st pani lagany k bad keeechar main sarsabz natrofas and zabadast k sath ---> mix macro kiya cheez hai iske samjh ni aai plz reply i am waiting ?????????????? and seeds treetment mean beej ko zahar laga k beejaee ke jay ???????,0,268,no,,,,latin,1,mixing_compatibility,Sarsabz|NP / Nitrophos (product)
sir basicly ya kiya chez ha - Boran hai kiya ya ???@CropReformer,1,269,yes,,,,latin,1,,
Headland Multi @ 500g ya Turkey ka mix micronutrient @ 1kg per acre,1,270,yes,,,,latin,1,mixing_compatibility|timing_dose,Badshah / Swat / Jaffar / others
Sir fatal my ag ka masla hy is ky bary my gandam ki Bijan kaisy ki jay,0,271,no,,,,latin,1,crop_wheat,
??,1,272,yes,,,,other,1,,
Sir kisan piss chuka hai aarti hazrat k haton,0,273,no,,,,latin,1,,
چئر ٹیکر حکومت کے نیرو سازشوں کی بانسری بجانے میں مصروف ہیں وہ تو بڑے بڑوں کوپیس رہے ہیں کسان پس کیا ہے تو کیا۔ کسان کو بے حال کرنے والوں پرلعنت ہی بھیجی جاسکتی ہے اور کیا کرسکتے ہیں,1,274,yes,,,,urdu_script,1,,
Assalam u alaikum sir g ap ko ki bar comment kia h ap reply nhi karte😢😢😢😢 Please y guide krein k Ahmad pur east m 30 acer wheat kash karni h konsi variety kasht krein Please reply to krein ❤❤❤❤,0,275,no,,,,latin,1,crop_wheat,
Ahmdpur East 1. Akbar-19 (40% Area) 2. Nawab-21 (40% Area) 3. Arooj-22 (20% Area),1,277,yes,,,,latin,1,,
❤❤❤❤❤,0,278,no,,,,other,2,,
سر جی تلہ گنگ کےلئے ٹیوٹ ویل آبپاش رقبے کے لیے بھی کھادوں کی ترتیب بتا دیں جزاک اللہ خیر,0,279,no,,,,urdu_script,1,,
وھاڑی میں 20 اکتوبر سے گندم کاشت کر سکتے ہیں,0,280,no,,,,urdu_script,1,crop_wheat,
Thanks sir,1,281,yes,,,,latin,3,video_feedback,
موسم دیکھ کا فیصلہ کریں قرائن سے پتہ چلتا ہے کہ پچیس اکتوبر تک موسم بہت سازگار ہوجائے گا,1,282,yes,,,,urdu_script,1,,
سر میں وھاڈی سے ھوں دلکش نے چالیس من سے اوپر نہیں گی پلیز رہنمائی فرمائیں کونسی ورائٹی کاشت کروں میں بزریعہ ڈرل ہی کاشت کرتا ہوں دو بوری فاسفورس استعمال کی زمین پختہ ھے نہری پانی ھے پلیز رہنمائی فرمائیں,0,283,no,,,,urdu_script,1,yield_result,
Thanks sir,1,284,yes,,,,latin,3,video_feedback,
وہاڑی میں اکبر پچاس فیصد عروج یا فخر بھکر چالیس فیصد اور دلکش دس فیصد رقبے پر لگانا بہتر,1,285,yes,,,,urdu_script,1,,
Rajo ilal Allah is must for big achievement.,0,286,no,,,,latin,1,,
ٹاپ کے نفسیاتی مریض😊,1,287,yes,,,,urdu_script,1,,
Sir g zardast urea or nitrophas akhti kese use kr skty hy phosphorus or zinc apas min reaction nai kere gy,0,288,no,,,,latin,1,,NP / Nitrophos (product)|Urea (generic)|Engro Zabardast
Zabardasr Urea me bio active zinc hota hay Jo Phosphorus k sath react nahi kra,1,289,yes,,,,latin,1,mixing_compatibility,Urea (generic)
baba g hamri zameen kalrathi or sandy ha aasi zamen k lia palane da dn,0,290,no,,,,latin,1,soil_type,
I will make a video on such soils,1,291,yes,,,,latin,1,,
گندم کی بجای کے وقت ایس او پی دالین,0,292,no,,,,urdu_script,1,crop_wheat,
Yes 25kg,1,293,yes,,,,latin,1,,
اللہ خوش رکھے چاچا جی,0,294,no,,,,urdu_script,1,,
Inter ka janmdin Punjabi,0,295,no,,,,latin,1,,
زبردست سر جی جزاکم اللہ خیرا,0,296,no,,,,urdu_script,1,video_feedback,
👍♥️🌺💜🌹🥀❤️💐,0,297,no,,,,other,1,,
Hal k bghr darail krin to avarge kasi rhti ha agr wa na krin to kasy paidawar hoti ha...khrcha km ho jy ga,0,298,no,,,,latin,1,yield_result,
Geo,0,299,no,,,,latin,1,,
Nice,0,300,no,,,,latin,3,,
Sir potato 🥔 videos,0,301,no,,,,latin,1,crop_other,
❤❤❤❤❤,0,302,no,,,,other,2,,
"Very fruitful information, thanks for sharing",0,303,no,,,,latin,1,video_feedback,
زنک کوٹیڈ یوریا اور کین گوارا ایک ساتھ کدو کی فصل کو دی جا سکتی ہے بڑھوتی کے لئے,0,304,no,,,,urdu_script,1,mixing_compatibility,CAN / Gawara (product)|Urea (generic)
نہیں,1,305,yes,,,,urdu_script,3,,
Kashatkar kam lekee pahree hotel hain . Asan awor tabolated farm mean btain.,0,306,no,,,,latin,1,,
Urea ko NP K SATH ISTMAL KAR SKTY HEN??,0,307,no,,,,latin,1,,NP / Nitrophos (product)|Urea (generic)
"MashaAllah Sir Ek Sawal hai ki kiya hum DAP ki bad next Dose NP, Urea, Sulphate istemal Kar sakte hain",0,308,no,,,,latin,1,timing_dose|np_vs_dap_substitution,NP / Nitrophos (product)|DAP (product)|Urea (generic)
محترم کین گوارا کے ساتھ یوریا میکس کر کے چھٹا کر سکتے ہیں یا کین گوارا اور یوریا کیسے چھٹا کریں علیحدہ علیحدہ یا میکس,0,309,no,,,,urdu_script,2,,CAN / Gawara (product)|Urea (generic)
"As usual, you are great... comprehensive information",0,310,no,,,,latin,1,,
Dap or ultrasol potash mix kar sakte hn,0,311,no,,,,latin,1,mixing_compatibility,DAP (product)
Sir magnesium sulfate ke sath konsi khad mix nahi ki jati?,0,312,no,,,,latin,1,mixing_compatibility,
Calcium ammonium nitrate,1,314,yes,,,,latin,1,price_cost,CAN / Gawara (product)
DAP with ammonium sulphate de sakhty he kindly,0,315,no,,,,latin,1,soil_type,DAP (product)
G bhae,1,316,yes,,,,latin,22,,
Can we mix cane gavara and urea??,0,317,no,,,,latin,1,mixing_compatibility,CAN / Gawara (product)|Urea (generic)
کیا کین گوارا کا چھٹا کر کے اور سلفر پانی میں فلڈ کر سکتے ہیں,0,318,no,,,,urdu_script,1,application_method,CAN / Gawara (product)
یوریا کا سپرے ہوتا ہے,0,319,no,,,,urdu_script,1,,Urea (generic)
میں نے زبردست یویا اور نائٹروفاس ڈالی ہے کیا وہ دونوں ضائع ہوگیا,0,320,no,,,,urdu_script,1,,NP / Nitrophos (product)|Engro Zabardast
Sulphur and DAP mix kr ky istamal kr skty hy,0,321,no,,,,latin,1,mixing_compatibility,DAP (product)
Comments peh Reply bhi Kiya kren,0,322,no,,,,latin,1,contact_reply_request,
Kiya NKP and sulphur ikathy use kr sakty hain..,0,323,no,,,,latin,1,mixing_compatibility,
G belkul,1,324,yes,,,,latin,4,,
ڈی اےپی اور سونا یوریا اور سلفر مکس کر سکتے ہیں کوئی مسلا تو نہیں ہو گا ہاں بھائی,0,325,no,,,,urdu_script,1,mixing_compatibility,DAP (product)|Urea (generic)|FFC Sona
Kia Humic acid or sulpher ko mila ker use ker saktay hn?,0,326,no,,,,latin,1,mixing_compatibility,
NPK AND UREA KO MIX KRSKTY HN yaa nhn,0,327,no,,,,latin,1,mixing_compatibility,Urea (generic)
Sir can we mix chealted zinc with ssp and use in wheat,0,328,no,,,,latin,1,mixing_compatibility|crop_wheat,
Sir magnesium sulfate aur zabardast urea ak sat Dal sakte hain gandam ko,0,329,no,,,,latin,1,crop_wheat,Urea (generic)|Engro Zabardast
Nahi bhae,1,330,yes,,,,latin,5,,
Ham dap ke sate slfar astamal kar sakte ha,0,331,no,,,,latin,1,,DAP (product)
Sir kia dap with sop khaad istmal kr sakty hain,0,332,no,,,,latin,1,,DAP (product)
"Yes, behtreen",1,333,yes,,,,latin,1,,
Does Engro Zabardast Urea fulfill zinc requirement of wheat?,0,334,no,,,,latin,1,crop_wheat,Urea (generic)|Engro Zabardast|Engro (other)
چیلٹڈ زنک اور سلفر کو اکھٹا بذریعہ فلڈ استعمال کر سکتے ہیں,0,335,no,,,,urdu_script,1,application_method,
جی بالکل,1,336,yes,,,,urdu_script,4,,
نائٹروفاس یوریا مکس کر سکتے ھیں سر جی,0,337,no,,,,urdu_script,1,mixing_compatibility,NP / Nitrophos (product)|Urea (generic)
جی بالکل,1,338,yes,,,,urdu_script,4,,
"Aoa sir Zamin ki tayari k waqat. Super. And amoniem natrit mx kr skte hn,gundum k lea",0,339,no,,,,latin,1,crop_wheat,
Sir dap k Sath engro zarkhez mix kr skty Hain please reply zaror krian jazakallaha,0,341,no,,,,latin,1,mixing_compatibility,DAP (product)|Engro (other)
"G belkul, mix krein",1,343,yes,,,,latin,1,mixing_compatibility,
Zinc or photash hosakta hy?,0,344,no,,,,latin,1,,
"Sulphur , chelated zinc , urea ye akhty flood kr skty munji ma ?",0,345,no,,,,latin,1,application_method|crop_rice,Urea (generic)
Can we mix urea+potash+nitrophos together and flood in Maize????,0,346,no,,,,latin,1,mixing_compatibility|application_method|crop_other,NP / Nitrophos (product)|Urea (generic)
Yes,1,347,yes,,,,latin,42,,
Naitophos or Salfer mix kr k flood kar sakty hnn Maize main???,0,348,no,,,,latin,1,mixing_compatibility|application_method|crop_other,
"Phosphorus plus Potassium,,,,, can we add or mix",0,349,no,,,,latin,1,mixing_compatibility,
Sir apka what's up number mil skta h.,0,350,no,,,,latin,1,contact_reply_request,
Sop ko urea k 7 istemal kr skty hn makki ki fasal k leay,0,351,no,,,,latin,1,,Urea (generic)
Gwara Khad aur Potash mix Karke Dali Ja sakti hai,0,352,no,,,,latin,1,mixing_compatibility,CAN / Gawara (product)
Sir fatima fertilizer company walon ne NP+CAN+ZINC SULFATE ZANGRO mix chatta kerwaya hai is main to phosphorus calcium zinc sulfate sub mix hogae aor aap kah rahai hain mix na karain,0,353,no,,,,latin,1,mixing_compatibility|application_method,Fatima|NP / Nitrophos (product)
Piyaz ki paneeri shift krny sey pehly DAP ur salfar Sath me zameen me daal skty han please Guide me,0,354,no,,,,latin,1,,DAP (product)
SULFER BETONIT OR DAP MIX GUNDEM K NEECHY DAL SAKTY HAY,0,355,no,,,,latin,1,mixing_compatibility,DAP (product)
G Bhae,1,356,yes,,,,latin,1,,
sir zinc + amonium sulphate sath istaimal kar skte hain?,0,357,no,,,,latin,1,,
G bhae,1,358,yes,,,,latin,22,,
Sir can we NP and urea,0,359,no,,,,latin,1,,NP / Nitrophos (product)|Urea (generic)
Yes,1,360,yes,,,,latin,42,,
زبردست یوریا دینے کے کتنے دن بعد دھان میں نٹروفاس ڈال سکتے ہیں,0,361,no,,,,urdu_script,1,timing_dose|crop_rice,NP / Nitrophos (product)|Urea (generic)|Engro Zabardast
12 دن بعد,1,362,yes,,,,urdu_script,1,timing_dose,
"sir dhan ki nursary ma jala ban gaya hai? mere pas copper oxychloride hai, kya wo cheleated zinc + MAP k sath mix shata de skte hain?",0,363,no,,,,latin,1,mixing_compatibility|crop_rice,
بھترين,0,364,no,,,,urdu_script,4,,
Assalamualaikum sir Magnesium sulphate ka to bta den NP Kay Sath use ker saktay hen ya nhi?,0,365,no,,,,latin,1,mixing_compatibility,NP / Nitrophos (product)
"Wa alaikum Assalam Bhae, g use kr sakty hn",1,366,yes,,,,latin,1,,
Nice video Dharmendra Bishnoi,0,367,no,,,,latin,1,video_feedback,
Can we Nitro fas Kay Sath daney dar zahir mixed ker sakthay hay,0,368,no,,,,latin,1,mixing_compatibility,
Thanku Bhai ma kaafi logo sa sawla kia ka nitrate ka Sath zinc da sakhta ha sab na khaa ha dedoo lekin . Meharbani ap na rahanmae ki 😊,0,369,no,,,,latin,1,soil_type|price_cost,
بھائی جان کین گوارا کھاد کے ساتھ ھومیک اسسڈ استعمال کرسکتے ہیں یا نہیں,0,370,no,,,,urdu_script,1,,CAN / Gawara (product)
Aslam-Alikum sir! Can we mix liquid zinc with CAN? Plz respond thanks,0,371,no,,,,latin,1,video_feedback|mixing_compatibility,CAN / Gawara (product)
"Wa alaikum Assalam Bhae, no",1,373,yes,,,,latin,1,,
سر کیا وتر حالت میں یا بارش کے بعد نائٹروفاس کا چھٹا دے سکتے ہیں ؟,0,374,no,,,,urdu_script,1,,NP / Nitrophos (product)
جی اچھا تروتر ہو یا زیادہ بارش ہوئی ہو تو چھٹہ کریں,1,375,yes,,,,urdu_script,1,,
Potash or can gawra KO flood Kar sakty Hain???,0,376,no,,,,latin,1,application_method,CAN / Gawara (product)
Na mix krein to behtr hy,1,377,yes,,,,latin,1,mixing_compatibility,
Sir kia sugar cane mn ssp aur urea akhty istimal kr skty hn plz,0,378,no,,,,latin,1,crop_other,Urea (generic)
G bhae,1,379,yes,,,,latin,22,,
Bhai can we fertigate EDTA Chilated zinc and ammonium sulfate in maize in same drum.,0,380,no,,,,latin,1,crop_other,
زبردست یوریا جس میں زنک ہوتا ہے ، اس کے ساتھ سلفر استعمال ہو سکتا ہے یا نہیں؟؟,0,381,no,,,,urdu_script,1,,Urea (generic)|Engro Zabardast
Bilkul ho sakhta ha,1,382,yes,,,,latin,1,soil_type,
Assalamu Alikum Abid bhai nitrophos aur sulphur ko mix ker sakhte hai flood Karna hai cotton me please reply,0,383,no,,,,latin,1,mixing_compatibility|application_method|soil_type|crop_other,NP / Nitrophos (product)
Can gowara r sop mix kr skty hn ya ni?,0,384,no,,,,latin,1,mixing_compatibility,CAN / Gawara (product)
السلام علیکم کیا بھائی امونیم سلفیٹ کے ساتھ زنک استعمال کر سکتے ہیں,0,385,no,,,,urdu_script,1,,
Sulphur+Urea k Saath fipronil+calori mix Kar k flood kr skty hai?,0,386,no,,,,latin,1,mixing_compatibility|application_method,Urea (generic)
جی بالکل۔ کوئی مسئلہ نہیں بھائئ۔ 2 ڈرم استعمال کریں,1,387,yes,,,,urdu_script,1,,
Ganwara کے ساتھ slfair fld کر سکتے hy,0,388,no,,,,mixed,1,,CAN / Gawara (product)
"But Calcium phosphate is a key component in agriculture, acting as a source of calcium and phosphorus in fertilizers, enhancing soil fertility and promoting plant growth, especially for crops with high calcium and phosphorus needs. Please comment .",0,389,no,,,,latin,1,,
Sir,0,390,no,,,,latin,1,,
Kya natrofhs sulfhr aur liquid potash mix kr sakte hain,0,391,no,,,,latin,1,mixing_compatibility,NP / Nitrophos (product)
Please reply sir??,1,392,yes,,,,latin,1,,
Kya nitrophos sulphur liquid potash ke Sath humic acid bhi de sakte hain,1,393,yes,,,,latin,1,,NP / Nitrophos (product)
G bhae,1,394,yes,,,,latin,22,,
Sir magnissum sulphate or ammonium sulfate sath me use ker saktaye hain,0,395,no,,,,latin,1,,
G bhae,1,396,yes,,,,latin,22,,
Kia dap k sath sulpher da skty hain?,0,397,no,,,,latin,1,,DAP (product)
Can we mixed bop with nitrophose in tobacco crop?,0,398,no,,,,latin,1,mixing_compatibility,NP / Nitrophos (product)
Magnashiam KO nitro phos Ka sath istamal Kar Sakta ha,0,399,no,,,,latin,1,mixing_compatibility,NP / Nitrophos (product)
کیا فاسفورس والی کھاد ڈالنے سے پہلے زنک سلفر بوران یوریا کے ساتھ ملا کر چھٹا کر سکتے ہیں شکریہ,0,401,no,,,,urdu_script,1,video_feedback|mixing_compatibility,Urea (generic)
چیلیٹڈ زنک استعمال کر سکتے ہیں,1,402,yes,,,,urdu_script,1,,
Chillated means,0,403,no,,,,latin,1,,
Sir Dhann ya monjii ma 60 man patawar lenay ki liya 1509 monji kinti DAP best ha ya SOP sath daly ya phir MOP.,0,404,no,,,,latin,1,mixing_compatibility|yield_result|crop_rice,DAP (product)
مائیکرو نیو ٹرنٹس ملتان میں کہاں سے ملیں گے,0,405,no,,,,urdu_script,1,availability,
Sir zabardast urea or nitrophase ko ak gandam ko dy skty hain,0,407,no,,,,latin,1,crop_wheat,NP / Nitrophos (product)|Urea (generic)|Engro Zabardast
Can we mix zabardast urea and np for foliar spray,0,408,no,,,,latin,1,mixing_compatibility,NP / Nitrophos (product)|Urea (generic)|Engro Zabardast
No,1,409,yes,,,,latin,18,,
Kia can gowara k sath potash mix kr k flood kr sakty hn,0,410,no,,,,latin,1,mixing_compatibility|application_method,CAN / Gawara (product)
Sar Onion ki fasl ma NP k sath salphar ko fald kar saktay,0,411,no,,,,latin,1,application_method|crop_other,NP / Nitrophos (product)
"بھائی جان۔۔ <a href=""https://www.youtube.com/watch?v=wDBk5lgpiNs&t=1124"">18:44 کےساتھ پوٹاش مکس کر کے فلڈ کر سکتے ہیں یا نہیں ۔۔۔؟؟؟",0,412,no,,,,mixed,1,mixing_compatibility|application_method,
جی بھائی ، مکس کریں,1,413,yes,,,,urdu_script,1,mixing_compatibility,
Sir nitro phos k sath zabardast urea istemal kr kr skty hn ....?,0,414,no,,,,latin,1,,NP / Nitrophos (product)|Urea (generic)|Engro Zabardast
جی,1,415,yes,,,,urdu_script,3,,
Sir mg sulphate ko ammoniumSulphate ke Saath istimal kr sakte ha,0,416,no,,,,latin,1,,
Natro phosphate r urea akhti dal skty hn kea,0,417,no,,,,latin,1,,NP / Nitrophos (product)|Urea (generic)
G bhae,1,419,yes,,,,latin,22,,
Salphar aur Nitrophas ko mix kar sakty hain,0,420,no,,,,latin,1,mixing_compatibility,NP / Nitrophos (product)
G bhae,1,421,yes,,,,latin,22,,
ڈرامے باز ہے یہ شخص۔۔ ریتلی زمینوں میں پیاز کو گوارا اور سلفر ملا کے فلڈ کرتے ہیں بڑا اچھا رزلٹ آتا ہے,0,422,no,,,,urdu_script,1,application_method|soil_type|yield_result|trust_distrust_advice|crop_other,CAN / Gawara (product)
Bhai zbrdst yoria or sulfr iktha istamal ho skta hy,0,423,no,,,,latin,1,,Urea (generic)|Engro Zabardast
Thanks brother,0,424,no,,,,latin,4,video_feedback,
Sir urea ko zabrdast urea K sath mix Krke gandam ko dal skate hn ya ni,0,425,no,,,,latin,1,mixing_compatibility|crop_wheat,Urea (generic)|Engro Zabardast
امونیم سلفیٹ آدھی بوری کو یوریا ایک بوری کے ساتھ ملاکر پہلے پانی میں چھٹا کرسکتے ہیں,0,426,no,,,,urdu_script,1,mixing_compatibility,Urea (generic)
جی بہترین,1,427,yes,,,,urdu_script,4,,
"السلام علیکم! ورمی کمپوسٹ ڈالنے کے چند اہم فوائد جو کہ ہر قسم کی فصل، سبزیوں، باغات، پودوں کے لیے یکساں مفید ہے۔ ورمی کمپوسٹ ڈالنے سے آپ کو علیحدہ سے آرگینک میٹر نہیں ڈالنا پڑتا، کیونکہ گندم چاول یا کسی بھی فصل میں اپ جب پانی لگاتے ہیں پہلا دوسرا تیسرا چوتھا پانی کسی بھی پانی کے ساتھ اپ اس کو چھٹا کروا سکتے ہیں ۔یہ ورمی کمپوسٹ آرگینک میٹر ہی ہے۔ اگر آپ اس کے 6 بیگ ڈالتے ہیں تو آپ DAP کا ایک بیگ نہیں ڈالیں گے، اس کی ضرورت یہ پورا کر دے گی۔ اگر آپ 3 بیگ استمال کرتے ہیں 1/2 بیگ DAP کم کر دیں یا ایک بیگ یوریا کا کم کردیں۔ اگر آپ 4 یا 5 بیگ استعمال کرتے ہیں تو ایک بیگ نایٹروفاس کا کم کردیں اس طرح آپ کی زمین میں آرگینک میٹر بھی پورا ہوتا جائے گا اور کیمیکل کھاد بھی کم ڈلے گی۔ آپ اسی مقدار کی ریشو سے اے جی ورمی کمپوسٹ ڈال کر مکمل کیمیکل کھاد ختم کر سکتے ہیں۔ اور آہستہ آہستہ بھی کیمیکل کھاد کم کر سکتے ہیں، یہ آپ کے کم یا زیادہ ورمی کمپوسٹ استعمال کرنے پر منحصر ہے۔ اے جی ورمی کمپوسٹ کے استعمال سے آپ کو N, P, K, Ca, Mg, S, Zn, Cu, Fe, Mn, B, Mo, Na, Cl, Si, Al ملتے ہیں اور اس کے علاوہ وٹامنز، فائبر، کاربوہائیڈریٹ، اور مزید ایلیمنٹس elements بھی مل جاتے ہیں جس سے فصلوں میں بیماری کا حملہ کم ہوتا ہے۔ جو آپ کو ورمی کمپوسٹ کے پہلی دفعہ استعمال سے ہی واضح ہو جائے گا۔ اور جب آپ مکمل طور پر ورمی کمپوسٹ استعمال کرنا شروع کردیں گے تو 4-6 فصلوں کے بعد آپ پھر ہر فصل پر 1 سے 2 بیگ کم کرتے جائیں گے اور اپنی فصل کی پیداوار کے حساب سے ڈالیں گے۔ جبکہ اگر آپ ایکسٹرا OWDC وغیرہ ڈالتے ہیں وہ بھی زیادہ فائدہ مند رہے گا کیونکہ زمین میں ورمی کمپوسٹ موجود ہونے کی وجہ سے مائیکروبز اور بیکٹریا زیادہ بڑھوتری کرتے ہیں۔ جب آپ ورمی کمپوسٹ کا ریگولر استعمال کرتے ہیں اور کیمیکل استعمال نہیں کرتے تو ورمی کمپوسٹ میں موجود تمام مائیکروبز اور بکٹیریا کی بڑی تیزی سے بڑھوتری ہوتی ہے۔ جو فصلوں کی ضرورت کے تمام نیوٹریئنٹس کو بڑی مقدار میں خود پیدا کرتے ہیں، جس سے فصلوں، سبزیوں، باغات میں پیداوار بڑھتی ہے اور تمام پھلوں، سبزیوں، اجناس میں قدرتی طور پر چمک کے ساتھ ساتھ ذائقہ، رس اور گودہ بڑھ جاتا ہے اور فصلوں کے تنے مضبوط ہونے کی وجہ سے کوئی بھی فصل ہو، گرتی نہیں۔ اگر آپ ورمی کمپوسٹ اور زمین میں آرگینک میٹر ڈالنے پر بھی انداذہ لگائیں تو زمین میں جنتر کرش کرنے، پولٹری مینور یا گوبر ڈالنے سے یہ سستی پڑتی ہے اور فائدہ زیادہ حاصل ہوتا ہے۔ کل کی بجائے آج ہی اے جی ورمی کمپوسٹ کا استعمال شروع کریں، جو کہ پاکستان کی نمبر 1 کوالٹی ہے۔ جب آپ اس کا رزلٹ لے کر مطمئن ہوں تو پھر اس کو خود بنانا شروع کریں۔ ہم ہمیشہ آپ کے ساتھ کھڑے ہیں کیونکہ ہمارا مقصد آرگینک کی بڑھوتری کروانا ہے جس سے زمیندار بھائیوں کا کھاد کا خرچہ کم ہوگا، اور فصل زیادہ حاصل ہوگی، انشاءاللّٰہ۔ اور ہماری آنے والی نسلیں زہر آلود خوراک سے بچ سکیں گی اور کینسر جیسی موذی امراض سے محفوظ ہو جائیں۔ ورمی کمپوسٹ کا رزلٹ انشاءاللّٰہ آپ کو بہت ہی بہتر ملے گا، اس سے آپ کو مایوسی نہیں ہوگی۔ پروردگار ہمیں یکجہتی سے ایک دوسرے مسلمان کیلیے بہتر سوچنے اور کچھ اچھا کرنے کی توفیق عطا فرمائے، آمین۔ آپ کیلئے ہر وقت دعا گو۔ اے-جی ورمی کمپوسٹ",0,428,no,,,,mixed,1,video_feedback|timing_dose|price_cost|yield_result|crop_wheat|crop_other,NP / Nitrophos (product)|CAN / Gawara (product)|DAP (product)|Urea (generic)
شکریہ,0,429,no,,,,urdu_script,3,video_feedback,
مہربانی,1,430,yes,,,,urdu_script,1,,
Urea and zinc mix ker skte hin?,0,431,no,,,,latin,1,mixing_compatibility,Urea (generic)
جی بالکل بہترین جوڑ ہے,1,432,yes,,,,urdu_script,1,,
Sir keya sulfur ko phosphorus ka sath istamal kersakhta ha,0,433,no,,,,latin,1,mixing_compatibility|soil_type,
Yes,1,435,yes,,,,latin,42,,
بھائی ڈی اے پی کے ساتھ سلفر مکس کر کے فلڈ کر سکتے ہیں,0,436,no,,,,urdu_script,1,mixing_compatibility|application_method,DAP (product)
naitro or amunium sulphate dy skty h akhti plz bta dain.?,0,437,no,,,,latin,1,,NP / Nitrophos (product)
Abid sir Gundum k phely pani k oper DAP+ Zbrdast Urea aik sth use kr sakty hain ya nahi please answer,0,438,no,,,,latin,1,crop_wheat,DAP (product)|Urea (generic)
Netrofas khad aur zabardast uriya mix kar sakte hain,0,439,no,,,,latin,1,mixing_compatibility,NP / Nitrophos (product)
Np KO sop K sath mix kr K chata kr skta hn,0,440,no,,,,latin,1,mixing_compatibility|application_method,NP / Nitrophos (product)
Dap flood ki hy baingan ko ab kitny din bad cangwara flood kr skty hain?,0,441,no,,,,latin,1,application_method|timing_dose,CAN / Gawara (product)|DAP (product)
Dear ZINK plus Sona Urea mix kar k use kar sakty hy..?,0,442,no,,,,latin,1,mixing_compatibility,Urea (generic)|FFC Sona
Ssp and sop can mix together?,0,443,no,,,,latin,1,mixing_compatibility,
Yes,1,444,yes,,,,latin,42,,
Sir magnesium or DAP ko ak sath mix kr sakty hain?,0,445,no,,,,latin,1,mixing_compatibility,DAP (product)
Yes,1,447,yes,,,,latin,42,,
Assalam alaikum sir kindly cotton mein potassium fertilizer ko estemal krne ka trika bta dein.,0,448,no,,,,latin,1,crop_other,
Sir ammonium sulfate k sath urea add kar sakte hain or aak hi drum main mix kar k flood kar sakte hain???,0,449,no,,,,latin,1,mixing_compatibility|application_method,Urea (generic)
G bhae,1,450,yes,,,,latin,22,,
Sir pehli khaad men amonium sulphate or zinc ko mix kr ke chatta kr sakte hen ke nahi,0,451,no,,,,latin,1,mixing_compatibility|application_method,
Sar what's app number daina,0,452,no,,,,latin,2,contact_reply_request,
Sar what's app number daina,0,453,no,,,,latin,2,contact_reply_request,
NP ka Sath salfar istamal kar skta han plz,0,454,no,,,,latin,1,,NP / Nitrophos (product)
sir DAP ko sulpher k sath istaimal kar skte hai?,0,455,no,,,,latin,1,,DAP (product)
G bhae,1,456,yes,,,,latin,22,,
Sir phosphoric acid or magnesium sulphate ya chloride ko ak drum mein mix kr k use kr sakty hain kya,0,457,no,,,,latin,1,mixing_compatibility,
سلفر کو فاسفورس کے ساتھ مکس کر لیں؟,0,458,no,,,,urdu_script,1,mixing_compatibility,
جی,1,459,yes,,,,urdu_script,3,,
"Asalam u alaikum, DAP, SOP or magnesium sulphate zameen ki tyari k time Sesame ki fasal k liay istemal kar saktay hein ?",0,460,no,,,,latin,1,,DAP (product)
NP ke sath sulphur mix kr k use kr skte ?,0,461,no,,,,latin,1,mixing_compatibility,NP / Nitrophos (product)
Sir zabardust urea + DAP mix ker ke chatta ker sakte hein plez reply me,0,462,no,,,,latin,1,mixing_compatibility|application_method,DAP (product)|Urea (generic)|Engro Zabardast
G bhae,1,463,yes,,,,latin,22,,
Dap with sulphur ferti ns akhaty use Kar sakty ha 😢,0,464,no,,,,latin,1,mixing_compatibility,DAP (product)|Badshah / Swat / Jaffar / others
Reply sir.,1,465,yes,,,,latin,1,,
"Excellent briefing,pl explain can we use zabardast urea and dap together?",0,466,no,,,,latin,1,mixing_compatibility,DAP (product)|Urea (generic)|Engro Zabardast
Yes,1,467,yes,,,,latin,42,,
"Bhai MAP, SULPHR aur ZABARDAST UREA mix kr k chatta kr kr sakty hain QALMI SHORY k sath MAP aur SUPLPHR flood kr sakty hain ye 2no lazmi bata dein",0,468,no,,,,latin,1,mixing_compatibility|application_method|counterfeit_quality,Urea (generic)|Engro Zabardast
"sir can gavara ke sath sulfuric acid dal sakte hain., raqba main thora sa kalar be hi",0,469,no,,,,latin,1,soil_type,CAN / Gawara (product)
Sir zabardast urea50kg me sulphur kitne kg mix karsakte hai sindh thatta,0,470,no,,,,latin,1,mixing_compatibility|timing_dose|region_request,Urea (generic)|Engro Zabardast
Can we mix CAN with SOP ...??,0,471,no,,,,latin,1,mixing_compatibility,CAN / Gawara (product)
Is it good for wheat at cabbage(گوبھ)...?,1,473,yes,,,,mixed,1,timing_dose|crop_wheat,
Yes,1,474,yes,,,,latin,42,,
Bhai nitrophos aur zabardast urea mix kr k chata kr sktay hien kia plzzz reply must plzzz,0,475,no,,,,latin,1,mixing_compatibility|application_method|contact_reply_request,NP / Nitrophos (product)|Urea (generic)|Engro Zabardast
Yes,1,476,yes,,,,latin,42,,
Assalam O Aliakum bro Bhai 45 din ki gundom hy kia os meen 2 kg kumulus salfer df wala ek bori uria or 4kg sop powder wali fould kar sakty heen ek sath,0,477,no,,,,latin,1,mixing_compatibility|timing_dose,Urea (generic)
"Wa alaikum assalam bhae, g zrur",1,479,yes,,,,latin,1,,
پوٹاشSopاور گوارہ کھاد مکس فلڈ کرسکتے ہیں گندم کو,0,480,no,,,,mixed,1,mixing_compatibility|application_method|crop_wheat,CAN / Gawara (product)
نہیں بھائی,1,481,yes,,,,urdu_script,3,,
تمباکو کی فصل کی لیے کون سی کھاد اچھی ہے ؟؟,0,482,no,,,,urdu_script,1,,
Npk k sath megnesium istmal kr skte hein spre krte howe,0,483,no,,,,latin,1,,
Shukriya brother boht boht ap ki mahbat ka💗💗💗💗,1,484,yes,,,,latin,1,,
G bhae,1,485,yes,,,,latin,22,,
سر جی گندم کے لیئے دوسرے پانی سے پہلے فی ایکڑ نائیٹروپوٹاش کتنی ڈالنی چاہیے ؟؟ بجائی کے وقت بھی دانے دار پوٹاش 20 20 کلو فی ایکڑ دی تھی۔ باقی کھادیں بھی مکمل ہیں ۔ 17 نومبر کی کاشت ہے,0,486,no,,,,urdu_script,1,timing_dose|crop_wheat,NP / Nitrophos (product)
Baharya makai main agr aik pani py dap aur 2nd irrigation py zabardast urea use kr skty hain ya wakfa dena chahyy,0,487,no,,,,latin,1,timing_dose|crop_other,DAP (product)|Urea (generic)|Engro Zabardast
A o a sir potash khad uria and salphor miX falad kr skty hain,0,488,no,,,,latin,1,mixing_compatibility,Urea (generic)
CAN can be used with Ammonium Nitrate?,0,489,no,,,,latin,1,price_cost,
"Abid bahi sulphir, urea, Biostomlent potash ko mix kar k spray kia ja sakta hai ya nahi.",0,490,no,,,,latin,1,mixing_compatibility,Urea (generic)
Magnesium sulphate + calcium polysulphide. Can we use both at same time in flooding ?,0,491,no,,,,latin,1,application_method,
No,1,492,yes,,,,latin,18,,
Can i use sulphurMegnisium+sop+boron at the same time on 3rd irrigation?,0,493,no,,,,latin,1,,
Aoa sir kia magnesium oar zinc ko mila kar sapray kia ja sakta he,0,494,no,,,,latin,1,mixing_compatibility,
"Wa alaikum assalam, g bhae",1,495,yes,,,,latin,1,,
Can we mix sulphur with zabardast urea? Kindly reply abid bhai..,0,496,no,,,,latin,1,mixing_compatibility,Urea (generic)|Engro Zabardast
Magnesium Fartilazer kahan se mele ge contact no dain,0,497,no,,,,latin,1,contact_reply_request,
Sir dosry pani pay nitrophas kay sath sulphere use kar sakty hn?,0,499,no,,,,latin,1,timing_dose,NP / Nitrophos (product)
اسلام علیکم سر دوسرے پانی پر گندم کو کون سے سپرے کروں؟,0,500,no,,,,urdu_script,1,timing_dose|crop_wheat,
زبردست یوریا اور میگنیشیم سلفیٹ مکس کرسکتے ہیں؟؟,0,501,no,,,,urdu_script,1,mixing_compatibility,Urea (generic)|Engro Zabardast
جی بھائی,1,502,yes,,,,urdu_script,6,,
Can we mix nitrophos with humic acid and sulpher?,0,503,no,,,,latin,1,mixing_compatibility,NP / Nitrophos (product)
Yes,1,505,yes,,,,latin,42,,
کین گوارا اور نائٹرو پوٹاش fmc گندم کو گوب پ ساتھ فیلڈ کر سکتے ہیں,0,506,no,,,,mixed,1,crop_wheat,NP / Nitrophos (product)|CAN / Gawara (product)|Badshah / Swat / Jaffar / others
can we mix MAP and sulpher???,0,507,no,,,,latin,1,mixing_compatibility,
abid bhai Manucher agro ke MAP kissan ghar aap say mil rahi hai thek hai wo??,1,508,yes,,,,latin,1,,
Yes,1,509,yes,,,,latin,42,,
AOA SIR Kya Magnesium sulphate ko MAP k sath mix krk flood kr sakty hein.,0,510,no,,,,latin,1,mixing_compatibility|application_method,
Can I mix Sona urea with nitro phos or DAP at 2nd irrigation,0,511,no,,,,latin,1,mixing_compatibility|np_vs_dap_substitution,NP / Nitrophos (product)|DAP (product)|Urea (generic)|FFC Sona
Yes,1,512,yes,,,,latin,42,,
Aoa … 1st Pani per Gandam mein gawara + 6kg zinc daali haii … kya faida nh mily ga ?? Ager nh mily ga to Brother Iska solution pls,0,513,no,,,,latin,1,timing_dose|crop_wheat,CAN / Gawara (product)
Sir zabardast aur sulphar mila kar desakta hain from sindh,0,514,no,,,,latin,1,mixing_compatibility|region_request,
Please sir gave me your contact no?,1,515,yes,,,,latin,1,contact_reply_request,
Yes,1,516,yes,,,,latin,42,,
Sir kashat k waqat dap dali bad me 15 din bad pani me zabardst urea dala kya thk hy?,0,517,no,,,,latin,1,timing_dose,DAP (product)|Urea (generic)|Engro Zabardast
Sir kiya potash main zinc n apsum salt mix use Kar sktaai hain,0,518,no,,,,latin,1,mixing_compatibility,
Sir Zabardast Urea K Sath Sulfar Use kar sakty hain?,0,519,no,,,,latin,1,,Urea (generic)|Engro Zabardast
"Salam Sir, hope you are fine.. please guide k kia pehlay paani pe, 80% wala sulfar flood kar k zabardast urea ka chhatta kia ja sakta he? agar kia ja sakta he to ye kesi practice he? meri Zameen halki retli he",0,520,no,,,,latin,1,application_method|soil_type,Urea (generic)|Engro Zabardast
Aoa. Can we Use Nitrophos+SOP+Sulphur (DF 80%) + Boron? Kindly reply,0,521,no,,,,latin,1,,NP / Nitrophos (product)
"Wa alaikum assalam bhae, yes, no issue",1,522,yes,,,,latin,1,,
Can Gowara + Natrofas to istemal krty hn r acha result milta hy. Ap is ko negate kr rahy ho.,0,523,no,,,,latin,1,yield_result,NP / Nitrophos (product)|CAN / Gawara (product)
Natrofas +zabardust urea istemal ker skte hain kya?,1,524,yes,,,,latin,1,,NP / Nitrophos (product)|Urea (generic)|Engro Zabardast
"Assalamu alaikum sir sona zinc 3 kg plus Np second paani pr aik sath chatta ki hai, koi nuqsaan to nhi ho ga, rehnumaye farmayen",0,525,no,,,,latin,1,mixing_compatibility|application_method,NP / Nitrophos (product)|FFC Sona
Sir DAP r Zabardast urea at the same time use kr sakty hn,0,526,no,,,,latin,1,,DAP (product)|Urea (generic)|Engro Zabardast
No,1,528,yes,,,,latin,18,,
کیا یوریا کے ساتھ ذنک اور سلفر اکٹھا مکس کر کے چھٹا کیا جا سکتا ہے؟,0,529,no,,,,urdu_script,1,mixing_compatibility,Urea (generic)
Kr sakty hn,1,530,yes,,,,latin,1,,
sir gandom ko pehle paani p engro zorawar+ urea+sulfer+magnesium sulfate ko mix kr k chatta kr skte han. reply plz.,0,531,no,,,,latin,1,mixing_compatibility|application_method|contact_reply_request|crop_wheat,Urea (generic)|Engro (other)
"Yes Sir, no issue",1,532,yes,,,,latin,1,,
السلام علیکم گندم کے پہلے پانی کے ساتھ ڈی اے پی اور 80 فیصد والا سلفر اکٹھا استعمال کر سکتے ہیں گندم کو پہلا پانی لگانا ہے سرجی ضرور بتانا,0,533,no,,,,urdu_script,1,crop_wheat,DAP (product)
Ok thanks,1,534,yes,,,,latin,1,video_feedback,
واعلیکم السّلام! جی بالکل,1,535,yes,,,,urdu_script,1,,
Sir Kya Dap KO Chata kr Kay Sulpher fluid kr salty Hai Gandum Ki pehlay pani lgaty waqat,0,536,no,,,,latin,1,application_method|crop_wheat,DAP (product)
DAP + sulphur mix kr k flood krein,1,537,yes,,,,latin,1,mixing_compatibility|application_method,DAP (product)
chelated zink and boron ka akhata spray kia ja sakta he؟,0,538,no,,,,mixed,1,,
Yes,1,539,yes,,,,latin,42,,
nitrophos urea sulfur and humic acid mila kar dia ja sakta he؟,0,540,no,,,,mixed,1,mixing_compatibility,NP / Nitrophos (product)|Urea (generic)
Yes,1,541,yes,,,,latin,42,,
میں نے نیا کماد لگایا ہے جس کی عمر ایک ماہ 20 دن تھی 3 دن پہلے نیٹرو اور زنک کھاد لگا دی کماد کا رنگ پیلا ہونا شروع ہو گیا ہے پہلے بہت بہت بہت اچھا تھا اب مجھے کیا کرنا چاہیے,0,542,no,,,,urdu_script,1,crop_other,
Don’t believe his information… he is just saying nonesens … How come Zinc low velocity 0.76 make reactions with Calcium high velocity 2.76to change into zinc Oxide And How come Sulfur in element formulation come into Calcium sulphate… Just answer with logic… please don’t misguide the farmers and create chaos… Cheers,0,543,no,,,,latin,1,trust_distrust_advice,
"Aoa abid bhai app ne old videos me bataya hy k pehly pani pher can gawara dy do aur neche DAP khaad hota hy ,ab keh rhy ho k in dono ko mix na karo to pehle pani dene pher hal ho na jayega?? plz answer abid bhai..",0,544,no,,,,latin,1,mixing_compatibility,CAN / Gawara (product)|DAP (product)
Sir can we coat zabardast urea with sulphur and Boran? Doing great job sir Huge respect from an Agronomist from UAF❤,0,545,no,,,,latin,1,video_feedback,Urea (generic)|Engro Zabardast
Dear sir DAP k sath potassium use kr sagte h ya nhi????,0,546,no,,,,latin,1,,DAP (product)
Yes use krein best ht,1,547,yes,,,,latin,1,,
Very useful information sir ❤❤,0,548,no,,,,latin,1,video_feedback,
Thanks brother,1,549,yes,,,,latin,4,video_feedback,
اسلام علیکم سر بارانی زمین میں گندم کی کاشت کے وقت ڈی اے پی ۔ سلفر ۔ میگنیشیم سلفیٹ اور ہیومک ایسڈ مکس کر کے چھٹا کرنے کے بعد گندم ڈرل مشین کے ساتھ کاشت کر سکتے ہیں,0,550,no,,,,urdu_script,1,mixing_compatibility|soil_type|region_request|crop_wheat,DAP (product)
Sir can we mix DAP and NP together it the drill time ?? Please answer..,0,551,no,,,,latin,1,mixing_compatibility|np_vs_dap_substitution,NP / Nitrophos (product)|DAP (product)
"Yes, no issue",1,553,yes,,,,latin,1,,
sir zabrdast urea phailay pani pr sulphar aor zabrdast urea sath mila kay chata kr sagtay hay plz batai,0,554,no,,,,latin,1,mixing_compatibility|application_method|timing_dose,Urea (generic)|Engro Zabardast
سر کیا پوٹاش کے ساتھ سلفر مکس کر سکتے ھیں,0,555,no,,,,urdu_script,1,mixing_compatibility,
SOP میں سلفر موجود ھوتا ھے تو آپ مکس کر سکتے ہیں,1,556,yes,,,,mixed,1,mixing_compatibility,
Sir Dap or elemental sulphur wheat crop main bijai main ekathi use kar sakty hain,0,557,no,,,,latin,1,crop_wheat,DAP (product)
السلام عليكم ورحمة الله وبركاته گندم کی بجائی ڈرل سے کی ہے۔ڈی پی ساتھ میں بی او پی پہلے ۔ ڈالی ھے اب زبردست یوریا ساتھ میں سلفر استعمال کرسکتا پہلے پانی پر,0,558,no,,,,urdu_script,1,timing_dose|crop_wheat,Urea (generic)|Engro Zabardast
کسان ٹائم نے معلومات دی ہے تحقیق کے ساتھ کین گوارا کے ساتھ زنک استعمال کر سکتے ہیں,0,559,no,,,,urdu_script,1,video_feedback,CAN / Gawara (product)
لنک دیا ہے یہ ضرور پڑھیں,1,560,yes,,,,urdu_script,1,,
"<a href=""http://www.productstewardship.eu/fileadmin/user_upload/user_upload_prodstew/documents/Guidance_for_compatibility2.pdf"">http://www.productstewardship.eu/fileadmin/user_upload/user_upload_prodstew/documents/Guidance_for_compatibility2.pdf",1,561,yes,,,,latin,1,,
Bhai abid dap aur sulfur ko mix kr skty hai.dap aur bentonite sulfur.pliz bhai btana,0,562,no,,,,latin,1,mixing_compatibility,DAP (product)
Ji sar ji dap ke sath sulphur 80% wala mix kar sakte hain,1,563,yes,,,,latin,1,mixing_compatibility,DAP (product)
سر جی پہلے پانی پر سلفر+ڈی اے پی+یوریا کا کمبینیشن استعمال کرنے میں کوئی مسئلہ تو نہیں اور کیا اوپر زنک کو سپرے کرنے سے فایدہ ہوسکتا ہے,0,564,no,,,,urdu_script,1,timing_dose,DAP (product)|Urea (generic)
کوئی مسئلہ نہیں بھائئ۔ زنک کا سپرے فائیدہ دے گا۔,1,565,yes,,,,urdu_script,1,,
Can DAP and Sona Urea be added together?,0,566,no,,,,latin,1,mixing_compatibility,DAP (product)|Urea (generic)|FFC Sona
❤❤,1,567,yes,,,,other,1,,
Ayoub research k baba aashiq ka kehna he k sulfer DAP k sath mix nhi ki ja skti. Ap ki Kya Raye he?,0,568,no,,,,latin,1,mixing_compatibility,DAP (product)
Bhai wheat me pehle pani par uria or np or salpher behtar he ya zabardast uria ke sath salphar behtr he niche dap bhi dali he,0,569,no,,,,latin,1,timing_dose|crop_wheat,NP / Nitrophos (product)|DAP (product)|Urea (generic)|Engro Zabardast
Sir Sulphur ko phosphorus wali khad ka sath kar skta hn??,0,570,no,,,,latin,1,,
Yes,1,571,yes,,,,latin,42,,
Zinc + urea+ MOP phle paani k sath daal sakta ya nhi,0,572,no,,,,latin,2,,Urea (generic)
Yes,1,573,yes,,,,latin,42,,
Zinc + urea+ MOP phle paani k sath daal sakta ya nhi,0,574,no,,,,latin,2,,Urea (generic)
Yes,1,575,yes,,,,latin,42,,
Abid Bhai Kisi ka to rply dedo,0,576,no,,,,latin,2,,
Abid Bhai Kisi ka to rply dedo,0,577,no,,,,latin,2,,
Mene gandum kasht k iye 1 bag DAP 1 Bag sop 1 theli Sona boran(3kg) 8 kg humic acid (inrich) 10 kg sulfer..w.w Ab swal ye he k Kya ye sb mix ki ja skti he . Kasht k wqt . Koi reaction to nhi hoga?,0,578,no,,,,latin,1,mixing_compatibility|crop_wheat,DAP (product)|FFC Sona
Zarkhez Khas 15+15+15 MOP wali k sath Sulphur Max kar sakhty hy ya nhi,0,579,no,,,,latin,1,soil_type,Engro (other)
ناءیٹروفاس اور زبردست یوریا ملا کر ڈال سکتے ھیں,0,580,no,,,,urdu_script,1,mixing_compatibility,NP / Nitrophos (product)|Urea (generic)|Engro Zabardast
Sir kia Urea k sath zinc or sulphur dono 1st irrigation py dy skty hn wheat mn ?,0,581,no,,,,latin,1,crop_wheat,Urea (generic)
Yes,1,583,yes,,,,latin,42,,
Abid Bhai kese hen 1np+ half bag dap kesa result dy skta ha ?,0,584,no,,,,latin,1,np_vs_dap_substitution|yield_result,DAP (product)
اسلام علیکم ! بہت ہی مفید معلومات کے لئے شکریہ ۔ زبردست یوریا میں جو زنک ہے وہ بائیوایکٹو زنک ہے کیا اس کے ساتھ فاسفورس استعمال کی جا سکتی ہے ؟؟,0,585,no,,,,urdu_script,1,video_feedback,Urea (generic)|Engro Zabardast
No brother,1,587,yes,,,,latin,1,,
Bohat Masla a rha tu plz plz,0,588,no,,,,latin,1,,
Sir Wheat Germination Ka Bohat Masla a rha hai Tu Plz Is K Barye Guide Kar Dy🙂,0,589,no,,,,latin,1,crop_wheat,
السلام و علیکم سر اگر گندم کا بیج زیادہ ڈل جائے اور گندم کے پودے بہت گھنے ہوں تو اُن کی اچھی افزائش کیسے کی جائے بارانی علاقہ جات میں؟,0,590,no,,,,urdu_script,1,soil_type|region_request|crop_wheat,
Sir can i fertilise can gawara with potash,0,591,no,,,,latin,1,,CAN / Gawara (product)
"Yes,",1,593,yes,,,,latin,2,,
Dear sarsabz Np wheat chatta krne k hfte baad chatta kr den wo zameen m jazab hojaegi Dap ki tarah?,0,594,no,,,,latin,1,application_method|crop_wheat,Sarsabz|NP / Nitrophos (product)|DAP (product)
Sir zabrdast urea+ Ryzophas to phele pani per ik sath flud kr sakte hain?,0,595,no,,,,latin,1,timing_dose,Urea (generic)|Engro Zabardast
Yes,1,596,yes,,,,latin,42,,
Dap can mix with SSP,0,597,no,,,,latin,5,mixing_compatibility,DAP (product)
Yes,1,598,yes,,,,latin,42,,
Dap can mix with SSP,0,599,no,,,,latin,5,mixing_compatibility,DAP (product)
Yes,1,600,yes,,,,latin,42,,
Dap can mix with SSP,0,601,no,,,,latin,5,mixing_compatibility,DAP (product)
Yes,1,602,yes,,,,latin,42,,
Dap can mix with SSP,0,603,no,,,,latin,5,mixing_compatibility,DAP (product)
Yes,1,604,yes,,,,latin,42,,
Dap can mix with SSP,0,605,no,,,,latin,5,mixing_compatibility,DAP (product)
Yes,1,606,yes,,,,latin,42,,
dap +sop se agao km hota hi,0,607,no,,,,latin,1,,DAP (product)
جزاک اللّہ,0,608,no,,,,urdu_script,1,,
سر زراعت کی دُنیا میں بہت اہم پوائنٹس سامنے آئیں ہیں جس کے بارے میں آپکی رائے انتہائی اہم ہے باقی سینئرز سے بھی اُنکی رائے لی جارہی ہے۔۔پہلا پوائنٹ تو یہ ہے کہ کسان ٹائم والے سر نیاز کھیرانی صاحب فرماتے ہیں کہ یوریا کی شکل میں نائٹروجن پودا فوری طور پر نہیں لےسکتا جب تک کہ وہ نائٹریٹ میں تبدیل نا ہوجائے اور نائٹروجن سے نائٹریٹ کی شکل میں آنے کیلئے اُسے 72گھنٹے درکار ہوتے ہیں جوکہ بہت زیادہ ہیں کیونکہ اُس سے پہلے ہی زیادہ تر نائٹروجن اُڑ جاتی ہے اور بہت کم مقدار میں پودے کو دستیاب ہوتی ہے جس سے پیداوار میں نقصان ہوتا ہے۔۔وہ کہتے ہیں کہ اِس سے بہتر ہے پودے کو یوریا کی بجائے شروع سے ہی یعنی پہلے پانی سے ہی نائٹریٹ کی شکل میں کین گوارہ کھاد دی جائے جوکہ پودے کو فوری طور پر دستیاب ہو اور ساتھ زنک دی جائے۔۔سیکنڈ پوائنٹ یہ کہ کافی دوستوں نے اِس پر اعتراض کیا کہ جب کین گوارہ کیساتھ زنک دی جائے گی وہ زنک کیلشیم امونیم نائٹریٹ کیساتھ تعامل کرکے زنک آکسائڈ بن جائے گی لیکن کھیرانی صاحب کہتے ہیں کہ زنک کی طاقت کیلشیم سے انتہائی کم ہوتی ہے جس کی وجہ سے وہ تعامل نہیں کرتی اور نا ہی زنک آکسائڈ بنتی ہے۔۔تیسرا پوائنٹ اُنہوں نے بیان کیا کہ دوسرے پانی پر کین گوارہ کیساتھ سلفر دی جائے۔یہاں بھی کچھ دوستوں نے اعتراض اُٹھایا کہ اس سے سلفر کین گوارہ کیساتھ تعامل کرکے کیلشیم سلفیٹ بن جائے گا جوکہ پانی میں حل پذیر نہیں ہے۔۔تو اُنہوں نے اِسکا جواب یہ دیا کہ سلفر ایلیمنٹ فارم میں ہوتا ہے جسکی وجہ سے وہ ری ایکشن نہیں کرتا اور کیلشیم سلفیٹ نہیں بنتا۔۔ تو اِن تین پوائنٹس پر آپکی رائے انتہائی ضروری ہے تاکہ کسانوں کی کنفیوژن دُور ہوسکے اور اگر پودا نائٹریٹ کی شکل میں ہی خوراک لیتا ہے تو پھر کین گوارہ ہی دی جاسکے ناکہ یوریا کے پیچھے خوار ہوتے پھریں۔۔آپ اُنکے چینل کسان ٹائم پر اُنکی تفصیلی ویڈیو بھی دیکھ سکتے ہیں میں چاہتا ہوں کہ آپ اِس پر سینئرز کیساتھ ایک پروگرام ترتیب دیں.جزاکم اللّہ,0,609,no,,,,urdu_script,1,mixing_compatibility|timing_dose|price_cost|yield_result,NP / Nitrophos (product)|CAN / Gawara (product)|Urea (generic)
Dap 25kg + organic (gobar) 80-100kg + 2kg sulfur + 3kg boron + 25kg potash sop wheat plan for best results.,0,610,no,,,,latin,1,yield_result|crop_wheat,DAP (product)
Nitrophos or zbrdst urea ko phly pani pi istmal kr skty hn 2nu ka chta kr k?,0,611,no,,,,latin,1,,NP / Nitrophos (product)|Urea (generic)|Engro Zabardast
One week before you recommended CAN fertilizer with DAP and MOP at sowing time in Sandy land . Why you misguided farmers. You also not knowing what you upload in yours previous vlogs.,0,612,no,,,,latin,1,soil_type|trust_distrust_advice,CAN / Gawara (product)|DAP (product)
"Not possible Dear. You don’t watch video with concentration. Before commenting, you must review things.",1,613,yes,,,,latin,1,,
bhai kindly bta sakhty k bajai par 1 Dap 1 naitrofast or 1 bag Mop use kr sakhty hain drill k sath koi issue toh nahi hoga kindly reply de den?,0,614,no,,,,latin,1,soil_type,NP / Nitrophos (product)|DAP (product)
Np k sath simple urea aur sulpher daal skty hn,0,615,no,,,,latin,1,,NP / Nitrophos (product)|Urea (generic)
2 no. DAP ki pehchan kia,0,616,no,,,,latin,1,counterfeit_quality,DAP (product)
Sar dap ke sath jabardast uriya istemal kare skte ha gandam ko pahle Pani ke sht,0,617,no,,,,latin,1,crop_wheat,DAP (product)
"السلام علیکم Kya SSP aur MOP ko bijai k waqat daal sakty hein aur sath me urea bhi,?",0,618,no,,,,mixed,1,,Urea (generic)
کیا سرسبز این پی اور زبردست ساتھ استعمال کر سکتے ہیں ؟,0,619,no,,,,urdu_script,1,,Sarsabz|NP / Nitrophos (product)
Can we use DAP and SSP Phosphate 18% Calclum Sulphate 46 %,0,620,no,,,,latin,1,,DAP (product)
Can we use Urea and zinc together?,0,621,no,,,,latin,1,mixing_compatibility,Urea (generic)
"Yes, excellent combination",1,623,yes,,,,latin,1,,
Natron phas k shat urio istmail kar salty han,0,624,no,,,,latin,1,,NP / Nitrophos (product)
Yes,1,625,yes,,,,latin,42,,
Sir urea +phos power + SOP+ sulphur + braun mix ker kay flood ker saktay hain,0,626,no,,,,latin,1,mixing_compatibility|application_method,Urea (generic)
Yes,1,627,yes,,,,latin,42,,
پہلا پانی کے ساتھ یوریا ٫ سلفر ٫ زنک کے ساتھ بوران کو بھی ملا کر دیا جا سکتا ہے دوسری بات یہ ہے کہ زنک چیلٹڈ زنک ہونا چاہیے کہ سادہ زنک,0,628,no,,,,urdu_script,1,mixing_compatibility,Urea (generic)
جی فلڈ کریں۔ چیلیٹڈ زنک بہتر رہتا ہے,1,629,yes,,,,urdu_script,1,application_method,
Sir DAP aue naitro mila kar kar sakty hen,0,630,no,,,,latin,1,mixing_compatibility,NP / Nitrophos (product)|DAP (product)
Yes,1,631,yes,,,,latin,42,,
Bahi mustard( raya ) ma first àrrgation ma copper axycholride 1kg flood kar sakte hai?,0,632,no,,,,latin,1,application_method|crop_other,
Yes,1,633,yes,,,,latin,42,,
Bahi Can gawra + sulphur 80wg combined formula raya ma use Kar sakte hai?,0,634,no,,,,latin,1,crop_other,CAN / Gawara (product)
Bahi alternative Bata de,1,635,yes,,,,latin,1,,
No,1,636,yes,,,,latin,18,,
Sir 7 star comoany (khety hn imported ha subsidy wali)ki dap ai hoi ha 13000 ki bori mil rrhi ha ..wo kaisi khad ha,0,637,no,,,,latin,1,price_cost,DAP (product)
اسلام علیکم اگر نائٹروفاس پہلے چھٹہ کی جائے اور پانی لگانے کے بعد زبردست یوریا چھٹہ کی جا سکتی ہے ؟ شکریہ,0,638,no,,,,urdu_script,1,video_feedback,NP / Nitrophos (product)|Urea (generic)|Engro Zabardast
واعلیکم السلام بھائی ۔ نہیں,1,639,yes,,,,urdu_script,1,,
Whaet ko Phaly pani par S.O.P granular sona wali+Simple urea +Sulpher Fmc 80 + zinc 27 % day sakty hean ?,0,640,no,,,,latin,1,timing_dose,Urea (generic)|FFC Sona|Badshah / Swat / Jaffar / others
Yes,1,642,yes,,,,latin,42,,
CAN khad or zinc mix kar sakty hain phely pani pay?,0,643,no,,,,latin,1,mixing_compatibility|timing_dose,CAN / Gawara (product)
No,1,644,yes,,,,latin,18,,
Gandum first irrigation PE zabardast urea ka chatta kar dein aur Kisi Bhi tezabi khaad KO sath mein fertigate Kia ja sakta? Must reply,0,645,no,,,,latin,1,application_method|crop_wheat,Urea (generic)|Engro Zabardast
Nahi bhae,1,646,yes,,,,latin,5,,
Sir hamari yha wah DAP culrha he wo orginal he ya nhi,0,647,no,,,,latin,1,,DAP (product)
Sir abhi hami yha pa wah DAP mil that he wo theeq he ya nhi plz reply sir,0,648,no,,,,latin,1,,DAP (product)
Can we use DAP and potassium humate together in wheat with zero tillage drill?,0,649,no,,,,latin,1,mixing_compatibility|crop_wheat,DAP (product)
Yes,1,650,yes,,,,latin,42,,
Single super phosphate k Sath bop and urea istamal kr skty he?,0,651,no,,,,latin,1,,Urea (generic)
Yes,1,652,yes,,,,latin,42,,
Can we mix nitrophos and zabardast urea?,0,653,no,,,,latin,1,mixing_compatibility,NP / Nitrophos (product)|Urea (generic)|Engro Zabardast
You can also mixed DAP+ ZINC,1,654,yes,,,,latin,1,mixing_compatibility,DAP (product)
Yes,1,655,yes,,,,latin,42,,
No,1,656,yes,,,,latin,18,,
السلام علیکم ورحمتہ اللہ وبرکاتہ ، سر جی 26 اکتوبر کو گندم اکبر کاشت کی تھی ساتھ والے کھیت میں روانی کی تھی مگر اس کھیت میں بغیر راونی کے گندم کاشت ھے راونی والے کھیت میں گندم کا 70٪ اگاؤ ھوچکا ھے مگر اس کھیت میں اگاؤ ٹھیک طرح سے نہیں ھو رھا ھے اکا دکا پودا نظر آتا ھے کیا اس کو پانی لگا دوں ساتھ نائٹروفاس بھی ڈال دوں آپ مشورہ دیں شکریہ,0,657,no,,,,urdu_script,1,video_feedback|crop_wheat,NP / Nitrophos (product)
Okay,1,658,yes,,,,latin,1,,
واعلیکم السلام بھائی ۔ جی پانی لگا کر کچھ بیج کاچھٹہ کریں,1,659,yes,,,,urdu_script,1,,
Sir sulphur to elementary form mai hota hai Wo kasay can Kay sath reaction kr skta hai Sir university Kay ph Doc khatay hai ya reaction nhe ho skta pleas details about this formula,0,660,no,,,,latin,2,soil_type,
Sir sulphur to elementary form mai hota hai Wo kasay can Kay sath reaction kr skta hai Sir university Kay ph Doc khatay hai ya reaction nhe ho skta pleas details about this formula,0,661,no,,,,latin,2,soil_type,
Sop aur CAN ko mix kr sakty hn?,0,662,no,,,,latin,1,mixing_compatibility,CAN / Gawara (product)
Yes,1,663,yes,,,,latin,42,,
AOA DAP+Zabardast urea di ja skti hy ikhti? Zabrdast urea mn 1% zinc hy bioactive... plz guide krien,0,664,no,,,,latin,1,,DAP (product)|Urea (generic)|Engro Zabardast
Bhai bijaye se pehly sop ssp sulfur ke Sath mix kr ke chatta kar sakte he kalrathi Zameen me,0,665,no,,,,latin,1,mixing_compatibility|application_method|soil_type,
Yes,1,666,yes,,,,latin,42,,
Nitrophas or zabardast urea ko akatha broadcast kr salty hn,0,667,no,,,,latin,1,application_method,NP / Nitrophos (product)|Urea (generic)|Engro Zabardast
Nahi bhae,1,668,yes,,,,latin,5,,
❤❤❤❤❤❤,0,669,no,,,,other,1,,
کیا پہلے پانی میں ہورہا کے ساتھ زنک اور سلفر کو ملا کر دیا جا سکتا ہے پلیز اسکا ضرور بتائیں شکریہ,0,670,no,,,,urdu_script,1,video_feedback|mixing_compatibility,
جی بہترین بھائی,1,671,yes,,,,urdu_script,1,,
"Asalamalikum sir i m subscrided viewer Masha Allah your valuable advices are helping ones, Sir dosre pani p urea k sath Sayban ka Posh SOP drum ma chala sakte hain ya mix kar k chata kar sakte hain wo powder form ma hai to gela kar k mix karna pade ga ta k chata k waqt ude na, urea or sop ka reaction to nahi hoga",0,672,no,,,,latin,1,mixing_compatibility|application_method,Urea (generic)
"Wa alaikum assalam bhae, no reaction. Flood krna behter hy",1,673,yes,,,,latin,1,application_method,
good information sir. thank you,0,674,no,,,,latin,1,video_feedback,
سر کیا زبردست یوریا کھاد کے ساتھ نائٹروفاس استعمال کر سکتے ہیں,0,675,no,,,,urdu_script,1,,NP / Nitrophos (product)|Urea (generic)|Engro Zabardast
Ni ye hi kh ray,1,676,yes,,,,latin,1,,
G bilqal,1,677,yes,,,,latin,1,,
abid bhai pehle pani pay mein nay sulphur+zabardust urea+sona bohraan aur mop potash mix kar k use karni ha Inka aps me koi reaction to ni ha?,0,678,no,,,,latin,1,mixing_compatibility|timing_dose,Urea (generic)|Engro Zabardast|FFC Sona
"Koi issue nahi, use krein",1,680,yes,,,,latin,1,,
zabardust urea mein b zinc hota ha bijayi pay dap dali ha ab pehle pani pay konsa urea better ha?,0,681,no,,,,latin,1,timing_dose,DAP (product)|Urea (generic)|Engro Zabardast
Zabardast ureq,1,683,yes,,,,latin,1,,Engro Zabardast
سلفر اور زنگ کو مکس کیا جا سکتا ہے,0,684,no,,,,urdu_script,1,mixing_compatibility,
G bhae,1,685,yes,,,,latin,22,,
sarsabz nitrophous+ sulphur +zabardast uria pehle pani pe use kar sakte hain,0,686,no,,,,latin,1,timing_dose,Sarsabz|Urea (generic)|Engro Zabardast
Sarsabz Nitrophos+ Sulphur + Simple urea use krein,1,687,yes,,,,latin,1,,Sarsabz|NP / Nitrophos (product)|Urea (generic)
Nahi bhae,1,688,yes,,,,latin,5,,
Dap and calcium ammonium nitrate mila sakty hai,0,689,no,,,,latin,1,price_cost,CAN / Gawara (product)|DAP (product)
No,1,690,yes,,,,latin,18,,
Zabardast khad k sth NP sir sabaz mix.kar skty hain kiya sir g plz tell me.,0,691,no,,,,latin,1,mixing_compatibility,NP / Nitrophos (product)
No Dear Brother,1,692,yes,,,,latin,2,,
Sir P44 and Zabardast Urea aik pani pe use ho skte hain kia? P44-Flood and Zabardast Urea as Chatta,0,693,no,,,,latin,1,application_method|timing_dose,Urea (generic)|Engro Zabardast
Ok..Thanks Sir,1,694,yes,,,,latin,1,video_feedback,
No Dear Brother,1,695,yes,,,,latin,2,,
Abid bhi cumin crop ky baty main video bny,0,696,no,,,,latin,2,,
Abid bhi cumin crop ky baty main video bny,0,697,no,,,,latin,2,,
Weldone sir ji,0,698,no,,,,latin,1,,
Thanks brother,1,700,yes,,,,latin,4,video_feedback,
Sir ji nitrophas ky sath amonium salphate khad istmal kr sakty han,0,701,no,,,,latin,1,,NP / Nitrophos (product)
Yes,1,702,yes,,,,latin,42,,
Bahi wheat ma sarsabz nitrophous+ sulphur fmc 80 wg formulated combined use kar sakte hai?,0,703,no,,,,latin,1,crop_wheat,Sarsabz|Badshah / Swat / Jaffar / others
Yes,1,704,yes,,,,latin,42,,
کیا پہلے پانی پر زبردست یوریا کے ساتھ سلفر دے سکتے ہیں؟,0,705,no,,,,urdu_script,1,timing_dose,Urea (generic)|Engro Zabardast
جی بھائی,1,706,yes,,,,urdu_script,6,,
Best Bhai abid Sb love brother ❤❤❤❤,0,707,no,,,,latin,1,,
Shukriya bhae,1,708,yes,,,,latin,3,,
Bhai jaan Maine rice k Baad zero tillage se wheat lgani hai tw kia main drill krte hue SSP+Potash+ Zbrdst Urea Mila kr drill kr skta hn ya ni?,0,709,no,,,,latin,1,mixing_compatibility|crop_wheat|crop_rice,Urea (generic)|Engro Zabardast
Bhae SSP + potash daal kr drill kr dein. Zabardast urea pehlay pani pr daal dijye ga.,1,710,yes,,,,latin,1,timing_dose,Urea (generic)|Engro Zabardast
Zabardast ka bowai k waqat kiya kam hai fazool.hai,1,712,yes,,,,latin,1,,
اچھی انفارمیشن دینے کا شکریہ ماشاءاللہ جزاک اللہ خیر ،,0,713,no,,,,urdu_script,1,video_feedback,
سر ڈی اے پی اور زنک کے استعمال میں کتنے دن کا وقفہ ہونا چاہیے؟,0,714,no,,,,urdu_script,1,,DAP (product)
Minimum 12 days,1,715,yes,,,,latin,1,,
Thanks sir,0,717,no,,,,latin,3,video_feedback,
Welcome Dear Sir,1,718,yes,,,,latin,1,,
ماشاءاللّٰه,0,719,no,,,,urdu_script,1,,
Assalamo Alaikum sir kia can gawarak Sath potash use kr sakty hn please zaroor guide kren,0,720,no,,,,latin,1,mixing_compatibility,CAN / Gawara (product)
"Wa alaikum assalam bhae, g use kr sktay hn",1,722,yes,,,,latin,1,,
Kr skty hai,1,723,yes,,,,latin,1,,
محٹرم سر ایم او پی دانے دار ہم ابھی گوبھ کی حالت میں چھٹہ کر سکتے ہیں ہمارے کسان اسپرے نہیں کرتے,0,724,no,,,,urdu_script,1,timing_dose,
Sir phir monji KO kB aor kon c potash deni chahy,0,725,no,,,,latin,1,crop_rice,
کیا گنے کو ایم او پی ستمبر یا اکتوبر میں فلڈ کرنے کا فائدہ ہوگا۔,0,726,no,,,,urdu_script,1,application_method|crop_other,
Sir je kia sugarcane me mop aur urea mix kr k flood kr sakty hy...,0,727,no,,,,latin,1,mixing_compatibility|application_method|crop_other,Urea (generic)
"As compare to mop, sop is expensive so i used 1/2 bag of mop in rice munji. Sona or engro main nahi milli kashtkar company ki thi is it ok ?",0,728,no,,,,latin,1,price_cost|availability|crop_rice,Engro (other)|FFC Sona
"Sir ab dhaan ke fasl to hath sy nikl gayee . Ab aap ye rahnumai kryen k. MOP Ko Gandam mn kab or kitnee miqdar mn dalyen, pleas Sir rahnumai farmyen.",0,729,no,,,,latin,1,timing_dose|crop_wheat|crop_rice,
Mop sugarcane ko kitni bar dain aur kitni miqdar main dain ?,0,730,no,,,,latin,1,timing_dose|crop_other,
سر بہاریہ مکئی میں ڈی اے پی کے ساتھ ایس او پی ملا کر کیرا کیا تھا دوسرے پانی پر تب بھی مکئی کا ٹانڈا بالکل باریک رہ گیا تھا اور ایوریج بھی کچھ خاص نہیں آئی ۔ ایک سپرے سنٹر والا کہ رہا ہے کہ ایس او پی 25کلو والی ڈالیں 10کلو زیادہ رزلٹ ملے گا ۔کیا کیا جائے اب موسمی میں ابھی تک نہیں ڈالی ۔کو نسی ڈالیں ۔,0,731,no,,,,urdu_script,1,mixing_compatibility|timing_dose|yield_result|crop_other,DAP (product)
سنجيٽا کا 25 کلو والا کيسا هي,0,732,no,,,,urdu_script,1,,
Khurrianwala me,0,733,no,,,,latin,1,,
Sir mop ki mil hi ni rhi,0,734,no,,,,latin,1,availability,
Assalamualaikum sir Sir potash mop dhalon ki surat main istamal ki ja skti haaa koi issue to nhii,0,735,no,,,,latin,1,,
Yes bilkul kii jaa saktii,1,736,yes,,,,latin,1,,
Kya MOP flood kr skta ha,0,737,no,,,,latin,1,application_method,
"Mop b Rs 10,800 ki hai sir g...",0,738,no,,,,latin,1,price_cost,
Apki jesy knowledgeable banday zarorat hy sir humy ❤,0,739,no,,,,latin,1,,
سر جی اگر مونجی میں بیسل میں پوٹاش. نہیں ڈال سکے تو کیا 1509 مونجی میں 40 دن پر دے سکتے ھیں؟ پلیز جواب دیں,0,740,no,,,,urdu_script,1,crop_rice,
❤❤❤❤,0,741,no,,,,other,1,,
Sir eveoyl kenzo ki azatrol sop kesi hy,0,742,no,,,,latin,1,,Badshah / Swat / Jaffar / others
سر ستمبر اکتوبر میں کماد کو ایم او پی فلڈ کر سکتے ہیں,0,743,no,,,,urdu_script,1,application_method|crop_other,
سر جی کیا ایم او پی کا پوار بیگ بروقت کاشت ڈال دی جاے تو کیسی رہتی ہے ۔ سر جی آپ نے ہم کسانوں کو کافی معلومات دی ہیں ۔ شکریہ۔ یہاں رنگ برنگے پوٹاش کے تھیلے کسانوں کو بیچ کر لوٹا جا رہا ہے ۔ کیونکہ ہم کسانوں کی زرعی معلومات صفر ہیں,0,744,no,,,,urdu_script,1,video_feedback,
Well elaborated Thank you sir,0,745,no,,,,latin,1,video_feedback,
All people suggest Potassium nitrate.but Dr sahb marketing MOP😂😂😂. But Kisaan Dnt buy MOP....and get 60 Man....🎉,0,746,no,,,,latin,1,price_cost|yield_result|trust_distrust_advice,
Jo bhe karlyn cane gana girna he girna hota hai potash dny k baad bhe,0,747,no,,,,latin,1,,CAN / Gawara (product)
Dr Sb. AOA. What is the cheapest combination of N P and K fertilizers for citrus orchard. Thanks.,0,748,no,,,,latin,1,video_feedback|soil_type|price_cost,
Urea for N Uni phos BOP for P MOP for K Baki cocktail use karwain humea and bioactive sulfur,1,749,yes,,,,latin,1,,Urea (generic)
AOA bhai Maki ko dap nh di dap k Mutbadal map 12/61 ya koi Mutbadal kia Istemal kren kese Karen kitni miqdar Istemal kren. M. Anwar Anwar mailsi District vehari,0,750,no,,,,latin,1,timing_dose|np_vs_dap_substitution|crop_other,DAP (product)
12/61 map ya naitro kitni miqdar Istemal kren,1,751,yes,,,,latin,1,timing_dose,NP / Nitrophos (product)
"Nitrophos flood karwain, 12-61 economical bhii haii aur better results",1,752,yes,,,,latin,1,application_method|price_cost|yield_result,NP / Nitrophos (product)
سر سبزیاں کھیرا کریلا کے لیے بھی ایم او پی استعمال کرسکتے ہیں,0,753,no,,,,urdu_script,1,,Sarsabz
Sir keya vegetables main sop behtar hy mop se,1,754,yes,,,,latin,1,,
"Yes, but with waste decomposer ya biosulfur kk Sath mix kar kk flood karwa saktay",1,755,yes,,,,latin,1,mixing_compatibility|application_method,
Dr sahib cotton main Mop kab dalain,0,756,no,,,,latin,1,crop_other,
Asslam o alaikum Sir mein bhi tandlianwala se hon ap bilkul thek keh rhe hein,0,757,no,,,,latin,1,,
Dr.Shib can you provide use of fertilizers in a chart form.,0,758,no,,,,latin,1,,
Very nice video.plz.cover all fertilizers according to crop requirements.your level of talk is much highier which is understandable by a well educated agriculturist.i request you to address farmers in simple punjabi language.Thank you so much.,0,759,no,,,,latin,1,video_feedback,
کیلشیئم امونیم نائٹریٹ جیسی کین گوارا کھاد کا استعمال کن قسم کی زمینوں میں فائیدہ ہوتا ہے اور کن کن زمینوں میں نقصان دہ ثابت ہوسکتا ہے,0,760,no,,,,urdu_script,1,price_cost,CAN / Gawara (product)
Honest review Maza aya,0,761,no,,,,latin,1,,
سر سونا کا نیا جو این پی ایس آیا ہے وہ کیسی کھاد ہے,0,762,no,,,,urdu_script,1,,NP / Nitrophos (product)|FFC Sona
1 ۔سر ٹیوب ویل پر سیراب ہونے والے رقبے میں ایم او پی یا ایس او پی استعمال کرنی چاہیے 2، اور سر ہائی پی ایچ والے رقبے میں کون سی پوٹاش استعمال کرنی چاہیے ٹیوب ویل پر سیراب ہونے والے رقبے میں سر ریتلی میرا قسم والی زمین میں کونسی پوٹاش استعمال کرنی چاہیے,0,763,no,,,,urdu_script,1,soil_type,
سر سادہ الفاظ استعمال کریں انگلش کم بولیں شکریہ,1,764,yes,,,,urdu_script,1,video_feedback,
سر کون کون سے کراپ ایم او پی کے حوالے سے سینسیٹو ہیں,0,765,no,,,,urdu_script,1,,
Mop sale kerne hay AP ko comny kitnay day ge,1,766,yes,,,,latin,1,trust_distrust_advice,
Tobacco and to some extent potato... Some leafy vegetables,1,768,yes,,,,latin,1,crop_other,
Sir plz btain kinno main dal skte hain kya,0,769,no,,,,latin,1,,
Yes but mix with bioactive sulfurbor black gold,1,770,yes,,,,latin,1,mixing_compatibility,
Sir aap Ka shehar jarranwala hai ?,0,771,no,,,,latin,1,,
"Yes,",1,772,yes,,,,latin,2,,
سارے ایس او پی اور ایم او پی دانے دار پانی میں مکس نہیں ہوتی اس کے لئے کچھ بتائیں,0,773,no,,,,urdu_script,1,mixing_compatibility,
"AFTER GERMINATION EFFECT OF CHLORIDE INJURY ON ROOT DEVELOPMENT AND ON FERTILIZER USE EFFICIENCY OF N,P AND Zn may please be explained if MURATE OF POTASH(MOP) is used after germination of crops especially tobacco maize oil seeds potato and citrus orchards.",0,774,no,,,,latin,1,soil_type|price_cost|crop_other,
Sir Toba and potato are chloride sensitive crops... The chloride in Brassica family is not yeild limiting factor.. so we can easily use MOP in all those crop where Cl are not yield limiting,1,775,yes,,,,latin,1,yield_result|crop_other,
"Kamal ke Analysis Hein Aap ke Dr sahib, Zindabad, Jeeetey Rhein sda 👍👍👍🙏🙏🙏🙏🙏🙏",0,776,no,,,,latin,1,,
Sir MOP sugarcane men flood ho Sakti he?,0,777,no,,,,latin,1,application_method|crop_other,
Yes bilkul MOP flood ho sakti.. hum khud apnay fields main MOP potash use kartay,1,778,yes,,,,latin,1,application_method,
Organic potash fertilizer Kon sa h inorganic na hu ash b inorganic potash h na,0,779,no,,,,latin,1,,
potash enter in plant and work as inorganic nutrient..while NPS absorbe with organic fraction of plants,1,780,yes,,,,latin,1,,
sr kmad ko is time mop lgany hy sop,0,781,no,,,,latin,1,,
MOP is the best and economical source of potash for sugarcane,1,782,yes,,,,latin,1,price_cost|crop_other,
Sir agr Ayub Research se Seeds mil jaty hn kia?,0,783,no,,,,latin,1,,
Maki KY Seeds sir Sailge or pakawin.,1,784,yes,,,,latin,1,crop_other,
Mango MN mop dal skty hn. From. Kot adu,0,785,no,,,,latin,1,,
"Yes lazmi use karain, but plz mix MOP with waste decomposer or bioactive sulfur",1,786,yes,,,,latin,1,mixing_compatibility,
Jazak ALLAH Sir,0,787,no,,,,latin,1,video_feedback,
🎉🎉🎉🎉🎉,0,788,no,,,,other,1,,
"Dr Saab, what are your views about potassium derived from molasses?",0,789,no,,,,latin,1,,
"Yes, PDM, potash derived from molasses is also mild substitute of MOP/SOP potash.. it contains 14-20% K2O.. raw molasses just contain 3.5-5.0% K2O",1,791,yes,,,,latin,1,,
Dr saab kia MOP ko foliar ya flood form mein use kr saktay hein.,0,792,no,,,,latin,1,application_method,
Sir so nice plz p Sona mop ki bat ker Rahe hn kia plz rehnmae plz 25 kg nursery transfer kertay waat Dali thi ab Rice 45day ki ho gae h ab kitni dalu fasil achi h,0,793,no,,,,latin,1,timing_dose|crop_rice,FFC Sona
Sir fasil achi mashallah spray ki y koi r cheez dalna h plz rehnmae,1,794,yes,,,,latin,1,,
"40-45 days par bhii half bag MOP add karna haii.. potash jitna add ho Sakta haii Karin, grain filling kk liaa zaroori haii",1,795,yes,,,,latin,1,,
Sir apka contact plz,0,796,no,,,,latin,1,contact_reply_request,
kinnow mei mop dall skty hy ya ni,0,797,no,,,,latin,1,,
Kamaal Dr SB.🎉 Real Hero of Soil Sciences.,0,798,no,,,,latin,1,,
Sir English mn to samjh hi nh ati,0,799,no,,,,latin,1,,
Sir g ♥️ GANA me Mop ko 10 kg k hisab sy 5 qisto me Dy TU Kaisa rahy ga,0,800,no,,,,latin,1,,
Best rahygi,1,801,yes,,,,latin,1,,
Aslam o alaikum sir g ♥️ Ilaqa shahkot nankana sab hy sir kia Mop aur can gawara khad ko mix krk flood kr sakty hy kamad k liy ?,0,802,no,,,,latin,1,mixing_compatibility|application_method|crop_other,CAN / Gawara (product)
السلام علیکم ڈاکٹر نوید صاحب! 🌹 ڈاکٹر صاحب، اگر آپ کسی ایسے ڈیلر کو جانتے ہیں جہاں سے MOP مل جائے تو براہِ کرم ان کا نمبر دے دیں۔ بڑی مہربانی ہوگی۔ 🙏 آپ کا دوست، میاں عثمان ٹوبہ ٹیک سنگھ,0,803,no,,,,mixed,1,,
Sir m pehly mop dia kerta tha phir m NY SUNA k yh nuqsan dayti hy ab many ap ki video daykhny KY baad ab gandam ur kaynola m mop ka irada hy sir ap Jo pradect video m dikhaty hain m in my Barry m mashwra kerna cheta houn thanks,0,804,no,,,,latin,1,video_feedback|mixing_compatibility|crop_wheat,
"Brother sir ap ki video bahut achi hy sir m NY Saturday ko 13 2 43 KY Sath sugar cane ko Pani lagaya Pura acker girl gia m 100 acker Gena kasht kerta houn ur her sall GANA gir jata hy plz Bahi mujhay mashwra dain gany KY Barry m k aagy GANA na giry kasht method 2,50 feet hy plz m ap say milna chata hon l am belong district layyah thanks",0,805,no,,,,latin,1,video_feedback|application_method|crop_other,
sir sarsoo K leya kon se potash 😊plz ur Katne sir please,0,806,no,,,,latin,1,crop_other,
mop flood ho sakti ha,0,807,no,,,,latin,1,application_method,
"Yes humray field main ho jati haii FFC koi use kartay, best results haiin",1,808,yes,,,,latin,1,yield_result,FFC Sona
Pl recommend fertilizer plan for Date palm 🌴,0,809,no,,,,latin,1,,
Sir ap ki products very good i am. use in rice result good,0,810,no,,,,latin,1,video_feedback|yield_result|crop_rice,
❤❤❤❤❤👍 good work,0,811,no,,,,latin,1,video_feedback,
Good info,0,812,no,,,,latin,1,video_feedback,
Mop ko gobh ki halat me b dal skty hen,0,813,no,,,,latin,1,timing_dose,
Yes,1,814,yes,,,,latin,42,,
40-45 days py dain,1,816,yes,,,,latin,1,,
Very good video❤❤❤❤,0,817,no,,,,latin,1,video_feedback,
Sir g munji 20 din ki ho gai h ab MOP use kr sakty h or pr acour kitni deni h,0,818,no,,,,latin,1,timing_dose|crop_rice,
"Half bag abhii use karain, half bag at booting stage 45 day",1,819,yes,,,,latin,1,timing_dose,
Bundle of thanks for educating,0,820,no,,,,latin,1,video_feedback,
Many thanks,0,821,no,,,,latin,1,video_feedback,
گوبھ کی حالت میں اکثر کسان گندم میں کین گوارہ استعمال کرتے ہیں اور بتاتے ہیں نتائج اچھے آئے ہیں۔۔۔ اور زرعی ماہرین کہتے ہیں پچاس دن کے بعد نائٹروجنی کھاد کا کوئ فائدہ نہی۔۔۔ اس پہ روشنی ڈالیں,0,822,no,,,,urdu_script,1,timing_dose|yield_result|crop_wheat,NP / Nitrophos (product)|CAN / Gawara (product)
کلراٹھی زمین میں کین گوارا استعمال کر سکتے ہیں؟,0,823,no,,,,urdu_script,1,soil_type,CAN / Gawara (product)
Bhi cl no do,0,824,no,,,,latin,1,,
چھٹہ کرین یا فلڈ کرین,0,825,no,,,,urdu_script,1,application_method,
Can gawara or pak Arb MN Kya farq hai?,0,826,no,,,,latin,1,,CAN / Gawara (product)
2sry panii p can gowara dey skty,0,827,no,,,,latin,1,,CAN / Gawara (product)
Zameen hlki maira hn raitly type,0,828,no,,,,latin,1,,
Bhai m latest fertilizer Dali can gwara after Pani wheat crop 11 December 2024,0,829,no,,,,latin,1,crop_wheat,CAN / Gawara (product)
محترم ۔اجکل دس کلو گرام حل پذیر فاسفورس آ رہی ہے اس کے بارے میں کیا خیال ہے,0,830,no,,,,urdu_script,1,,
نہیں بھائی ۔,1,831,yes,,,,urdu_script,1,,
Can.gawara.or.zebardast.dono.sath.mila.kar.de.sakte.han,0,832,no,,,,latin,1,,CAN / Gawara (product)
Phly pani py nitrophos k sth use kry yh kb?,0,833,no,,,,latin,1,timing_dose,NP / Nitrophos (product)
G bhae,1,834,yes,,,,latin,22,,
این پی اور زبردست یوریا اکٹھی ڈال سکتے ہیں کیا اہم سوال کیونکہ فاسفورس اور زنک کا ملاپ نہیں ؟,0,835,no,,,,urdu_script,1,,NP / Nitrophos (product)|Urea (generic)|Engro Zabardast
کین گوارا کے استعمال کے کتنے عرصہ تک سلفر یا فاسفورسی کھاد استعمال کر سکتے ہیں۔ تا کہ کیلشیم کے ساتھ s یا p کا compound نہ بن سکے. شکریہ,0,836,no,,,,mixed,1,video_feedback,CAN / Gawara (product)
15 دن,1,837,yes,,,,urdu_script,1,,
Sir gobh py can gawara plus potash flood kr sakty han kya crop wheat,0,838,no,,,,latin,1,application_method|timing_dose|crop_wheat,CAN / Gawara (product)
Drvc SB n kia main booting stdge paay can gawara use Kar Sakta hoin aour agar nahi tou phir Kon cee khad use karion plz,0,839,no,,,,latin,1,timing_dose,CAN / Gawara (product)
Sir kinu ka Bagh hy fungus ka attack hy 2/3 sapry kiye hn controll ni hoi koi Hal bataen,0,840,no,,,,latin,1,,
"Assalam o Alaikum respected sir, It is often told that only 20-30% urea is utilized by crops, so only 6-7 kg of nitrogen per 50 kg bag is taken up by crop. While CAN has 26 %N and if its use efficiency is 50% or higher, then it will also be available around 6kg to plants from 50 kg bag. What is your take on it please",0,841,no,,,,latin,1,availability,Urea (generic)
"Yes, it is right Sir.",1,842,yes,,,,latin,1,,
کیا یہ کلر اٹھی زمین میں استعمال کی جا سکتی ہے پلیز بتائیں,0,843,no,,,,urdu_script,1,soil_type,
Sir agr DAP k sath tayari k duran can gauwara dal Deen us ka koi faida ho ga Zameen bohat kamzoor hy,0,844,no,,,,latin,1,,DAP (product)
"Nahi bhae, DAP k sath CAN gawara nahi dltay",1,845,yes,,,,latin,1,,CAN / Gawara (product)|DAP (product)
Bhai pehly pani par 1bori can gawara aur 1 bori zabrdast urea sath comulus sufer akatha sab day skty han,0,846,no,,,,latin,1,timing_dose,CAN / Gawara (product)|Urea (generic)|Engro Zabardast
❤❤🎉Good abid bahi.,0,847,no,,,,latin,1,,
بہت بہت شکریہ جناب,0,848,no,,,,urdu_script,1,video_feedback,
ٹھنڈی کھاد ھے گندم میں کونسے پانی میں استعمال کر سکتے ھیں کلراٹھی زمین ھے اس میں استعمال کر سکتے ھیں,0,849,no,,,,urdu_script,1,soil_type|cold_fertilizer_perception|crop_wheat,
کلراٹھی زمین کے لئے تو بہت عمدہ ہے بھائئ۔ پہلے پانی پر یوریا کی بجائے 2 بوری کین گوارا کھاد کی ڈالیں۔ دوسرے پانی پر ایک بوری کین گوارا ڈالیں ۔,1,850,yes,,,,urdu_script,1,timing_dose|soil_type,CAN / Gawara (product)|Urea (generic)
Nice,0,851,no,,,,latin,3,,
ریتلی زمین کی تیاری میں بوائی کے بعد ڈی اے پی فی ایکڑ کتنی ڈالنی ہے اور اسکے ساتھ دوسری کونسی کھاد دینی ہے,0,852,no,,,,urdu_script,1,timing_dose|soil_type,DAP (product)
Ek u or bo fee e,1,853,yes,,,,latin,1,,
ایک بوری ڈی اے پی+ آدھی بوری ایم او پی پوٹاش زمین کی تیاری میں ڈالیں,1,854,yes,,,,urdu_script,1,,DAP (product)
گندم کے علاؤہ اور کس فصل کو دی جا سکتی ہے ؟ زیر زمین فصل کو بھی دی جا سکتی ہے ؟؟؟,0,855,no,,,,urdu_script,1,crop_wheat,
Abid bhai pehla pani lagtay waqt ager can guwara use kertay hain to iskay sath zinc mix ker saktay hain?,0,856,no,,,,latin,1,mixing_compatibility,CAN / Gawara (product)
Sir cane gawara ko munji main kb or kitna istmal krna chaye,0,857,no,,,,latin,1,crop_rice,CAN / Gawara (product)
Munji ma Urea he istimal krein bhae,1,859,yes,,,,latin,1,crop_rice,Urea (generic)
Plz sir batana,0,860,no,,,,latin,1,,
Maki ko can gawara Kaisi hi gi,0,861,no,,,,latin,1,crop_other,CAN / Gawara (product)
سر اسکو تربوز میں استعمال کرنے کا کوئی فائدہ ھے??,0,862,no,,,,urdu_script,1,,
جی بھائئ۔ تربوز کے کاشتکار یوریا کی بجائے کین گوارا کھاد ہی استعمال کرتے ہیں ۔,1,863,yes,,,,urdu_script,1,,CAN / Gawara (product)|Urea (generic)
Sir g ab salfer flood kAr sakte hain koi sidfect to nhi,0,864,no,,,,latin,1,application_method,
"G bhae, flood krein",1,865,yes,,,,latin,1,application_method,
کیا یہ کھاد ترشاوہ پودوں یعنی کینو موسمی اور آم وغیرہ کو دی جا سکتی ۔۔,0,866,no,,,,urdu_script,1,,CAN / Gawara (product)
جی بھائی,1,867,yes,,,,urdu_script,6,,
Sir Nitrate pani se pehle deni chahye ya pani k baad ?,0,868,no,,,,latin,1,price_cost,
کیا کین گوارا کو پانی میں حل کر کے فلڈ کر سکتے ہیں,0,869,no,,,,urdu_script,1,application_method,CAN / Gawara (product)
جی بھائی,1,870,yes,,,,urdu_script,6,,
hello bother can gawara es mosam mae G1 garlic ko de sakty haun..ya next month don,0,871,no,,,,latin,1,,CAN / Gawara (product)
Abhi Nitrophos flood krein bhae,1,872,yes,,,,latin,1,application_method,NP / Nitrophos (product)
Pani 10 din baad lagana ha aur gandom hamri goob par aa choki ha aur Zameen ma abhee watar ha hum os ma cean gawara chat karwa dene Pani besahak 8. 10 din baad bhe lagaine,0,873,no,,,,latin,1,timing_dose|crop_wheat,CAN / Gawara (product)
بوائی کے وقت ڈی اے پی نہیں دی اور پہلے پانی پر ایک بوری نائیٹروجن دی ہے اچھی پیداوار کیلئے دوسرے پانی پر کین گنوارا کتنی دیں اور پوٹاش کی کمی کو کیسے پورا کیا جائے ؟؟,0,874,no,,,,urdu_script,1,timing_dose|np_vs_dap_substitution|yield_result,NP / Nitrophos (product)|CAN / Gawara (product)|DAP (product)
Ya thande hote hy log khty hy es k bary m to gide kry thanks,0,875,no,,,,latin,1,video_feedback|cold_fertilizer_perception,
Itnay bhi thanday nahi hotay k fasal ko nuksan ho.,1,876,yes,,,,latin,1,cold_fertilizer_perception,
پہلے پانی پر 1/2کین گوارہ اور 1/2زبردست یوریا دیں گے تو,0,877,no,,,,urdu_script,1,timing_dose,CAN / Gawara (product)|Urea (generic)|Engro Zabardast
نہیں۔ یوریا دیں,1,879,yes,,,,urdu_script,1,,Urea (generic)
پہلے پانی پر کونسی کھاد بہترین رہے گی....,0,880,no,,,,urdu_script,1,timing_dose,
زبردست یوریا,1,881,yes,,,,urdu_script,1,,Urea (generic)|Engro Zabardast
AoA Kia hum CAN gawara ky sath sulphur mix kr flood kr sakty hain. Kindly btaye ga,0,882,no,,,,latin,1,mixing_compatibility|application_method,CAN / Gawara (product)
Kin gowara ki price,0,883,no,,,,latin,1,price_cost|crop_rice,CAN / Gawara (product)
Availability issue is there in markets. Prices not confirm,1,884,yes,,,,latin,1,price_cost|availability|crop_rice,
"dear wheat 31 October ki kasht hy,, sakht zameen ni hy, halqi c sendi b hy, 1st irrigation 18 bad ki the,,, 2nd irrigation kitny din bad ho ge",0,885,no,,,,latin,1,timing_dose|soil_type|crop_wheat,
Kasht k 40 din baad,1,886,yes,,,,latin,1,timing_dose,
Bhai mein ne wheat k neechay DAP use ki hai Pehlay pani pr Urea ka 1 bag Should i use 1bag CAN in second irrigation,0,887,no,,,,latin,1,timing_dose|crop_wheat,DAP (product)|Urea (generic)
"Yes, best hy",1,888,yes,,,,latin,1,,
For one Killa what quentity required please inform me jaldi,0,889,no,,,,latin,1,,
ریتلی زمین میں کین گورا کا استعمال کر سکتے ہیں؟,0,890,no,,,,urdu_script,1,soil_type,CAN / Gawara (product)
کین گورا کی جگہ ھم ڈی اے پی استعمال کریں تو کیسا رہے گا؟,1,891,yes,,,,urdu_script,1,,CAN / Gawara (product)|DAP (product)
شکریہ بھائی جان,1,892,yes,,,,urdu_script,1,video_feedback,
جی بھائی بہترین ہے کین گوارا ریتلی زمین کے لئے,1,893,yes,,,,urdu_script,1,soil_type,CAN / Gawara (product)
Sir meri zameen bhari mera hy or zameen mn kala kallar mojud hy. Kya main CAN gawara use kr skta hu?,0,894,no,,,,latin,1,,CAN / Gawara (product)
G bhae best hy. Urea ki jga CAN gwara use kiya krein,1,895,yes,,,,latin,1,,CAN / Gawara (product)|Urea (generic)
ماشااللہ,0,896,no,,,,urdu_script,1,,
Thanks good suggestions,0,897,no,,,,latin,1,video_feedback,
Can kab kab use kiya ja skta ye btayn na,0,898,no,,,,latin,1,,CAN / Gawara (product)
Aik bori urea ki jga CAN ki 2 bori use krein ksi bhi fasal ma ksi bhi wkt.....,1,899,yes,,,,latin,1,,CAN / Gawara (product)|Urea (generic)
sir meri zameen mein 1.5 year tak wheat straw (Tori) store rhi hai aur ab kafi maqdaar mein tori zameen mein hal ho gaee hai. mein ne koi b khad ni dali aur raya kashat kiya hai. Please mujay fertilizer plan suggest krein. please aur mujay tori k effects batayen,0,900,no,,,,latin,1,crop_wheat|crop_other,
Dil kass waiti Auroj 22 gandam,0,901,no,,,,latin,1,crop_wheat,
Sir barni جگہ پر اس کو استعمال کر سکتے ہیں,0,902,no,,,,mixed,1,,
جی بہترین,1,903,yes,,,,urdu_script,4,,
Yah khaad dalni kab ha? Pehle pani pay?,0,904,no,,,,latin,1,timing_dose,
Dusray pani pr,1,905,yes,,,,latin,3,timing_dose,
Kia can gawara bhij ke Sath wattar men Mila saktey han ?,0,906,no,,,,latin,1,,CAN / Gawara (product)
Can we mix sulphur with CAN?,0,908,no,,,,latin,1,mixing_compatibility,CAN / Gawara (product)
"No, jis khad mn calishim ho usk sath calshim sulphate bny ga",1,909,yes,,,,latin,1,,
Bhai Jan ye drum m bar bar nechay beht jati hay es ko flood ka best tareqa jis say bhetay na,0,910,no,,,,latin,1,application_method,
Reply please air,0,911,no,,,,latin,1,contact_reply_request,
AOA sir CAN ka 4-5% foliar solution cotton key last pick say pehlay defoliation k liyey use or sktay Hain?,0,912,no,,,,latin,1,crop_other,CAN / Gawara (product)
"Wa alaikum assalam, Bhae MOP khad ka 3% to 5% solution use krein",1,913,yes,,,,latin,1,,
Can we mix liberal chelated zinc with CAN Gawara at 1st irrigation?,0,914,no,,,,latin,1,mixing_compatibility,CAN / Gawara (product)
Yes,1,915,yes,,,,latin,42,,
Gwara khad gany mn kesy or kb istemal kren,0,916,no,,,,latin,1,,CAN / Gawara (product)
"June, July, August ma aik aik bori gwara flood krein",1,917,yes,,,,latin,1,application_method,CAN / Gawara (product)
امونیم سیلفیٹ والی کھاد کا نام ؟,0,918,no,,,,urdu_script,1,,
یہی نام ہے جناب,1,919,yes,,,,urdu_script,1,,
"Well explained, Abid bhae shukriya",0,920,no,,,,latin,1,video_feedback,
Kalar wali zameen ma can gawra use kr sakty,0,921,no,,,,latin,1,soil_type,CAN / Gawara (product)
Kalar wali zameen k liye best fertilizer hy CAN gwara,1,922,yes,,,,latin,1,soil_type,CAN / Gawara (product)
Sir CAN Gawara ko supher k Sath ksy flood krn ???? Sir hum urea pa Sulpher coat kr k dty Kumulus DF 80 ... Kia is pa bhi Sulpher coat kr skty??? Plz kindly must reply,0,923,no,,,,latin,1,application_method,CAN / Gawara (product)|Urea (generic)
No,1,924,yes,,,,latin,18,,
Bhai agr gob pa ham potash ddada sawat ke Tu Kia phr bhe gawar Dana ha,0,925,no,,,,latin,1,,
Gawara ka function alag hy aur potash ka alag hy bhae,1,927,yes,,,,latin,1,,CAN / Gawara (product)
Sop ko as Ka sat flod kr skta hain,0,928,no,,,,latin,1,,
No,1,930,yes,,,,latin,18,,
Dear SOP Ko Kan Kan fertilizer ma mix kr Ka use Kia ja skta ha ?,0,931,no,,,,latin,1,mixing_compatibility,
"Urea, DAP, Ammonium sulphate",1,932,yes,,,,latin,1,,DAP (product)|Urea (generic)
Can gawara ka ph kya ha,0,933,no,,,,latin,1,soil_type,CAN / Gawara (product)
3.5 hy tkribn,1,934,yes,,,,latin,1,,
Wheat Kitne din mn gobh pr ajati h,0,935,no,,,,latin,1,timing_dose|crop_wheat,
85 days,1,936,yes,,,,latin,1,,
جناب کیا دوسرے پانی پر گین گورا کو ڈالا جا سکتا ہے,0,937,no,,,,urdu_script,1,timing_dose,
جی بھائئ,1,938,yes,,,,urdu_script,2,,
Sir je m ne pehley pani per ammounim sulphate aur urea use ki te ab dosre pani per Can gowara use ker sakta hu plz reply soon,0,939,no,,,,latin,1,timing_dose,CAN / Gawara (product)|Urea (generic)
G bhae,1,941,yes,,,,latin,22,,
Sir gawara 2sre pani p urea k sth mix kr k fee acre 2 bori istimal kr skte h??,0,942,no,,,,latin,1,mixing_compatibility|timing_dose,CAN / Gawara (product)|Urea (generic)
Sir can gawara pahlay pani kay watar par dy saktay hay,0,944,no,,,,latin,1,,CAN / Gawara (product)
Sir jaffar ka cheta salfar kasa hay pahlay pani kay baad dala ja sakta hay,1,945,yes,,,,latin,1,,Badshah / Swat / Jaffar / others
Tr watter pr dein,1,946,yes,,,,latin,1,,
janab mehkama zrat walay gob ki halat ma qu cangawara recomand krtay ha 60 din k bad,0,947,no,,,,latin,1,timing_dose,CAN / Gawara (product)
Pta nahi bhae. Wheat ki fertilizer first 55 days ma complete kr Leni chahye.,1,948,yes,,,,latin,1,crop_wheat,
Sir pehly pani me 2bori.ssp.dal.de.pehly.koi.khad.nhi.dali,0,949,no,,,,latin,1,,
Sir gwara dal de,1,950,yes,,,,latin,1,,CAN / Gawara (product)
Aik bori Urea b dalein,1,951,yes,,,,latin,1,,Urea (generic)
Sar apna btaya tha la 55 din ma gamdum ma naitrojan mukamal krla phr ham Tu ya 4 pane pa data tha Tu ap btay kasa kB da,0,952,no,,,,latin,1,,NP / Nitrophos (product)
"Sandy soil ma bar bar nitrogen khad urea, gwara etc deni padti hy",1,954,yes,,,,latin,1,soil_type,CAN / Gawara (product)|Urea (generic)
Jiya jiya,0,955,no,,,,latin,1,,
Sajanta sa sulfar or uuria ko mix kra Tu kasa ha phala pane gamdum pa ya cangawara ?,0,956,no,,,,latin,1,mixing_compatibility,CAN / Gawara (product)|Urea (generic)
Urea or sulfar mix krein best hy,1,957,yes,,,,latin,1,mixing_compatibility,Urea (generic)
Sir cangwara or zabardast urea pahly pani par ikhta chata kr dain ya phly pani par zabardast urea or dusry pani par cangwara don?,0,958,no,,,,latin,1,application_method|timing_dose,CAN / Gawara (product)|Urea (generic)|Engro Zabardast
Pehlay pani pr Zabardast urea ka bag kafi hy dusray pani pr zrurat mehsus ho tb CAN gwara dalein,1,959,yes,,,,latin,1,timing_dose,CAN / Gawara (product)|Urea (generic)|Engro Zabardast
وعلیکم السلام ورحمتہ اللہ وبرکاتہ,0,960,no,,,,urdu_script,1,,
Best time as ka kon sa he kis time lgay pehlypani pe shi he ya fr dusry pani pe best h,0,961,no,,,,latin,1,timing_dose,
Dusray pani pr,1,962,yes,,,,latin,3,timing_dose,
Abid bhai mein pehla pani 20-25 din py lagata. Zameen mein dusra pani 65-70 days py lagay ga at least. Kya nitrogen fertilizer ko pehlay aur dusray pani mein split karna behtar ya sara pehlay pani py hi laga dn? Mera irada 1.5 -2 bags urea aur 1 bag CAN.,0,963,no,,,,latin,1,timing_dose,Urea (generic)
1.25 bags per acre pehlay pani pr dein. Dusray pani pr aik bori CAN gwara dein,1,965,yes,,,,latin,1,timing_dose,CAN / Gawara (product)
Abid bhai urea ke st liquid humic acid aur sulfer mx kr ke fled kr skty hn.,0,966,no,,,,latin,1,application_method,Urea (generic)
Good,0,968,no,,,,latin,3,,
Thanks brother,1,969,yes,,,,latin,4,video_feedback,
کین گوراہ سے ٹیلرنگ بڑھتی ہے؟,0,970,no,,,,urdu_script,1,,CAN / Gawara (product)
جی,1,971,yes,,,,urdu_script,3,,
ریتلی زمین میں پہلے پانی پہ زبردست یوریا دیں؟یا کین گوراہ+زنک اینگرو؟ان میں سے زیادہ بہتر کونسی ہے پانی فوراً جذب ہو جاتا ہے,0,972,no,,,,urdu_script,1,timing_dose|soil_type,CAN / Gawara (product)|Urea (generic)|Engro Zabardast|Engro (other)
زبردست یوریا کھاد بہترین ہے,1,974,yes,,,,urdu_script,1,,Urea (generic)|Engro Zabardast
Abid bhai mn ne pechle saal 80 din ki fasal per 2 bori can gawara fled ki thi 50 mun average hi thi..ab kia use karon.,0,975,no,,,,latin,1,application_method|timing_dose|yield_result,CAN / Gawara (product)
Ab bhi flood krein,1,976,yes,,,,latin,1,application_method,
Aslamoalikum sir kia Hal h sir main NY can gawara ka aap ka program dekha h sir please batain KY Meri barani Zameen h tiubwel nahi h ham can gawara gandam kashat karny KY Saath Zameen main daal sakty Hain Yaa nahi please sir zarur batana shukria Nambardaar mansha Gujarat,0,977,no,,,,latin,1,soil_type|region_request|crop_wheat,CAN / Gawara (product)
Bhai apna no to batao ap sy mashwara krna h,0,978,no,,,,latin,1,,
Salam hm ny abi abu ap k chenal ko follow kr chuky hn sr mera bht bra sawal he agr ap jwab to ap ki mhrbani to bt ye he k hmare zamen sindh mein he wha pe pani bht zeyada he as ley hmari zameny selabi ho chuji hn do ten fot pe b pani ata he to hmari gandam ki pedawar 22 se 25 man he to hm kia kary pehly pani se lekr akhari pani tak puri khady pta do plz sr plzzzzzzzzzzzzzzzzzzzz,0,980,no,,,,latin,1,yield_result|region_request|crop_wheat,
Wa alaikum assalam bhae. Zameen tyar krty wkt DAP + SOP dal dein. Pehly pani pr Urea + zinc dalein.,1,981,yes,,,,latin,1,timing_dose,DAP (product)|Urea (generic)
Bilal bhai mn ne pechle saal 80 din ki fasal per 2 bori cane gawara use ki thi.50 mun average ai hn..ab 80 din ki fasal pr can gawara use karon ya naa karan.,0,982,no,,,,latin,1,timing_dose|yield_result,CAN / Gawara (product)
BeAuTiFuL bRotheR,0,983,no,,,,latin,1,,
Thanks,1,984,yes,,,,latin,1,video_feedback,
Abid bhai is ko wheat mein gobh ki halat mein half bag MOP aur half bag CAN de sktey hain,0,985,no,,,,latin,1,timing_dose|crop_wheat,
G bhae,1,986,yes,,,,latin,22,,
A.A. sir .can i get ur number plz . I would like get some info regarding agriculture land .i shall be thankfull,0,987,no,,,,latin,1,,
"1 Dap and 1 Humic acid besel.doze diya hea, ab 22din pani denge, kya NP de sakte hean abhe ya kb MO kb den???",1,988,yes,,,,latin,1,,NP / Nitrophos (product)|DAP (product)
W.A. 03005692560,1,989,yes,,,,latin,1,,
Hum Rice field main can use Kat saktae hain,0,990,no,,,,latin,1,crop_rice,
Thanks dear,0,992,no,,,,latin,2,video_feedback,
بھای میں نےدوسرا پانی کے ساتھ نایڑ یںٹے آستمال کی ھے,0,993,no,,,,urdu_script,1,,
Bahi lesson ma konse khad istmal krien take us ma pedawar achi mile,0,994,no,,,,latin,1,yield_result,
امونیم نائٹریٹ کونسے کونسے پانی پر لگانی چاہیے۔۔,0,995,no,,,,urdu_script,1,timing_dose|price_cost,
دوسرے پانی پر,1,996,yes,,,,urdu_script,1,timing_dose,
Dusray pani pr,1,997,yes,,,,latin,3,timing_dose,
Sir men gadum me aakhre Mani lgana Hy meny pothash de hy Kia men koi or khad do ya na,0,998,no,,,,latin,1,,
No,1,999,yes,,,,latin,18,,
Sir sowing ke waqt dep deyata ta .phele abpashe mai nahe deyA urea ub dosre abpashe mai konsa kaad do,0,1000,no,,,,latin,1,,Urea (generic)
Dear Sir tella ki spray kb krni chaye,0,1001,no,,,,latin,1,,
Jb tela aa jaye,1,1002,yes,,,,latin,1,,
Bhai 3sry ya 4thy pani k sath bhy dy ja skti h????,0,1003,no,,,,latin,1,,
No,1,1004,yes,,,,latin,18,,
Bhai sunflower ka review btain,0,1005,no,,,,latin,1,,
Bhai mn ne cotton wale bed per desi pyiz lagaya hn ktne din bd khad dein.,0,1006,no,,,,latin,1,crop_other,
Can agar flood ki jai to Kia iski affadiet brqrar rahti hai??,0,1007,no,,,,latin,1,application_method,
Can you send your contact number?,0,1009,no,,,,latin,1,contact_reply_request,
"Sir,gandum bijai k waqt,1.5 bori dap+adhi bori urea Pehla pani,zinc 3kg+adhi bori ure Dosra pani,1 bori urea Agay ka plan bata dain plz Bhakkar tehsil mankera",0,1011,no,,,,latin,1,region_request|crop_wheat,DAP (product)|Urea (generic)
Plz reply,1,1012,yes,,,,latin,1,,
Ab Aik bori Potash flood krein bhae.,1,1014,yes,,,,latin,1,application_method,
Sir gandm ko dosry pani par can khad dy sakty hain.or kitni dani hai.par akar,0,1015,no,,,,latin,1,timing_dose,CAN / Gawara (product)
1.5 to 2 bags per acre CAN gwara,1,1016,yes,,,,latin,1,timing_dose,CAN / Gawara (product)
Haf can gawara r half bori amoniam salfat flod ker skty hn,0,1017,no,,,,latin,1,,CAN / Gawara (product)
G bhae,1,1018,yes,,,,latin,22,,
I mean mix kr k flod kr skty hn,1,1019,yes,,,,latin,1,mixing_compatibility,
G bhae,1,1020,yes,,,,latin,22,,
Sirrr plz me ne anaar ka bagh lgaya hua hy.plz mujhy btay knc khad dalu.and per plant plz,0,1021,no,,,,latin,1,,
Sir hmari gandum ki fasal men barish ka Pani kharha he koe Hal btayen,0,1022,no,,,,latin,1,crop_wheat,
Ammonium sulphate aik bag fi acre chhatta krein,1,1023,yes,,,,latin,1,application_method|timing_dose,
Can gawar aur urea bhi mix kr sakte hain,0,1024,no,,,,latin,1,mixing_compatibility,Urea (generic)
G bhae,1,1025,yes,,,,latin,22,,
Abid bhi phele pani pr istmal kr ley multan sy 2 dec ko kasht hui,0,1026,no,,,,latin,1,timing_dose,
G belkul,1,1027,yes,,,,latin,4,,
What is cheap sourve of potash? Available in market,0,1028,no,,,,latin,1,price_cost|availability,
"Engro MOP 50 kg. Use it if soil is fit, not salts in it.",1,1030,yes,,,,latin,1,,Engro (other)
Abid bhai n.p.k 8.8.6 spray 1000ml kr ha wheat crop mn is ka faida kia ho ga,0,1031,no,,,,latin,1,crop_wheat,NP / Nitrophos (product)
Bhae ye feed hy plants ki. Ab plants ki bhook aap khtam kr rahy ho to plants ko b chahye k apny full potential pr pedawar dy.,1,1032,yes,,,,latin,1,yield_result,
Bhai mn ne n.p.k ka sray krna han.fi acre 500ml kron ya 1000ml kron,0,1033,no,,,,latin,1,timing_dose,NP / Nitrophos (product)
1000 ml per acre,1,1034,yes,,,,latin,1,timing_dose,
What is the per acre dosage of CAN?,0,1035,no,,,,latin,1,timing_dose,CAN / Gawara (product)
2.5 bags Per acre total.,1,1037,yes,,,,latin,1,timing_dose,
Very good information in a very simple manner.,0,1038,no,,,,latin,1,video_feedback,
Thanks dear,1,1039,yes,,,,latin,2,video_feedback,
"Ajeeb baat ha manufacturer kehty k can gawara last nitrogen doze for crop aur hmary experts 1st irrigation pr best sabit krny me lagy hoye, Sarsabz ka literature check kren 4 nitrophos and then 3rd irrigation pr cangawara+sop ha ap ki kia argument ha isk against",0,1040,no,,,,latin,1,trust_distrust_advice,Sarsabz|NP / Nitrophos (product)|CAN / Gawara (product)
I use it on 3rd irrigation 70 day crop. With sop. Let's see,1,1041,yes,,,,latin,1,,
At 60 days apply cangawara,1,1042,yes,,,,latin,1,,CAN / Gawara (product)
SHUKRIYA BHAIJAAN,0,1043,no,,,,latin,1,,
Arysta ki pilatus ke st cane gawara use kr skte hain.,0,1044,no,,,,latin,1,,CAN / Gawara (product)|Badshah / Swat / Jaffar / others
اگر پہلے پانی پر ایک بوری کین گوارا اور ایک بوری زبردست یوریا استمال کریں فی ا یکڑ تو مناسب رہے گا ساتھ میں ہیومیک ایسڈ بھی براۓ مہربانی رہنمائی کریں,0,1045,no,,,,urdu_script,1,timing_dose,CAN / Gawara (product)|Urea (generic)|Engro Zabardast
جی بھائ. زبردست رہے گا.,1,1047,yes,,,,urdu_script,1,,
یوریا نائٹروجن کا بہترین سورس ہے اگر اس کو مناسب طریقے سے استعمال کیا جائے تو یوریا جتنی نائٹروجن کسی کھاد سے بھی نہیں مل سکتی۔ کین گوراہ بہت مہنگا سورس ہے نائٹروجن کا,0,1048,no,,,,urdu_script,1,price_cost|availability,NP / Nitrophos (product)|CAN / Gawara (product)|Urea (generic)
Kasy munasib tareqa bga den,1,1049,yes,,,,latin,1,,
100% agreed,1,1050,yes,,,,latin,1,,
سر گندم کاشت چھٹا کیا تھا 60 دن ھو گئےاور ابھی پانی لگانا ہے کیونکہ نمی ابھی ختم ہوئی ہے زمین میں پانی کھڑا رہتا ہے 7 دن تک بہت سخت زمین ہے کیا ڈالیں کین گوارا یا یوریا اور پانی لگانے کے بعد کھادیں ڈالیں یا پہلے؟ پلیز رپلائی,0,1051,no,,,,urdu_script,1,soil_type|crop_wheat,CAN / Gawara (product)|Urea (generic)
سخت زمین میں استعمال کر سکتے ہیں؟,0,1052,no,,,,urdu_script,1,soil_type,
Ammonium sulphate use krein bhae skht zameen ma.,1,1053,yes,,,,latin,1,,
city?,0,1054,no,,,,latin,1,,
AP lodhra sa ho,1,1055,yes,,,,latin,1,,
Lodhran,1,1057,yes,,,,latin,1,,
Bhai abid can ko dosry pani per dal sakty han 40 din ki fasal ha,0,1058,no,,,,latin,1,timing_dose,CAN / Gawara (product)
G zbrdast hy,1,1059,yes,,,,latin,1,,
"can we use zinc. , ammonium sulphate and cangavara fertilizer together",0,1060,no,,,,latin,1,mixing_compatibility,
امونیم سلفیٹ کے ساتھ کیلشیم مل کر کیلشیم سلفیٹ نہ بنا دے گی؟@Abidaliagrarian,1,1061,yes,,,,mixed,1,,
G bhae.,1,1063,yes,,,,latin,1,,
can we use zinc with cangavara fertilizer,0,1064,no,,,,latin,1,,
No,1,1065,yes,,,,latin,18,,
Pehlay pani par CAN kalrathi zameen m istamal kar saktahoo plz advise,0,1066,no,,,,latin,1,timing_dose|soil_type,
Kalrathi zameen ma Ammonium sulphate khad aik bori dalo bhae.,1,1067,yes,,,,latin,1,soil_type,
"If urea gets moisturised and gets hard in bag, does that mean that Nitrogen has been lost in the process or can it still be used?",0,1068,no,,,,latin,1,soil_type,Urea (generic)
"Dear Sir, In that case, somewhat urea has lost from the bag. Because when urea find moisture (even high humidity) it gets start to volatize.",1,1069,yes,,,,latin,1,,Urea (generic)
"Great info, I applied CAN after your this lecture, this fertilizer comes with other micro nutrient / elements like Potassium - 0.9% Calcium - 10% Magnesium - 0.05% Sulfur - 0.4% Copper - 0.001% Which are also important for plant growth. May Allah bless you....",0,1070,no,,,,latin,1,video_feedback,
Other nutrients are in soooo much small quantity that it can't be counted..who counts 0.001 or 0.05%,1,1071,yes,,,,latin,1,,
Bht schy,1,1072,yes,,,,latin,1,,
"Dear sir, Very easy to understand your lecture .thanks.",0,1073,no,,,,latin,1,video_feedback,
Keya retly zameen men amoniam salfate estmal kr skty hn,0,1074,no,,,,latin,1,soil_type,
Nahi bhae. CAN gwara krein,1,1075,yes,,,,latin,1,,CAN / Gawara (product)
Sir my land soil texture is Loam .which fertilizer is best for that type of land.,0,1076,no,,,,latin,1,,
Urea + 3 kg zinc + 1 bori SOP dalo pehlay pani pr. Ya zbrdast Urea 1 bori + 1 bori SOP dalo.,1,1077,yes,,,,latin,1,timing_dose,Urea (generic)
Bhai nechy aik bag nitrophas dali hy raqba bhi halka retla hy ab khad konci istemal krni ho gi,0,1078,no,,,,latin,1,,NP / Nitrophos (product)
CAN gawara 2 bori + 0.5 bag MOP potash dalo bhae.,1,1079,yes,,,,latin,1,,CAN / Gawara (product)
Agar ye video ek hafta pehle upload hoti to main gandum mn can gawara lagata,0,1080,no,,,,latin,1,crop_wheat,CAN / Gawara (product)
Same to you😅😅,1,1081,yes,,,,latin,1,,
Phla Pani ghndum ko lagana Hy(dap kasht ky sath LGA chuka Hun) ab fee aikr aik bori natro Ka iRadha Hy SB sy behtareen koon sa tareeqa hy,0,1082,no,,,,latin,1,,NP / Nitrophos (product)|DAP (product)
Abid bhaie phaly pani pr Nitrophas + sona Urea mix kr ka pani lagany se phaly dal dan oR pani ka bad..zeeman halki ratali hy?,1,1083,yes,,,,latin,1,mixing_compatibility|timing_dose,NP / Nitrophos (product)|Urea (generic)|FFC Sona
Nitrophos aik bag + half bag Urea dalein pehlay pani pr. Dusray pani pr aik bori potash b dalein.,1,1085,yes,,,,latin,1,timing_dose,NP / Nitrophos (product)|Urea (generic)
Bhai phely pani me 1 boŕi DAP or 1 bori urea dali hy dosre pani me kn sy khad daly,0,1086,no,,,,latin,1,,DAP (product)|Urea (generic)
1 bori SOP + 1 bori CAN gwara,1,1087,yes,,,,latin,1,,CAN / Gawara (product)
Meri zameen ka ph level 8 se 8.5 k drmiyan ma ha.. maine wheat ko 1st pani lagana ha..ap konsi fertilizer recommend krege?.. color wali zameen nahi ha..bhot chikini mitti nahi ha lakn drmiyani laal ha,0,1088,no,,,,latin,1,soil_type|crop_wheat,
Zabardast urea engro wali aik bori dalein bhae,1,1090,yes,,,,latin,1,,Urea (generic)|Engro Zabardast|Engro (other)
Abid bhai kinno ka bagh lgaya tha zameen bohat zyda chikkni aur hard jis plant growth nae ker rahay plz kuch recommend karain.,0,1091,no,,,,latin,1,soil_type,
Bhae gobar ki khad dalo,1,1093,yes,,,,latin,1,,
Hamri zameen kamzor aur kuch kilrathi hai. Hum n gandm k sath nachy Dap aur sop di ab phly pani k sath kon c khad bhtr rahi gi,0,1094,no,,,,latin,1,,DAP (product)
Aik bori CAN gawara + aik bori ammonium sulphate ya aik bori Zbrdast urea engro wali + aadhi bori ammonium sulphate. 5 kg tezaab b dalein pani k sath,1,1095,yes,,,,latin,1,,CAN / Gawara (product)|Urea (generic)|Engro (other)
CAN ka Ph kia ha,0,1096,no,,,,latin,1,soil_type,CAN / Gawara (product)
Neutral 7,1,1097,yes,,,,latin,1,,
Well explained,0,1098,no,,,,latin,1,video_feedback,
Good,0,1099,no,,,,latin,3,,
Bhai Mana pahly pani par n.p. ak bori par akar chata kea ha or d.a.p. bajai k time dal di thi. Tu kia n.p. jo dali ha wo thek ha plz ya batao,0,1100,no,,,,latin,1,application_method|timing_dose,NP / Nitrophos (product)|DAP (product)
Thek hy. Lekin abhi aap ko aik bori Urea mazeed dalni chahye.,1,1101,yes,,,,latin,1,,Urea (generic)
Sir m ne pehle pani per 2 bori urea dia ta kia m ab 50 din k bd dosre pani per can guwara dal sakta plz betao fi acre kitni bori dal sakta hu?,0,1102,no,,,,latin,1,timing_dose,CAN / Gawara (product)|Urea (generic)
Ab CAN gwara ki zrurat nahi. SOP khaad dein agar khaad deni hy to,1,1104,yes,,,,latin,1,,CAN / Gawara (product)
بھائ کین گوارا کے ساتھ سلفر فلڈ کر سکتے ہیں ؟؟؟,0,1105,no,,,,urdu_script,1,application_method,CAN / Gawara (product)
جی بھائ,1,1106,yes,,,,urdu_script,1,,
Bhai ager hum can k sath libral zn our biozote mex 3no ko mela k phly pani per dy to kasa result aye ga zameen White shor wali ha phly gupchut ki ha sath men zorawar dali ha 2 bori per akad sath men humic acid dala ha pani k sath forever ➕ ya ab koi batan k pani k sath kia dy ab phla pani lagy ga dandom ki germination 70 % ha sath men our gandom dal do ya ya bohat ha plz bhai positive thought,0,1107,no,,,,latin,1,timing_dose|yield_result|crop_wheat,CAN / Gawara (product)|Engro (other)
بھائ مزید بیج ڈال دو دس پندرہ کلو. ایک بوری کین گوارا ڈالو ساتھ میں 5 کلو گندھک کا تیزاب فلڈ کرو.,1,1108,yes,,,,urdu_script,1,application_method,CAN / Gawara (product)
Agar CAN or Zabardast Urea mai say 1 choose karni paday 1st pani par to konsi Choose karay ?,0,1109,no,,,,latin,1,timing_dose,Urea (generic)|Engro Zabardast
CAN is best 45 days crop at 2nd irrigation,1,1111,yes,,,,latin,1,,
Zabardast Urea as wheat plant needs nitrogen plus zinc at firat irrigation.,1,1112,yes,,,,latin,1,crop_wheat,Urea (generic)|Engro Zabardast
Pehly paani k sath CAN gawara ya UREA mai se kaunsi behtr rahy gi aour dosry pani k sath b btae k knsi behtr rhy gi,0,1113,no,,,,latin,1,,CAN / Gawara (product)|Urea (generic)
"Pehlay pani pr aik bori urea, dusray pani pr aik bori CAN gwara. Dusra pani 45 din ki fasal pr lga dn",1,1115,yes,,,,latin,1,timing_dose,CAN / Gawara (product)|Urea (generic)
"Very good... Abid bhai abi baarish ho rahi hai.. Means gandum ko pehlaa pani to lag gayaa .....ab mai khaad kaise do ? Urea , zinc or potash drum mai daal kar deni thi... Ab agar suba pani khada howa ho to chatta kar do ? Ya thoda or paani lagaa k drum mai daal k khaad de do? Is tara kahi ziada paani to nai lag jai gaa?",0,1116,no,,,,latin,1,video_feedback|application_method|crop_wheat,Urea (generic)
Sir agar barish achi hue hy to phir issi pr chhatta kr dein sb fertilizers ka. Mazeed pani na dein.,1,1118,yes,,,,latin,1,application_method,
"Aoa,barani gandam me CAN ko kese use kre,q K barani zamen to barish pe depend hota hy",0,1119,no,,,,latin,1,soil_type|region_request|crop_wheat,CAN / Gawara (product)
Kindly aapna cell cell no.send kr de,1,1120,yes,,,,latin,1,contact_reply_request,
CAN best hy ya zabardast urea,1,1121,yes,,,,latin,1,,CAN / Gawara (product)|Urea (generic)|Engro Zabardast
Aur sir ktne din ke barani gandam ho jae tb chatta kre CAN ka,1,1122,yes,,,,latin,1,application_method|timing_dose|soil_type|region_request|crop_wheat,CAN / Gawara (product)
W.A. bhae thoda sa misture to chahye hota hy khaad ko. Barish k baad CAN daal dein bohat achhy result ayein gy,1,1123,yes,,,,latin,1,yield_result,
نائس,0,1124,no,,,,urdu_script,1,,
شکریہ,1,1125,yes,,,,urdu_script,3,video_feedback,
Bhaie phly SSP istamal ke hy ph 8.2 hy ab CAN istamal kro ya Urea istamal kro?,0,1126,no,,,,latin,1,soil_type,CAN / Gawara (product)|Urea (generic)
دونوں ٹھیک ہیں.,1,1127,yes,,,,urdu_script,1,,
Sir dosry pani mei cengowara or salfr aik sath flad kr sakty hain,0,1128,no,,,,latin,1,mixing_compatibility|application_method,CAN / Gawara (product)
جی بالکل کر سکتے ہیں.,1,1130,yes,,,,urdu_script,1,,
السلام وعلیکم تروتر حالت میں گندم میں نئٹروفاس+یوریا کھاد ڈال سکتے ہیں,0,1131,no,,,,urdu_script,1,crop_wheat,Urea (generic)
واعلیکم اسلام بھائ,1,1132,yes,,,,urdu_script,1,,
جی شکریہ سر,1,1133,yes,,,,urdu_script,1,video_feedback,
جی بالکل بھائ.,1,1134,yes,,,,urdu_script,1,,
in case if da ph is 8.2 then can we use can gawara in combination of NP in MAIZ instead of urea or ammunium sulphate ?,0,1135,no,,,,latin,1,soil_type,NP / Nitrophos (product)|CAN / Gawara (product)|Urea (generic)
In maize Urea is best as it needs nitrogen in large quantity to grow well.,1,1136,yes,,,,latin,1,crop_other,Urea (generic)
یوریا کو فلڈ کریں تو یہ نائٹروجن شکل میں ھے یا نائٹریٹ یوریا فلڈ کریں یا چھٹا,0,1137,no,,,,urdu_script,1,application_method|price_cost,NP / Nitrophos (product)|Urea (generic)
فلڈ اور چھٹہ دونوں ٹھیک ہیں. یوریا میں نائٹروجن امونیم شکل میں ہوتی ہے.,1,1138,yes,,,,urdu_script,1,application_method,NP / Nitrophos (product)|Urea (generic)
Nice sir zabdust Sir kamad ki information dy plz,0,1139,no,,,,latin,1,crop_other,
Shukriya bhae,1,1140,yes,,,,latin,3,,
Very good abid bhi,0,1141,no,,,,latin,1,video_feedback,
Bohat shukriya bhae,1,1142,yes,,,,latin,1,,
Pehly pani py 1 bori can adhi uria or sath 3 kg zinc chata kr ky pani ky sath 2kg sulphur dy sakty hen kia. Basal me 2 dap or half sop dali hy. Boht Halky kalr wali zamen hy,0,1143,no,,,,latin,1,application_method|timing_dose|soil_type,DAP (product)|Urea (generic)
2 kg sulphur na dalein iss ki jga aadhi bori ammonium sulphate dal lein dusray pani pr.,1,1144,yes,,,,latin,1,timing_dose,
Bhai apna namber to do,0,1145,no,,,,latin,1,,
Bhai Kalrathi zaminoo k lea kon c khad daly pahly pani k 7 Cangwara Ammoniam slft Ya Zabrdast uriya?,0,1147,no,,,,latin,1,soil_type,CAN / Gawara (product)|Engro Zabardast
Ammonium sulphate 2 bori,1,1149,yes,,,,latin,1,,
Tusi great oo,0,1150,no,,,,latin,1,,
Shukriya bhae,1,1151,yes,,,,latin,3,,
Sr g kan guara khad 1 bori pr acar chata karen ya 2 bori pr acar?,0,1152,no,,,,latin,1,application_method,CAN / Gawara (product)
Can gavara ke sath Potash Khad de sakte hain mix Karke flirt kar den,1,1153,yes,,,,latin,1,mixing_compatibility,CAN / Gawara (product)
Rply,1,1155,yes,,,,latin,1,,
Agar Urea dali hy pehlay to aik bori Kan gwara ki. Agar urea nahi dali pehlay to 2 bori Kan ki,1,1157,yes,,,,latin,1,,CAN / Gawara (product)|Urea (generic)
کیا رات کے وقت کین گوارا کا چھٹا دے سکتے ہیں کیونکہ آجکل اوس پڑھ رہی ہے اور ہوا میں نمی ویسے بھی 50 سے 60 تک ہے؟,0,1158,no,,,,urdu_script,1,,CAN / Gawara (product)
نہیں بھائ. اتنی کم نمی سے اچھا رزلٹ نہیں ملتا.,1,1160,yes,,,,urdu_script,1,availability|yield_result,
Garlic aur onion main cane gawara use kr sakte hain.,0,1161,no,,,,latin,1,crop_other,CAN / Gawara (product)
Ammonium sulphate zyada behter result deti hy. CAN b use kr sktay hn,1,1162,yes,,,,latin,1,yield_result,
Sr ge pake watt wali zameen me guara khad ka istamal sahe he?,0,1163,no,,,,latin,1,,CAN / Gawara (product)
G belkul.,1,1164,yes,,,,latin,1,,
Sr g aksar oqot guara khad ko goph ki halat me flood karte hen?kia ye sahe tareq he?,0,1165,no,,,,latin,1,application_method,CAN / Gawara (product)
غلط طریقہ ہے بھائ.,1,1168,yes,,,,urdu_script,1,trust_distrust_advice,
Bhai kya dusre Pani per can gavara aur Ammonium Sulfate1+1 Gattu ka Chadda kar sakte hain,0,1169,no,,,,latin,1,timing_dose,CAN / Gawara (product)
جی کر سکتے ہیں لیکن دوسرا پانی جلدی لگائیں یعنی 45 دن کی فصل پر,1,1171,yes,,,,urdu_script,1,timing_dose,
سر امونیم سلفیٹ اور کین ملا کر استمعال کر سکتے ہیں ؟؟,0,1172,no,,,,urdu_script,1,mixing_compatibility,CAN / Gawara (product)
جی بھائ مکس کر سکتے ہیں.,1,1173,yes,,,,urdu_script,1,mixing_compatibility,
Brother amonium salphet k bare mei kia khayal hai?,0,1174,no,,,,latin,1,,
کلراٹھی زمینوں کے لئے زبردست ہے.,1,1176,yes,,,,urdu_script,1,soil_type,
Bro ye falad b kar sakty Hain plz,0,1177,no,,,,latin,1,,
Chata is best..fald b huskti ha,1,1178,yes,,,,latin,1,application_method,
Micronutrients kiss tra ap akhta Kr k logo KO da raaa Hain us ma bhi SB mixx Hota ha,0,1179,no,,,,latin,1,mixing_compatibility,
Uss ma hum copper ya calcium wali khaad mix nahi krtay. Sirf wohe nutrients mix krtay hn jo aspas ma compatible hn reaction nahi krtay,1,1180,yes,,,,latin,1,mixing_compatibility,
Kia sop + ssp mix kr skty hn ?,0,1181,no,,,,latin,1,mixing_compatibility,
Yes,1,1182,yes,,,,latin,42,,
Thanks very informative,0,1183,no,,,,latin,1,video_feedback,
Znic aur can gowara chata kar saktay hain,0,1184,no,,,,latin,1,application_method,CAN / Gawara (product)
No,1,1185,yes,,,,latin,18,,
Cangawa chata kre or upar s 10kg tezab dal dain tu kamal ho jata,0,1186,no,,,,latin,1,application_method,CAN / Gawara (product)
Fatima fertilizer walon ne NP+CAN+ZINC SULFATE mila ke chatta kiya hai result bhe behar hai aor aap bol rahai in ko aapus main na milaain😮,0,1187,no,,,,latin,1,mixing_compatibility|application_method|yield_result,Fatima|NP / Nitrophos (product)
Nitrophast aur can gwara kitne waqfe k baad daal sakte hi,0,1188,no,,,,latin,1,timing_dose,NP / Nitrophos (product)|CAN / Gawara (product)
8 din,1,1189,yes,,,,latin,1,,
کماد کے لیے کھاد بتائیں,0,1190,no,,,,urdu_script,1,crop_other,
What about zabardast urea + can gawara iktha chatta kar sakty,0,1191,no,,,,latin,1,application_method,CAN / Gawara (product)|Urea (generic)|Engro Zabardast
Potassium nitrate waly khad kaha melagy,0,1192,no,,,,latin,1,price_cost,
FMC ki nitropotash,1,1193,yes,,,,latin,1,,Badshah / Swat / Jaffar / others
سر کیا جو نایٹرو فاس کھاد پہلے زمین میں پڑی ہو وه ناکض ہو جاتی ہے یعنی کام کی نی رھتی کین گوآرا کھاد استمال کرنے سے,0,1194,no,,,,urdu_script,1,,NP / Nitrophos (product)|CAN / Gawara (product)
عابد بھائی تیسرے پانی پے کین گوارا بہتر ہے یا پوٹاش کھاد بہتر ہے۔,0,1195,no,,,,urdu_script,1,timing_dose,CAN / Gawara (product)
یوریا پوٹاش اور سلفر ایک ڈرم میں دے سکتے ہیں سپر رایا کو جواب جلدی دینا مہربانی ہوگی,0,1196,no,,,,urdu_script,1,,Urea (generic)
جی بہترین,1,1197,yes,,,,urdu_script,4,,
بہت مفید معلومات۔ بھائی جی میگنیشیم سلفیٹ اور فاسفورس کا بھی کوئی ری ایکشن ہوتا ہے اس کے بارے میں بھی أگاہی فراہم کر دیں ۔ بہت شکریہ,0,1198,no,,,,urdu_script,1,video_feedback|mixing_compatibility,
شکریہ بھائی ، کوئی ری ایکشن نہیں,1,1199,yes,,,,urdu_script,1,video_feedback|mixing_compatibility,
Sir apka no kya ha,0,1200,no,,,,latin,1,,
سر آج کے دور کے مطابق گندم پر ایک تفصیلی ویڈیو بنا دیں۔ جس میں تمام اشیاء کا استعمال شامل ہو۔ زمین کی تیاری، بیج، کھاد کا مکمل استعمال، پانی کتنے لگانے کتنے دنوں کے بعد؟، سپرے کس وقت کرنے اور اور جو جو ضروریات ہیں۔ گزارش ہے سر اس پر ایک تفصیلی ویڈیو بنا دیں۔,0,1202,no,,,,urdu_script,1,crop_wheat,
3 pani ka da sakh ha,0,1203,no,,,,latin,1,,
Assalamualaikum abid bhai mne ap ki video dekhny say pahly dosray pani pay pay adhi bori gawara or adhi bori nitrophos mix kr k di hay ab to calcium phosphate ban giya ho ga ab uss ki halpazirye k liey kiya kron lazmi reply dijye ga.thanks,0,1204,no,,,,latin,1,video_feedback|mixing_compatibility|timing_dose,NP / Nitrophos (product)|CAN / Gawara (product)
"Wa alaikum Assalam Bhae, next Pani pr sulphur dein 2 kg per acre.",1,1205,yes,,,,latin,1,timing_dose,
Ager sop flood ker dain and 4 se 5 days ke bad cangawara ka chatta ker dain kya ye best he,0,1206,no,,,,latin,1,application_method,CAN / Gawara (product)
نائٹروفاس کھاد کے ساتھ سلفر فیلڈ کر سکتے ہیں,1,1207,yes,,,,urdu_script,1,,NP / Nitrophos (product)
No,1,1208,yes,,,,latin,18,,
Kya aisa ho sakta he ke aik drum me gawara or dosre drum me sop dal ke flood ker dain,0,1209,no,,,,latin,1,application_method,CAN / Gawara (product)
No,1,1210,yes,,,,latin,18,,
کین گوارا پہلے پانی میں ڈال سکتے ھی۔ کے نھیں,0,1211,no,,,,urdu_script,1,,CAN / Gawara (product)
جی بالکل,1,1212,yes,,,,urdu_script,4,,
Avadh bhai dap aur NP ko milakar aapas Mein chhatha kar sakte hain Koi nuksan To Nahin Hota,0,1213,no,,,,latin,1,mixing_compatibility|np_vs_dap_substitution,NP / Nitrophos (product)|DAP (product)
کوئی مسئلہ نہیں,1,1214,yes,,,,urdu_script,1,,
عابد بھائی میرے کمنٹ کا ضرور جواب دینا دوسرے پانی پے زنک کا استعمال کیسا رہے گا 50 دن کا ہو گیا ہے,0,1215,no,,,,urdu_script,1,timing_dose,
السلام علیکم عابد بھائی کیا حال چال ہے عابد بھائی میں نے دوسرا پانی لگانا ہے گندم کو 50 دن پے اور اس دفع پانی پے زنک اور ادھی بوری یوریا ڈالنے کا ارادہ ہے کیا زنک دوسرے پانی پے ڈالنا بہتر رہے گا,0,1216,no,,,,urdu_script,1,timing_dose|crop_wheat,Urea (generic)
Dal sakty ho meny bhi dusry pani py zink aur guwara di hai,1,1217,yes,,,,latin,1,timing_dose,CAN / Gawara (product)
trai ultra or hedland malti ikhtha sapry kar skty hen Bhai jan,0,1218,no,,,,latin,1,,
No,1,1219,yes,,,,latin,18,,
"Jnab,pyaz mn dap aur sulphur akhati flood kr skty hn",0,1220,no,,,,latin,1,mixing_compatibility|application_method|crop_other,DAP (product)
G bhae,1,1221,yes,,,,latin,22,,
Abid Bhai sormacho ghas ka hal bata dy 2month ka ho gea spray bata dy koi kindly,0,1222,no,,,,latin,1,,
Zink flood kr sakty hy,0,1223,no,,,,latin,1,application_method,
G bhae,1,1224,yes,,,,latin,22,,
سر کیا نایٹروفاس کیساتھ Sop پچیس کلو والی ملا کر فلڈ کر سکتے ہیں ؟,0,1225,no,,,,mixed,3,mixing_compatibility|application_method,NP / Nitrophos (product)
جی بھائی,1,1226,yes,,,,urdu_script,6,,
سر کیا نایٹروفاس کیساتھ Sop پچیس کلو والی ملا کر فلڈ کر سکتے ہیں ؟,0,1227,no,,,,mixed,3,mixing_compatibility|application_method,NP / Nitrophos (product)
جی بھائی,1,1228,yes,,,,urdu_script,6,,
سر کیا نایٹروفاس کیساتھ Sop پچیس کلو والی ملا کر فلڈ کر سکتے ہیں ؟,0,1229,no,,,,mixed,3,mixing_compatibility|application_method,NP / Nitrophos (product)
السلام علیکم سر زرعی زمین کتنا کھارا پانی برداشت کر سکتی ہیں مکمل بتائیں,0,1230,no,,,,urdu_script,1,,
اDap اور کین گوارہ اکٹھے فلڈ ھو سکتے ہیں,0,1231,no,,,,mixed,1,application_method,CAN / Gawara (product)
نہیں بھائی,1,1232,yes,,,,urdu_script,3,,
نہیں ، ڈے اے پی میں فاسفورس ہے,1,1233,yes,,,,urdu_script,1,,
Sir 3 pani pa uesh karni chie ya 2 p,0,1234,no,,,,latin,1,timing_dose,
بھائی دوسرے پانی پر کین گورا دے سکتے ہیں ؟,0,1236,no,,,,urdu_script,1,timing_dose,CAN / Gawara (product)
جی۔,1,1237,yes,,,,urdu_script,1,,
عابد بھائی میں نے کین گوراہ کھاد چھٹا کی ہے اور سلفر ڈرم میں ڈال کر فلڈ کیا ہے کوئی مسلہ تو نہیں ہو گا ؟,0,1238,no,,,,urdu_script,1,application_method,CAN / Gawara (product)
ایسا کرنا بھی غلط ہی ہے,1,1240,yes,,,,urdu_script,1,trust_distrust_advice,
Urea with potash ya cane gawsr 2 bori fee acar kom sa acha rhy ga zamen halki ratile h,0,1241,no,,,,latin,1,,CAN / Gawara (product)|Urea (generic)
کین گوارا بہتر ہے۔ اس کے بعد پوٹاشیئم نائٹریٹ فلڈ کر دیں گوبھ پر,1,1242,yes,,,,urdu_script,1,application_method|timing_dose|price_cost,CAN / Gawara (product)
Bhai jaan magnesium ke saat can g dal saky hai,0,1243,no,,,,latin,1,,CAN / Gawara (product)
Gandam mein chawli ha is Ka khatma kis trha hi ga koi dawi ha to bata dein,0,1244,no,,,,latin,1,crop_wheat,
Tisra Pani pr potas ke sath or konsi khad istmal Karni chaye,0,1245,no,,,,latin,1,timing_dose,
سر سندھ کی ساحلی پٹی میں کاٹن کے لیے زمین کی تیاری کی شروعات ہوگئی ہے کچھ اچھے بیج کے نام بتاؤ مہربانی ہوگی,0,1246,no,,,,urdu_script,1,region_request,
بھترين,0,1247,no,,,,urdu_script,4,,
Assalam walekum bhai ageti gandam City nikal rahi hai is per bhi Koi video banaen,0,1248,no,,,,latin,1,crop_wheat,
سرھم نےتسراپانی دییاھےکوئی کھاد استمال نہین کےاپ کیاکرو پلیز کوئی گور بتائی,0,1249,no,,,,urdu_script,1,,
کیا یوریا اور کین گوارا دونوں مکس استعمال کر سکتے ہیں,0,1250,no,,,,urdu_script,1,mixing_compatibility,CAN / Gawara (product)|Urea (generic)
Ji da sakta hai,1,1251,yes,,,,latin,1,,
سر کین گوارا کھاد کے ساتھ بوران استعمال کرسکتے ہیں,0,1252,no,,,,urdu_script,1,,CAN / Gawara (product)
Calcium Ammonium nitrate ki Recommend dose per Accar Please????,0,1253,no,,,,latin,1,timing_dose|price_cost,CAN / Gawara (product)
Bhae fasal k hisab sy dose set krni hoti hy. Agar fasal ki growth already achhi hy to aik bag per acre. Agar fasal kmzor hy to 2 bags per acre,1,1254,yes,,,,latin,1,timing_dose,
"Aoa Rao sahib, magnesium sulphate k sath sulfer 80% akhatay istmal ker saktay han",0,1255,no,,,,latin,1,,
"Wa alaikum assalam bhae, g belkul",1,1256,yes,,,,latin,1,,
Humid acid r sulphur aik Sath flood kr skty hen?,0,1257,no,,,,latin,1,mixing_compatibility|application_method,
Yes,1,1258,yes,,,,latin,42,,
Jnb agr gawara chatta kr k Pani k Sath just sulphur flood kr den????,0,1259,no,,,,latin,1,application_method,CAN / Gawara (product)
No,1,1260,yes,,,,latin,18,,
السلام علیکم سر ایک تو بات یہ ہے کہ کین گوارہ کھادکے ساتھ سونا یوریا مکس کر کے دے سکتے ہیں۔۔۔اور دوسری بات یہ ہے کہ دوسرا پانی کھاد لگا کر این پی کے اسپرے کریں یا پانی سے پہلے کریں,0,1261,no,,,,urdu_script,1,mixing_compatibility,NP / Nitrophos (product)|CAN / Gawara (product)|Urea (generic)|FFC Sona
وا علیکم السّلام بھائی ، جی یوریا مکس کر سکتے ہیں ۔ سپرے پہلے بھی کر سکتے ہیں ۔ اور بعد میں بھی,1,1262,yes,,,,urdu_script,1,mixing_compatibility,Urea (generic)
Sarso m dal skte hai paki kalar wali zamen m,0,1263,no,,,,latin,1,soil_type|crop_other,
Ap ka whatsapp number,0,1264,no,,,,latin,1,contact_reply_request,
Bhai cotton ky liye kesi hy yeh,0,1265,no,,,,latin,1,crop_other,
bhai yeh cotton and sugar cane ki fasal k lye kesa ha....,0,1266,no,,,,latin,1,crop_other,
good,1,1267,yes,,,,latin,1,,
Can Gawara khad gany ki fasal main kb istemal karni chaheay?,0,1268,no,,,,latin,1,,CAN / Gawara (product)
Aoa Bhai gawara khad ki jaga potash ka istamal kar sakaty hain Gandum ne,0,1269,no,,,,latin,1,mixing_compatibility|crop_wheat,CAN / Gawara (product)
W.Salaam. potash ka istmal ilag hai aor gawara istmal ilag hai,1,1270,yes,,,,latin,1,,CAN / Gawara (product)
Good job sir,0,1271,no,,,,latin,1,video_feedback,
Can bhtr ya potash gndum k liay?,0,1272,no,,,,latin,1,,CAN / Gawara (product)
1509 agr 45 din ki ho to is MN urea dalen ya potash,0,1273,no,,,,latin,1,timing_dose|crop_rice,Urea (generic)
Potash,1,1274,yes,,,,latin,1,,
Hamare han to pani kharta nhi ha kia Karen phir,0,1275,no,,,,latin,1,,
Gg,0,1276,no,,,,latin,1,,
Sir ub khad dy skty hai seasnol kashta fh variety 1199 cotton ke,0,1277,no,,,,latin,1,crop_other,
Foliar spray krein,1,1278,yes,,,,latin,1,,
Abid Bhai gob key halat main Mach ka spray kaya tha Patta lapate KY layee faida nahee howa kaya dosra spray ker sakty Hain 2 ya 3 days KY bad?,0,1279,no,,,,latin,1,,
THANK YOU,0,1280,no,,,,latin,1,video_feedback,
Abid Bhai kanzo ag company ki liquid potash refine 5 litre kesi hai main ne pb1718 ko 61 din per flood ki hai Kya yeh theek hai,0,1282,no,,,,latin,1,application_method,
Behtreen,1,1283,yes,,,,latin,1,,
guide about 515 basmati please,0,1284,no,,,,latin,1,,
سر جی 1509 کو پوٹاش 50یا 55 یا 60 دن پر دینی چاہیے,0,1285,no,,,,urdu_script,1,crop_rice,
Behtreen malomat,0,1286,no,,,,latin,1,,
سر ناریل کی باغ میں غلائفوسیٹ استعمال کر سکتے ہیں,0,1287,no,,,,urdu_script,1,,
Sir can gowara khaad shimla Mitch KO Konsy stage PR dalon Jo ache result dy 20 din hoey mn NY panery shift Ki hy shimla Mirch ki,0,1288,no,,,,latin,1,yield_result,CAN / Gawara (product)
Fruit any k bad istmal krain,1,1290,yes,,,,latin,1,,
Sir kaddu and shimla Mirch k ly Konsy khaad best hy,0,1291,no,,,,latin,1,,
"Nitrophos, Magnesium sulfate, Potash and Boron",1,1293,yes,,,,latin,1,,NP / Nitrophos (product)
Good information 👍,0,1294,no,,,,latin,1,video_feedback,
Jazak Allah hu Khaira,1,1295,yes,,,,latin,2,video_feedback,
Allo ko potash ke Kam karta hy,0,1296,no,,,,latin,2,crop_other,
Potash or khad ha or CAN Gawara oer,1,1297,yes,,,,latin,1,,CAN / Gawara (product)
Allo ko potash ke Kam karta hy,0,1298,no,,,,latin,2,crop_other,
Alo main istmal krsakty han. Potash elahda khad ha,1,1299,yes,,,,latin,1,,
"<a href=""https://www.youtube.com/watch?v=dfaliIyDjtY"">https://youtu.be/dfaliIyDjtY",1,1300,yes,,,,latin,1,,
Useful info for cultivators by this young Agri officer.,0,1301,no,,,,latin,1,,
Jazak Allah hu Khaira,1,1302,yes,,,,latin,2,video_feedback,
ڈاکٹر صاحب گنے کی فصل میں کین گوارا کیسی کھاد ہے ؟ اشفاق احمد چک جھمرہ,0,1303,no,,,,urdu_script,1,crop_other,CAN / Gawara (product)
Aoa.bhai jan hybrid mirch mein istmal kr skty hein.,0,1304,no,,,,latin,1,,
Yes,1,1305,yes,,,,latin,42,,
Pyaz may Kesi rhay gee,0,1306,no,,,,latin,1,crop_other,
"Yes, you can use it",1,1307,yes,,,,latin,1,,
Gawara ka Matlab Kya hai or gawara Kyu kahtai hai plzz reply I m so confused...,0,1308,no,,,,latin,1,,CAN / Gawara (product)
Gawara is liye kehty han k khad k dany gawara jo hamari fasal usk dano k tarha hoty han,1,1309,yes,,,,latin,1,,CAN / Gawara (product)
Sir gawara Kya hai,0,1310,no,,,,latin,1,,CAN / Gawara (product)
Asal naam tu Calcium Ammonium Nitrate he ha,1,1311,yes,,,,latin,1,price_cost,CAN / Gawara (product)
Sugarcane main flod karni chaheay ya ni or gany ki fasal main is k kia benefits hain?,0,1312,no,,,,latin,1,crop_other,
گنے کی فصل میں اس کا استعمال کرنا چاہیے یا نہیں ؟,1,1313,yes,,,,urdu_script,1,crop_other,
"Is main 2 Tarah ki nitrogen ha, akbAmmonical or dosri Nitrate, Jo k podo asani se jazab krleta ha. isk elawa is main calcium or Magnesium b ha, jo cell wall ko mazbot banta ha or sabz mady ko b barata ha. Is se podon main bemari or pest k khilaf quwaty madafat b paida hoti ha.",1,1314,yes,,,,latin,1,price_cost,
Sir can we fertigate/flood CAN gavara in cotton?,0,1315,no,,,,latin,1,application_method|crop_other,CAN / Gawara (product)
Pani laga kr 1 ya 2 din bad chahta krna zyada behtar ha,1,1316,yes,,,,latin,1,timing_dose,
Dr. Sb you are doing good job for framing community,0,1317,no,,,,latin,1,video_feedback,
Thanks a lot,1,1318,yes,,,,latin,1,video_feedback,
Thanks Dear,1,1319,yes,,,,latin,2,video_feedback,
Bht khoob Naeem bhi bht achi information dyty hain ap ❤,0,1320,no,,,,latin,1,,
Thanks Dear,1,1321,yes,,,,latin,2,video_feedback,
سر ایک بوری ایک ایکڑ کے لیے ہے یا دو بوری ایک ایکڑ کے لیے ہے یعنی for per accer recommended dose,0,1322,no,,,,mixed,1,timing_dose,
ایک بیگ فی ایکڑ ایک وقت میں کافی ہوتا ہے اس کے بعد ضرورت کے مطابق ڈالنا چاہیے-,1,1323,yes,,,,urdu_script,1,timing_dose,
Zinc+Danedaar+Urea Ikhti daal sakty hen?,0,1324,no,,,,latin,1,,Urea (generic)
O Bhai 72 ganta man to Zameen jitni garmi h vaisy he sookh jani h,0,1325,no,,,,latin,1,yield_result,
Thank u sir,0,1326,no,,,,latin,1,video_feedback,
خوش رہیں,1,1327,yes,,,,urdu_script,1,,
Salam🫡Abid sir AP mujhe rply zarur Dena me Apke rply ka intazar karunga seriously sir😒 kunki Apke tarike se hi khad deta Hun hybrid rice ki fasal ko sir paneri shift ke bad kese kese uria apply karun best tillring ke Liye day by day ke hawale se apki barhi maharbani hogi mujhpe sir🙏🙏🙏♥️♥️♥️,0,1328,no,,,,latin,1,crop_rice,Urea (generic)
Good,0,1329,no,,,,latin,3,,
پنیری 40 دن کی لگائی ہے شگوفے نہیں نکال رہا پانی بھی نہیں رک رہا کیا کریں,0,1330,no,,,,urdu_script,2,timing_dose,
اگر اپ کی دھان کو لگائے ہوئے 12سے 16 دن ہو گئے ہیں تو اپ ایک بوری یوریا کھاد اور ساتھ دو پیکٹ امپیکٹ زنک استعمال کریں ۔,1,1331,yes,,,,urdu_script,1,crop_rice,Urea (generic)
السلام علیکم سر میں اپ کی ویڈیو دیکھتا ہوں سر میں نے دانت لگائی ہوئی ہے سپری اب 40 دن کی ہوگئی ہے اپ اسے کیا لگاؤں اپ اپنا واتساپ نمبر دیں,0,1332,no,,,,urdu_script,1,timing_dose,
پنیری 40 دن کی لگائی ہے شگوفے نہیں نکال رہا پانی بھی نہیں رک رہا کیا کریں,0,1333,no,,,,urdu_script,2,timing_dose,
سر مونجی کے پانی کے اوپر زنگ کی طرح تہ بن گئ ہے یوریا ۔سلفر زنک ڈالا ہے کھیت میں۔اس کی وجہ اور حل۔بھی بتا دیں۔,0,1334,no,,,,urdu_script,1,crop_rice,Urea (generic)
نیلا تھوتھا 2kg chattaa,1,1335,yes,,,,mixed,1,application_method,
شکریہ,0,1336,no,,,,urdu_script,3,video_feedback,
بھائ جان ہم پنیری شفٹ کیا7دن ہو گیے ہیں کوئ خوراک دی کیا کریں,0,1337,no,,,,urdu_script,1,,
Sir dhan ki fasal m 1 bori zabardast Uria dal den to zinc ki kami pori ho jae gi?,0,1338,no,,,,latin,1,crop_rice,Urea (generic)|Engro Zabardast
السلام علیکم عابد بھائی میرا رقبہ حافظہ اباد میں ہے تقریبا 80 ایکڑ جس میں سے 25 ایکڑ مرا زمین ہے جس میں مجھے کم از کم ڈیڑھ سے دو بوری بوریا کھاد ڈالنا پڑتی ہے نہیں تو پیداوار متاثر ہوتی ہے جبکہ باقی 65 ایکڑ بہت ہی زرخیز طاقتور زمین ہے اس میں اگر ادھی بوری بھی یوریا ڈالو تو بھی مونجی اپھل جاتی ہے تو میرے لیے کیا تجویز کرتے ہیں ہے,0,1339,no,,,,urdu_script,1,yield_result|crop_rice,Urea (generic)
Bhai barish k Pani mein urea dalni chahye Kia??dhaan ki fasal mein,0,1340,no,,,,latin,1,crop_rice,Urea (generic)
Ye sb apne per acr bataya hy?,0,1341,no,,,,latin,1,,
G belkul,1,1342,yes,,,,latin,4,,
آدھی ٹھیک آدھی غلط انفارمیشن لگتا ہے جناب آرٹیکل پڑھ کر وڈیو بناتے ہیں,0,1343,no,,,,urdu_script,1,trust_distrust_advice,
کائنات میں یوریا کھاد ڈالتے ہیں تووہ قد ذیادہہو جاتا ہے اور جب دانہ بنتا تو وہ وزن کی وجہ سے گر جاتا ہے۔کیا کریں بتائیں پلیز,0,1344,no,,,,urdu_script,1,,Urea (generic)
کیا یوریا ھم ڈرم میں ڈال کر فلڈ کر سکتے ھیں یا بذریعہ چھٹا ڈالیں کون سا طریقہ بہتر ھے,0,1345,no,,,,urdu_script,1,application_method,Urea (generic)
"<a href=""https://youtube.com/@amirsohail3860?si=4iWIYYNU5s8EE-w0"">https://youtube.com/@amirsohail3860?si=4iWIYYNU5s8EE-w0",0,1346,no,,,,latin,1,,
Zabardust urea ya Sona urea,0,1347,no,,,,latin,1,,Urea (generic)|Engro Zabardast|FFC Sona
Sir dhaan ke paneeri ko shift kia 20 din ho nechay kudo me dap ni dali opar adi bori dap or adi uria phir 7din bad ek urea zink or sulfer dala ab rehnmy farmy kia dalay jawab zror de,0,1348,no,,,,latin,1,timing_dose|crop_rice,DAP (product)|Urea (generic)
"Abid bhai, whtsap number send kr dn plz",0,1349,no,,,,latin,1,,
ماشاءاللہ بہت خوب,0,1350,no,,,,urdu_script,1,,
"Bhai, basal DAP and Urea nahi de sakay, penry ki shift karte waqt penry ki umer 35 din thee, shift karne k baad ab 7 din guzar gaye hien aur aaj DAP + urea dalni thee per agle 4 din barish hay, iss liye ab DAP(with boron) and Urea hum 5 din baad yaani penry shift k 12 din baad de sakte hien? Please rehnumai farmayen.",0,1351,no,,,,latin,1,timing_dose,DAP (product)|Urea (generic)
G Kr Sakty hai,1,1352,yes,,,,latin,1,,
سربز ان پی اور ہومک ایسڈ ڈال سکتے ہیں ؟ اور امونیم سلفیٹ کب ڈالیں ؟,0,1353,no,,,,urdu_script,1,,
Assalamualaikum Abid Sb dhan MN Sona sop fe akar kitni dalni chay,0,1354,no,,,,latin,1,timing_dose|crop_rice,FFC Sona
Zameen ky bary mein ap sy mashwara krna h,0,1355,no,,,,latin,1,,
Bhai ap sy rbta krna h,0,1356,no,,,,latin,1,contact_reply_request,
Sir amonumsalifet uria ke gaiga dall sakta ha jatani dose or faseforse ke kami ka kasa pata challa ga bata da shokria,0,1357,no,,,,latin,1,timing_dose,Urea (generic)
Nice tips 😢,0,1358,no,,,,latin,1,video_feedback,
Bro MRI Zameen chkni /pka what ki Zameen ha /isko magnesium salphat dlna chya,0,1359,no,,,,latin,1,soil_type,
G belkul,1,1360,yes,,,,latin,4,,
Best way of urea Applied is through Flood or chattah? Kindly guide?,0,1361,no,,,,latin,1,application_method,Urea (generic)
Chata,1,1362,yes,,,,latin,1,application_method,
Chhatta,1,1363,yes,,,,latin,1,application_method,
کدو کرتے وقت ڈالی گئی ڈی اے پی کا اور پانی کی بجائے کیچڑ میں ڈالی گئی یوریا کا اثر کافی کم ہوتا,0,1364,no,,,,urdu_script,1,,DAP (product)|Urea (generic)
AOA sir ap kon kon se fasal Ku mosam Hy .,0,1365,no,,,,latin,1,,
"Wa alaikum Assalam Bhae, bajra, makai, till, onion,",1,1366,yes,,,,latin,1,crop_other,
"Assalam Alaiqum Abid Bhai, kiya Hybrid rice main aik DAP kado ke waqt aur aadhi bori transplant karne ke baad daalne se nuqsaan hota hai?? Mutlub 1.5 DAP per acre in two splits",0,1367,no,,,,latin,1,timing_dose|crop_rice,DAP (product)
"Wa alaikum Assalam Bhae, faeda hoga",1,1369,yes,,,,latin,1,,
Sir supar fan k bad 1509 lgnae ha or khaad plaan shre kary,0,1370,no,,,,latin,1,crop_rice,
Super fine kb tyar hui thi Uper sy 1509 lgai thi,1,1371,yes,,,,latin,1,crop_rice,
Abi bhai kya pehli khad me potash ka pura bag use kr skty hen ??,0,1372,no,,,,latin,1,,
G bhae,1,1373,yes,,,,latin,22,,
Abid Bhai White fly konsa effective spray please guide,0,1374,no,,,,latin,1,,
Flonicamid ksi bhi company Ka + pyriproxifen mix kr k spray krein,1,1375,yes,,,,latin,1,mixing_compatibility,
Sir AsslamoAlaikum,0,1376,no,,,,latin,1,,
Sir kpas ke fasl me thrips luge hoi hai may ke kasht hai aur phulgudi ger rahi hai tenday kum bun rahay hai konse spray krain.recommend us 1st spray,0,1377,no,,,,latin,1,,
Bhai agr yorya or naitrofass mix dall di jay tu tkh h ya galt paneeri ko lagay huway 3 din bad mainy dono khadon ka estmal kia h,0,1378,no,,,,latin,1,mixing_compatibility|timing_dose,NP / Nitrophos (product)
سر۔۔۔سنجنٹا کا دوای ونسٹا ۔۔۔۔۔ڈبہ کے اندر پاوڈر سا ہوتا ھے۔۔۔یہ پاوڈر کچھ دانےدار سا ھوتا ھے۔۔۔۔یا بلکل نرم پاوڈر ھوتا ھے؟پلیز سر ٹھیک خبر بتائیے ۔۔۔مجھے ایک دکاندار ۔نے دےا مگر پڑیا کھلا تھا۔,0,1379,no,,,,urdu_script,1,,Badshah / Swat / Jaffar / others
Sir moong ki fasal peaches ki sorat mem jhulsao he jase patoon ka Sidon se sokhna please rehnumai fermaen,0,1380,no,,,,latin,1,,
Sulphur flood krein 2 kg per acre,1,1381,yes,,,,latin,1,application_method|timing_dose,
Kadoo mqin urea ka koi khas faida nai isay aap 7 din baad use krain.wrna ye urea ka loss hota hy,0,1382,no,,,,latin,1,timing_dose,Urea (generic)
Nice work,0,1383,no,,,,latin,1,video_feedback,
السلام و علیکم۔ نائٹروفاس کدو کے دوران دیں یا پنیری منتقلی کے بعد؟,0,1384,no,,,,urdu_script,1,,NP / Nitrophos (product)
واعلیکم السّلام بھائی۔ ایک بوری کدو کرتے وقت اور ایک بوری پنیری لگانے کے 6 دن بعد,1,1386,yes,,,,urdu_script,1,timing_dose,
سر تلی کی فصل کو آ خری پانی کس ٹائم لگائیں,0,1387,no,,,,urdu_script,1,,
جب پھول جھڑ جائیں,1,1388,yes,,,,urdu_script,1,,
sir mai nai virtakou aur regent k 2 packet used kr lye 25_45 din per phr bhi sitey white color k nikal rhai hai ab kya kro,0,1389,no,,,,latin,1,,
Mashallah,0,1390,no,,,,latin,1,,
کدو والی زمین پانی کتنا ہو یوریا کے لیے اور مجھے 1121 لگائے ہوئے 7دن ہوئے ہیں کتنی ڈالوں یوریا اور ساتھ کیا مکس کروں تیاری میں کچھ نہیں دیا ؟,0,1391,no,,,,urdu_script,1,mixing_compatibility|timing_dose|crop_rice,Urea (generic)
Agar boron dap k sath daal dein to booting stage par spray me dena zurori hai ya nahi?,0,1392,no,,,,latin,1,timing_dose,DAP (product)
Abid bhai jo herbicide chrkao krni h sth e bd m urea dal dm koi msla to ni,0,1393,no,,,,latin,1,,Urea (generic)
السلام علیکم سر What is the function of potash Boran and amino acid?,0,1394,no,,,,mixed,1,,
Sir kainat 1121 ki phli video m ap na urea plan or btya hi half 7 din bd and half 14 din bd . Aj video m plan or bta rhy hn .. phr hum kia krn???,0,1395,no,,,,latin,1,price_cost|crop_rice,Urea (generic)
Bhi jan 515 warity 18july ki sifting qad kam kari ya bhir girne se bach jai is ka q hal,0,1396,no,,,,latin,1,,
Sir agr dap aur uera kado karta waqt na dalo to per kint din takh dal chi,0,1397,no,,,,latin,1,,DAP (product)
السلام علیکم جناب کیا یوریا کی بجائے زبردست یوریا استعمال کر سکتے ہیں جواب جلدی دیں شکریہ,0,1398,no,,,,urdu_script,1,video_feedback,Urea (generic)|Engro Zabardast
Hello kahan sy ye wala Nasha milta hy,0,1399,no,,,,latin,1,,
کیچڑ میں کھاد تو ڈالیں گے۔ مگر پھر 48 گھنٹے تک پانی نہ لگایا تو پانی بالکل سوکھ جاۓ گا اور زمین میں دراڑیں پڑ جائیں گی,0,1400,no,,,,urdu_script,1,,
سرجی زنک کا آپ نے ذکر نہیں کیا کب اور کتنی ڈآلیں,0,1401,no,,,,urdu_script,1,timing_dose,
سر ڈی اے پی اور پوٹاش کے ساتھ بیسل میں آ خری ہل سویاگے سے قبل یوریا جب ڈالیں گے تو بھی پانی کھڑے پانی میں ڈالی جائے گی تو کیا ضائع نہ ہوگی؟,0,1402,no,,,,urdu_script,1,,DAP (product)|Urea (generic)
جی ضرور ضائع ہوگی کچھ۔ لیکن یہ ڈالی گئی یوریا فایدہ بھی بہت دیتی ہے۔,1,1403,yes,,,,urdu_script,1,,Urea (generic)
Bhai abid tambakoo ki tamam bemariun ka complete solution bataen.thanks,0,1404,no,,,,latin,1,video_feedback,
جی ضرور بھائی,1,1405,yes,,,,urdu_script,1,,
کدو کرتے وقت ایک بوری ڈی اے پی اور ادھی بوری یوریا ضرور استعمال کرنی چاھیے,0,1406,no,,,,urdu_script,1,,DAP (product)|Urea (generic)
Good suggestion ❤,1,1407,yes,,,,latin,1,,
جی بھائئ,1,1408,yes,,,,urdu_script,2,,
Triacontanol k spray say b zayada nikaltay hain,0,1409,no,,,,latin,1,,
Jis jis khaado ka AP ziker karte hai na plz unki pic bhi mention Kiya karen,0,1410,no,,,,latin,1,,
G Next Time I'll try,1,1411,yes,,,,latin,1,,
میرے بھائی الفاظ کی ادایگی میں تھوڑا ٹھیراؤ لائیں اور الفاظ کو رپیٹ نہ کریں God bless you,0,1413,no,,,,mixed,1,,
Thanks For your suggestion ❤,1,1414,yes,,,,latin,1,video_feedback,
السلام و علیکم ! بھائی دهان کی فصل میں سلفر کتنا ڈالنا چاہئیے اگر پاؤڈر والا سلفر ہو تو کتنا ڈالنا چاہئیے یا دانے دار سلفر ہو تو کتنا ڈالنا چاہئیے فی ایکڑ میں ۔۔۔۔ دونو میں سے کونسا بہتر رہتا ہے سلفر پلز راهنمای کریں پلز,0,1415,no,,,,urdu_script,2,timing_dose,
سلفر پاوڈر میں جو ہوتا وہ ہی اچھا ہے 80% سلفر مارکیٹ میں عام مل جاتا اچھی کمپنی کا سلفر استعمال کریں، 2کلو گرام فی ایکڑ,1,1416,yes,,,,urdu_script,1,timing_dose,
السلام و علیکم ! بھائی دهان کی فصل میں سلفر کتنا ڈالنا چاہئیے اگر پاؤڈر والا سلفر ہو تو کتنا ڈالنا چاہئیے یا دانے دار سلفر ہو تو کتنا ڈالنا چاہئیے فی ایکڑ میں ۔۔۔۔ دونو میں سے کونسا بہتر رہتا ہے سلفر پلز راهنمای کریں پلز,0,1417,no,,,,urdu_script,2,timing_dose,
🎉🎉🎉🎉🎉🎉,0,1418,no,,,,other,1,,
اللّٰہ پاک آپ کو اجر عظیم سے نوازے آمین ثم آمین,0,1419,no,,,,urdu_script,1,,
آمین ثم آمین,1,1420,yes,,,,urdu_script,1,,
کین گوارہ، ایس او پی کے ساتھ ملا کر فلڈ کر سکتے ہیں ؟؟؟,0,1421,no,,,,urdu_script,1,mixing_compatibility|application_method,CAN / Gawara (product)
نہیں کرسکتے,1,1422,yes,,,,urdu_script,2,,
Corn me D.a.p k saat ureia 46 mila kr dal sakty he,0,1423,no,,,,latin,1,mixing_compatibility,DAP (product)
ڈال سکتے ہیں کوئی مسئلہ نہیں,1,1424,yes,,,,urdu_script,1,,
Assalamualaikum sir Sir sandy land main rice crop ki Kon seee kind lagana behtar Rahi gii ? Or fertilizer ka kia tarika kar kia ho gaaa please reply me sir it's a humble request sir,0,1425,no,,,,latin,1,soil_type|crop_rice,
natro phos k sat humic acid dal skty kld ko,0,1426,no,,,,latin,2,,NP / Nitrophos (product)
natro phos k sat humic acid dal skty kld ko,0,1427,no,,,,latin,2,,NP / Nitrophos (product)
محترم کین گوارا کے ساتھ یوریا میکس کر کے چھٹا کر سکتے ہیں یا کین گوارا اور یوریا کیسے چھٹا کریں علیحدہ علیحدہ یا میکس,0,1428,no,,,,urdu_script,2,,CAN / Gawara (product)|Urea (generic)
ملاکر چھٹہ کرسکتے ہیں,1,1429,yes,,,,urdu_script,1,mixing_compatibility,
Dap Furti Ns aur orgivet dall skty h tarboz mein,0,1430,no,,,,latin,1,,DAP (product)
ملا کر ڈال سکتے ہیں,1,1431,yes,,,,urdu_script,1,mixing_compatibility,
Dap k sath sop dal sakte hn ya nh,0,1432,no,,,,latin,1,,DAP (product)
ملاسکتے ہیں,1,1433,yes,,,,urdu_script,1,,
Solo potash nitrofas k sath mix ker sakty hain,0,1434,no,,,,latin,1,mixing_compatibility,NP / Nitrophos (product)
کرسکتے ہیں,1,1435,yes,,,,urdu_script,1,,
Sir g posth k sth salphr dal skty Hain? Sarson Mai dal skty Hain?,0,1436,no,,,,latin,1,crop_other,
کسان کا بھرکس نکال دیاہے،،،،کبھی دب رکھو تو کبھی بچو,0,1437,no,,,,urdu_script,1,,
ماشاءاللہ ماشاءاللہ ماشاءاللہ زبردست معلومات,0,1438,no,,,,urdu_script,1,video_feedback,
Allo main nitrophos Kay sulfer 2 kg mix ker Skty hain,0,1439,no,,,,latin,1,mixing_compatibility|crop_other,NP / Nitrophos (product)
میگنیشیم سلفیٹ میرے تجربے کے مطابق فاسفورس کی اویلیبلٹی کو بڑا تی ہے پوٹاش کے ساتھ ریکشن کرتی ہے,0,1440,no,,,,urdu_script,1,,
Zabardust urea can be used with dap & n.p. Dap n nitro phos should be used with flooding. And zabardust urea should be used with chatta.,0,1441,no,,,,latin,1,application_method|np_vs_dap_substitution,NP / Nitrophos (product)|DAP (product)|Urea (generic)|Engro Zabardast
کیتھے ولیم کیھتے کھاد اللہ کے بندے,0,1442,no,,,,urdu_script,1,,
Elemental sulfur istimal kar saktay hain ya nahi,0,1443,no,,,,latin,1,,
Naitophos or Salfer mix kr k flood kar sakty hnn Maize main??? Gobh ki halat mn,0,1444,no,,,,latin,1,mixing_compatibility|application_method|timing_dose|crop_other,
نہیں کرسکتے,1,1445,yes,,,,urdu_script,2,,
فرثی این ایس پلس اور ڈی اے پی ملا کر ڈال سکتے ھیں کیونکہ فرٹی این ایس پلس میں سلفر ھوتا ھے ؟,0,1446,no,,,,urdu_script,1,mixing_compatibility,DAP (product)
Phir ssp main kiya hota hai?,0,1447,no,,,,latin,1,,
Cane gunwara or sop potash mix kar sakte hain,0,1448,no,,,,latin,1,mixing_compatibility,CAN / Gawara (product)
نہیں,1,1449,yes,,,,urdu_script,3,,
محترم میں نے غلطی سے ڈی اے پی اور زنک سلفیٹ 3کلو سونا کمپنی کا دھان میں چھٹا کر دیا ہے مجھے تو دونوں کا اثر مثبت لگ رہا ہے,0,1450,no,,,,urdu_script,1,trust_distrust_advice|crop_rice,DAP (product)|FFC Sona
سر بولٹن کا سپرے کرنے کے بعد فوراً پانی لگا سکتے ہے دھان کو,0,1451,no,,,,urdu_script,1,crop_rice,
Sop or zink aik sath dal skty hain.koi is ka jawab da plz,0,1452,no,,,,latin,1,mixing_compatibility,
دھان کی فصل میں زنک،بوران،ایرن،میگنیشم،سلفر،نیلا تھوتھا،،یوریا اکٹھی استعمال کر سکتے ہیں,0,1453,no,,,,urdu_script,1,crop_rice,Urea (generic)
نیلا تھوتھا الگ ڈرم میں ڈال کر فلڈ کرسکتے ہیں,1,1455,yes,,,,urdu_script,1,application_method,
بھترين,0,1456,no,,,,urdu_script,4,,
nitrophos and orgevit mix daal sakty han,0,1457,no,,,,latin,1,mixing_compatibility,NP / Nitrophos (product)
ڈال سکتے ہیں,1,1459,yes,,,,urdu_script,1,,
Sar kamad ab phote karay ga,0,1460,no,,,,latin,1,crop_other,
Sir g Nitrophas k Sath swat agro ka Ferti Ns plus flood kr sakty hain kia plz info,0,1461,no,,,,latin,1,application_method,NP / Nitrophos (product)|Badshah / Swat / Jaffar / others
کرسکتے ہیں لیبارٹری میں سلفر اور فاسفورس کا ری ایکشن ہوتاہے فیلڈ میں نہیں ہوتا,1,1462,yes,,,,urdu_script,1,mixing_compatibility,
Sir Nitrophas k Sath Ferti Ns flood kr sakty hain kia,0,1463,no,,,,latin,1,application_method,NP / Nitrophos (product)|Badshah / Swat / Jaffar / others
Monji mai dap aur chilated zinc dal skty hain,0,1464,no,,,,latin,1,crop_rice,DAP (product)
Sir nitrophas or urea mix kr skty hy,0,1465,no,,,,latin,1,mixing_compatibility,NP / Nitrophos (product)|Urea (generic)
JazakALLAH sir ❤,1,1466,yes,,,,latin,1,,
مکس کرسکتے ہیں,1,1467,yes,,,,urdu_script,1,mixing_compatibility,
آپ کا بہت شکریہ سر سر کیا ہم دانیدر کو Np phosphorus کے ساتھ ملا کر کماد کی فصل میں فلوڈ کر سکتے ہیں پلیز مسٹ ریپلائے,0,1468,no,,,,mixed,1,video_feedback|mixing_compatibility|crop_other,NP / Nitrophos (product)
Sir maki ma 2 Sara Pani ma zabardast uria or dap ka chata kr skta ha,1,1469,yes,,,,latin,2,application_method|crop_other,DAP (product)|Urea (generic)|Engro Zabardast
Sir maki ma 2 Sara Pani ma zabardast uria or dap ka chata kr skta ha,1,1470,yes,,,,latin,2,application_method|crop_other,DAP (product)|Urea (generic)|Engro Zabardast
فلڈ والی تمام پراڈکٹس کو NPکے ساتھ فلڈ کرسکتے ہیں,1,1472,yes,,,,mixed,1,application_method,
Silizalkium (silicon+calcium)swat agro ka product aik alaida darum mein aur urea phosphate aik alaida drum mein fertigate kar skty hain,0,1473,no,,,,latin,1,,Urea (generic)|Badshah / Swat / Jaffar / others
السلام علیکم ڈاکٹر صاحب کوئی تحریر ی ثبوت ہے ءاپ کے پاس ک مختلف کھادوں کو ملا کر نہیں ڈال سکتے یاپھر اپنے کولوں چھوڑ تے رہتے ہیں ؟,0,1474,no,,,,urdu_script,1,mixing_compatibility|trust_distrust_advice,
Kiya zabardast urea and sulphur ikathi use kr sakty hain,1,1475,yes,,,,latin,1,mixing_compatibility,Urea (generic)|Engro Zabardast
فون پر بات ر لیں,1,1476,yes,,,,urdu_script,1,,
Sir zabardast urea kay sath sulphur use kar saktay hai,0,1477,no,,,,latin,1,,Urea (generic)|Engro Zabardast
کرسکتے ہیں بایواکٹو زنک سلفر کے ساتھ ری ایکشن نہیں,1,1478,yes,,,,urdu_script,1,mixing_compatibility,
Clean gawara aur d.a.p 1 7th estmal karine ya nahe,0,1479,no,,,,latin,1,,CAN / Gawara (product)|DAP (product)
سر پوٹاش سلفر یوریا تینوں اکٹھی ڈال سکتے ہیں,0,1480,no,,,,urdu_script,1,,Urea (generic)
Sulfur or nitrophos flood kr skty akthy kindly reply,1,1481,yes,,,,latin,1,application_method,NP / Nitrophos (product)
سلفر اور پوٹاش کا ری ایکشن ہوتاہے لیکن اکثر صورتوں میں اکٹھے ڈال سکتے ہیں تفصیل کے لءے فون کرلیں تو بہتر,1,1482,yes,,,,urdu_script,1,mixing_compatibility,
Kia ammonium sulphate aur urea ko mix kr ke makai k ghaas mein dal skte hain?,0,1483,no,,,,latin,1,mixing_compatibility|crop_other,Urea (generic)
نہ ڈالیں پتے جلاتی ہے,1,1484,yes,,,,urdu_script,1,,
"Sir niytropjas <a href=""https://www.youtube.com/watch?v=CWKoq7AL9Ko&t=1403"">23:23 k sath magnashim sulfate flood kr sakty hain",0,1485,no,,,,latin,1,application_method,NP / Nitrophos (product)
Sir zabardast urea or nitrophase ko ak sath use kr skty hn kia,0,1486,no,,,,latin,1,mixing_compatibility,NP / Nitrophos (product)|Urea (generic)|Engro Zabardast
Sir sulphur or zinc ak sath falad kr skty hn gandam,0,1487,no,,,,latin,1,mixing_compatibility|crop_wheat,
Can we mix Calcium ammonium nitrate( CAN GAWARA) With humic acid and liquid potash together?,0,1488,no,,,,latin,1,mixing_compatibility|price_cost,CAN / Gawara (product)
نہیں ملاسکتے,1,1489,yes,,,,urdu_script,1,availability,
اسلام وعلیکم محترم کیا ڈی اے پی اور ھیومک ایسڈ کو ملا کہ فلڈ کر سکتے ھیں ۔۔,0,1490,no,,,,urdu_script,1,application_method,DAP (product)
Sir dap aur gandak kay tazab ko flod kar dakty han,0,1491,no,,,,latin,1,,DAP (product)
Swat agro furti NS ko dap kay sath mix ker kay chata ker saktay han kya?,0,1492,no,,,,latin,1,mixing_compatibility|application_method,DAP (product)|Badshah / Swat / Jaffar / others
پوٹاش کے ساتھ کین گوارا مکس کرکے کے فلڈ کرسکتے ہیں,0,1494,no,,,,urdu_script,1,mixing_compatibility|application_method,CAN / Gawara (product)
"Sir, can Gwara ky sath syngenta ka zinc and sulfur flood kr skty hain kya....?",0,1495,no,,,,latin,1,application_method,CAN / Gawara (product)|Badshah / Swat / Jaffar / others
پہلے پانی میں امونیم سلفیٹ آدھا بوری کے ساتھ ایک بوری یوریا ڈال سکتے ہیں یا نہیں,0,1496,no,,,,urdu_script,1,,Urea (generic)
امونیم سلفیٹ گندم کے لئے کوئی خاس نہین۔دفع کریں سلفر ڈال لیں,1,1499,yes,,,,urdu_script,1,crop_wheat,
Haji Sahab aam ke growth nhe ho chi water level high he,0,1500,no,,,,latin,1,,
Zbrdast urea k sth Sulphur use kr skty hy kya,0,1501,no,,,,latin,1,,Urea (generic)
کرسکتے ہیں اسکی زنک بایو ایکٹو ہوتی ہے۔سلفر کے ساتھ ریایکشن نہیں کرتی,1,1502,yes,,,,urdu_script,1,mixing_compatibility,
السلام علیکم سر جی میں نے ایک ایکڑ پیاز کاشت کرنا ہے اس نے ایک بوری ڈی اے پی اور نیچے پوٹاش ڈال دیں ایس او پی ایف ایف سی والوں کی,0,1503,no,,,,urdu_script,1,crop_other,DAP (product)
ڈال دین,1,1504,yes,,,,urdu_script,1,,
Magnaciam dap ke sath dal saktay han,0,1505,no,,,,latin,1,mixing_compatibility,DAP (product)
Baba g mein ny dilkash kasht ki hai 20 October ko aur plan krr rha hn 12 November tak pehla pani lagany ka aur us mn mera plan hai swat agro ki ultra sol P44 ko flood krna hai 7 kg per acre aur sath e sop 7 kg flood krrna chahta hn mera sawal yeh hai k dono fertiliser aik sath use kiay ja skty hain JazakALLAH,0,1506,no,,,,latin,1,mixing_compatibility|application_method|timing_dose|counterfeit_quality,Badshah / Swat / Jaffar / others
دونوں ملاکر فلڈ کرسکتے ہیں,1,1507,yes,,,,urdu_script,1,mixing_compatibility|application_method,
Npk k sath sulpher 80% 2kgw/w wala mix kr k sarson ko pehle pani k sath flud kr skte hen,0,1508,no,,,,latin,1,mixing_compatibility|crop_other,
Alo py kenzo ki chelated zink sapry kr sakty hain,0,1509,no,,,,latin,1,,Badshah / Swat / Jaffar / others
اس کا مجھے علم نہی,1,1510,yes,,,,urdu_script,1,,
Sir kumulus sulpher np ke sath mix kr skte he,0,1511,no,,,,latin,1,mixing_compatibility,NP / Nitrophos (product)
"Dr shb,what about formulation of SSP, it contains 18% phosphorus and 46% caso4. Now can it be used",0,1512,no,,,,latin,1,,
Purani video Already watched,0,1513,no,,,,latin,1,,
Sir nitro and swat agro ki 13 2 43 akti estmal kr skty hain alu kaliay 50 days py,0,1514,no,,,,latin,1,,Badshah / Swat / Jaffar / others
ssp and urea on first irrigation of raya use ki ja sakti hi???,0,1515,no,,,,latin,1,crop_other,Urea (generic)
Aashiq sahab Mera yi arz tha ki sulphur or zabardast urea ko sth mix kr k chatta kr skty hyn mustard k andr?,0,1516,no,,,,latin,1,mixing_compatibility|application_method,Urea (generic)|Engro Zabardast
کرسکتے ہیں،کوئی مسئلہ نہیں,1,1517,yes,,,,urdu_script,1,,
کون سا سلفر ڈی اے پی کے ساتھ نہیں ڈالنا چاہیے جبکہ ہم اکثر ہی بینٹونائیٹ سلفر ڈی اے پی کے ساتھ زمین میں تیاری کے وقت ڈالتے ہیں؟,0,1518,no,,,,urdu_script,1,,DAP (product)
ملاکر فلڈ نہ کریں اس طرح دونوں کا چھہ تو کیا جاسکتاہے,1,1519,yes,,,,urdu_script,1,mixing_compatibility|application_method,
انکل جی sop میں بھی سلفر ہوتا ہے اسکو Dap کہ ساتھ فلڈ کر سکتے ہے جب آلو کی فصل 45 دن کی ہو جاے,0,1520,no,,,,mixed,1,application_method|timing_dose|crop_other,DAP (product)
Boht achi baat ke apny eska jawab mujy b chaheya,1,1521,yes,,,,latin,1,,
سر آلو کی فصل میں کونسی پوٹاش ڈالی جائے,0,1522,no,,,,urdu_script,1,crop_other,
Ultrasol magen flex 13 2 43 lga skty hain,1,1523,yes,,,,latin,1,,
جعفر یا روڈولف کی سولوبل پوٹاش,1,1524,yes,,,,urdu_script,1,,
پہلے آپ کہہ رہے تھے چیتا سلفر ڈال دیں بیجائی کے وقت تو ڈی اے پی تو ساتھ ہی ڈالنی ہے پھر کیا کریں ؟,0,1525,no,,,,urdu_script,1,,DAP (product)
Dr sb calcium ammunition nitrate(Pak Arab ki) DAP ky sath mix kr ky bowai ky time use kr sakty hn. Miqdar Bata dyn,0,1526,no,,,,latin,1,mixing_compatibility|timing_dose|price_cost,Pak Arab|DAP (product)
DAP ki 1 bori main 3 kilo sulphur daal dain to DAP pani main bahut jaldi hul ho jati hai. Kia aisa krna theek hai?,0,1527,no,,,,latin,1,,DAP (product)
Sir hm 10 sal Sy astaimal kr rhy Hain zabrdst result milte hi@CropReformer,1,1528,yes,,,,latin,1,yield_result,
ایسا نہ کیا جائے,1,1529,yes,,,,urdu_script,1,,
سر ضلع وہاڑی تحصیل میلسی میں زیارہ تر گپ شپ طریقہ سے گندم کاشت کرتے ھیں گپ شپ میں بھی چند سال سے گندم نیں اگتی دانہ ویسے ھی پڑا رھتا ھے اسکی وجہ ابھی تک سمجھ سے باھر ھے گندم اگاو شدید متاٹر ھو رھا ھے خرچہ اور محنت پوری کرتے مگر اگاو پر ا کر بے بس ھو جاتے ھیں مہربانی کر کے اس پر تفصیلی ویڈیو بنائیں,0,1530,no,,,,urdu_script,1,crop_wheat,
"Agr 1,2 kg Sulphur flood kia jae dap k sath phr kr skhty hn",0,1531,no,,,,latin,1,application_method,DAP (product)
