video_id,tab,approx_date,views,length_sec,title,platform_tag,url,published,views_exact,length_exact,status,description
lWpmI7k1Tfw,videos,2026-09-14,239,40,Sarsabz Tabeer | Pickles Training | Sahiwal,tabeer_women,https://www.youtube.com/watch?v=lWpmI7k1Tfw,2026-09-14,239,40,OK,"Sarsabz Fertilizer ne Sahiwal mein Sarsabz Tabeer training program ka ineqaad kiya, jahan khawateen ko mukhtalif phal aur sabziyon ko behtareen tareeqon se istemal kartay huay Achaar bananay ki training di gayi.  #SarsabzFertilizer #SarsabzPakistan #SarsabzTabeer"
1n9Q5aV4HPo,videos,2026-08-16,1300000,83,Nitrophos Ko Laga aur Jeetaja | Sarsabz Nitrophos Scheme 2026,nitrophos_scheme_promo,https://www.youtube.com/watch?v=1n9Q5aV4HPo,2026-08-02,1360759,83,OK,"Sarsabz laya kissan bhaiyon ke liye Umrah Ticket, Motorcycle aur Mobile Phone jaisay shandaar, qeemti inamaat jeetnay ka mauqa!   Sarsabz Nitrophos ki bori khareedein aur us per laga 9 hindson wala sticker code apnay naam aur ilaqay ke saath 03000300641 per SMS karein ya Sarsabz Pakistan Mobile App per apni entry register karwayein!  #SarsabzPakistan #SarsabzNitrophos #NitrophosKoLagaAurJeetaJa"
IZ7bP6mAk-8,videos,2026-06-16,1600000,33,Rameez Akbar | Sarsabz Nitrophos aur CAN | Dhaan Ki 10% Se Bhi Ziyada Izaafi Paidawaar,yield_10pct_product,https://www.youtube.com/watch?v=IZ7bP6mAk-8,2026-06-03,1653850,33,OK,"Shikarpur ke taraqi pasand kissan Rameez ne kis tarah Sarsabz Nitrophos aur Sarsabz CAN istemaal kar ke dhaan ki 63 man fi acre paidawaar hasil ki, jannay ke liye humaray YouTube channel per mukamal video dekhein.  #SarsabzPakistan #SarsabzNitrophos #SarsabzCAN"
SCukBvl3MHc,videos,2026-06-16,15000,61,Dhaan | Sarsabz Nitrophos aur CAN | 10% Se Bhi Ziyada Izaafi Paidawaar,yield_10pct_product,https://www.youtube.com/watch?v=SCukBvl3MHc,2026-06-03,15966,60,OK,"Sarsabz ki Nitrophos aur CAN gawara ke istemaal se hasil karein mazboot jarien, lehlahati fasal aur Dhaan ki 10% se bhi ziyada izaafi paidawaar!   Zameen Ki Jaan, Fasal Ki Shaan!  #SarsabzPakistan #SarsabzNitrophos #SarsabzCAN"
IswTDNz-e1s,videos,2026-06-16,10000000,16,Dhaan | Sarsabz Nitrophos aur CAN | 10% Se Bhi Ziyada Izaafi Paidawaar,yield_10pct_product,https://www.youtube.com/watch?v=IswTDNz-e1s,2026-06-03,10186761,15,OK,"Sarsabz ki Nitrophos aur CAN gawara ke istemaal se hasil karein mazboot jarien, lehlahati fasal aur Dhaan ki 10% se bhi ziyada izaafi paidawaar!   Zameen Ki Jaan, Fasal Ki Shaan!  #SarsabzPakistan #SarsabzNitrophos #SarsabzCAN"
3a1sdG6PHxE,videos,2026-05-16,774000,202,Sarsabz Golden Ticket 2026 | Sarsabz Ke Sultan | Multan Sultans,nitrophos_scheme_promo,https://www.youtube.com/watch?v=3a1sdG6PHxE,2026-05-08,774586,201,OK,"Milye Sarsabz Golden Ticket jeetnay walay teen khushnaseeb kisaan bhaiyoon se, jinho nay Karachi mein Multan Sultans ke Meet & Greet event mein shirkat ki aur apnay pasandeeda Sultans se mulaqat ke sath sath samundar ki sair aur jet-skiing ke mazay liye.  #SarsabzKeSultan #MultanSultans #HBLPSLX #SarsabzGoldenTicket #SarsabzPakistan"
v5wZGZg2sjg,videos,2026-05-16,8800000,16,Sarsabz Nitrophos aur CAN | Kapas Ki 10% Se Bhi Ziyada Izaafi Paidawaar,yield_10pct_product,https://www.youtube.com/watch?v=v5wZGZg2sjg,2026-05-04,8856043,15,OK,"Sarsabz ki Nitrophos aur CAN gawara ke istemaal se hasil karein mazboot jarien, lehlahati fasal aur Kapas ki 10% se bhi ziyada izaafi paidawaar!   Zameen Ki Jaan, Fasal Ki Shaan!  #SarsabzPakistan #SarsabzNitrophos #SarsabzCAN"
_Vty2bMQ1OA,videos,2026-05-16,9800,61,Sarsabz Nitrophos aur CAN | Kapas Ki 10% Se Bhi Ziyada Izaafi Paidawaar,yield_10pct_product,https://www.youtube.com/watch?v=_Vty2bMQ1OA,2026-05-04,9851,60,OK,"Sarsabz ki Nitrophos aur CAN gawara ke istemaal se hasil karein mazboot jarien, lehlahati fasal aur Kapas ki 10% se bhi ziyada izaafi paidawaar!   Zameen Ki Jaan, Fasal Ki Shaan!  #SarsabzPakistan #SarsabzNitrophos #SarsabzCAN"
kp7m3tu-Wmg,videos,2026-05-16,156000,231,Whisper Challenge with Sarsabz Ke Sultans | Peter Siddle & Josh Philippe | Multan Sultans,sport_sponsorship,https://www.youtube.com/watch?v=kp7m3tu-Wmg,2026-05-02,156665,230,OK,"Dekhiye Sarsabz Ke Sultans, Peter Siddle aur Josh Philippe ka ye Whisper Challenge!  Video ke end par diye gaye sawal ka jawab dein aur inamaat jeetnay ka mauqa payein.  #SarsabzPakistan #SarsabzKeSultan #MultanSultans #WhisperChallenge #HBLPSL11 #PSL2026"
AskueRyr4S8,videos,2026-05-16,157000,64,Rapid Fire: First Thing That Comes To Your Mind | Peter Siddle | Multan Sultans | Sarsabz Ke Sultan,sport_sponsorship,https://www.youtube.com/watch?v=AskueRyr4S8,2026-04-30,157783,63,OK,"Dekhiye Sarsabz Ke Sultan, Peter Siddle ka ye exclusive Rapid Fire aur participate karein hamaray contest mein! Video ke end par diye gaye sawal ka jawab dein aur inamaat jeetnay ka mauqa payein.  #SarsabzPakistan #SarsabzKeSultan #MultanSultans #RapidFire #HBLPSL11 #PSL2026"
zcBUkFRCPxs,videos,2026-05-16,476000,195,Whisper Challenge with Sarsabz Ke Sultans | Shan Masood & Sahibzada Farhan | Multan Sultans,sport_sponsorship,https://www.youtube.com/watch?v=zcBUkFRCPxs,2026-04-28,476039,195,OK,Shan Masood aur Sahibzada Farhan ke darmiyan hua Whisper Challenge! Dekhiye kis Sultan ne lagaye sab se ziyada sahi guesses.  Video ke end par diye gaye sawal ka jawab dein aur inamaat jeetnay ka mauqa payein.  #SarsabzPakistan #SarsabzKeSultan #MultanSultans #WhisperChallenge #HBLPSL11 #PSL2026
hRGH96GQVVI,videos,2026-05-16,3900,270,Training Session with Sarsabz Ke Sultans | Multan Sultans,sport_sponsorship,https://www.youtube.com/watch?v=hRGH96GQVVI,2026-04-26,3980,270,OK,"From warm-ups to high-energy training sessions, witness the dedication and passion that drives the team. Watch the full vlog to see how the Sarsabz Ke Sultans gear up for victory!  #SarsabzKeSultan #MultanSultans #HBLPSL11 #SarsabzPakistan"
LFIGQNXRieE,videos,2026-05-16,72000,81,Meet And Greet 2026 | Multan Sultans | Fatima Fertilizer,sport_sponsorship,https://www.youtube.com/watch?v=LFIGQNXRieE,2026-04-24,72165,80,OK,"Fatima Fertilizer hosted a prestigious Meet & Greet for the Multan Sultans at Movenpick, Karachi. By bringing together our dedicated dealers, farmers, our own team and the entire Multan Sultans team, the event provided a unique platform for everyone to engage and interact with their favorite Sultans.  This special evening was more than just a gathering, it was a celebration of cricket, community and the strength of our eight-year partnership with the Multan Sultans.  #SarsabzKeSultan #MultanSultans #HBLPSL11 #SarsabzPakistan #MeetAndGreet"
dslIzat7TEg,videos,2026-05-16,412000,214,"Ping Pong Challenge with Sarsabz Ke Sultans | Sahibzada Farhan, Momin Qamar & Muhammad Shehzad",sport_sponsorship,https://www.youtube.com/watch?v=dslIzat7TEg,2026-04-21,412166,213,OK,"Sahibzada Farhan, Momin Qamar aur Muhammad Shehzad ke darmiyan hua Ping Pong muqabala! Kis ki technique hai sab se behtareen? Dekhiye is mazeedar video mein!  Video ke end par diye gaye sawal ka jawab dein aur inamaat jeetnay ka mauqa payein.  #SarsabzPakistan #SarsabzKeSultan #MultanSultans #PingPongChallenge #HBLPSL11 #PSL2026"
-E_y-BG8OVg,videos,2026-05-16,238000,60,Rapid Fire: First Thing That Comes To Your Mind | Josh Philippe | Multan Sultans | Sarsabz Ke Sultan,sport_sponsorship,https://www.youtube.com/watch?v=-E_y-BG8OVg,2026-04-20,238907,59,OK,"Humnay poochay Sarsabz Ke Sultan, Josh Philippe, se kuch dilchasp sawal! Dekhiye unka ye exclusive Rapid Fire aur janiye unki life ke kuch fun facts.  Video ke end per diye gaye sawal ka jawab comments mein dein aur inamaat jeetnay ka mauqa payein!  #SarsabzPakistan #SarsabzKeSultan #MultanSultans #RapidFire #HBLPSL11 #PSL2026"
sq3D6FPb_SU,videos,2026-05-16,548000,128,Phone Explore with Sarsabz Ke Sultans | Josh Philippe & Shan Masood | Multan Sultans,sport_sponsorship,https://www.youtube.com/watch?v=sq3D6FPb_SU,2026-04-16,548928,128,OK,Janiye apnay favorite Sarsabz Ke Sultans Josh Philippe aur Shan Masood ke phone secrets.   Video ke end per diye gaye sawal ka jawab comments mein dein aur inamaat jeetnay ka mauqa payein!  #SarsabzPakistan #SarsabzKeSultan #MultanSultans #PhoneExplore #HBLPSL11 #PSL2026
nqlRhFIGVQE,videos,2026-04-16,340000,77,Who Would You Call? challenge with Peter Siddle | Multan Sultans | Sarsabz Ke Sultan,sport_sponsorship,https://www.youtube.com/watch?v=nqlRhFIGVQE,2026-04-13,340131,76,OK,"Watch the 'Who Would You Call?' challenge with Peter Siddle as he picks his favorite teammates for different situations. From the funniest to the most stylish, find out who made the list!  #SarsabzPakistan #SarsabzKeSultan #MultanSultans #HBLPSL11 #PSL2026"
_ej_fuU9tBc,videos,2026-04-16,3200000,16,Sarsabz Ke Sultan | Multan Sultans,sport_sponsorship,https://www.youtube.com/watch?v=_ej_fuU9tBc,2026-04-12,3206647,15,OK,"Jeet Ka Naam, Sarsabz Ke Sultan!  Zameen Ki Jaan, Fasal Ki Shaan!  #SarsabzPakistan #SarsabzKeSultan #MultanSultans #HBLPSL11 #PSL2026"
4dJnVYMvYiY,videos,2026-04-16,436000,113,Fun Q&A with the Sultans | Shan Masood | Josh Philippe | Multan Sultans | Sarsabz Ke Sultan,sport_sponsorship,https://www.youtube.com/watch?v=4dJnVYMvYiY,2026-04-10,436240,112,OK,Hum ne Shan Masood aur Josh Philippe se poochay kuch dilchasp sawal.  Dekhiye yeh mazeedaar video!  Multan Sultans mein aapka favorite player kaun hai? Comments mein batayein aur jeetein inamaat!  #SarsabzPakistan #SarsabzKeSultan #MultanSultans #FunQuestions #HBLPSL11 #PSL2026
trjTDIVewic,videos,2026-04-16,407000,119,Sahibzada Farhan Prank Called Muhammad Nawaz | Multan Sultans | Sarsabz Ke Sultan,sport_sponsorship,https://www.youtube.com/watch?v=trjTDIVewic,2026-04-07,407769,118,OK,Sarsabz Ke Sultan Sahibzada Farhan nay ki Muhammad Nawaz ko prank call! End per diye gaye sawal ka jawab comments mein dein aur inamaat jeetnay ka mauqa payein!  #SarsabzPakistan #SarsabzKeSultan #MultanSultans #PrankCall #HBLPSL11 #PSL2026
t4llON7BskE,videos,2026-03-16,8300000,188,Sarsabz Tabeer | Women's Day | 8th March | Seeds of Change,tabeer_women,https://www.youtube.com/watch?v=t4llON7BskE,2026-03-07,8331273,187,OK,"Across Pakistan, countless women farmers work the land, grow our food, and sustain our communities, yet their stories often remain unseen.  Sarsabz Tabeer’s Seeds of Change shines a light on their strength, resilience, and unwavering dedication. It is a tribute to the women who nurture not only their fields, but also their families, their communities, and the future of our nation.  This Women's Day, we celebrate the hands that sow the seeds of change.   #SarsabzTabeer #IWD #WomensDay2026 #SarsabzPakistan #SeedsOfChange    Brands Team: Haris Ahmed Khan, Noor Malik, Usman Sharif Director: Jami P"
Zbd2jzKfbJA,videos,2026-03-16,1100,80,Sarsabz AgriMart | Sarsabz Pakistan,other,https://www.youtube.com/watch?v=Zbd2jzKfbJA,2026-02-19,1105,80,OK,فاطمہ فرٹیلائزر کو سرسبز ایگری مارٹ متعارف کرواتے ہوئے بے حد فخر ہے، یہ ایک جدید اور مکمل زرعی مرکز ہے، جہاں سرسبز کی تمام کھادیں مقرر کردہ قیمتوں پر دستیاب ہیں۔ سرسبز ایگری مارٹ معیاری زرعی اشیاء کے ساتھ ماہرین کی رہنمائی اور جامع مشاورت فراہم کرتا ہے، تاکہ کسان فصل کے ہر مرحلے پر زیادہ پیداوار اور بہتر منافع حاصل کر سکیں۔  سرسبز ایگری مارٹ کے ذریعے فاطمہ فرٹیلائزر پاکستان کے کسانوں کو بااعتماد بنانے میں اہم کردار ادا کر رہا ہے، تاکہ بہتر پیداوار کے ذریعے ترقی اور دیرپا خوشحالی کی راہ ہموار کی جا سکے  #SarsabzPakistan #SarsabzAgriMart
t2JC0sCMAUk,videos,2025-12-16,2200000,15,Sarsabz Fertilizers Celebrating Kissan Day on 18th December!,salam_kissan,https://www.youtube.com/watch?v=t2JC0sCMAUk,2025-12-12,2244091,15,OK,Pakistan ke tamam jafakash kissanoun ko Sarsabz Ka Salam!  Ayein 18th December ko Kissan Day Sarsabz Fertilizers ke sath mil kar manayen.  #SalamKissan #SarsabzPakistan #KissanDay
hFSXu_2SqhI,videos,2025-12-16,376,52,Sarsabz Pakistan App | Hafizabad | Bilal Ahmed,advisory_agronomy,https://www.youtube.com/watch?v=hFSXu_2SqhI,2025-11-30,376,51,OK,"Miliye Hafizabad ke Kissan Bilal Ahmed se, jinho ne Sarsabz Pakistan App ke Kissan Community feature ke zariye apni kashtkaari asaan aur behtar banayi.   Iss feature ke zariye unhein bar-waqt mashwaray, mahireen ki rehnumayi aur kissan bhaiyoon ke qeemti tajurbay milay, jis se unki kashtkaari mazeed behtar hui aur paidawaar mein izafa hua.  #SarsabzPakistanApp #FarmingInnovation #KissanCommunity #SarsabzPakistan"
jXq69MvtD7Q,videos,2025-11-16,4900000,51,Shahid Abbas Khan | Punjab Gandum Paidawaari Muqabla | Sarsabz Ki Jeet,ki_jeet_competition,https://www.youtube.com/watch?v=jXq69MvtD7Q,2025-10-18,4927490,51,OK,"DG Khan ke Shahid Abbas Khan ne Punjab Gandum Paidawaari Muqablay mein Sarsabz Nitrophos aur CAN gawara ke istemaal se jeeti teesri position, aur hasil ki 69 man 29 kilo fi-acre ki lajawab paidawaar!   40 mein se 34 azlaa mein hui Sarsabz kissanon ki jeet!  #SarsabzPakistan #SarsabzKiJeet #SarsabzNitrophos #SarsabzCAN"
6Hsh2UhZlDI,videos,2025-11-16,5400000,51,Muhammad Afzal | Punjab Gandum Paidawaari Muqabla | Sarsabz Ki Jeet,ki_jeet_competition,https://www.youtube.com/watch?v=6Hsh2UhZlDI,2025-10-18,5400257,50,OK,"Kasur ke Muhammad Afzal ne Punjab Gandum Paidawaari Muqablay mein Sarsabz Nitrophos aur CAN gawara ke istemaal se jeeti doosri position, aur hasil ki 69 man 35 kilo fi-acre ki lajawab paidawaar!   40 mein se 34 azlaa mein hui Sarsabz kissanon ki jeet!  #SarsabzPakistan #SarsabzKiJeet #SarsabzNitrophos #SarsabzCAN"
DFwWI4qFVTk,videos,2025-11-16,8200000,60,Muzaffar Farms | Punjab Gandum Paidawaari Muqabla | Sarsabz Ki Jeet,ki_jeet_competition,https://www.youtube.com/watch?v=DFwWI4qFVTk,2025-10-18,8212592,60,OK,"Jhang ke Muzaffar Farms ke Noor Muhammad aur Muzaffar Mehmood ne Punjab Gandum Paidawaari Muqablay mein Sarsabz Nitrophos aur CAN gawara ke istemaal se jeeti pehli position, aur hasil ki 69 man 38 kilo fi-acre ki lajawab paidawaar!   40 mein se 34 azlaa mein hui Sarsabz kissanon ki jeet!  #SarsabzPakistan #SarsabzKiJeet #SarsabzNitrophos #SarsabzCAN"
GWnmS-0jngw,videos,2025-11-16,7500000,71,Sarsabz Ki Jeet | Punjab Gandum Paidawaari Muqabla | Gandum Ki 10% Izaafi Paidawaar,ki_jeet_competition,https://www.youtube.com/watch?v=GWnmS-0jngw,2025-10-18,7527502,70,OK,Punjab Gandum Paidawaari Muqablay mein Sarsabz kissanon ne pehli teen positions jeet kar sabit kar diya ke Sarsabz Nitrophos aur CAN se milay gandum ki 10% se bhi ziyada paidawaar.   40 mein se 34 azlaa mein hui Sarsabz kissanon ki jeet.   #SarsabzPakistan #SarsabzKiJeet #SarsabzNitrophos #SarsabzCAN
gxTVL8xY_0I,videos,2025-10-16,310,65,Sarsabz Pakistan App | Hafizabad | Haroon Rashid | Ali Hassan,advisory_agronomy,https://www.youtube.com/watch?v=gxTVL8xY_0I,2025-10-01,310,64,OK,"Miliye Hafizabad ke Haroon Rashid aur Ali Hassan se, jinho ne Sarsabz Pakistan App ke zariye apni kashtkaari ko neyi shakal di.  Behtar mansuba bandi se le kar ziyada paidawaar tak, janiye Sarsabz Pakistan App kis tarah un ke liye kashtkaari ko asaan aur ziyada munafa baksh bana rahi hai hai.  #SarsabzPakistanApp #FarmingInnovation #CropPlanning #FarmerCommunity #ZaraiLoans #SarsabzPakistan"
aTrMa67mvs8,videos,2025-10-16,2600,57,Sarsabz Nitrophos aur CAN | Makai ki 10% Se Bhi Ziada Izaafi Paidawaar,yield_10pct_product,https://www.youtube.com/watch?v=aTrMa67mvs8,2025-09-16,2680,56,OK,"Sarsabz ki Nitrophos aur CAN ke istemaal se hasil karein mazboot jarien, lehlahati fasal aur Makai ki 10% se bhi ziyada izaafi paidawaar!   Zameen Ki Jaan Fasal Ki Shaan!  #SarsabzPakistan #SarsabzNitrophos #SarsabzCAN"
nb2lVqSA6g0,videos,2025-09-16,4200000,16,Sarsabz Nitrophos aur CAN | Makai ki 10% Se Bhi Ziyada Izaafi Paidawaar,yield_10pct_product,https://www.youtube.com/watch?v=nb2lVqSA6g0,2025-09-05,4211198,15,OK,"Sarsabz ki Nitrophos aur CAN ke istemaal se hasil karein mazboot jarien, lehlahati fasal aur Makai ki 10% se bhi ziyada izaafi paidawaar!   Zameen Ki Jaan Fasal Ki Shaan!  #SarsabzPakistan #SarsabzNitrophos #SarsabzCAN"
UGtEj4-rn2o,videos,2025-09-16,5000000,16,Sarsabz Nitrophos aur CAN | Gannay ki 10% Se Bhi Ziada Izaafi Paidawaar,yield_10pct_product,https://www.youtube.com/watch?v=UGtEj4-rn2o,2025-09-05,5094386,15,OK,"Sarsabz ki Nitrophos aur CAN ke istemaal se hasil karein mazboot jarien, lehlahati fasal aur Gannay ki 10% se bhi ziyada izaafi paidawaar!   Zameen Ki Jaan Fasal Ki Shaan!  #SarsabzPakistan #SarsabzNitrophos #SarsabzCAN"
hXNGklmodak,videos,2025-09-16,1800,57,Sarsabz Nitrophos aur CAN | Gannay ki 10% Se Bhi Ziada Izaafi Paidawaar,yield_10pct_product,https://www.youtube.com/watch?v=hXNGklmodak,2025-09-05,1829,56,OK,"Sarsabz ki Nitrophos aur CAN ke istemaal se hasil karein mazboot jarien, lehlahati fasal aur Gannay ki 10% se bhi ziyada izaafi paidawaar!   Zameen Ki Jaan Fasal Ki Shaan!  #SarsabzPakistan #SarsabzNitrophos #SarsabzCAN"
4eQSPxeNIAY,videos,2025-09-16,524,132,Dil Se Sarsabz | Independence Day | Sarsabz Pakistan,national_calendar,https://www.youtube.com/watch?v=4eQSPxeNIAY,2025-08-25,524,132,OK,"From heartfelt submissions across the country to an unforgettable finale in Islamabad, the #DilSeSarsabz Milli Naghma Singing Competition was a tribute to our nation's spirit and unity.  Relive the passion, the voices and the celebration!  #SarsabzPakistan #FatimaFertlizer #DilSeSarsabz #IndependenceDay2025 #MilliNaghmaCompetition #PakistanZindabad"
dEhn36c_7c4,videos,2025-09-16,230,64,Sarsabz Tabeer | Peach Training | Peshawar,tabeer_women,https://www.youtube.com/watch?v=dEhn36c_7c4,2025-08-21,230,64,OK,"Sarsabz Fertilizer ne Peshawar mein Sarsabz Tabeer training program ka ineqaad kiya, jahan khawateen ko aaru ka behtareen tareeqon se istemal kartay huay mukhtalif cheezein bananay ki training di gayi.  #SarsabzPakistan #SarsabzTabeer"
3agl0vkpvnQ,videos,2025-09-16,1000,45,Sarsabz Tabeer | Strawberry Training | Lahore,tabeer_women,https://www.youtube.com/watch?v=3agl0vkpvnQ,2025-06-05,1036,45,OK,"Sarsabz Fertilizer ne Lahore mein Sarsabz Tabeer training program ka ineqaad kiya, jahan khawateen ko strawberry ko behtareen tareeqon se istemal kartay huay mukhtalif cheezein bananay ki training di gayi.  #SarsabzPakistan #SarsabzTabeer"
qVFtzaOJ-6g,videos,2025-09-16,294000,314,Sarsabz Golden Ticket 2025 | Sarsabz Ke Sultan | Multan Sultans,nitrophos_scheme_promo,https://www.youtube.com/watch?v=qVFtzaOJ-6g,2025-05-30,294149,314,OK,"Milye un khushnaseeb kissanoun se jinho ne Sarsabz Golden Ticket ke teesray edition mein jeet kar Multan Sultans ke Meet and Greet event mein shirkat ki, Pak Arab Plant ka daura kiya aur apnay favorite YouTubers “Shehr Main Dihat” ke saath din guzara!  #SarsabzKeSultan #MultanSultans #HBLPSLX #SarsabzGoldenTicket #SarsabzPakistan #VFX #Speedramp #Hyperlapse #SFX #Ai"
iLBeeJZiDZU,videos,2025-09-16,231,42,Art Competition | SOS Children's Village | Fatima Fertilizer,other,https://www.youtube.com/watch?v=iLBeeJZiDZU,2025-05-22,231,41,OK,"Fatima Fertilizer conducted a Student Art Competition at SOS Children's Village, where young artists poured their creativity into powerful tributes to our unsung heroes, the farmers of Pakistan. The theme ‘Farmers, Our Heroes’ inspired beautiful expressions of gratitude and admiration.  #SalamKissan #SarsabzPakistan #FatimaFertilizer #StudentArtCompetition"
t7vgtbyTDr0,videos,2025-09-16,143000,38,Meet And Greet 2025 | Multan Sultans | Fatima Fertilizer,sport_sponsorship,https://www.youtube.com/watch?v=t7vgtbyTDr0,2025-05-21,143459,37,OK,"Fatima Fertilizer ne Multan Sultans ki team ke saath Meet and Greet ka ineqaad kiya! Jahan per Fatima Fertilizer ki management, dealers, kissanoun aur Sarsabz Golden Ticket ke winners ne shirkat ki aur unhein apnay passandeeda players se mulaqat karnay ka mauqa mila!  #SarsabzKeSultan #MultanSultans #HBLPSLX #SarsabzPakistan #MeetandGreet"
6fEBWFezM4Q,videos,2025-09-16,3800000,17,Pak Arab CAN | Cotton Crop,np_product_other,https://www.youtube.com/watch?v=6fEBWFezM4Q,2025-05-18,3802503,16,OK,"Nitrogen aur Nitrate ki dohri taaqat wali Pak Arab CAN, jo kam paani aur kam nami mein bhi karay behtareen asar aur de Kapas ki behtareen paidawaar!  #SarsabzPakistan #PakArabCAN"
v0Izbo6Nax4,videos,2025-09-16,285000,338,"Food Tasting with Sarsabz Ke Sultan | Usama, Jorden, Willey & Hasnain | Multan Sultans",sport_sponsorship,https://www.youtube.com/watch?v=v0Izbo6Nax4,2025-05-03,285094,337,OK,"Multan Sultans ke Pakistani players ne apnay foreign teammates ko Pakistan ki mashhoor local dishes taste karwayi! Kon si dish unko sub se zyada pasand aayi, dekhein es video mein!  #SarsabzPakistan #SarsabzKeSultan #MultanSultans #FoodTatsing #HBLPSLX #PSL2025 #FatimaFertilizer"
foVU2M3ddBQ,videos,2025-09-16,556000,226,"Fill The Glass | Chris Jordan, Usama Mir & David Willey | Sarsabz Ke Sultan | Multan Sultans",sport_sponsorship,https://www.youtube.com/watch?v=foVU2M3ddBQ,2025-04-30,556190,226,OK,"Dekhiye Sarsabz Ke Sultan Chris Jordan, Usama Mir aur David Willey ka funny 'Fill the Glass' challenge! 😄  #SarsabzPakistan #SarsabzKeSultan #MultanSultans #FillTheGlass #HBLPSLX #PSL2025 #FatimaFertilizer"
rumYBJeQQ8Y,videos,2025-09-16,509000,158,Sultan Ka Bachpan | Muhammad Hasnain & Ubaid Shah | Sarsabz Ke Sultan | Multan Sultans,sport_sponsorship,https://www.youtube.com/watch?v=rumYBJeQQ8Y,2025-04-28,509087,158,OK,Sarsabz Ke Sultan Ubaid Shah aur Muhammad Hasnain ne guess kiye cricketers ke naam unki bachpan ki tasaveer dekh ke!  Video ke end mein di gayi player ki tasveer guess kar ke humein comments mein batayein aur inamaat jeetnay ka mauqa payein!  #SarsabzPakistan #SarsabzKeSultan #MultanSultans #SultanKaBachpan #HBLPSLX #PSL2025 #FatimaFertilizer
LEx1oMGII9c,videos,2025-09-16,470000,112,Insta Comments with Muhammad Hasnain | Sarsabz Ke Sultan | Multan Sultans,sport_sponsorship,https://www.youtube.com/watch?v=LEx1oMGII9c,2025-04-25,470311,112,OK,Dekhiye Sarsabz Ke Sultan Muhammad Hasnain ke funny reactions apni Instagram photos ke comments par. 😅  #SarsabzPakistan #SarsabzKeSultan #MultanSultans #InstaComments #HBLPSLX #PSL2025 #FatimaFertilizer
d98OKzwvWWk,videos,2025-09-16,579000,242,Phone Explore with Sarsabz Ke Sultan | Usama Mir & David Willey | Multan Sultans,sport_sponsorship,https://www.youtube.com/watch?v=d98OKzwvWWk,2025-04-23,579403,242,OK,"Dekhein mazzaydaar 'Explore The Phone' video apnay passandeeda Sarsabz Ke Sultan Usama Mir aur David Willey ke sath, jis mein dono ne share kiye apnay phone habits aur kuch interesting secrets!  #SarsabzPakistan #SarsabzKeSultan #MultanSultans #PhoneExplore #HBLPSLX #PSL2025 #FatimaFertilizer"
BYeaJSav0Io,videos,2025-09-16,25000000,231,Faslon Ko Takalluf | Atif Aslam | Ramzan 2025 | Sarsabz Fertilizer,ramzan_religious,https://www.youtube.com/watch?v=BYeaJSav0Io,2025-03-14,25191498,231,OK,"Ramzan-ul-Mubarak - Rehmat, Barkat aur Maghfirat ka mahina, jismay rehmat ka darwaza hamesha khula rehta hai, aur har sajday se dilon mein noor bharta hai!  Sarsabz Fertilizer ki jaanib sey umat-e-muslima aur tumam kissanon ko Ramzan ki khushiyaan aur ronaqein bohat mubarak!  #SarsabzPakistan #Ramzan2025 #SarsabzNaat2025 #AtifAslam    Singer: Atif Aslam  Director: Asim Raza Fatima Fertilizer Team: Mariam Naeem Siddiqi, Fahad Mehmood, Muzaffar Mazari and Mahnoor Ahmad Khan Production House: Rock n Roll Productions  Composer: Sahir Ali Bagga Special Thanks: Shahzad Aslam"
GuW1XB_JwmY,videos,2025-09-16,1500,53,Sarsabz Tabeer | Citrus Training | Sargodha,tabeer_women,https://www.youtube.com/watch?v=GuW1XB_JwmY,2025-03-12,1522,53,OK,Sargodha mein honay wali Sarsabz Tabeer training mein khawateen ko turshawa phalon ke behtareen istemal ki training di gayi. Iska maqsad khawateen kisanon ko ba-ikhtiyar aur mustehkam banana hai.  #SarsabzPakistan #SarsabzTabeer
C9aI_qRxk-A,videos,2025-09-16,1000000,107,Iss Mitti Ki Beti | Women's Day | 8th March | Fatima Fertilizer,tabeer_women,https://www.youtube.com/watch?v=C9aI_qRxk-A,2025-03-07,1088887,106,OK,"Es saal auraton ka aalmi din un khawateen ke naam, jin ki mehnat ki daastanein es dharti ki sanson mein basi hein! Khawateen ke es aalmi din per Pakistan ki tumam betiyon ko Fatima Fertilizer ka Salam!  #DaughtersOfTheSoil #WomensDay #FatimaFertilizer #SarsabzPakistan"
JTNQRbI5sMw,videos,2025-09-16,2600000,46,Sarsabz CAN | Gandum ki Izafi Paidawar,yield_10pct_product,https://www.youtube.com/watch?v=JTNQRbI5sMw,2025-02-10,2652270,45,OK,Sarsabz aur Pak Arab ki CAN gawara ke istemal se hasil karein Gandum ki izaafi paidawaar aur rahein kamyabi ke safar mein agay!  Zameen Ki Jaan Fasal Ki Shaan!  #SarsabzPakistan #SarsabzCAN
VbWMhfg6JbY,videos,2025-09-16,546,182,"Kissan Day 2024 | Salam Kissan, Sarsabz Pakistan | Fatima Fertilizer",salam_kissan,https://www.youtube.com/watch?v=VbWMhfg6JbY,2025-01-12,546,181,OK,"Fatima Fertilizer proudly hosted a 6th Kissan Day event in Islamabad, celebrating the spirit and resilience of Pakistan’s farmers. Here’s a glimpse into the day that brought together the nation’s policy makers and agriculture leaders to honor our unsung heroes.  #SalamKissan #SarsabzPakistan #KissanDay"
gqSmz6eAvfA,videos,2025-09-16,542,356,Salam Kissan Journey | Fatima Fertilizer | Salam Kissan | Sarsabz Pakistan,salam_kissan,https://www.youtube.com/watch?v=gqSmz6eAvfA,2025-01-09,543,356,OK,
qCEyOikXxgY,videos,2025-09-16,809,3054,FG Podcast | Fatima Group | Asad Murad,other,https://www.youtube.com/watch?v=qCEyOikXxgY,2024-12-12,809,3053,OK,FG Podcast – Visionary Insights on Leadership! Get ready to unlock the secrets of effective leadership with Asad Murad one of the most visionary minds from the industry. Don’t miss out on this episode packed with game-changing strategies and wisdom.  #FGPodcast #Leadership #FatimaGroup
OSoA3-sntts,videos,2025-09-16,469,84,Fatima Fertilizer Unveils First SDG Impact Report in Collaboration with UNDP,other,https://www.youtube.com/watch?v=OSoA3-sntts,2024-11-26,469,84,OK,"Fatima Fertilizer has proudly become the first company in Pakistan to adopt the UNDP SDG Impact Framework, marking a groundbreaking step toward achieving the United Nations Sustainable Development Goals (SDGs).  In a landmark event held recently, the first-ever sustainability report in Pakistan under the SDG Impact Framework was presented by Dr. Samuel Rizk, Resident Representative, UNDP, to Mr. Asad Murad, COO, Fatima Fertilizer.  The event was graced by Mr. Rana Tanveer Hussain, Federal Minister for National Food Security and Research, as the Chief Guest. This gathering united ambassadors, d"
tmsxM37QY88,videos,2025-09-16,518,36,Sarsabz Tabeer Training | Gilgit,tabeer_women,https://www.youtube.com/watch?v=tmsxM37QY88,2024-11-21,518,35,OK,"Sarsabz Tabeer Training Program held in Gilgit. Where female farmers came together to learn the best techniques for utilizing fruits and vegetables effectively. This initiative is a step forward in empowering and strengthening female farmers, contributing to sustainable growth in the country. #SarsabzPakistan #SarsabzTabeer"
ocAfIej7bDA,videos,2025-09-16,8900000,61,Sarsabz Nitrophos aur Calcium Ammonium Nitrate | Gandum ki 10 Feesad se Ziada Izafi Paidawar,yield_10pct_product,https://www.youtube.com/watch?v=ocAfIej7bDA,2024-11-09,8996873,60,OK,Sarsabz ki Nitrophos aur CAN gawara se hasil karein Gandum ki 10% se bhi ziyada izaafi paidawaar aur rahein kamyabi ke safar mein agay!  Zameen Ki Jaan Fasal Ki Shaan!  #SarsabzPakistan #SarsabzNitrophos #SarsabzCAN
KGmwOesEH2c,videos,2025-09-16,13000000,211,Leading Sustainable Change for Pakistan | Fatima Fertilizer in partnership with UNDP,other,https://www.youtube.com/watch?v=KGmwOesEH2c,2024-10-27,13693062,210,OK,"Fatima Fertilizer is proud to be the first company in Pakistan to partner with UNDP on adopting the SDGs Impact Framework!  This milestone reaffirms our commitment to sustainable development and highlights our dedication to transforming agriculture, empowering rural women, digital transformation, and community upliftment.  Fatima Fertilizer together with UNDP,  is setting a new benchmark for sustainable growth in Pakistan, fostering a lasting impact on our communities and environment.  #FatimaFertilizer #SarsabzPakistan #UNDP #SDGs #SustainablePakistan #GreenPakistan #SalamKissan    Directed b"
kO5ojQw78aw,videos,2025-09-16,855,57,Sarsabz Tabeer | Bahawalpur | Alina Rizvi,tabeer_women,https://www.youtube.com/watch?v=kO5ojQw78aw,2024-10-14,855,56,OK,"Milye Bahawalpur se taluq rakhnay wali Alina Rizvi se, jinhon ne Sarsabz Tabeer ke Training program mein hissa liya, jiska maqsad khawateen kissanon ko Ba-ekhtiyaar banana hai. Aaiye suntay hein unhi ki zubani!  #SarsabzPakistan #SarsabzTabeer"
u_CgOuo9Y7E,videos,2024-09-16,1000000,29,Muhammad Afzal | Okara | Potato Crop | Sarsabz Fertilizer,advisory_agronomy,https://www.youtube.com/watch?v=u_CgOuo9Y7E,2024-09-12,1033583,29,OK,"Milye Okara se taluk rakhney waley General Shah Siddique farm ke manager aur taraqi passand kisssn Muhammad Afzal se, jo Aloo ki fasal ke kashtkaar hein. Afzal ne Sarsabz Nitrophos aur CAN gawara ke estimaal se Aloo ki fasal mein hasil ki 17% se ziada izaafi paidawaar! #SarsabzNitrophos #SarsabzPakistan"
ZqoJzonKobo,videos,2024-09-16,1300000,49,Ahmad Hassan | Okara | Potato Crop | Sarsabz Fertilizer,advisory_agronomy,https://www.youtube.com/watch?v=ZqoJzonKobo,2024-09-12,1378976,49,OK,"Milye Okara se taluk rakhney waley taraqi pasand kissan Ahmad Hassan se, jo Aloo ki fasal ke kashtkaar hein. Ahmad ne Sarsabz Nitrophos aur CAN gawara ke estimaal se apni Aloo ki fasal mein hasil ki 18% se ziada izaafi paidawaar! #SarsabzNitrophos #SarsabzPakistan"
WXX9dRQhCG8,videos,2024-09-16,469000,35,Shoukat Ali | Tando Allahyar | Sugarcane Crop | Sarsabz Fertilizer,advisory_agronomy,https://www.youtube.com/watch?v=WXX9dRQhCG8,2024-09-04,469486,35,OK,"Milye Tando Allahyar se taluk rakhney waley taraqi pasand kissan Shoukat Ali se, jo Gannay ki fasal ke kashtkaar hein. Shoukat ne Sarsabz Nitrophos aur CAN gawara ke estimaal se apni Gannay ki fasal mein hasil ki 24% se ziada izaafi paidawaar! #SarsabzNitrophos #SarsabzPakistan"
fgzmxAhgNOw,videos,2024-09-16,543000,41,Muhammad Ahsen Nawaz | Chiniot | Sugarcane Crop | Sarsabz Fertilizer,advisory_agronomy,https://www.youtube.com/watch?v=fgzmxAhgNOw,2024-09-04,543377,41,OK,"Milye Chiniot se taluk rakhney waley taraqi pasand kissan Muhammad Ahsen Nawaz se, jo Gannay ki fasal ke kashtkaar hein. Ahsen ne Sarsabz Nitrophos aur CAN gawara ke estimaal se apni Gannay ki fasal mein hasil ki 18% se ziada izaafi paidawaar! #SarsabzNitrophos #SarsabzPakistan"
EazAteZYTSY,videos,2024-09-16,338000,46,Haji Abdul Razzaq | Nawabshah | Sugarcane Crop | Sarsabz Fertilizer,advisory_agronomy,https://www.youtube.com/watch?v=EazAteZYTSY,2024-09-04,338722,46,OK,"Milye Nawabshah se taluk rakhney waley taraqi pasand kissan Haji Abdul Razzaq se, jo Gannay ki fasal ke kashtkaar hein. Abdul Razzaq ne Sarsabz Nitrophos aur CAN gawara ke estimaal se apni Gannay ki fasal mein hasil ki 25% se ziada izaafi paidawaar! #SarsabzNitrophos #SarsabzPakistan"
jBpZWkduCuE,videos,2024-09-16,1400000,38,Muhammad Naeem | Okara | Maize Crop | Sarsabz Fertilizer,advisory_agronomy,https://www.youtube.com/watch?v=jBpZWkduCuE,2024-08-31,1456115,38,OK,"Milye Okara se taluk rakhney waley taraqi pasand kissan Muhammad Naeem se, jo Makayi ki fasal ke kashtkaar hein. Naeem ne Sarsabz Nitrophos aur CAN gawara ke estimaal se apni Makayi ki fasal mein hasil ki 14% se ziada izaafi paidawaar! #SarsabzNitrophos #SarsabzPakistan"
rTpYh7oFOvA,videos,2024-09-16,396000,39,Daraz Khan | Mardan | Maize Crop | Sarsabz Fertilizer,advisory_agronomy,https://www.youtube.com/watch?v=rTpYh7oFOvA,2024-08-31,396698,38,OK,"Milye Mardan se taluk rakhney waley taraqi pasand kissan Daraz Khan se, jo Makayi ki fasal ke kashtkaar hein. Daraz Khan ne Sarsabz Nitrophos ke estimaal se apni Makayi ki fasal mein hasil ki 25% se ziada izaafi paidawaar! #SarsabzNitrophos #SarsabzPakistan"
zDIgTkldXow,videos,2024-09-16,649000,30,Sarsabz CAN | Cotton Crop | DVC | Sarsabz Fertilizer,np_product_other,https://www.youtube.com/watch?v=zDIgTkldXow,2024-08-30,649085,30,OK,"6 khoobiyon wali Sarsabz CAN Gawara, jo fori asar karay aur de Kapas ki fasal mein bharpoor paidawaar, jis se ho fasal bakamal aur kissan khushhal!  Zameen Ki Jaan Fasal Ki Shaan!  #SarsabzPakistan #SarsabzCAN"
07ztdPPn-_g,videos,2024-09-16,714,93,Plant Revamp | Multan | Fatima Fertilizer,other,https://www.youtube.com/watch?v=07ztdPPn-_g,2024-08-23,714,92,OK,"We are excited to announce the successful branding revamp of our Pakarab Plant, in collaboration with the Plant Admin Team.   #SarsabzFertilizer #Branding #FatimaFertilizer"
5-0vbzUWYE8,videos,2024-09-16,9000000,40,Sarsabz Pakistan Mobile App | New Feature | Kissan Community,advisory_agronomy,https://www.youtube.com/watch?v=5-0vbzUWYE8,2024-08-08,9068237,39,OK,"Sarsabz Pakistan laya kissan bhaiyon ke liye Sarsabz Pakistan ka neya feature 'Kissan Community', jis se millay kaashtkaari ke mutaliq mukamal agahi, kissanon ke sath barah-e-raast chat aur kashtkari ke mutaliq apna tajurba share karnay ka mauqa.   Kashtkaari ke har pehlu mein kissan ka sathi!  Download App: https://play.google.com/store/apps/details...  #SarsabzApp #SarsabzPakistan"
qCmnmwaDWgo,videos,2024-09-16,998000,47,Ashique Ali Wahla | Mirpur Khas | Cotton | Sarsabz Fertilizer,advisory_agronomy,https://www.youtube.com/watch?v=qCmnmwaDWgo,2024-07-04,998177,47,OK,"Milye Mirpur Khas ke taraki pasand kissan Ashique Ali Wahla se, jo Kapas ki fasal ke kashtkaar hein. Ashique ne Sarsabz Nitrophos aur CAN gawara ke estemal se apni Kapas ki fasal mein hasil ki 26% se bhi ziada izaafi paidawaar! #SarsabzNitrophos #SarsabzPakistan"
lAFnw4zHmLA,videos,2024-09-16,959000,38,Abdul Qadir Khan | Mianwali | Cotton | Sarsabz Fertilizer,advisory_agronomy,https://www.youtube.com/watch?v=lAFnw4zHmLA,2024-07-01,959379,37,OK,"Milye Mianwali ke taraki pasand kissan Abdul Qadir Khan se, jo Kapas ki fasal ke kashtkaar hein. Qadir ne Sarsabz Nitrophos aur CAN gawara ke estemal se apni Kapas ki fasal mein hasil ki 21% se ziada izaafi paidawaar! #SarsabzNitrophos #SarsabzPakistan"
N-EjbLxCiak,videos,2024-09-16,1000000,44,Mian Abdul Ghaffar | Bahawalpur | Cotton | Sarsabz Fertilizer,advisory_agronomy,https://www.youtube.com/watch?v=N-EjbLxCiak,2024-06-28,1096099,43,OK,"Milye Bahawalpur ke taraki pasand kissan Abdul Ghaffar se, jo Kapas ki fasal ke kashtkaar hein. Ghaffar ne Sarsabz Nitrophos aur CAN gawara ke estemal se apni Kapas ki fasal mein hasil ki 20% se ziada izaafi paidawaar! #SarsabzNitrophos #SarsabzPakistan"
1R4rYTaJVZ4,videos,2024-09-16,735,178,Nitrophos Ko Laga Aur Jeeta Ja | Prize Distribution Ceremony,nitrophos_scheme_promo,https://www.youtube.com/watch?v=1R4rYTaJVZ4,2024-06-24,735,177,OK,Sarsabz Nitrophos scheme mein jeetnay walay Lahore aur uske qareebi region ke tumam kissanon ke inamaat Lahore mein munaqid ki gayi taqseem-e-inamaat ki taqreeb mein taqseem ker diye gye hein. Jald aa rahay hain apkay region/shehar mein! #SarsabzNitrophos #SarsabzPakistan
Es4Xx5DMCvM,videos,2024-09-16,1800000,413,Muhammad Usman | Eminabad | Rice Documentary | Sarsabz Fertilizer,advisory_agronomy,https://www.youtube.com/watch?v=Es4Xx5DMCvM,2024-06-14,1803210,412,OK,"Aiye suntay hein Eminabad se taluk rakhney waley taraqi pasand kissan Muhammad Usman se unki kahani, jo Dhaan ki fasal ke kashtkaar hein. Usman ney Fatima Fertilizer ke experts ke mashwaray per amal kartay huay apni Dhaan ki fasal mein Sarsabz Nitrophos aur CAN gawara ke estimaal se hasil ki 55 man fi-acre paidawaar, jab ke doosri rawaiti khaadon se paidawaar 45 man fi-acre rahi. #SarsabzNitrophos #SarsabzPakistan"
SY_RsDiNGlc,videos,2024-09-16,1100000,430,Rameez Akbar Khan | Shikarpur | Rice Documentary | Sarsabz Fertilizer,advisory_agronomy,https://www.youtube.com/watch?v=SY_RsDiNGlc,2024-06-10,1164895,429,OK,"Aiye suntay hein Shikarpur se taluk rakhney waley taraqi pasand kissan Rameez Akbar Khan se unki kahani, jo Dhaan ki fasal ke kashtkaar hein. Rameez ney Fatima Fertilizer ke experts ke mashwaray per amal kartay huay apni Dhaan ki fasal mein Sarsabz Nitrophos aur CAN gawara ke estimaal se hasil ki 63 man fi-acre paidawaar, jab ke doosri rawaiti khaadon se paidawaar 52 man fi-acre rahi. #SarsabzNitrophos #SarsabzPakistan"
ZCaJ5CYunLk,videos,2024-09-16,726,91,Women at the Forefront: Fatima Fertilizer's Commitment to Empowerment,tabeer_women,https://www.youtube.com/watch?v=ZCaJ5CYunLk,2024-05-22,726,90,OK,
ACYZNb2XwwU,videos,2024-09-16,525000,327,Sarsabz Golden Ticket 2024 | Sarsabz Ke Sultan | Multan Sultans,nitrophos_scheme_promo,https://www.youtube.com/watch?v=ACYZNb2XwwU,2024-03-16,525013,327,OK,Sarsabz Golden Ticket jeetnay walay teen khushnaseeb kissan bhaiyoon nay Islamabad mein Multan Sultans ka match dekha aur apnay favorite TikTok stars ke saath din bhi guzara!  #SarsabzKeSultan #MultanSultans #HBLPSL9 #SarsabzPakistan
HKvtByXSNG4,videos,2024-09-16,36000000,283,Allah Hu Allah Hu | Atif Aslam | Ramzan 2024 | Sarsabz Fertilizer,ramzan_religious,https://www.youtube.com/watch?v=HKvtByXSNG4,2024-03-11,36061961,283,OK,"Ramzan-Ul-Kareem - Naimaton ka khazeena aur barkaton ka mahina!  Sarsabz Fertilizer ki jaanib sey umat-e-muslima aur tumam kissanon ko Ramzan ki khushiyaan aur ronaqein bohat bohat mubarak!  Rehmat-o-Barkat hai Ramzan, Sarsabz Pakistan!  #SarsabzPakistan #Ramadan2024 #AtifAslam   Singer: Atif Aslam Director: Jami Fatima Fertilizer Team: Mariam Naeem Siddiqi, Semal Atif and Muzzafar Mazari  Special Thanks: Shahzad Aslam Wardrobe: Muneeb Nawaz Makeup: Sajid Asst Director: Saima Composer: Ahsan Pervaiz  Spotify: https://open.spotify.com/track/1gWOXdwhktUXskDPgYiafD?si=ba9b2aca87374caf"
1OUhuK-6wbA,videos,2024-09-16,976,87,The Daughters Of The Soil | Nazo Dharejo | Women's Day | Sarsabz Fertilizer,tabeer_women,https://www.youtube.com/watch?v=1OUhuK-6wbA,2024-03-08,976,87,OK,آئیں ہم سب مل کرخواتین کے اس عالمی دن کے موقع پر نازو ڈاریجو اور ان تمام خواتین کسانوں کو انکی محنت پر سلام اور خراج تحسین پیش کرتے ہیں جو اس ملک کی ترقی میں اہم کردار ادا کرتی ہیں۔ DaughtersOfTheSoil #WomensDay #SarsabzPakistan#
ys8dfdETnT8,videos,2024-09-16,2400000,34,Sarsabz Ke Sultan | Sarsabz Fertilizer,sport_sponsorship,https://www.youtube.com/watch?v=ys8dfdETnT8,2024-02-28,2450578,34,OK,"Mehnat aur maharat se milay kamyabi aur behtareen paidawaar! Sarsabz Ke Sultans, Jeet ke lye Pesh Kadam! #SarsabzKeSultan #MultanSultan #HBLPSL9 #SarsabzPakistan #SarsabzFertilizer"
7rfXA323N-M,videos,2024-09-16,636,83,Pakistan's First Female Farmers Panel Discussion | Fatima Fertilizer | Dubai Expo 2020,other,https://www.youtube.com/watch?v=7rfXA323N-M,2024-02-20,636,82,OK,"A dynamic panel discussion was hosted about Empowering Pakistan's Female Farmers by Fatima Fertilizer Company Limited at the Pakistan Pavilion (Dubai Expo 2020), featuring the inspiring stories of Naz Dharejo, Azra Sheikh, and Rabia Sultan, representing the strength of 22 million female farmers. #DubaiExpo2020 #FatimaFertilizer #SarsabzPakistan"
Ri0BkxSgIBI,videos,2024-09-16,1000,66,Highest Cotton Yield in Punjab - Rabia Sultan's Testimonial,sport_sponsorship,https://www.youtube.com/watch?v=Ri0BkxSgIBI,2024-02-11,1068,66,OK,"Rabia Sultan, a progressive farmer from Pakistan and president of Farmer Association of Pakistan tells us her story of becoming a farmer. In 2017, she clinched the 1st Prize for Farmer-Farmer competition on Cotton organized by Govt. of Punjab. Sarsabz Fertilizer has stood beside her throughout her journey and has managed to give her more than 10% increase in yield for cotton compared to regular fertilizers! #SarsabzPakistan"
PX7Lvjs639U,videos,2024-09-16,22000000,255,Salam Kissan | Kissan Day 18th Dec | A Tribute to Farmers by Sarsabz Fertilizer,salam_kissan,https://www.youtube.com/watch?v=PX7Lvjs639U,2023-12-10,22627461,255,OK,"Sarsabz Fertilizer proudly continues its tradition of honoring the relentless dedication of farmers, the backbone of our nation, who tirelessly fuel our prosperity. Join us in saluting the resilience and spirit of these farming heroes as we celebrate Kissan Day on December 18th. We recognize and stand by our farmers, commemorating their hard work and unwavering commitment that drives our nation forward.  #SalamKissan #SarsabzPakistan #KissanDay  Produced by: Azadfilm Company  Directed by: Jami (DGP Member)  Music composer: Shani Haider Lyrics by: Sabir Zafar Singers: Shani Haider and Nirmila B"
ZkeZJikmTto,videos,2024-09-16,149000,37,Amanullah | Wheat | Naushahro Feroze | Sarsabz Fertilizer,advisory_agronomy,https://www.youtube.com/watch?v=ZkeZJikmTto,2023-12-07,149233,36,OK,"Milye Naushahro Feroze sey taluk rakhney waley taraqi pasand kissan Amanullah se, jo Gandum ki fasal ke kashtkaar hein. Amanullah ney Sarsabz Nitrophos aur CAN gawara ke estimaal sey apni Gandum ki fasal mein hasil ki 15% izaafi paidawaar!  #Sarsabz #SalamKissan #SarsabzPakistan  Production: Big Film Entertainment  Director : Samiee Malik"
qY5ErzI5zro,videos,2024-09-16,655,37,Daud Shaukat | Wheat | Khanpur | Sarsabz Fertilizer,advisory_agronomy,https://www.youtube.com/watch?v=qY5ErzI5zro,2023-12-04,655,36,OK,"Milye Khanpur sey taluk rakhney waley taraqi pasand kissan Daud Shaukat se, jo Gandum ki fasal ke kashtkaar hein. Daud ney Sarsabz Nitrophos aur CAN gawara ke estimaal sey apni Gandum ki fasal mein hasil ki 10% izaafi paidawaar!  #Sarsabz #SalamKissan #SarsabzPakistan  Production: Big Film Entertainment  Director : Samiee Malik"
TdH5ZIGSdxI,videos,2024-09-16,280000,37,Mian Mubashir Hassan | Wheat | Bahawalnagar | Sarsabz Fertilizer,advisory_agronomy,https://www.youtube.com/watch?v=TdH5ZIGSdxI,2023-12-02,280816,37,OK,"Milye Bahawalnagar sey taluk rakhney waley taraqi pasand kissan Mian Mubashir Hassan se, jo Gandum ki fasal ke kashtkaar hein. Mubashir ney Sarsabz Nitrophos aur CAN gawara ke estimaal sey apni Gandum ki fasal mein hasil ki 15% izaafi paidawaar!  #Sarsabz #SalamKissan #SarsabzPakistan  Production: Big Film Entertainment  Director : Samiee Malik"
ZBVU7G-f2x0,videos,2024-09-16,464,37,Syed Salman Ahmed Bukhari | Wheat | Multan | Sarsabz Fertilizer,advisory_agronomy,https://www.youtube.com/watch?v=ZBVU7G-f2x0,2023-11-29,464,36,OK,"Milye Multan sey taluk rakhney waley taraqi pasand kissan Syed Salman Ahmed Bukhari se, jo Gandum ki fasal ke kashtkaar hein. Salman ney Sarsabz Nitrophos aur CAN gawara ke estimaal sey apni Gandum ki fasal mein hasil ki 13% izaafi paidawaar!  #Sarsabz #SalamKissan #SarsabzPakistan  Production: Big Film Entertainment  Director : Samiee Malik"
v8phJZ7cKG8,videos,2024-09-16,7000,85,Sarsabz Tabeer | Chirah | Shaista Naveed,tabeer_women,https://www.youtube.com/watch?v=v8phJZ7cKG8,2023-11-27,7090,85,OK,"Milye Chirah se taluq rakhnay wali Shaista Naveed se, jinho ney Sarsabz Tabeer ke Training program mein hissa liya, Jis ka maqsad Khawateen kissanon ko Ba-ekhtiyaar banana hai. #SarsabzPakistan #SarsabzTabeer"
VhEivknE98w,videos,2024-09-16,399000,36,Ahtesham Qureshi | Wheat | Gujranwala | Sarsabz Fertilizer,advisory_agronomy,https://www.youtube.com/watch?v=VhEivknE98w,2023-11-26,399108,36,OK,"Milye Gujranwala sey taluk rakhney waley taraqi pasand kissan Ahtesham Qureshi se, jo Gandum ki fasal ke kashtkaar hein. Ahtesham ney Sarsabz Nitrophos aur CAN gawara ke estimaal sey apni Gandum ki fasal mein hasil ki 18% izaafi paidawaar! #Sarsabz #SalamKissan #SarsabzPakistan"
9Bx0AgvQh5I,videos,2024-09-16,107000,37,Mushtaq Ahmed Chattha | Wheat | Sargodha | Sarsabz Fertilizer,advisory_agronomy,https://www.youtube.com/watch?v=9Bx0AgvQh5I,2023-11-24,107188,37,OK,"Milye Sargodha sey taluk rakhney waley taraqi pasand kissan Mushtaq Ahmed Chattha se, jo Gandum ki fasal ke kashtkaar hein. Mushtaq ney Sarsabz Nitrophos aur CAN gawara ke estimaal sey apni Gandum ki fasal mein hasil ki 14% izaafi paidawaar! #Sarsabz #SalamKissan #SarsabzPakistan"
UriMVp7_GZs,videos,2024-09-16,50000,54,Sarsabz Tabeer | Pir Jo Goth | Irshaad Bano,tabeer_women,https://www.youtube.com/watch?v=UriMVp7_GZs,2023-11-15,50757,53,OK,"Milye Pir jo Goth se taluq rakhnay wali Irshaad Bano se, jinho ney Sarsabz Tabeer ke Training program mein hissa liya, jis ka maqsad Khawateen kissanon ko Ba-ekhtiyaar banana hai.  #SarsabzPakistan #SarsabzTabeer"
QqnJBTZbt2A,videos,2024-09-16,50000,42,Sarsabz Tabeer | Naudero | Aliza Zarb,tabeer_women,https://www.youtube.com/watch?v=QqnJBTZbt2A,2023-11-13,50694,42,OK,"Milye Naudero se taluq rakhnay wali Aliza Zarb se, jinho ney Sarsabz Tabeer ke Training program mein hissa liya, Jis ka maqsad Khawateen kissanon ko Ba-ekhtiyaar banana hai. #SarsabzPakistan #SarsabzTabeer"
BHE1m_xkfwY,videos,2024-09-16,4700000,941,Dahani | Sarsabz Kahani #3 | Short Film,kahani_film,https://www.youtube.com/watch?v=BHE1m_xkfwY,2023-11-11,4737680,940,OK,"In this riveting episode of 'Sarsabz Kahani,' witness the transformative odyssey of Shahnawaz Dahani. From the quiet corners of rural Pakistan to the thunderous applause on the cricketing stage, this short film unveils the unspoken challenges, the sacrifices, and the unwavering determination that shaped Shahnawaz's extraordinary journey. This is more than a story; it's a symphony of grit and passion, where resilience meets triumph. Join us in this cinematic portrayal of a cricketing legend in the making.  #SarsabzKahani #Dahani #SarsabzPakistan  Sarsabz Kahani, is an initiative of Sarsabz Fert"
qO7hgPbB3-0,videos,2024-09-16,261000,28,Dahani | Sarsabz Kahani #3 | Short Film Trailer,kahani_film,https://www.youtube.com/watch?v=qO7hgPbB3-0,2023-11-02,261421,28,OK,"Get ready to step onto the pitch of passion with 'Sarsabz Kahani' Episode 3! Join us as we unveil the remarkable journey of Shahnawaz Dahani, Pakistan's rising cricket star, and discover the untold struggles that shaped his extraordinary rise to success. Don't miss the gripping tale of resilience and determination in the world of cricket.  #SarsabzKahani #Dahani #SarsabzPakistan"
gyxlIkVCYDs,videos,2024-09-16,194000,239,Sarsabz Tabeer | Sarsabz Pakistan,tabeer_women,https://www.youtube.com/watch?v=gyxlIkVCYDs,2023-09-22,194215,238,OK,"Sarsabz Tabeer is an innovative project aimed at empowering female farmers. This initiative highlights the determination and vigor of female farmers and seeks to uplift their valuable contributions to agriculture. Through training and support, the initiative strives to empower female farmers, fostering an inclusive and brighter future. #SarsabzPakistan #SarsabzTabeer"
ZlwscHYZIDU,videos,2023-09-16,14000000,76,14th August | Yeh Haath Salamat Hain Jab Tak | Sarsabz Fertilizer,other,https://www.youtube.com/watch?v=ZlwscHYZIDU,2023-08-10,14453727,75,OK,"Watan teri zameen ko asmaan banayen ge, Tujhko sajaanay ke liye, sitaaray tor laayen ge.   A tribute to all our hardworking farmers who are the backbone of our nation. May they keep inspiring us with their resilience and strength.  PAKISTAN PAINDABAD! 🇵🇰   Special Thanks to Anwar Maqsood Sahab.  Script:  Yeh haath salaamat hain jab tak  Aaj hum sabz parcham ke talay apni azaadi ka jashn mana rahay hain  Kisi bhi mulk keliye azaadi ke din se barh kar aur koi din nahi hota  Pareshaniyaan tou jaanay keliye aati hain  Inn pareshaniyon se larnay ki justuju hi 23 crore ko aik bana sakti hai  Hum zin"
rQXiUY83OIM,videos,2023-09-16,723,11,Yeh Haath Salamat Hain Jab Tak | Teaser 14th Aug 2023 | Sarsabz Fertilizers,other,https://www.youtube.com/watch?v=rQXiUY83OIM,2023-08-09,723,10,OK,Yeh haath salamat hain jab tak... Jald aa raha hai! #SarsabzPakistan #HaathSalamatHain
fxIzG9FkPRI,videos,2023-09-16,632,135,Sarsabz Citrus Convention | Sargodha,ki_jeet_competition,https://www.youtube.com/watch?v=fxIzG9FkPRI,2023-07-14,632,135,OK,"Fatima Fertilizer company ne Turshawa phalon ki behtar paidawaar ke hasool ke liye Sargodha mein Sarsabz Turshawa phal convention ka ineqaad kiya, Jis sey kashtkaar Turshawa phalon ki paidawari Technology ke mutalik aagahi hasil ker rahey hein! #SarsabzPakistan"
4pY_tEdQsTE,videos,2023-09-16,481,103,Sarsabz Kapas Convention | Rahim Yar Khan,ki_jeet_competition,https://www.youtube.com/watch?v=4pY_tEdQsTE,2023-07-08,481,102,OK,"Fatima Fertilizer company ne Kapas ki behtar paidawaar ke hasool ke liye Rahim Yar khan mein Sarsabz Kapas convention ka ineqaad kiya, Jis sey kashtkaar Kapas ki paidawari Technology ke mutalik aagahi hasil ker rahey hein! #SarsabzPakistan"
NKhgmb2fWlk,videos,2023-09-16,425,148,Sarsabz Dhaan Convention | Sheikhupura,ki_jeet_competition,https://www.youtube.com/watch?v=NKhgmb2fWlk,2023-06-27,425,148,OK,"Fatima Fertilizer company ne Dhaan ki behtar paidawaar ke hasool ke liye Sheikhupura mein Sarsabz Dhaan convention ka ineqaad kiya, Jis sey kashtkaar Dhaan ki paidawari Technology ke mutalik aagahi hasil ker rahey hein! #SarsabzPakistan"
28PBzP0nxT0,videos,2023-09-16,290,157,Sarsabz Dhaan Convention | Gujranwala,ki_jeet_competition,https://www.youtube.com/watch?v=28PBzP0nxT0,2023-06-26,290,157,OK,"Fatima Fertilizer company ne Dhaan ki behtar paidawaar ke hasool ke liye Gujranwala mein Sarsabz Dhaan convention ka ineqaad kiya, Jis sey kashtkaar Dhaan ki paidawari Technology ke mutalik aagahi hasil ker rahey hein! #SarsabzPakistan"
RO_wv6Yvjf0,videos,2023-09-16,395,26,Muhammad Ashfaq Ibrahim | Sahiwal | Maize Crop | Sarsabz Fertilizers,advisory_agronomy,https://www.youtube.com/watch?v=RO_wv6Yvjf0,2023-05-09,395,26,OK,"Sahiwal sey taluk rakhney waley taraqi pasand kissan, Muhammad Ashfaq Ibrahim Makayi ki fasal ke kashtkaar hein. Ashfaq ney Sarsabz Nitrophos aur CAN khaadon ke estimaal sey hasil ki doosri rawaiti khaadon ke muqabley mein 14% se ziada izaafi paidawaar! #SarsabzPakistan"
Jfm1of6ZpSs,videos,2023-09-16,267,28,Burhan Khaliq | Okara | Maize Crop | Sarsabz Fertilizers,advisory_agronomy,https://www.youtube.com/watch?v=Jfm1of6ZpSs,2023-05-09,267,27,OK,"Okara sey taluk rakhney waley taraqi pasand kissan, Burhan Khaliq Makayi ki fasal ke kashtkaar hein. Khaliq ney Sarsabz Nitrophos aur CAN khaadon ke estimaal sey hasil ki doosri rawaiti khaadon ke muqabley mein 11% se ziada izaafi paidawaar! #SarsabzPakistan"
XgdG1qO2HmA,videos,2023-09-16,239,30,Muhammad Shahid | Faisalabad | Maize Crop | Sarsabz Fertilizers,advisory_agronomy,https://www.youtube.com/watch?v=XgdG1qO2HmA,2023-05-09,239,29,OK,"Faisalabad sey taluk rakhney waley taraqi pasand kissan, Muhammad Shahid Makayi ki fasal ke kashtkaar hein. Shahid ney Sarsabz Nitrophos aur CAN khaadon ke estimaal sey hasil ki doosri rawaiti khaadon ke muqabley mein 13% se ziada izaafi paidawaar! #SarsabzPakistan"
OEeUlxq39MU,videos,2023-09-16,213,28,Mian Shafeeq | Kasur | Maize Crop | Sarsabz Fertilizers,advisory_agronomy,https://www.youtube.com/watch?v=OEeUlxq39MU,2023-05-09,213,28,OK,"Kasur sey taluk rakhney waley taraqi pasand kissan, Mian Shafeeq Makayi ki fasal ke kashtkaar hein. Shafeeq ney Sarsabz NP aur CAN khaadon ke estimaal sey hasil ki doosri rawaiti khaadon ke muqabley mein 17% se ziada izaafi paidawaar! #SarsabzPakistan"
CI_GMOYw6Y4,videos,2023-09-16,212,25,Ahmed Kamal Khan | Mardan | Maize Crop | Sarsabz Fertilizers,advisory_agronomy,https://www.youtube.com/watch?v=CI_GMOYw6Y4,2023-05-08,212,25,OK,"Mardan sey taluk rakhney waley taraqi pasand kissan, Ahmed Kamal Khan Makayi ki fasal ke kashtkaar hein. Ahmed ney Sarsabz NP aur CAN khaadon ke estimaal sey hasil ki doosri rawaiti khaadon ke muqabley mein 26% se ziada izaafi paidawaar! #SarsabzPakistan"
DhcxgI5pqs0,videos,2023-09-16,246,30,Abdul Rauf | Depalpur | Maize Crop | Sarsabz Fertilizers,advisory_agronomy,https://www.youtube.com/watch?v=DhcxgI5pqs0,2023-05-08,246,29,OK,"Depalpur sey taluk rakhney waley taraqi pasand kissan, Abdul Rauf Makayi ki fasal ke kashtkaar hein. Rauf ney Sarsabz NP aur CAN khaadon ke estimaal sey hasil ki doosri rawaiti khaadon ke muqabley mein 12% se ziada izaafi paidawaar! #SarsabzPakistan"
ypxn0sXPJqM,videos,2023-09-16,391000,218,Sarsabz Golden Ticket 2023 | Sarsabz Ke Sultan,nitrophos_scheme_promo,https://www.youtube.com/watch?v=ypxn0sXPJqM,2023-03-16,391652,218,OK,"Dekhiye Sarsabz Golden Ticket winners ki vlog! 3 khushnaseeb loogun ko mauqa milla stadium mein Multan Sultan Vs Peshawar Zalmi ka match dekhnay ka, Multan Sultan ke players ka video peighaam, Islamabad ki seir aur khoob saari aur mazaydaar cheezain!  #SarsabzKeSultan #MultanSultan #SarsabzPakistan"
Vv3xIIYCtx0,videos,2023-09-16,329000,334,Sarsabz Ke Sultan Urdu Idioms Challenge | Usama Mir & Rilee Rossouw | Multan Sultan,sport_sponsorship,https://www.youtube.com/watch?v=Vv3xIIYCtx0,2023-03-16,329129,333,OK,Dekhein Usama Mir ke urdu muhawaron ka andaza lagatay hue Rilee Rossouw ki dilchasp video! #SarsabzKeSultan #SarsabzPakistan #MultanSultans #HBLPSL8
X3JV9KeY5aQ,videos,2023-09-16,443000,74,Sarsabz Ke Sultan Tic Tac Toe Challenge | Shan Masood & Tim David | Multan Sultan,sport_sponsorship,https://www.youtube.com/watch?v=X3JV9KeY5aQ,2023-03-09,443378,74,OK,Dekhein Shan Masood aur Tim David ka Tic Tac Toe ka dilchasp muqabla! #SarsabzKeSultan #SarsabzPakistan #HBLPSL8
qi12AXu8r1Y,videos,2023-09-16,693,60,Multan Sultan x Fatima Fertilizers | Meet And Greet,sport_sponsorship,https://www.youtube.com/watch?v=qi12AXu8r1Y,2023-03-07,693,59,OK,Fatima Fertilizers ney Multan mein Multan Sultan ki team kay saath Meet and Greet organise Kiya!  Jahan fans ko apnay favorite players sey milnay ka mauqa mila! #SarsabzKeSultan #MultanSultan #SarsabzPakistan
ZBBGpv-DlRU,videos,2023-09-16,147000,59,Multan Sultan x Fatima Fertilizers | Meet And Greet,sport_sponsorship,https://www.youtube.com/watch?v=ZBBGpv-DlRU,2023-03-04,147214,58,OK,Fatima Fertilizers ney Lahore mein Multan Sultan ki team kay saath Meet and Greet organise Kiya!  Jahan fans ko apnay favorite players sey milnay ka mauqa mila! #SarsabzKeSultan #MultanSultan #SarsabzPakistan
Nv1hZhjLOlE,videos,2023-09-16,526000,234,What's in the Box Challenge with Sarsabz Ke Sultan | Multan Sultan,sport_sponsorship,https://www.youtube.com/watch?v=Nv1hZhjLOlE,2023-02-23,526471,234,OK,Sarsabz Ke Sultan Kieron Pollard aur Akeal Hosein nay kiya fun say bhara What's in the box challenge! Video ke end mein diye gay sawal ka aap bhe jawab dey kar mauqa payein inamaat jeetnay ka! #SarsabzKeSultan #MultanSultan #HBLPSL8
JP5vCZXw2G4,videos,2023-09-16,185000,203,Guess The Player with Multan Sultan | Anwar Ali & Abbas Afridi | Sarsabz Ke Sultan,sport_sponsorship,https://www.youtube.com/watch?v=JP5vCZXw2G4,2023-02-21,185188,203,OK,Sarsabz Ke Sultan Abbas Afridi aur Anwar Ali nay mazaydaar guess the cricketer game kheili! Video ke end mein diye gay cricketer ko aap bhe guess karein comments mein aur inamaat jeetnay ka mauqa payein! #SarsabzKeSultan #MultanSultan #HBLPSL8
MRfHoYxcKdo,videos,2023-09-16,738,20,Sarsabz Greeting Multan Sultan Foriegn Players | Sarsabz Ke Sultan,sport_sponsorship,https://www.youtube.com/watch?v=MRfHoYxcKdo,2023-02-16,738,20,OK,Sarsabz nay kiya Multan Sultan ke foreign players ka Sajrak se istiqbaal! #SarsabzKeSultan #MultanSultan #SarsabzPakistan
J9s1PA2C9no,videos,2023-09-16,938,131,Kissan Day 2022 | Salam Kissan Sarsabz Pakistan | Multan,salam_kissan,https://www.youtube.com/watch?v=J9s1PA2C9no,2022-12-27,938,130,OK,"We celebrated Kissan Day with Farmers, Stakeholders & Govt. Dignitaries at Pak Arab Fertilizer Plant in Multan to pay a tribute to the hardworking farmers of the country! #SalamKissan #SarsabzPakistan #KissanDay"
KuLQ5U9VdA0,videos,2023-09-16,376,100,Sarsabz Kissan Convention | Gharo Region,ki_jeet_competition,https://www.youtube.com/watch?v=KuLQ5U9VdA0,2022-12-07,376,100,OK,"Fatima Fertilizer company ne mehakma-e-zarraat ke ishtiraaq se Gandum ki behtar paidawaar ke hasool ke liye Gharo mein Sarsabz Kissan convention ka ineqaad kiya, jinki kaawishon sey kashtkaar Gandum ki jadeed paidawari technology sey aagahi haasil ker rahey hein! #SarsabzPakistan"
Pd0z78-UJio,videos,2023-09-16,6500000,169,Salam Kissan 2022 | Kissan Day 18th Dec | A Tribute to Farmers by Sarsabz Fertilizers,salam_kissan,https://www.youtube.com/watch?v=Pd0z78-UJio,2022-12-05,6504022,169,OK,"Following the tradition of the last three years, Sarsabz fertilizer is once again celebrating their annual Kissan Day on the 18th of December 2022, to pay tribute to all the hardworking farmers of the country. We at Sarsabz are extremely grateful to our Kissan, all over Pakistan, for their hard work to sustain the food security of the country. Let’s pay tribute to the unsung heroes of our nation this Kissan Day!  پچھلے تین سالوں کی روایت برقرار رکھتے ہوئے، سرسبز فرٹیلائزر ایک بار پھر 18 دسمبر 2022 کو اپنا سالانہ یوم کسان منا رہا ہے، تاکہ ملک کے تمام محنتی کسانوں کو خراج تحسین پیش کیا جا سکے۔  "
lBL2BzwDXxs,videos,2023-09-16,520,121,Sarsabz Kissan Convention | Rahim Yar Khan Region,ki_jeet_competition,https://www.youtube.com/watch?v=lBL2BzwDXxs,2022-12-02,520,120,OK,"Fatima Fertilizer company ne mehakma-e-zarraat ke ishtiraaq se Gandum ki behtar paidawaar ke hasool ke hawalay se Rahim Yar Khan mein Sarsabz Kissan convention ka ineqaad kiya aur es mauqay par Minister Agriculture Punjab Syed Hussain Jahania Gardezi ne Fatima Fartilizer ko Kharaj-e-Tehseen paish kiya, jinki kaawishon sey kashtkaar Gandum ki jadeed paidawari technology sey aagahi haasil ker rahey hein! #SarsabzPakistan"
GA9q9AkEB5s,videos,2023-09-16,321,87,Mehakma-e-zarraat ki janib se kissan bhaiyon ke liye ek eham paighaam.,other,https://www.youtube.com/watch?v=GA9q9AkEB5s,2022-12-02,321,87,OK,ڈائریکٹر جنرل زراعت پنجاب، ڈاکٹر محمد انجم علی بٹر کا گندم کی کاشتکاری کے متعلق کسان بھائیوں کے نام اہم پیغام! فصل کی پیداوار بہترین بنانے کیلئے بتائی گئی معلومات کے مطابق کھادوں کا استعمال کریں. شکریہ #SarsabzPakistan
x7Y0znCoCN4,videos,2023-09-16,313000,24,Mian Burhan | Sawabi | Wheat | Sarsabz Fertilizer,advisory_agronomy,https://www.youtube.com/watch?v=x7Y0znCoCN4,2022-12-01,313921,24,OK,"Sawabi sey taluk rakhney waley taraqi pasand kissan Mian Burhan, Gandum ki fasal ke kashtkaar hein. Burhan ney Sarsabz NP aur Urea khaad ke estimaal sey hasil ki doosri rawaiti khaadon ke muqabley mein 18% se ziada izaafi paidawaar! #SarsabzPakistan"
BWxaQ_vpo38,videos,2023-09-16,271,99,Sarsabz Kissan Convention | Bahawalpur Region,ki_jeet_competition,https://www.youtube.com/watch?v=BWxaQ_vpo38,2022-11-29,271,98,OK,"Fatima Fertilizer company ne mehakma-e-zarraat ke ishtiraaq se Gandum ki behtar paidawaar ke hasool ke liye Bahawalpur mein Sarsabz Kissan convention ka ineqaad kiya, jinki kaawishon sey kashtkaar Gandum ki jadeed paidawari technology sey aagahi haasil ker rahey hein! #SarsabzPakistan"
cmytBf-IXco,videos,2023-09-16,259,97,Sarsabz Kissan Convention | DG Khan Region,ki_jeet_competition,https://www.youtube.com/watch?v=cmytBf-IXco,2022-11-29,259,96,OK,"Fatima Fertilizer company ne mehakma-e-zarraat ke ishtiraaq se Gandum ki behtar paidawaar ke hasool ke liye DG Khan mein Sarsabz Kissan convention ka ineqaad kiya, jinki kaawishon sey kashtkaar Gandum ki jadeed paidawari technology sey aagahi haasil ker rahey hein! #SarsabzPakistan"
QLdNblqkcns,videos,2023-09-16,464000,39,Muhammad Azam Langah | Hafizabad | Wheat | Sarsabz Fertilizer,advisory_agronomy,https://www.youtube.com/watch?v=QLdNblqkcns,2022-11-26,464741,39,OK,"Hafizabad sey taluk rakhney waley taraqi pasand kissan Muhammad Azam Langah, Gandum ki fasal ke kashtkaar hein. Azam ney Sarsabz NP aur CAN khaad ke estimaal sey hasil ki doosri rawaiti khaadon ke muqabley mein 20% se ziada izaafi paidawaar! #SarsabzPakistan"
IhxAlwztydM,videos,2023-09-16,216,99,Sarsabz Kissan Convention | Multan Region,ki_jeet_competition,https://www.youtube.com/watch?v=IhxAlwztydM,2022-11-24,216,99,OK,"Fatima Fertilizer company ne mehakma-e-zarraat ke ishtiraaq se Gandum ki behtar paidawaar ke hasool ke liye Multan mein Sarsabz Kissan convention ka ineqaad kiya, jinki kaawishon sey kashtkaar Gandum ki jadeed paidawari technology sey aagahi haasil ker rahey hein! #SarsabzPakistan"
nHIdLgmgXlw,videos,2023-09-16,391000,26,Muhammad Ajmal Rasheed | Bahawalpur | Wheat | Sarsabz Fertilizer,advisory_agronomy,https://www.youtube.com/watch?v=nHIdLgmgXlw,2022-11-24,391081,25,OK,"Bhawalpur sey taluk rakhney waley taraqi pasand kissan Muhammad Ajmal Rasheed, Gandum ki fasal ke kashtkaar hein. Ajmal ney Sarsabz NP aur CAN khaad ke estimaal sey hasil ki doosri rawaiti khaadon ke muqabley mein 16% se ziada izaafi paidawaar! #SarsabzPakistan"
mbGoR4ZwIZU,videos,2023-09-16,213,101,Sarsabz Kissan Convention | Gujranwala Region,ki_jeet_competition,https://www.youtube.com/watch?v=mbGoR4ZwIZU,2022-11-23,213,101,OK,"Fatima Fertilizer company ne mehakma-e-zarraat ke ishtiraaq se Gandum ki behtar paidawaar ke hasool ke liye Gujranwala mein Sarsabz Kissan convention ka ineqaad kiya, jinki kaawishon sey kashtkaar Gandum ki jadeed paidawari technology sey aagahi haasil ker rahey hein! #SarsabzPakistan"
V2CaF1PTZ08,videos,2023-09-16,356000,35,Fareena Shumail | Faisalabad | Wheat | Sarsabz Fertilizer,advisory_agronomy,https://www.youtube.com/watch?v=V2CaF1PTZ08,2022-11-22,356020,34,OK,"Faisalabad sey taluk rakhney wali taraqi pasand kissan Fareena Shumail, Gandum ki fasal ki kashtkaar hein. Fareena ney Sarsabz NP aur CAN khaad ke estimaal sey hasil ki doosri rawaiti khaadon ke muqabley mein 14% se ziada izaafi paidawaar! #SarsabzPakistan"
jMsXHt3_tDk,videos,2023-09-16,487000,23,Ghulam Mustafa | Lodhran | Wheat | Sarsabz Fertilizer,advisory_agronomy,https://www.youtube.com/watch?v=jMsXHt3_tDk,2022-11-20,487035,23,OK,"Lodhran sey taluk rakhney waley taraqi pasand kissan Ghulam Mustafa, Gandum ki fasal ke kashtkaar hein. Ghulam ney Sarsabz NP aur CAN khaad ke estimaal sey hasil ki doosri rawaiti khaadon ke muqabley mein 15% se ziada izaafi paidawaar! #SarsabzPakistan"
ihMc38VAjmw,videos,2023-09-16,160,98,Sarsabz Kissan Convention | Kasur Region,ki_jeet_competition,https://www.youtube.com/watch?v=ihMc38VAjmw,2022-11-19,160,98,OK,"Fatima Fertilizer company ne mehakma-e-zarraat ke ishtiraaq se Gandum ki behtar paidawaar ke hasool ke hawalay se Kasur mein Sarsabz Kissan convention ka ineqaad kiya aur es mauqay par Minister Agriculture Punjab Syed Hussain Jahania Gardezi ne Fatima Fartilizer ko Kharaj-e-Tehseen paish kiya, jinki kaawishon sey kashtkaar Gandum ki jadeed paidawari technology sey aagahi haasil ker rahey hein! #SarsabzPakistan"
r7wgXtPMWWc,videos,2023-09-16,188,97,Sarsabz Kissan Convention | Sargodha Region,ki_jeet_competition,https://www.youtube.com/watch?v=r7wgXtPMWWc,2022-11-17,188,96,OK,"Fatima Fertilizer company ne mehakma-e-zarraat ke ishtiraaq se Gandum ki behtar paidawaar ke hasool ke hawalay se Sargodha mein Sarsabz Kissan convention ka ineqaad kiya aur es mauqay par Provincial Minister Syed Hussain Gardezi ne Fatima Fartilizer ko Kharaj-e-Tehseen paish kiya, jinki kaawishon sey kashtkaar Gandum ki jadeed paidawari technology sey aagahi haasil ker rahey hein! #SarsabzPakistan"
GXPm926-Mz0,videos,2023-09-16,267000,30,Muhammad Zahid | Vehari | Wheat | Sarsabz Fertilizer,advisory_agronomy,https://www.youtube.com/watch?v=GXPm926-Mz0,2022-11-15,267471,29,OK,"Vehari sey taluk rakhney waley taraqi pasand kissan Muhammad Zahid, Gandum ki fasal ke kashtkaar hein. Muhammad ney Sarsabz NP aur CAN khaad ke estimaal sey hasil ki doosri rawaiti khaadon ke muqabley mein 14% se ziada izaafi paidawaar! #SarsabzPakistan"
tHcQy5JLdpQ,videos,2023-09-16,163,89,Sarsabz Kissan Convention | Sahiwal Region,ki_jeet_competition,https://www.youtube.com/watch?v=tHcQy5JLdpQ,2022-11-15,163,89,OK,"Fatima Fertilizer company ne mehakma-e-zarraat ke ishtiraaq se Gandum ki behtar paidawaar ke hasool ke hawalay se Sahiwal mein Sarsabz Kissan convention ka ineqaad kiya aur es mauqay par Provincial Minister Syed Hussain Gardezi ne Fatima Fartilizer ko Kharaj-e-Tehseen paish kiya, jinki kaawishon sey kashtkaar Gandum ki jadeed paidawari technology sey aagahi haasil ker rahey hein! #SarsabzPakistan"
pSQihi4byLg,videos,2023-09-16,175,97,Sarsabz Kissan Convention | Faisalabad Region,ki_jeet_competition,https://www.youtube.com/watch?v=pSQihi4byLg,2022-11-14,175,96,OK,"Fatima Fertilizer company ne mehakma-e-zarraat ke ishtiraaq se Gandum ki behtar paidawaar ke hasool ke hawalay se Faisalabad mein Sarsabz Kissan convention ka ineqaad kiya aur es mauqay par Provincial Minister Syed Hussain Gardezi ne Fatima Fartilizer ko Kharaj-e-Tehseen paish kiya, jinki kaawishon sey kashtkaar Gandum ki jadeed paidawari technology sey aagahi haasil ker rahey hein! #SarsabzPakistan"
vkyKJ7w9vTA,videos,2023-09-16,314000,39,Amjad Saleem | Jhang | Wheat | Sarsabz Fertilizer,advisory_agronomy,https://www.youtube.com/watch?v=vkyKJ7w9vTA,2022-11-11,314519,39,OK,"Jhang sey Taluk rakhney waley taraqi pasand kissan Amjad Saleem Sargana, Gandum ki fasal ke kashtkaar hein. Amjad Saleem Sargana ney Sarsabz NP aur CAN khaad ke estimaal sey hasil ki doosri rawaiti khaadon ke muqabley mein 22% se ziada izaafi paidawaar! #SarsabzPakistan"
Z57iQQYeqc0,videos,2023-09-16,1900000,70,Sarsabz Fertilizer - Haji Abdul Majeed Nizamani,other,https://www.youtube.com/watch?v=Z57iQQYeqc0,2022-11-02,1971691,69,OK,"Sindhi kissanon ke rehnuma aur Sindh Abadgaar Board ke sadar Haji Abdul Majeed Nizamni, hamein apni zindagi ki himat aur umeed ki Kahaani sunatey hen. Ye bat krte hen un Sindhi Kissano ke mutaliq, jo intihai mushkil halaat aur zarai preshaniyon ke bawajood bhi saabit qadam rahey.  Sarsabz Fertilizers, apney ehad per qaim rehty huy, Pakistan ke taraqi pasand kissano ke saath hai!"
KXtBC2yHvvk,videos,2023-09-16,593000,67,Haji Abdul Majeed Nizamani - leader of Sindhi farmers,other,https://www.youtube.com/watch?v=KXtBC2yHvvk,2022-11-02,593883,67,OK,"سنڌ جي آبادگارن جو آواز ۽ صدر سنڌ آبادگار بورڊ جناب عبدالمجيد نظاماني, اسان کي پنھنجي زندگي جي جدوجھد ۽ اميد جي ڪھاڻي  سنڌي ھارين جي رھنما ۽ سنڌ آبادگار بورڊ جي سردار حاجي عبدالمجيد نظاماڻي، اسان کي پنھنجي زندگي جي ھمت ۽ اميد جي ڪھاڻي ٻڌائيندا  آھن. اھي ڳالھ ڪندا آھن انھن ھارين جي متعلق ، جيڪي انتھائي مشڪل حالاتن ۽ زرعي پريشانين جي باوجود بہ ثابت قدم رھن ٿا. سرسبز فرٽيلائيزرز، پنھنجي عھد تي قائم رھندي، پاڪستان جي ترقي پسند ھارين سان گڏ آھي."
wj_0nvtBg3A,videos,2023-09-16,478,133,NP Ko Laga | Hyderabad & Sukkur Region | Prize Distribution,nitrophos_scheme_promo,https://www.youtube.com/watch?v=wj_0nvtBg3A,2022-10-17,478,132,OK,"NP bori say jeetnay walay Hyderabad aur Sukkur region ke tamaam kissano ke inamaat Hyderabad mein rakhi gayi taqreeb mein mill chukay hain. Jald aa rahay hain apkay region/shehar mein! Aap bhe es ka hissa banen, yeh offer 31st December tak jari hai! #SarsabzNP #SarsabzPakistan"
GeNYilWAEhE,videos,2023-09-16,257000,40,Haji Allah Bakhsh | Sargodha | Citrus | Sarsabz Fertilizers,other,https://www.youtube.com/watch?v=GeNYilWAEhE,2022-10-04,257365,40,OK,"Sargodha sey taluk rakhney waley taraqi pasand kissan Haji Allah Bakhsh, kino ki fasal ke kashtkaar hein. Haji Allah Bakhsh ney Sarsabz NP aur CAN khaad ke estimaal sey hasil ki doosri rawaiti khaadon ke muqabley mein 18% se ziada izaafi paidawaar! #SarsabzPakistan"
hmRROn6iyXA,videos,2023-09-16,424000,34,Sapna Kavita | Mandi Bahauddin | Citrus | Sarsabz Fertilizers,other,https://www.youtube.com/watch?v=hmRROn6iyXA,2022-10-03,424681,34,OK,"Mandi Bahauddin sey taluk rakhney wali taraqi pasand kissan Sapna Kavita, kino ki fasal ki kashtkaar hein. Sapna ney Sarsabz NP aur CAN khaad ke estimaal sey hasil ki doosri rawaiti khaadon ke muqabley mein 19% se ziada izaafi paidawaar! #SarsabzPakistan"
j59vGGisEPQ,videos,2023-09-16,344000,45,CH Arshad Ali | Sargodha | Citrus | Sarsabz Fertilizers,other,https://www.youtube.com/watch?v=j59vGGisEPQ,2022-10-03,344558,45,OK,"Sargodha sey taluk rakhney waley taraqi pasand kissan CH Arshad Ali, kino ki fasal ke kashtkaar hein. Arshad ney Sarsabz NP aur CAN khaad ka estimaal sey hasil ki doosri rawaiti khaadon ke muqabley mein 15% se ziada izaafi paidawaar! #SarsabzPakistan"
ZDHooC63zOE,videos,2023-09-16,697,79,NP Ko Laga | DG Khan Region | Prize Distribution,nitrophos_scheme_promo,https://www.youtube.com/watch?v=ZDHooC63zOE,2022-09-30,697,79,OK,"NP bori say jeetnay walay DG Khan region ke tamaam kissano ke inamaat DG Khan mein rakhi gayi taqreeb mein mill chukay hain. Jald aa rahay hain apkay region/shehar mein! Aap bhe es ka hissa banen, yeh offer 31st December tak jari hai! #SarsabzNP #SarsabzPakistan"
fe5WOhDf94k,videos,2023-09-16,310000,43,Haji Mukhtar Ahmad Gondal | Sargodha | Citrus | Sarsabz Fertilizers,other,https://www.youtube.com/watch?v=fe5WOhDf94k,2022-09-30,310696,42,OK,"Sargodha sey taluk rakhney waley taraqi pasand kissan Haji Mukhtar Ahmad Gondal, kino ki fasal ke kashtkaar hein. Haji Mukhtar ney Sarsabz NP aur CAN khaad ka estimaal sey hasil ki doosri rawaiti khaadon ke muqabley mein 20% se ziada izaafi paidawaar! #SarsabzPakistan"
wIJXniQAuxc,videos,2023-09-16,584,74,NP Ko Laga | Multan Region | Prize Distribution,nitrophos_scheme_promo,https://www.youtube.com/watch?v=wIJXniQAuxc,2022-09-29,584,73,OK,"NP bori say jeetnay walay Multan region ke tamaam kissano ke inamaat Multan mein rakhi gayi taqreeb mein mill chukay hain. Jald aa rahay hain apkay region/shehar mein! Aap bhe es ka hissa banen, yeh offer 31st December tak jari hai! #SarsabzNP #SarsabzPakistan"
eocH9kZ9JmU,videos,2023-09-16,382000,29,Masood Qadir Mehar | Sargodha | Citrus | Sarsabz Fertilizers,other,https://www.youtube.com/watch?v=eocH9kZ9JmU,2022-09-29,382034,29,OK,"Sargodha sey taluk rakhney waley taraqi pasand kissan Masood Qadir Mehar, kino ki fasal ke kashtkaar hein. Masood ney Sarsabz NP aur CAN khaad ka estimaal sey hasil ki doosri rawaiti khaadon ke muqabley mein 22% se ziada izaafi paidawaar! #SarsabzPakistan"
VWW3_KFGQwg,videos,2023-09-16,335000,35,CH Abdul Shakoor | Pakpattan | Potato Crop | Sarsabz Fertilizers,advisory_agronomy,https://www.youtube.com/watch?v=VWW3_KFGQwg,2022-09-27,335903,34,OK,"Zila Pakpattan sey taluk rakhney waley taraqi pasand kissan CH Abdul shakoor, aloo ki fasal ke kashtkaar hein. Abdul Shakoor ne NP aur CAN gawara khaad ke estimaal sey haasil ki rawaiti khaadon ke muqabley mein 11% se bhi ziada izaafi paidawaar! Suniyey unki taraki ki kahani unki zubani. #SarsabzPakistan"
y106kjiII4E,videos,2023-09-16,360000,37,Khalid Hussain | Depalpur | Potato Crop | Sarsabz Fertilizers,advisory_agronomy,https://www.youtube.com/watch?v=y106kjiII4E,2022-09-26,360068,37,OK,"Zila Depalpur sey taluk rakhney waley taraqi pasand kissan Khalid Hussain, aloo ki fasal ke kashtkaar hein. Khalid ne NP aur CAN gawara khaad ke estimaal sey haasil ki rawaiti khaadon ke muqabley mein 11% se bhi ziada izaafi paidawaar! Suniyey unki taraki ki kahani unki zubani. #SarsabzPakistan"
wwawu9kZUas,videos,2023-09-16,277,116,NP Ko Laga | Rahim Yar Khan Region | Prize Distribution,nitrophos_scheme_promo,https://www.youtube.com/watch?v=wwawu9kZUas,2022-09-24,277,115,OK,"NP bori say jeetnay walay Rahim Yar Khan region ke tamaam kissano ke inamaat Rahim Yar Khan mein rakhi gayi taqreeb mein mill chukay hain. Jald aa rahay hain apkay region/shehar mein! Aap bhe es ka hissa banen, yeh offer 31st December tak jari hai! #SarsabzNP #SarsabzPakistan"
41hCO67I9IE,videos,2023-09-16,258000,37,Habib Ullah Bhatti | Okara | Potato Crop | Sarsabz Fertilizers,advisory_agronomy,https://www.youtube.com/watch?v=41hCO67I9IE,2022-09-22,258914,37,OK,"Zila Okara sey taluk rakhney waley taraqi pasand kissan Habib Ullah Bhatti, aloo ki fasal ke kashtkaar hein. Habib ne NP aur CAN gawara khaad ke estimaal sey haasil ki rawaiti khaadon ke muqabley mein 12% se bhi ziada izaafi paidawaar! Suniyey unki taraki ki kahani unki zubani. #SarsabzPakistan"
R3cCckCeBSI,videos,2023-09-16,253,112,NP Ko Laga | Bahawalpur Region | Prize Distribution,nitrophos_scheme_promo,https://www.youtube.com/watch?v=R3cCckCeBSI,2022-09-22,253,111,OK,"NP bori say jeetnay walay Bahawalpur region ke tamaam kissano ke inamaat Bahawalpur mein rakhi gayi taqreeb mein mill chukay hain. Jald aa rahay hain apkay region/shehar mein! Aap bhe es ka hissa banen, yeh offer 31st December tak jari hai! #SarsabzNP #SarsabzPakistan"
ERO-hyjrtI0,videos,2023-09-16,328000,34,CH Rehan Latif | Sahiwal | Potato Crop | Sarsabz Fertilizers,advisory_agronomy,https://www.youtube.com/watch?v=ERO-hyjrtI0,2022-09-21,328476,33,OK,"Zila Sahiwal sey taluk rakhney waley taraqi pasand kissan CH Rehan Latif, aloo ki fasal ke kashtkaar hein. Rehan ne NP aur CAN gawara khaad ke estimaal sey haasil ki rawaiti khaadon ke muqabley mein 12% se bhi ziada izaafi paidawaar! Suniyey unki taraki ki kahani unki zubani. #SarsabzPakistan"
YKCiOwz1Rf8,videos,2023-09-16,199,90,NP Ko Laga | Islamabad Region | Prize Distribution,nitrophos_scheme_promo,https://www.youtube.com/watch?v=YKCiOwz1Rf8,2022-09-18,199,90,OK,"NP bori say jeetnay walay Islamabad region ke tamaam kissano ke inamaat Islamabad mein rakhi gayi taqreeb mein mill chukay hain. Jald aa rahay hain apkay region/shehar mein! Aap bhe es ka hissa banen, yeh offer 31st December tak jari hai! #SarsabzNP #SarsabzPakistan"
_9VfucUakTo,videos,2023-09-16,209000,38,Sardar Azam Dogar | Kasur | Potato Crop | Sarsabz Fertilizers,advisory_agronomy,https://www.youtube.com/watch?v=_9VfucUakTo,2022-09-16,209954,38,OK,"Zila Kasur sey taluk rakhney waley taraqi pasand kissan, Sardar Azam Dogar aloo ki fasal ke kashtkaar hein. Azam ney Sarsabz NP aur CAN khaad ka estimaal sey hasil ki doosri rawaiti khaadon ke muqabley mein 11% se ziada ki izaafi paidawaar! #SarsabzPakistan"
TMBE_s84gk8,videos,2022-09-16,279,137,NP Ko Laga | Sahiwal Region | Prize Distribution,nitrophos_scheme_promo,https://www.youtube.com/watch?v=TMBE_s84gk8,2022-09-15,279,137,OK,"NP bori say jeetnay walay Sahiwal region ke tamaam kissano ke inamaat Sahiwal mein rakhi gayi taqreeb mein mill chukay hain. Jald aa rahay hain apkay region/shehar mein! Aap bhe es ka hissa banen, yeh offer 31st December tak jari hai! #SarsabzNP #SarsabzPakistan"
8AVJysiVthE,videos,2022-09-16,543,825,Sarsabz Pakistan Ki Umeed | Behind The Scenes,other,https://www.youtube.com/watch?v=8AVJysiVthE,2022-09-12,543,825,OK,"A glimpse into the making of Sarsabz’s 14th August Independence Day Campaign, Pakistan Ki Umeed, the brand’s grand ode to their homeland. A behind the scenes look into the hard work and dedication that went into creating the campaign video that incorporates music, dance, culture and tradition to highlight the perseverance of the people of Pakistan and highlights the ambition of Sarsabz.  #SarsabzPakistan #SarsabzPakistanKiUmeed #75YearsofAzaadi"
3fcjBBIxmZ4,videos,2022-09-16,258,127,NP Ko Laga | Faisalabad Region | Prize Distribution,nitrophos_scheme_promo,https://www.youtube.com/watch?v=3fcjBBIxmZ4,2022-09-09,258,126,OK,"NP bori say jeetnay walay Faisalabad region ke tamaam kissanon ke inamaat Faisalabad mein rakhi gayi taqreeb mein mill chukay hain. Jald aa rahay hain apkay region/shehar mein! Aap bhe es ka hissa banayein, yeh offer 31st December tak jari hai!  #SarsabzNP #SarsabzPakistan"
xJSyqRUflgc,videos,2022-09-16,287,97,NP Ko Laga | Lahore Region | Prize Distribution,nitrophos_scheme_promo,https://www.youtube.com/watch?v=xJSyqRUflgc,2022-09-07,287,97,OK,NP bori say jeetnay walay Lahore region ke tamaam kissanon ke inamaat Gujranwala mein rakhi gayi taqreeb mein mill chukay hain. Jald aa rahay hain apkay region/shehar mein!  #SarsabzNP #SarsabzPakistan
f0SHOwksN6o,videos,2022-09-16,2700000,360,Sarsabz Pakistan Ki Umeed | 75th Independence Day | Ahmed Jahanzeb ft. Sanam Marvi & Nadeem Baig,national_calendar,https://www.youtube.com/watch?v=f0SHOwksN6o,2022-08-12,2795698,360,OK,"WIN 32"" SMART TV - SUBSCRIBE, LIKE AND COMMENT YOUR UMEED FOR SARSABZ PAKISTAN!  Fatima Fertilizers dedicates this to all the Pakistanis who keep this beautiful country of ours going, come what may – who refuse to abandon their motherland and who take pride in being called Pakistani!  #SarsabzPakistan #SarsabzPakistanKiUmeed #75YearsofAzaadi     Credits:  Singers & VO: Ahmed Jahanzeb feat. Sanam Marvi & Nadeem Baig (VO) Director: Rizwan Sherazi (Riz) Music Producer: Farhan Zameer | Assistant Music Director: Tehseen W. Chishty Fatima Fertilizer Brand Team:  Mobeen & Mahnoor Creative Concept: Ri"
IIuefGPgRd4,videos,2022-09-16,676,12,75th Independence Day Teaser | Sarsabz Fertilizers,national_calendar,https://www.youtube.com/watch?v=IIuefGPgRd4,2022-08-09,676,11,OK,Jald janiyee umeed kya hoti hai? #SarsabzPakistan
M74hN1rSrQw,videos,2022-09-16,6300000,725,Khaki Desan | Sarsabz Kahani #2 | Short Film,kahani_film,https://www.youtube.com/watch?v=M74hN1rSrQw,2022-07-09,6350204,724,OK,"Our motherland gives birth to another courageous Sarsabz Kahani of entrepreneurship and love for our culture and heritage - Khaki Desan. Experience how Jugnu Mohsin, an entrepreneur and public figure, struggles to bring back the lost gem of cotton crop - Khaki Desan back to life!  Sarsabz Kahani, is an initiative of Sarsabz Fertilizers a specialty brand from world-class manufacturer Fatima Fertilizer. It seeks to bring true stories from Pakistan's rural community to the world in a series of short film.  Sarsabz Fertilizer stands for Growth, Progress and Innovation in Agriculture sector.  • We "
vgvDVYF5B3c,videos,2022-09-16,5000000,43,Khaki Desan | Sarsabz Kahani #2 | Short Film Trailer,kahani_film,https://www.youtube.com/watch?v=vgvDVYF5B3c,2022-07-01,5089176,43,OK,"Sarsabz Kahani - ""Khaki Desan"" follows the journey of our progressive farmer-cum-entrepreneur who is trying to not just revive a dying heritage but also a declining crop in Pakistan. Will she surmount the challenges in her search for Khaki Desan? Stay tuned to Sarsabz Youtube Channel for the Sarsabz Kahani's release this Eid! #SarsabzKahani #KhakiDesan #SarsabzPakistan"
FTCIv5z0lh0,videos,2022-09-16,625,213,Fatima Fertilizers at Pakistan Agri Expo 2022,other,https://www.youtube.com/watch?v=FTCIv5z0lh0,2022-06-21,625,212,OK,Fatima Fertilizers nay hissa liya Pakistan Agri Expo 2022 mein aur kissanon ko behtar fasal ki paidawaar ki tareeka kar say rehnuma kiya! #SarsabzPakistan #AgriExpo2022
uaF-ijLxjSo,videos,2022-09-16,327000,65,Jamal Din Khoso | Shaheed Benazirabad | Cotton Crop | Sarsabz Fertilizers,advisory_agronomy,https://www.youtube.com/watch?v=uaF-ijLxjSo,2022-05-22,327273,65,OK,Zila Shaheed Benazirabad sey taluk rakhney waley aik taraqi pasand kissan Jamal Din Khoso ki kahani sunye jinho ne apni kapaas ki fasal mein Sarsabz NP aur CAN ka estimaal kiya jis sey unko mili apni fasal mein 30% sey zada izaafi paidawar! #SarsabzPakistan
G7rKswE9-sA,videos,2022-09-16,9700000,82,"Jeet Ka Ab Tu Jashan Mana, NP Ko Laga aur Jeetaja | Sarsabz",np_product_other,https://www.youtube.com/watch?v=G7rKswE9-sA,2022-05-18,9709906,82,OK,Sarsabz NP laya apnay Kissan bhaiyoon ke liye beyshumaar keemti inamaat jeetnay ka mauqa! Aaj hee NP ki bori khareedein aur us pey lagay sticker ka code apnay naam ke saath 03000300641 per sms bhejein! #SarsabzNP #SarsabzPakistan
3si9tz0DOdE,videos,2022-09-16,181000,37,Bilal Asghar | Nohshera Feroz | Cotton Crop | Sarsabz Fertilizers,advisory_agronomy,https://www.youtube.com/watch?v=3si9tz0DOdE,2022-05-16,181953,36,OK,"Zila Nohshera Feroz sey taluk rakhney waley taraqi pasand kissan, Bilal Asghar jo Kapaas ki fasal ke kashtkaar hein. Jinho ney Sarsabz NP aur CAN khaad ka estimaal kiya aur hasil ki doosri Rawaiti khaadon ke estimaal se 15% se ziada ki izaafi paidawaar! #SarsabzPakistan"
OlWG1vsfwno,videos,2022-09-16,753,14,Sarsabz NP Say Hoga Jeet Ka Jashan!,np_product_other,https://www.youtube.com/watch?v=OlWG1vsfwno,2022-05-14,753,13,OK,Intezaar ki ghariyaan khatam! ⏰ 🎁  #SarsabzNP #SarsabzPakistan
olWWOSfXP7c,videos,2022-09-16,1100000,61,Khaad Muft He Samjho | Cotton | Sarsabz NP & CAN,np_product_other,https://www.youtube.com/watch?v=olWWOSfXP7c,2022-05-11,1147463,60,OK,Kaisay mill rahi hai khaad muft? #SarsabzPakistan
oSR8WbAPSaA,videos,2022-09-16,144000,35,Rashid Sarwar | Bahawalpur | Cotton Crop | Sarsabz Fertilizers,advisory_agronomy,https://www.youtube.com/watch?v=oSR8WbAPSaA,2022-05-09,144907,35,OK,"Zila Bahawalpur sey taluk rakhney waley aik taraqi pasand kissan, Rashid Sarwar ney apni Kapaas ki fasal mein paidawar ke izaafey ke liye Rawaiti khaadon ki bajaye estimaal ki Sarsabz ki CAN aur NP jis sey unhe haasil hui 22% sey bhi zada izaafi paidawaar! #SarsabzPakistan"
m0gR1295Dck,videos,2022-09-16,202000,32,Umair Ejaz Shah | Mianwali | Cotton Crop | Sarsabz Fertilizers,advisory_agronomy,https://www.youtube.com/watch?v=m0gR1295Dck,2022-04-30,202528,32,OK,Zila Mianwali sey taluk rakhney waley aik taraqi pasand kissan Umair Ejaz Shah ki kahani sunye unki zubani jinko Sarsabz ki CAN aur NP ke estimaal se hui Kapaas ki fasal mein 15% sey bhi zada izaafi paidawaar! #SarsabzPakistan
9N1bc73lkCA,videos,2022-09-16,176000,42,Mohammad Ashraf | Bhakkar | Cotton Crop | Sarsabz Fertilizers,advisory_agronomy,https://www.youtube.com/watch?v=9N1bc73lkCA,2022-04-28,176716,42,OK,"Bhakkar ke aik taraqi-yaafta kissan, Mohammad Ashraf ney apni kapaas ki fasal mein Sarsabz NP aur CAN ka estimaal kiya jis sey unhe mili 23% sey zada izaafi paidawar! #SarsabzPakistan"
Z2ZkzFnkjts,videos,2022-09-16,854000,60,"Sarsabz NP | Pakistan Ki Apni Nitrophos, Sarsabz Ki Asli Nitrophos",np_product_other,https://www.youtube.com/watch?v=Z2ZkzFnkjts,2022-04-13,854306,60,OK,"5 khobiyoon wali behtareen nitrophos khaad! Pakistan ki apni Nitrophos, Sarsabz ki asli Nitrophos! #SarsabzPakistan"
mOCzWwfmgk4,videos,2022-09-16,303000,87,Sarsabz Ke Sultan Winner | Lahore Tour | Multan Sultans Match in Stadium | Sarsabz Fertilizers,sport_sponsorship,https://www.youtube.com/watch?v=mOCzWwfmgk4,2022-02-28,303878,86,OK,Dekhiye Sarsabz kay khush naseeb winner Khalil Laghari ko Multan Sultans ka match aur Lahore ka trip enjoy kartay huay. #SarsabzKeSultan #SarsabzPakistan #MultanSultans #HBLPSL7 #سرسبزکےسلطان #سرسبزکےکھلاڑی
yGKgZA9Qr8Q,videos,2022-09-16,943000,201,Multan Sultans: Prank Call with Asif Afridi | Sarsabz Ke Sultan | Sarsabz Fertilizers,sport_sponsorship,https://www.youtube.com/watch?v=yGKgZA9Qr8Q,2022-02-25,943798,201,OK,"Kis ne khaye 15 🍔 burgers, dekhein Multan Sultans ke Coach Mushtaq Ahmed aur khilaari Asif Afridi ka hairankun Inkashaaf! 😱 #SarsabzKeSultan #SarsabzPakistan #MultanSultans #HBLPSL7 #سرسبزکےسلطان #سرسبزکےکھلاڑی"
EFND8dIncVA,videos,2022-09-16,1000000,237,Multan sultans: Instagram Review | Sarsabz ke Sultan | Sarsabz Fertilizers,sport_sponsorship,https://www.youtube.com/watch?v=EFND8dIncVA,2022-02-23,1050481,236,OK,Multan Sultans ke khilaari Anwar Ali aur Shahnawaz Dahani nay kiye apni apni Instagram posts par dilchasp tabsaray! Dekhein yeh zabardast video! #SarsabzKeSultan #SarsabzPakistan #MultanSultans #HBLPSL7 #سرسبزکےسلطان #سرسبزکےکھلاڑی
2NYe4tYSHHo,videos,2022-09-16,620000,263,"Multan Sultans: 2 Truths,1 Lie with Sohaib & Imran Khan | Sarsabz Ke Sultan | Sarsabz Fertilizers",sport_sponsorship,https://www.youtube.com/watch?v=2NYe4tYSHHo,2022-02-14,620264,262,OK,"Multan Sultans ke khilari Sohaib Maqsood aur Imran Khan Sr nay kheila ‘2 truths, 1 lie’ Sarsabz ke saath! Dekhiye yeh mazaydaar video! ✅ ❌ End pe diye ge sawaal ka jawaab dey kar jeetain inamaat! #SarsabzKeSultan #SarsabzPakistan #MultanSultans #HBLPSL7 #سرسبزکےسلطان #سرسبزکےکھلاڑی"
xTowlN5C5qM,videos,2022-09-16,1200000,131,Cup Pencil Challenge with Multan Sultans | Sarsabz Ke Sultan | Sarsabz Fertilizers,sport_sponsorship,https://www.youtube.com/watch?v=xTowlN5C5qM,2022-02-11,1225608,131,OK,"Multan Sultans ke khilari Aamer Azmat, Ihsanullah aur Abbas Afridi nay Sarsabz ke saath kheila Cup Pencil challenge! Dekhein yeh mazaydaar video! 🥣✏️ #SarsabzKeSultan #SarsabzPakistan #MultanSultans #HBLPSL7 #سرسبزکےسلطان #سرسبزکےکھلاڑی"
Aj_zt4NtlSA,videos,2022-09-16,1000000,113,Rana Zeeshan | Muzafargarh | Sugarcane Crop | Sarsabz Fertilizers,advisory_agronomy,https://www.youtube.com/watch?v=Aj_zt4NtlSA,2022-02-08,1085517,113,OK,آئیے جانیے رانا ذیشان کی کہانی، جنہوں نے فاطمہ فرٹیلائزر کے مشورے پر عمل کر کے کامیاب کاشتکاری کی اور اپنی فصل سے اوسط 1800 من پیداوار حاصل کی. رانا ذیشان کا اپنے تمام کاشتکار بھائیوں کو مشورہ ہے کہ وہ بھی سرسبز نائٹروفاس اور کین گوارا کی بدولت اپنی فصل کی پیداوار میں کریں بھرپور اضافہ!  سرسبز کھادیں، زمین کی جان فصل کی شان  #SarsabzPakistan
h6aB0Lm-TvE,videos,2022-09-16,1200000,93,Multan Sultans: Guess the Celebrity | Sarsabz Ke Sultan | Sarsabz Fertilizers,sport_sponsorship,https://www.youtube.com/watch?v=h6aB0Lm-TvE,2022-02-07,1282393,93,OK,Sultans nay guess kiya celebrities ko! End pe diye gay player ko aap bhe guess karein comments mein aur payein prizes jeetnay ka mauqa! #SarsabzKeSultan #SarsabzPakistan #MultanSultans #HBLPSL7 #سرسبزکےسلطان #سرسبزکےکھلاڑی
u3Z7Gwlw4Vc,videos,2022-09-16,509,103,Year of Excellence | IFA Certification,other,https://www.youtube.com/watch?v=u3Z7Gwlw4Vc,2022-01-13,509,103,OK,We're proud to share that all three plants of ours are now officially under IFA certification. We are grateful to our team members for their never ending pursuit for excellence and our customers who have put their trust in us.   Let's celebrate Fatima Group's insertion in the elite club of world's 45 IFA certified companies!  #SarsabzPakistan
TjEeuOcm2KA,videos,2022-09-16,4600,96,Fatima Fertilizer is celebrating Kissan Day at Pakistan Pavilion (Expo 2020 Dubai),salam_kissan,https://www.youtube.com/watch?v=TjEeuOcm2KA,2021-12-20,4620,95,OK,"Fatima Fertilizer is celebrating Kissan Day at Pakistan Pavilion (Expo 2020 Dubai) with various activities for all the attendees, Come to experience rural culture and pay a tribute to the unsung heroes of Pakistan - Farmers! #SalamKissan #Expo2020Dubai #PakistanExpo2020 #KissanDay #SarsabzPakistan"
llIKvpyxhKM,videos,2022-09-16,13000000,211,Salam Kissan 2021 | Kissan Day | A Tribute to Farmers by Sarsabz Fertilizers,salam_kissan,https://www.youtube.com/watch?v=llIKvpyxhKM,2021-12-11,13085382,210,OK,A tribute to the hardworking farmers of Pakistan by Sarsabz Fertilizers. Let’s celebrate Kissan Day on 18th December Nationwide and thank them for taking care of the food security of our country. Share your tribute using #SalamKissan #SarsabzPakistan #KissanDay  Video Director: Jami Singer: Mai Dhai & Shani Arshad  Music Composition: Shani Arshad Lyricist: Sabir Zafar Concept: Saima Saleem Production House: Azadfilm
i7z2hdk5D1U,videos,2022-09-16,41000000,69,Sarsabz Pakistan Mobile App | Farming Mobile App For Farmers | Fatima Fertilizers,advisory_agronomy,https://www.youtube.com/watch?v=i7z2hdk5D1U,2021-12-08,41855781,68,OK,Sarsabz Pakistan mobile App se ab hoga apka farm apki jaib mein! Aaj he download karein aur banayein farming asaan!   #SarsabzPakistan
0Ipb8ARR1sA,videos,2022-09-16,150000,354,Sarsabz Dua (English) - Mohamed Tarek & Mohamed Youssef ft. Zia Mohyeddin - Qaseedah Burdah Shareef,ramzan_religious,https://www.youtube.com/watch?v=0Ipb8ARR1sA,2021-10-18,150416,353,OK,"Rabi Ul Awal has always been a month of observance and blessings! Let’s heal our souls on this day and follow the message of compassion towards each other. Every human plays an important role and Sarsabz Fertilizers is thankful to their farmers. Sow seeds of goodness and you will reap crops of goodness. 12th Rabi Ul Awal Mubarak!   Music Producer: Farhan Zameer Conductor: Tehseen W. Chishty  Vocalists: Mohamed Tarek (Egypt), Mohamed Youssef (Egypt) Voice-over: Zia Mohyeddin  Choir: Tehseen W. Chishty, Azferene Tauseef Dar, Syeda Um-e-Abeeha, Syeda Um-e-Aleeya, Urham Hamid  Musicians: Suroz - K"
h7L6VwIdWKQ,videos,2022-09-16,1300,87,Fatima Fertilizer Collaboration | Crop Rabi 2021-22 Farmers Convention for Wheat Cultivation,ki_jeet_competition,https://www.youtube.com/watch?v=h7L6VwIdWKQ,2021-10-16,1390,86,OK,"Fasal-e-Rabi ke kamiyaab seminar ke iniqaad per Provincial Minister Syed Hussain Jahania Gardezi aur Federal Minister Syed Fakher Imam ney Fatima Fertilizer ko Kharaj-e-Tehseen paish kiya, jinki kaawishon sey kashtkaar Gandum ki jadeed paidawari technology sey aagahi haasil ker rahey hein!"
zz0tfC6CnY0,videos,2021-09-16,1000,58,Azaadi Ke 74 Saal Mubarak | Happy Independence Day | 14th Aug 2021 | Sarsabz Fertilizers,national_calendar,https://www.youtube.com/watch?v=zz0tfC6CnY0,2021-08-13,1074,58,OK,Azaadi ke 74 saal mubarak! 🇵🇰  #SarsabzPakistan
NDC6GKMOGrM,videos,2021-09-16,684,59,Muhammad Naeem Akhtar | Gujranwala | Rice Crop | Sarsabz Fertilizers,advisory_agronomy,https://www.youtube.com/watch?v=NDC6GKMOGrM,2021-08-10,684,59,OK,"Zila Gujranwala sey taluk rakhney waley aik taraqi pasand kissan, Muhammad Naeem Akhtar ney apni Dhaan ki fasal mein paidawar ke izaafey ke liye Rawaiti khaadon ki bajaye estimaal ki Sarsabz ki CAN aur NP jis sey unhe haasil hui 10% sey bhi zada izaafi paidawaar! #SarsabzPakistan"
ro1z7oDb5MQ,videos,2021-09-16,97000,47,Haji Ameer Bakhsh | Shikarpur  | Rice Crop | Sarsabz Fertilizers,advisory_agronomy,https://www.youtube.com/watch?v=ro1z7oDb5MQ,2021-08-03,97454,47,OK,"Shikarpur ke aik taraqi-yaafta kissan, Haji Ameer Bakhsh ney apni Dhaan ki fasal mein Sarsabz NP aur CAN ka estimaal kiya jis sey unhe mili 16% izaafi paidawar! Sarsabz ki khaadon key zariye apni paidawar mein krein izafa!  #SarsabzPakistan"
u4PgBhITJxw,videos,2021-09-16,241000,34,Gulshad Ali | Larkana | Rice Crop | Sarsabz Fertilizers,advisory_agronomy,https://www.youtube.com/watch?v=u4PgBhITJxw,2021-08-02,241083,33,OK,Larkana ke aik taraqi-yaafta kissan Gulshad Ali ka apney kissan bhaiyon ke liye aik eham mashwara!  Jinho ney Sarsabz ke numaindey ke mashwarey per amal ker ke aam khaadon ki bajaye apni Dhaan ki fasal mein Sarsabz NP aur CAN ke estimaal kiya aur haasil ki 10% sey zada izafi paidawar. #SarsabzPakistan
NQiNt_KMEdQ,videos,2021-09-16,475000,38,Dil Nawaz Kandra | Tando Muhamad Khan | Rice Crop | Sarsabz Fertilizers,advisory_agronomy,https://www.youtube.com/watch?v=NQiNt_KMEdQ,2021-08-02,475299,37,OK,"Tando Muhamad Khan ke aik taraqi pasand kissan, Dil Nawaz Kandra ney Sarsabz  ke numaindey ke mashwarey per amal kertey huy aam khaadon ki nisabat apni Dhaan ki fasal pe Sarsabz NP aur CAN ke estimal sey haasil ki 10% sey zada izaafi paidawaar!  #SarsabzPakistan"
FqzqYNxtOfo,videos,2021-09-16,39000,43,Haji Abdul Sattar Nizmani | District Badin | Rice Crop | Sarsabz Fertilizers,advisory_agronomy,https://www.youtube.com/watch?v=FqzqYNxtOfo,2021-07-31,39420,43,OK,"District Badin ke aik kamyaab kissan, Haji Abdul Sattar Nizmani ka tumaam kashtkaron ke naam eham paigaam!  Jinho ney aam khaadon ki bajaye estimaal ki Sarsabz ki CAN aur NP jis sey unhe haasil hui 10% izaafi paidawar. Sarsabz estimaal krein aur hasil kren sehatmand paidawar. #SarsabzPakistan"
tLYu8eiGQWc,videos,2021-09-16,191000,34,Munawar Ali | Kasur | Rice Crop | Sarsabz Fertilizers,advisory_agronomy,https://www.youtube.com/watch?v=tLYu8eiGQWc,2021-07-29,191803,33,OK,Kasur ke aik taraqi pasand kissan Munawar Ali Sarsabz khaadon ka tajurba share kertey huy.  Jinho ney aam khaadon ko chor ker Sarsabz khaadon ki badolat apni Dhaan ki fasal mein haasil ki 12% zada izaafi paidawaar!   #SarsabzPakistan
fJLzteTl2t0,videos,2021-09-16,514000,48,Adnan Yousaf Virk | Sheikhupura | Rice Crop | Sarsabz Fertilizers,advisory_agronomy,https://www.youtube.com/watch?v=fJLzteTl2t0,2021-07-28,514986,48,OK,"Sheikhupura ke aik taraqi pasand kissan Adnan Yousaf ney Sarsabz khaadon sey haasil kiye behtreen nataeej.  Rawaiti khaadon ki nisbat estimaal ki Sarsabz NP aur CAN, jis sey haasil hui 12% zada izaafi paidawaar!  #SarsabzPakistan"
qNulrEZZEgk,videos,2021-09-16,642000,35,Muhammad Asif Butt | Daska Janhgir Zila Sialkot | Rice Crop | Sarsabz Fertilizers,advisory_agronomy,https://www.youtube.com/watch?v=qNulrEZZEgk,2021-07-27,642494,34,OK,Daska Janhgir Zila Sialkot sey taluk rakheny waley aik taraqi pasand kissan Muhammad Asif Butt ka apney kissan bhaiyon ke naam eham paigaam!   Sarsabz ke numaindey ke mashwarey sey NP aur CAN ke estimal sey unhey mili chawal ki fasal mein 10% sey zada izafi paidawar! #SarsabzPakistan
Jt6JFeDjGJI,videos,2021-09-16,213000,59,Babar Khan | Hatyan Tehsil Takht Bhai District Mardan | Maize Crop | Sarsabz Fertilizers,advisory_agronomy,https://www.youtube.com/watch?v=Jt6JFeDjGJI,2021-07-20,213432,59,OK,Zila Mardan sey taluk rakhney waley aik taraqi pasand kissan Babar Khan ki kahani sunye unki zubani!  Sarsabz NP aur Urea ke estimal sey unhey mili Makai ki fasal mein 18% zada izafi paidawar! #SarsabzPakistan
f80kPfGiBHc,videos,2021-09-16,1100000,100,Sarsabz Rice Testimonial | Mohammad Fayyaz Chattha,advisory_agronomy,https://www.youtube.com/watch?v=f80kPfGiBHc,2021-07-17,1134137,100,OK,"Sarsabz ke taraqi pasand kashtkaar Mohammad Fayyaz Chattha Wald Hamid Nasir Chattha Ki Kahaani! Jo Saliha-sal sey Sarsabz Nitrophos aur CAN Gawara ka estimaal kar ke apni Dhaan ki fasal sey 10 feesad sey bhi Zayada Paidawaar hasial ker rahey hein.  Kissan Tera Ehsaan, Sarsabz Pakistan!  #SalamKissan #SarsabzPakistan"
PPLjSZG7rho,videos,2021-09-16,138000,53,Ahmed Baksh | Kot Mubarak Zila Dera Ghazi Khan | Rice Crop | Sarsabz Fertilizers,advisory_agronomy,https://www.youtube.com/watch?v=PPLjSZG7rho,2021-07-13,138889,53,OK,"Kot Mubarak Zila Dera Gazi Khan sey taluk rakhney waley taraqi pasand kissan, Ahmad Bakhsh jo Dhaan ki fasal ke kashtkaar hein. Unho ney aik plot per Fatima Fertilizer ki Nitrophos (NP) aur Calcium Ammonium Nitrate (CAN) khaad ka estimaal kiya aur doosrey plot per aik mukhtalif khaad ka. Sarsabz Fertilizers key estimaal sey Ahmad Bakhsh ney na sirf sehatmand paidawar haasil ki balkey 15% izaafi paidawar haasil kernay mein bhi kamyaab rahey! #SarsabzPakistan"
rGYR52HI8-0,videos,2021-09-16,1800000,62,Dus Feesad Aur | Rice Crop TVC | Sarsabz | Fatima Fertilizer,advisory_agronomy,https://www.youtube.com/watch?v=rGYR52HI8-0,2021-06-28,1821236,62,OK,"2010-18 mein 500+ demo plots lagaye gae, jin pe tehqeek se yeh baat samnay ayi ke NP aur CAN ki joree deh Dhaan/Rice ki fasal mein, aam khaadon ke muqabilay mein, 10% se bhi ziada paidawar!  Isheliye Pakistan ke sub taraki pasand kashtkaar apni dhaan/rice ki fasal mein NP aur CAN ka istemaal kar rahay haen - aap bhi aazmaien aur 10% se ziada paidawar hasil karien!   Yeh results Rice Research Institute - Kala Shah Kaku ne apni ""Dhaan ki Jadeed Kasht"" aur ""Dhaan ki barah e raast kasht"" publication mein tasdeek bhi kiye.  #SarsabzPakistan"
JgJGmDIAiOY,videos,2021-09-16,876000,33,Chaudhry Rustam Ali Awan | 62 Mounds/Acre Yield in Rice Crop | Sarsabz Fertilizers,advisory_agronomy,https://www.youtube.com/watch?v=JgJGmDIAiOY,2021-06-27,876512,33,OK,Chaudhry Rustam Ali Awan from Sialkot is another one of our users of fertilizer who participated in government of Punjab organized high yield competition. He succeeded with getting 62 mounds per acre growth of rice crop. He made use of Fatima Fertilizer Nitro-Phosphate (NP) and Calcium Ammonium Nitrate (CAN گوارا) on his crop to get the highest yield in his territory. We congratulate him on his achievements and accolade.
XKtCUetUR78,videos,2021-09-16,551000,40,Iftikhar Ahmed | 61 Mounds/Acre Yield in Rice Crop | Sarsabz Fertilizers,advisory_agronomy,https://www.youtube.com/watch?v=XKtCUetUR78,2021-06-27,551314,39,OK,Iftikhar Ahmed from Hafizabad is one of our users of fertilizer who participated in government of Punjab organized high yield competition in 2017. He succeeded in getting 61 mounds per acre growth of rice crop. He made use of Fatima Fertilizer Nitro-Phosphate (NP) and Calcium Ammonium Nitrate (CAN گوارا) on his crop to get the highest yield in his territory. We congratulate him on his achievements and accolade.
CQodl-y4ZN8,videos,2021-09-16,958000,29,Muhammad Akram | 64 Mounds/Acre Yield in Rice Crop | Sarsabz Fertilizers,advisory_agronomy,https://www.youtube.com/watch?v=CQodl-y4ZN8,2021-06-27,958278,29,OK,Muhammad Akram from Lahore is one of our users of fertilizer who participated in government of Punjab organized high yield competition in 2017. He succeeded in getting 64 mounds per acre growth of rice crop. He made use of Fatima Fertilizer Nitro-Phosphate (NP) and Calcium Ammonium Nitrate (CAN گوارا) on his crop to get the highest yield in his territory. We congratulate him on his achievements and accolade
qCbDaeMq6oE,videos,2021-09-16,1900000,61,"Sarsabz Ki Asli Nitrophos, Pakistan Ki Apni Nitrophos | Fatima Fertilizers",np_product_other,https://www.youtube.com/watch?v=qCbDaeMq6oE,2021-06-22,1976411,60,OK,Kissan ke her khuwaab ki tabeer ko mukamal karey Sarsabz ki asli Nitrophos! #SarsabzKiAsliNitrophos #SarsabzPakistan
cNxKij3mf1c,videos,2021-09-16,164000,171,29 Questions with Multan Sultans Captain Mohammad Rizwan | Sarsabz Ke Sultan | Sarsabz Fertilizers,sport_sponsorship,https://www.youtube.com/watch?v=cNxKij3mf1c,2021-06-17,164805,170,OK,"Multan Sultan Ke Kaptaan, Mohammad Rizwan nay mazaydaar jawab diye hamaray 29 sawaloon ke. Comments section mein humein batayein apke favorite Multan Sultan ke player ka naam aur share karein es video ko #SarsabzKeSultan hashtag ke saath aur payein inaam jeetnay ka mauqa!   #HBLPSL6 #MultanSultans #SarsabzPakistan"
hRg1Dv1VvIA,videos,2021-09-16,198000,145,General Knowledge with Sultans | Multan Sultans | Sarsabz Fertilizers,sport_sponsorship,https://www.youtube.com/watch?v=hRg1Dv1VvIA,2021-06-12,198910,145,OK,Dekhein Sarsabz Ke Sultan Imran Khan Sr aur Sohaib Maqsood ka mazaydaar general knowledge quiz. Aakhir mein diye gaye sawaal ka aap bhe jawaab dein aur video share karein hamaray hashtag #SarsabzKeSultan ke saath aur payein inaamaat jeetnay ka mauka!#MultanSultans#HBLPSL6#SarsabzPakistan
N7kE77v0toA,videos,2021-09-16,7600000,353,Sarsabz Dua - Mohamed Tarek & Mohamed Youssef feat. Zia Mohyeddin - Qaseedah Burdah Shareef,ramzan_religious,https://www.youtube.com/watch?v=N7kE77v0toA,2021-04-30,7616750,353,OK,"Ramazan hamesha se Barkaton ka mahina raha hai. Laikin is Ramazan hum sub Shifa ki talash mien hae. Sarsabz Fertilizers, apnay har Kissan, har Musalmaan aur har ik Insaan ke liye dua-go hai. Naiki ka Beej Bo'en Gae toh Naiki ki Fasal Pa'en Gae! #NaikiKaro   Song Credits:  Music Producer: Farhan Zameer Voice-over: Zia Mohyeddin Vocalists: Mohamed Tarek (Egypt), Mohamed Youssef (Egypt) Conductor: Tehseen W. Chishty  Choir: Tehseen W. Chishty, Azferene Tauseef Dar, Syeda Um-e-Abeeha, Syeda Um-e-Aleeya, Urham Hamid  Balochi Musicians:  Suroz - Khawand Bakhsh Bugti, Imam Bakhsh, Asghar  Dambura - L"
0-HrO1gJz2Y,videos,2021-09-16,76000,13,Sarsabz Dua - Coming Soon!,ramzan_religious,https://www.youtube.com/watch?v=0-HrO1gJz2Y,2021-04-26,76277,12,OK,"#SarsabzDua - Coming Soon! #NaikiKaro  Ramazan hamesha se Barkaton ka mahina raha hai.  Laikin is Ramazan hum sub Shifa ki talash mien hain.  Sarsabz Fertilizers, apnay har kissan, har musalmaan aur har ik insaan ke liye dua-go hai.   Bohat juld aap sub ke liye laa raha hae aik naiki ka peghaam!"
nOG2ZIm6qBY,videos,2021-09-16,328000,91,Sultan Ka Bachpan | Sohaib Maqsood & Shahnawaz Dhani | Multan Sultans | Sarsabz Ke Sultan,sport_sponsorship,https://www.youtube.com/watch?v=nOG2ZIm6qBY,2021-02-27,328159,90,OK,"Sarsabz Ke Sultanoon ne guess kiya cricketers ko unki bachpan ki tasveer dekh ke.   Aakhir mein di gayi player ki tasveer guess karein aur comments mein batayein, aur jeetain inamaat!   #SarsabzKeSultan #MultanSultans #HBLPSL6 #SarsabzPakistan"
ybg-HJQ8UPs,videos,2021-09-16,279000,47,Sultan Ka Rapid Fire | Imran Tahir & Usman Qadir | Sarsabz Ke Sultan | Multan Sultans,sport_sponsorship,https://www.youtube.com/watch?v=ybg-HJQ8UPs,2021-02-25,279476,47,OK,"Multan Sultans ke players, Imran Tahir aur Usman Qadir nay Sarsabz ke saath kiya aik mazaydaar rapid fire round.  #SarsabzKeSultan #MultanSultans #SarsabzPakistan #HBLPSL6"
NX44c_CBa4k,videos,2021-09-16,5000,41,"In support of Nazo | Sharmeen Obaid, Hajra Khan, Bismah Maroof, Shaniera Akram | Sarsabz Kahani",kahani_film,https://www.youtube.com/watch?v=NX44c_CBa4k,2021-02-10,5080,40,OK,Thank you to all the superwomen’s out there who supported Sarsabz Kahani’s first short film based on a true story of Nazo Dharejo from Sindh.   Watch Now - https://www.youtube.com/watch?v=byJMWfP6sJI  #SarsabzKahani #SarsabzPakistan
90lBkZOjcDU,videos,2021-09-16,2500,293,Mohammad Abbas & Hussain Talat | Lockdown Stories & Kissan | Southern Punjab,other,https://www.youtube.com/watch?v=90lBkZOjcDU,2021-02-02,2551,293,OK,"Sarsabz ne Mohammad Abbas aur Hussain Talat se unki lockdown routine ke baray mein poocha aur unka hamaray mulk ke heroes, Kissanon ke liye peighaam!   #SouthernPunjab #SarsabzPakistan"
PKN088ux9-0,videos,2021-09-16,6500,360,Mohammad Abbas & Hussain Talat | Locker Room & Prank Call to Hassan Ali & Asif Ali | Southern Punjab,other,https://www.youtube.com/watch?v=PKN088ux9-0,2021-01-25,6521,360,OK,Mohammad Abbas & Hussain Talat from Southern Punjab team shares funny & interesting off-field stories & a fun prank call to Hassan Ali & Asif Ali.   #SarsabzPakistan #SouthernPunjab
LzARsY0L8PU,videos,2021-09-16,617,717,"Governor Punjab - Mohammad Sarwar speaks at Kissan Day event ""Salam Kissan Sarsabz Pakistan"" 2020",salam_kissan,https://www.youtube.com/watch?v=LzARsY0L8PU,2021-01-23,617,716,OK,
guVc1O5CXz4,videos,2021-09-16,762,543,"Mr. Khalid Khokhar, President Pakistan Kissan Ittehad Speech at Salam Kissan, Sarsabz Pakistan event",salam_kissan,https://www.youtube.com/watch?v=guVc1O5CXz4,2021-01-23,762,542,OK,
VG_sz8Qdf8s,videos,2021-09-16,5300,431,"Mr. Fawad Ahmed Mukhtar, Chairman Fatima Group's Message on Kissan Day",salam_kissan,https://www.youtube.com/watch?v=VG_sz8Qdf8s,2021-01-18,5382,431,OK,"Chairman Fatima Group / CEO Fatima Fertilizers Company Limited, Mr. Fawad Ahmed Mukhtar talks about the importance of agriculture sector and the role corporate sector can play in economic uplift of Pakistan at Kissan Day event held at Governor House, Lahore on 18th December 2020.   A visionary leader, Mr. Fawad has been at the forefront advocating empowerment of corporations working in agriculture to combat not just poverty but also uplift Pakistan's economy and exports. He is leading Fatima Group's diversification in Agriculture by introducing high productivity seeds, hi tech machinery for co"
jw1Nm_llfbM,videos,2021-09-16,2900,115,"Kissan Day 18th December 2020 | Event Highlights | Salam Kissan, Sarsabz Pakistan",salam_kissan,https://www.youtube.com/watch?v=jw1Nm_llfbM,2020-12-22,2943,114,OK,"Sarsabz & Fatima Fertilizer celebrating Kissan Day on 18th December 2020, at Governor House Lahore to pay a tribute to the hardworking farmer's of Pakistan! #SalamKissan #SarsabzPakistan"
byJMWfP6sJI,videos,2021-09-16,15000000,690,Nazo | Sarsabz Kahani #1 | Short Film,kahani_film,https://www.youtube.com/watch?v=byJMWfP6sJI,2020-12-18,15577954,690,OK,"From Sindh, comes the story of a valiant girl Nazo who represents the courageous and incredibly resilient women from rural Pakistan. For farmers, land is like their mother and they will never abandon it no matter what the cost.   Sarsabz Kahani, is an intiative of Sarsabz Fertilizers a specialty brand from world-class manufacturer Fatima Fertilizer. It seeks to bring true stories from Pakistan's rural community to the world in a series of short film.  Sarsabz Fertilizer stands for Growth, Progress and Innovation in Agriculture sector.  • We are the voice of farmers – fearless & bold • We are a"
w42Gk1YArkg,videos,2021-09-16,40000,47,Actor Sohail Ahmed | Celebrating Kissan Day on 18th Dec,salam_kissan,https://www.youtube.com/watch?v=w42Gk1YArkg,2020-12-18,40007,46,OK,"Renowned Pakistani Actor, Sohail Ahmed is celebrating Kissan Day & paying gratitude to the contributions & hardwork of our farmers for this country!  #SalamKissan #SarsabzPakistan"
OWcM3F1KfiA,videos,2021-09-16,17000,44,Actress Jana Malik | Celebrating Kissan Day on 18th Dec,salam_kissan,https://www.youtube.com/watch?v=OWcM3F1KfiA,2020-12-18,17727,43,OK,"Well Known Pakistani Actress, Jana Malik is celebrating Kissan Day & paying tribute to farmer's effort for the development of Pakistan! #SalamKissan #SarsabzPakistan"
mmWpDYx1IiM,videos,2021-09-16,12000,58,KPK Special Assistance (CM) | Abdul Karim | Celebrating Kissan Day on 18th Dec,salam_kissan,https://www.youtube.com/watch?v=mmWpDYx1IiM,2020-12-17,12878,58,OK,"KPK Special Assistance (CM), Abdul Karim is thanking farmers for their consistent efforts to enhance the National production of crops & Celebrating Kissan Day on 18th December! #SalamKissan #SarsabzPakistan"
9HEZMr9fUMo,videos,2021-09-16,29000,187,Federal Minister of National Food Security  | Syed Fakher Imam | Celebrating Kissan Day on 18th Dec,salam_kissan,https://www.youtube.com/watch?v=9HEZMr9fUMo,2020-12-17,29545,186,OK,"Federal Minister of National Food Security & Research, Syed Fakhar Imam is celebrating Kissan Day by considering farmers as backbone of this country & appreciating their hardwork & effort in the contribution of economic growth ! #SalamKissan #SarsabzPakistan"
yQg3i37b_Kw,videos,2021-09-16,46000,54,Afzal Khan Jan Rambo | Celebrating Kissan Day on 18th Dec,salam_kissan,https://www.youtube.com/watch?v=yQg3i37b_Kw,2020-12-17,46302,54,OK,"The very amazing, Afzal Khan Jan Rambo is giving a tribute to the farmers & celebrating Kissan Day with Sarsabz & Fatima Fertilizers on 18th December!   #SalamKissan #SarsabzPakistan"
0HCW2XeHk9o,videos,2021-09-16,672,59,Hina Dilpazeer | Celebrating Kissan Day on 18th Dec,salam_kissan,https://www.youtube.com/watch?v=0HCW2XeHk9o,2020-12-17,672,58,OK,Actress Hina Dilpazeer is happy to celebrate Kissan Day on 18th December with Sarsabz & Fatima Fertilizer to pay gratitude to the hardworking farmer's of Pakistan.  #SalamKissan #SarsabzPakistan
60-J2BfB3wY,videos,2021-09-16,439,241,Fang Yanshui | Managing Director (CMEC) | Celebrating Kissan Day on 18th Dec!,salam_kissan,https://www.youtube.com/watch?v=60-J2BfB3wY,2020-12-17,439,241,OK,"Mr. Fang Yanshui,  Managing Director of China Machinery Engineering Corporation appreciating the efforts of Fatima Fertilizer & Sarsabz in elevating the status of Farmers who are working day & night to ensure the food security of Pakistan.  #SalamKissan #SarsabzPakistan"
bxGaPtgQwR4,videos,2021-09-16,64000,74,Minister Climate Change | Zartaj Gul | Celebrating Kissan Day 18th December,salam_kissan,https://www.youtube.com/watch?v=bxGaPtgQwR4,2020-12-17,64037,73,OK,"Minister Climate Change, Zartaj Gul is Celebrating Kissan Day on this 18th December & paying gratitude to the farmers for their hard work and efforts! #SalamKissan #SarsabzPakistan"
92w-otZtj3w,videos,2021-09-16,152000,76,"Reema Khan paying a tribute to Farmers | Kissan Day 18th Dec | Salam Kissan, Sarsabz Pakistan",salam_kissan,https://www.youtube.com/watch?v=92w-otZtj3w,2020-12-17,152900,76,OK,"Pakistan's top media sensation, Reema Khan is happy to celebrate Kissan Day on 18th December with Sarsabz & Fatima Fertilizer to pay gratitude to the hardworking farmer's of Pakistan. It's about time we step up for our unsung heroes. Salam Kissan, Sarsabz Pakistan!   #SalamKissan #SarsabzPakistan"
PzBIQ06_Mzg,videos,2021-09-16,1100,52,Agriculture Minister KPK | Mohibullah Khan | Celebrating Kissan Day on 18th Dec,salam_kissan,https://www.youtube.com/watch?v=PzBIQ06_Mzg,2020-12-16,1152,52,OK,"Agriculture Minister KPK, Mohibullah Khan is all ready to celebrate Kissan Day with Sarsabz on 18th December 2020 to pay his tribute to the unsung heroes of our country, Kissan!   #SalamKissan #SarsabzPakistan"
VMojXAgVtUM,videos,2021-09-16,141000,55,Muniba Mazari pays a tribute to the Farmer's of Pakistan | Kissan Day 18th December 2020,salam_kissan,https://www.youtube.com/watch?v=VMojXAgVtUM,2020-12-16,141949,55,OK,"Motivational Speaker, Muniba Mazari stands up for farmer's this Kissan Day (18th December) with Sarsabz & Fatima Fertilizer to pay a tribute to them!   #SalamKissan #SarsabzPakistan"
Im3Vp2mD67E,videos,2021-09-16,64000,34,Shan Masood Celebrating Kissan Day | 18th Dec | Multan Sultans | Salam Kissan,salam_kissan,https://www.youtube.com/watch?v=Im3Vp2mD67E,2020-12-16,64256,34,OK,"Multan Sultan's captain, Shan Masood is celebrating Kissan Day with Sarsabz on 18th December!   #SalamKissan #SarsabzPakistan"
YkNq3zGVITI,videos,2021-09-16,53000,87,Agriculture Minister Punjab | Syed Hussain Jahania Gardezi | Celebrating Kissan Day on 18th Dec,salam_kissan,https://www.youtube.com/watch?v=YkNq3zGVITI,2020-12-15,53805,86,OK,"Agriculture Minister Punjab, Syed Hussain Jahania Gardezi thanking Sarsabz & Fatima Fertilizer for initiating Kissan Day on 18th December to appreciate the hard work & efforts of famer's in Pakistan! #SalamKissan #SarsabzPakistan"
0eEYOPjmXFI,videos,2021-09-16,147000,62,Ahsan Khan Pays a Tribute to Kissan with Sarsabz | Kissan Day 18th Dec,salam_kissan,https://www.youtube.com/watch?v=0eEYOPjmXFI,2020-12-15,147494,62,OK,"Renowned Actor/Host, Ahsan Khan is celebrating Kissan Day on 18th December with Sarsabz to pay a tribute to the hardworking heroes we know as Farmers!   #SalamKissan #SarsabzPakistan"
N9vQiWHcezA,videos,2021-09-16,114000,34,"Shahid Afridi celebrating Kissan Day on 18th Dec | Salam Kissan, Sarsabz Pakistan",salam_kissan,https://www.youtube.com/watch?v=N9vQiWHcezA,2020-12-14,114794,33,OK,"Pakistan's favorite Lala, Shahid Afridi celebrating Kissan Day on 18th December with Sarsabz to pay a tribute to the farmer's of Pakistan!   #SalamKissan #SarsabzPakistan #MultanSultans"
6524k1TapsI,videos,2021-09-16,150000,52,Cricketer Wasim Akram Celebrating Kissan Day on 18th December with Sarsabz,salam_kissan,https://www.youtube.com/watch?v=6524k1TapsI,2020-12-14,150976,52,OK,"Legendary Cricketer, Wasim Akram joins the celebrations of Kissan Day on 18th December with Sarsabz to appreciate the hardworking farmers of our country! Are you in?   #SalamKissan #SarsabzPakistan"
HtONbl5yVIU,videos,2021-09-16,478000,43,"Time to Appreciate the Unsung Heroes, Kissan! | Salam Kissan, Sarsabz Pakistan | Kissan Day 18th Dec",salam_kissan,https://www.youtube.com/watch?v=HtONbl5yVIU,2020-12-13,478969,42,OK,We don’t realize the hard work & efforts a farmer puts in bringing the food to our plates. It’s time to appreciate them for their tireless contribution in making our lives easier & ensuring food security of our country!   #SalamKissan #SarsabzPakistan
yITH0i--5Fo,videos,2021-09-16,382000,43,"Thank you, Kissan! | Salam Kissan, Sarsabz Pakistan | Celebrating Kissan Day on 18th Dec",salam_kissan,https://www.youtube.com/watch?v=yITH0i--5Fo,2020-12-10,382444,42,OK,Let’s not forget the Kissan’s who work tirelessly day & night to provide us with the necessities we require. Celebrating Kissan Day on 18th December!   #SalamKissan #SarsabzPakistan
wt_rH3e-ORY,videos,2021-09-16,387000,45,Let's Pledge Not To Waste Food | Kissan Day 18th December | Sarsabz Fertilizers,salam_kissan,https://www.youtube.com/watch?v=wt_rH3e-ORY,2020-12-07,387643,45,OK,Let's pledge not to waste food & pay our tribute to the efforts & hard work of the farmers. Sarsabz is celebrating Kissan Day on 18th December!   #SalamKissan #SarsabzPakistan
yeGy5mzx_Z8,videos,2021-09-16,2400000,50,Nazo | Sarsabz Kahani | Short Film Trailer,kahani_film,https://www.youtube.com/watch?v=yeGy5mzx_Z8,2020-11-27,2492603,50,OK,"What does a woman do when it falls upon her shoulders to defend her land? Watch Sarsabz Kahani’s trailer of the first episode, “#Nazo”!  #SarsabzKahani"
8q1u1X4jPtY,videos,2021-09-16,1600,61,Sarsabz Ke Sultan Are Back | Multan Sultan | BTS,sport_sponsorship,https://www.youtube.com/watch?v=8q1u1X4jPtY,2020-11-12,1678,60,OK,#SarsabzKeSultan are back! #MultanSultans #HBLPSLV
6pbph4MFcfw,videos,2021-09-16,267,42,Smog in Pakistan | Message for Farmers 2020 | Sarsabz,other,https://www.youtube.com/watch?v=6pbph4MFcfw,2020-10-30,267,42,OK,Sarsabz ki taraf sey hamarey kisaan bhaiyon k liye smog k mutalik khasoosi pegham! #Sarsabz
pvdFiE4RmKE,videos,2021-09-16,1400,92,Salam Kissan won Best Digital Campaign Award at PDA 2020 | Sarsabz | Overview,salam_kissan,https://www.youtube.com/watch?v=pvdFiE4RmKE,2020-10-15,1424,91,OK,"Salam Kissan- BDigital's objectively crafted campaign highlighting Sarsabz (Fatima Fertilizers) thoughtful narrative to recognize the farmers of Pakistan, gets awarded as the ""Best Digital Campaign"" of the year at Pakistan Digital Awards 2020.  The beauty of the campaign lies in how it reached out to more than 9.9M people across multiple platforms (i.e. Facebook, YouTube, Twitter plus Instagram) & all segments of society to evoke the sentiments of gratitude for the farmers and reminded everyone to stop for a moment to look around and realize the impact of Kissan’s contribution to our everyday "
GkhTG5-in1g,videos,2021-09-16,312,1291,Speaker National Assembly Asad Qaiser speech at Wheat Campaign 2020 Swabi | Salam Kissan | Sarsabz,salam_kissan,https://www.youtube.com/watch?v=GkhTG5-in1g,2020-10-12,312,1291,OK,مسٹر اسد قیصر اسپیکر قومی اسمبلی نے گندم کی قومی پیداوار کو قومی فوڈ سیکیورٹی میں اضافے کے لئے مستقل کوششوں پر فاطمہ فرٹیلائزر کمپنی کا خصوصی شکریہ ادا کیا۔ مزید انہوں نے خصوصی پارلیمانی کمیٹی برائے زراعت کے بارے میں بریفنگ دی جو پاکستان میں زراعت کو فروغ دینے کے لئے تیار ہوئی ہے۔  #SalamKissan #Sarsabz
eD7aULeI1h8,videos,2020-09-16,30000,55,CAN Benefits | Sarsabz Fertilizer,np_product_other,https://www.youtube.com/watch?v=eD7aULeI1h8,2020-08-25,30910,54,OK,Apki fasal aur zameen ke liye behtareen 6 khoobiyoon wali #Sarsabz CAN khaad!
S8gr1rQqHWU,videos,2020-09-16,2700000,101,Sarsabz Pakistan Song | Jashn-e-Azadi Mubarak | 14th August | Sarsabz Fertilizers,other,https://www.youtube.com/watch?v=S8gr1rQqHWU,2020-08-11,2761026,100,OK,Win iPhone 12 by celebrating Independence Day on SnackVideo - Make a video on Sarsabz Pakistan song (https://bit.ly/3yASwZl) & add our hashtag #SarsabzPakistan  Sarsabz Pakistan song brought to you by Sarsabz Fertilizers. Let's celebrate 14th August   یہ دیس ہماری پہچان ہے، ہم سے سرسبز پاکستان ہے. آپ سب کو سرسبز فرٹیلائزرز کی جانب سے جشنِ آذادی مبارک   #SarsabzPakistan
MU0-txbBDtg,videos,2020-09-16,1600,134,Eid Ki Khushiyaan | Sarsabz Fertilizers,ramzan_religious,https://www.youtube.com/watch?v=MU0-txbBDtg,2020-07-31,1699,134,OK,بے شک یہ عید باقی عیدوں سے مختلف ہے. ہم ایک دوسرے سے دور ہیں لیکن، سرسبز آپ کی خوشیوں میں ہمیشہ کی طرح شامل ہے. سرسبز کی جانب سے تمام کسان بھائیوں اور بہنوں کو عید مبارک!   #Sarsabz #EidMubarak
tgcyQttItJk,videos,2020-09-16,2700,91,Fatima Fertilizer Dealer Consortium 2019,other,https://www.youtube.com/watch?v=tgcyQttItJk,2020-07-05,2709,90,OK,"We opened our plants to our dealers and gave them an opportunity to meet & greet our entire leadership team! If fertilizer industry is a vehicle, dealers are its wheels! We are proud of our dealers who have been ensuring product availability in the remotest of locations round the year!"
xtAOhMay0gQ,videos,2020-09-16,101000,198,Locust Attack in Pakistan | Sarsabz Fertilizer,other,https://www.youtube.com/watch?v=xtAOhMay0gQ,2020-06-20,101549,198,OK,پاکستان کے کسان بھائی اس وقت صحرائی ٹڈی دَل کی آفت کا شکار ہیں . اس مشکل وقت میں ایک آگاہی مہم کی بدولت  سرسبز اور  حکومتِ پاکستان اپنے کسان بھائیوں کی  اس سے لڑنے میں مدد کر رہا ہے. اس ویڈیو  کو دیکھیں اور آگے پھیلائیں.  #Sarsabz  Follow/Subscribe/Like Sarsabz on: Facebook - https://facebook.com/sarsabzofficial  Twitter - https://twitter.com/sarsabzofficial  YouTube - https://youtube.com/sarsabz  Instagram - https://instagram.com/sarsabz.official
AWfF0UWRA3Q,videos,2020-09-16,5100,61,Can Se Maal a Maal | Sarsabz Fertilizers | TVC,np_product_other,https://www.youtube.com/watch?v=AWfF0UWRA3Q,2020-06-18,5173,60,OK,Can Se Maal a Maal by Sarsabz Fertilizers - AD Fatima Fertilizers
yGzlBQNKAoY,videos,2020-09-16,3000,61,Jaddu Ki Bori | Sarsabz Fertilizers | TVC,other,https://www.youtube.com/watch?v=yGzlBQNKAoY,2020-06-18,3033,60,OK,Sarsabz Jadu Ki Bori - Ad Fatima Fertilizers
CkhQKkMoTiY,videos,2020-09-16,2400,46,Sarsabz Fertilizers | NP | Cotton | TVC,np_product_other,https://www.youtube.com/watch?v=CkhQKkMoTiY,2020-06-17,2457,45,OK,Sarsabz Fertilizers NP Cotton TVC.
USckMmBWQAY,videos,2020-09-16,1700,50,Sarsabz Fertilizers | NP | Maize | TVC,np_product_other,https://www.youtube.com/watch?v=USckMmBWQAY,2020-06-17,1736,50,OK,Sarsabz NP Maize TVC
LP4CPLJDOV4,videos,2020-09-16,184000,61,Mulk Ke Heroes! | Eid Mubarak | Sarsabz Fertilizers,ramzan_religious,https://www.youtube.com/watch?v=LP4CPLJDOV4,2020-05-23,184154,61,OK,#Sarsabz ka salam hamaray mulk ke heroes ko! Apki mehnat ka shukriya! #SalamKissan  Follow/Subscribe/Like Sarsabz on: Facebook - https://facebook.com/sarsabzofficial  Twitter - https://twitter.com/sarsabzofficial  YouTube - https://youtube.com/sarsabz  Instagram - https://instagram.com/sarsabz.official
1lQvWegng4w,videos,2020-09-16,182000,329,Fun Corner with Sultans: Sohail Tanvir & Imran Tahir Reacts to Memes | Multan Sultans | Sarsabz,sport_sponsorship,https://www.youtube.com/watch?v=1lQvWegng4w,2020-03-16,182155,329,OK,"Dekhiye apnay pasendeeda Multan Sultans ke players Sohail Tanvir aur Imran Tahir ko mazaydar funny memes dekhtay huway, aur apni team ke players ke baray mein batatay huway.  Watch your favourite players from Multan Sultans Sohail Tanvir & Imran Tahir reacting to funny memes and giving some fun titles to their team players.   #SarsabzKeSultan #MultanSultans #Sarsabz   Follow/Subscribe/Like Sarsabz on: Facebook - https://facebook.com/sarsabzofficial  Twitter - https://twitter.com/sarsabzofficial  YouTube - https://youtube.com/sarsabz  Instagram - https://instagram.com/sarsabz.official"
QIo3F8I44Es,videos,2020-09-16,1400,103,Women's Day Celebration | Female Kissan | Mrs Syeda Kokab Shah | Sarsabz,tabeer_women,https://www.youtube.com/watch?v=QIo3F8I44Es,2020-03-15,1485,103,OK,Salam hai Mrs. Syeda Kokab Shah aur un tamaam khawateeno pe jo kaashtkari jaisay shobay say munstaliq hain aur apni din raat ki mehnat say hamaray mulk ki tareeki me hisaydaar banti hain. #Sarsabz un tamaam khawateen ko khairaj e taseem peish karta hai youm-e-khawateen ke mauqay per!  Teri himat se teray jazbay se sarsabz hai Pakistan!   #Womensweek #Sarsabz #SalamKissan #SarsabzPakistan #YoumEKhawateen
UUrvFagZz9w,videos,2020-09-16,176000,614,Cricketer Mohammad Irfan Talks About His Past | Multan Sultans Ke Kissan | Sarsabz,sport_sponsorship,https://www.youtube.com/watch?v=UUrvFagZz9w,2020-03-14,176070,613,OK,"Watch pride of Multan Sultans Mohammad Irfan talking about his farming background & sharing with us some fun & interesting stories about himself. Share this video with hashtag #SarsabzKeSultan & also tag Sarsabz to win autographed ball & bat.    Dekhiye Multan Sultans ki shaan Mohammad Irfan Sarsabz aur Fatima Fertilizers se apnay zimeydaar gharanay ke mutaliq baat kartay huway, aur janiye unkay baray mein mazaydaar baatein! Es video ko #SarsabzKeSultan hashtag aur Sarsabz ko tag karkay share karein aur jeetain autographed ball aur bat!   Teri himmat se tere jazbay se Sarsabz hai Pakistan, Sal"
o8zYpRUkQ5k,videos,2020-09-16,1800,116,Women’s Day Celebrations | Female Kissan | Mrs Wazir Un Nisa Chaudhry | Sarsabz,tabeer_women,https://www.youtube.com/watch?v=o8zYpRUkQ5k,2020-03-11,1801,116,OK,#Sarsabz salam peish karta hai Mrs. Wazir Un Nisa Chaudhry aur un jaisi tamam khawateeno ko jo kaashtkari jaisay shooboun mein apna naam bana rahi hain. Ayein hum sab mil kar is pooray haftay un sab khawateeno ko salam peish karein jo hamaray mulk ki tareeki mein barabar ki hisaydaar hain!  Teri himat se teray jazbay se sarsabz hai Pakistan!   #Womensweek #Sarsabz #SalamKissan #SarsabzPakistan #YoumEKhawateen
JYVpyWjPZjI,videos,2020-09-16,115000,461,Sultan Ko Peighaam: Shan Masood Answers Fan Questions | Multan Sultans | Sarsabz,sport_sponsorship,https://www.youtube.com/watch?v=JYVpyWjPZjI,2020-03-10,115577,461,OK,"Thank you everyone for sending us your messages for the team Multan Sultans. We made sure the best ones were chosen to be answered by the captain himself, Shan Masood! Watch this fun video where Shan answers all your questions.  Apnay peighamaat Multan Sultans ki team ko bhejnay ka shukriya! Sub say acchay peighamaat ko hum Shan Masood tak le kar gay apkay liye, aur un say jawab record karwaya! Dekhiye yeh mazaydaar video jahan Shan aap sub kay sawalat ke jawab dey rahay hain!  #SarsabzKeSultan #MultanSultans   Follow/Subscribe/Like Sarsabz on: Facebook - https://facebook.com/sarsabzofficial  "
HRr7kpSZFdk,videos,2020-09-16,181000,1129,"Lighter Side with Sultans: Zeeshan Ashraf, Ravi Bopara & Azhar Mahmood | Multan Sultans | Sarsabz",sport_sponsorship,https://www.youtube.com/watch?v=HRr7kpSZFdk,2020-03-06,181587,1128,OK,"Sarsabz presents Lighter Side with Sultans. Get to know your favorite Multan Sultans players even more & find out some interesting stories behind the ground. Share this video with hashtag #SarsabzKeSultan & tag Sarsabz to get a chance to win autographed bat & ball.  Sarsabz laaya Lighter Side with Sultans – Apkay favorite Multan Sultans ke players ke saath, jaaniye unkay baray mein mazaydaar cheezain ground ke peechay say. Es video ko share karein #SarsabzKeSultan hashtag ke saath aur tag karein Sarsabz ko aur jeetein autographed bat & ball.  Players: Zeeshan Ashraf Ravi Bopara Azhar Mahmood  "
Euf2xFDy6zk,videos,2020-09-16,634000,431,Foreign Cricketers Try Pakistani Food | Multan Sultans | Sarsabz,sport_sponsorship,https://www.youtube.com/watch?v=Euf2xFDy6zk,2020-02-27,634392,430,OK,Sarsabz presents a fun video where our Pakistani cricket stars from HBL PSL Multan Sultans introduce foreign cricketers to amazing Pakistani cuisine. Thank you to all the hardworking farmers who work day and night to provide us the best to our plates.   Sarsabz laaya aik mazaydaar video jidher Multan Sultans ke Pakistani cricket stars apnay geir mulki team members ko Pakistani khaanay khila rahay hain! Hum salam peish kartay hain kissanoun ko jo apni din raat ki mehnat say hamaray dastarkhawan sajatay hain!   Players:  Muhammad Irfan Rilee Rossouw Usman Qadir Andy Flower  #SarsabzKeSultan #Mul
x1TPrKD5MgQ,videos,2020-09-16,1500,273,Kabaddi Top 10 Jhappay | SNGPL vs Pak Army | Sarsabz Fertilizers Gold Kabaddi Cup,sport_sponsorship,https://www.youtube.com/watch?v=x1TPrKD5MgQ,2020-01-31,1502,273,OK,Watch best jhappay from Kabaddi (Match for 3rd Position) between SNGPL & Pak Army - Sarsabz Fertilizers Gold Kabaddi Cup in Gujrat!  #Sarsabz #Kabaddi  Follow/Subscribe/Like  Sarsabz on:  Facebook - https://facebook.com/sarsabzofficial Twitter - https://twitter.com/sarsabzofficial YouTube - https://youtube.com/sarsabz Instagram - https://instagram.com/sarsabz.official
oQVA-0jQkn4,videos,2020-09-16,1100,264,Kabaddi Top 10 Moments | SNGPL vs PAF | Sarsabz Fertilizers Gold Kabaddi Cup,sport_sponsorship,https://www.youtube.com/watch?v=oQVA-0jQkn4,2020-01-20,1197,263,OK,Watch best moments from Kabaddi 1st semi final between SNGPL & PAF - Sarsabz Fertilizers Gold Kabaddi Cup in Gujrat!  #Sarsabz #Kabaddi  Follow/Subscribe/Like  Sarsabz on:  Facebook - https://facebook.com/sarsabzofficial Twitter - https://twitter.com/sarsabzofficial YouTube - https://youtube.com/sarsabz Instagram - https://instagram.com/sarsabz.official
8NAPvaDfVak,videos,2020-09-16,1600,231,Kabaddi Top 10 Moments | PAF vs WAPDA | Sarsabz Fertilizers Gold Kabaddi Cup,sport_sponsorship,https://www.youtube.com/watch?v=8NAPvaDfVak,2020-01-13,1681,230,OK,Watch thrilling action from Kabaddi Final between PAF & WAPDA - Sarsabz Fertilizers Gold Kabaddi Cup in Gujrat!  #Sarsabz #Kabaddi  Follow/Subscribe/Like  Sarsabz on:  Facebook - https://facebook.com/sarsabzofficial Twitter - https://twitter.com/sarsabzofficial YouTube - https://youtube.com/sarsabz Instagram - https://instagram.com/sarsabz.official
y6sTmZufLYo,videos,2020-09-16,2200,131,Kissan Day | 18th Dec | Event Highlights,salam_kissan,https://www.youtube.com/watch?v=y6sTmZufLYo,2020-01-05,2257,130,OK,"Sarsabz as a part of their campaign Salam Kissan Sarsabz Pakistan, initiated to make 18th December as a National Kissan Day in Pakistan. Thanks to all the government officials for recognizing it, and believing in the cause by Sarsabz. Here are the event highlights which took place in Islamabad on 18th of December, 2019.  #SalamKissan #SarsabzPakistan #Sarsabz #KissanDay"
7CpE-AWarQE,videos,2020-09-16,3600,215,In The Making of Salam Kissan | Sarsabz,salam_kissan,https://www.youtube.com/watch?v=7CpE-AWarQE,2019-12-30,3651,214,OK,"Sarsabz has put months of planning in making ""Salam Kissan"" song. This song is a true depiction of what farmer goes through. A small token of love & tribute to the farmers of Pakistan for their endless hard work! #SalamKissan #SarsabzPakistan #Sarsabz"
gbuWGNgjDkw,videos,2020-09-16,583,175,Sami Ullah Chauhdhary | Celebrating Kissan Day | Salam Kissan,salam_kissan,https://www.youtube.com/watch?v=gbuWGNgjDkw,2019-12-22,583,175,OK,"Mr. Sami Ullah Chauhdhary, Food Minister Punjab taking about the Kissan Day (18th Dec 219) initiative Sarsabz brought to life. #SalamKissan #SarsabzPakistan #Sarsabz #KissanDay"
0bht9ZAdCuI,videos,2020-09-16,1200,38,Shan Masood | Celebrating Kissan Day | Salam Kissan,salam_kissan,https://www.youtube.com/watch?v=0bht9ZAdCuI,2019-12-18,1264,38,OK,"Shan Masood our country’s cricket talent talks about how Kissans are not given their due appreciation and through Sarsabz’s “Salam Kissan, Sarsabz Pakistan” initiative we can elevate our farmers of the country. #SalamKissan #SarsabzPakistan #Sarsabz #KissanDay"
EdI-qEnT3Jo,videos,2020-09-16,616,44,Sohail Ahmed | Celebrating Kissan Day | Salam Kissan,salam_kissan,https://www.youtube.com/watch?v=EdI-qEnT3Jo,2019-12-18,616,44,OK,Sohail Ahmed celebrating Kissan Day today to pay a tribute to the farmers of Pakistan for their endless hardwork they put all year long. #SalamKissan #SarsabzPakistan #KissanDay #Sarsabz
yNyWwjaWXvc,videos,2020-09-16,1100,41,Madam Azra Mehmood Sheikh | Celebrating Kissan Day on 18th December 2019 | Salam Kissan,salam_kissan,https://www.youtube.com/watch?v=yNyWwjaWXvc,2019-12-18,1127,41,OK,"Madam Azra Mehmood Sheikh (Farmer from tehsil/district Bhawalpur) talking about “Salam Kissan, Sarsabz Pakistan” initiative. 
  Sarsabz celebrating Kissan Day in Pakistan today. 
  
  #SalamKissan #SarsabzPakistan #Sarsabz #KissanDay"
U8Yrw_UDZJ0,videos,2020-09-16,545,46,Haji Abdul Majeed Nizamani | Celebrating Kissan Day on 18th Dec 2019 | Salam Kissan,salam_kissan,https://www.youtube.com/watch?v=U8Yrw_UDZJ0,2019-12-17,545,46,OK,"Renowned Agriculturist Haji Abdul Majeed Nizamani talks about Sarsabz’s initiative “Salam Kissan, Sarsabz Pakistan”.   Celebrating Kissan Day on 18th December 2019.   #SalamKissan #SarsabzPakistan #KissanDay #Sarsabz"
j1Vx5yp4pVo,videos,2020-09-16,1300,73,Rabia Sultan | Celebrating Kissan Day on 18th Dec 2019 | Salam Kissan,salam_kissan,https://www.youtube.com/watch?v=j1Vx5yp4pVo,2019-12-17,1392,72,OK,"Our agriculture star Rabia Sultan talking about the initiative “Salam Kissan, Sarsabz Pakistan” and asking all of you to celebrate Kissan Day on 18th December 2019 to appreciate efforts and hardwork of Kissans. #SalamKissan #SarsabzPakistan #Sarsabz #KissanDay"
gDcXPD9t7RY,videos,2020-09-16,358,48,Sohail Warraich | Celebrating Kissan Day on 18th Dec 2019 | Salam Kissan,salam_kissan,https://www.youtube.com/watch?v=gDcXPD9t7RY,2019-12-17,358,47,OK,"Sohail Warraich is celebrating Kissan Day on 18th December, 2019. Be a part of the tribute, and don't forget to #SalamKissan! #SarsabzPakistan #Sarsabz"
dJ1QYRwNzG0,videos,2020-09-16,513,73,Mustafa Shah | Celebrating Kissan Day on 18th Dec 2019 | Salam Kissan,salam_kissan,https://www.youtube.com/watch?v=dJ1QYRwNzG0,2019-12-16,513,73,OK,Mustafa Shah talks about the backbone of our country - Kissans! Celebrate Kissan Day on 18th December 2019 and pay gratitude to the farmers. #SalamKissan #SarsabzPakistan #Sarsabz #KissanDay
V9cE9eh_W6g,videos,2020-09-16,623,39,Mehmal Sarfraz | Celebrating Kissan Day on 18th Dec 2019 | Salam Kissan,salam_kissan,https://www.youtube.com/watch?v=V9cE9eh_W6g,2019-12-16,623,39,OK,"Senior Analyst Mehmal Sarfraz talks about “Salam Kissan, Sarsabz Pakistan” initiative and how important it’s to elevate the farmers of our country.   Sarsabz is Celebrating Kissan Day on 18th December, 2019.  #SalamKissan #SarsabzPakistan #Sarsabz #KissanDay"
EcP3m6PnNvE,videos,2020-09-16,343,53,Natasha Beyg | Celebrating Kissan Day on 18th Dec 2019 | Salam Kissan,salam_kissan,https://www.youtube.com/watch?v=EcP3m6PnNvE,2019-12-16,343,52,OK,Natasha Beyg is celebrating Kissan Day on 18th December 2019 to pay a tribute to all the farmers in Pakistan for their hard work and efforts they put in all year long. #SalamKissan #SarsabzPakistan #KissanDay #Sarsabz
SUkADJQeYX4,videos,2020-09-16,886,88,"""Salam Kissan, Sarsabz Pakistan"" making waves on media | GTV",salam_kissan,https://www.youtube.com/watch?v=SUkADJQeYX4,2019-12-15,886,88,OK,"""Salam Kissan, Sarsabz Pakistan"" making waves on media. Naseer Ullah Khan (Head of Technical, Fatima Group) talks about the initiative Sarsabz has taken on GTV and how it's becoming a phenomena nationwide.  Sarsabz celebrating Kissan Day on 18th Dec 2019.   #SalamKissan #Sarsabz #SarsabzPakistan #KissanDay"
PkenunwpduU,videos,2020-09-16,2100000,210,Salam Kissan | A Tribute to Farmers of the World by Sarsabz Fertilizers | Ali Noor | Jami Moor,salam_kissan,https://www.youtube.com/watch?v=PkenunwpduU,2019-12-09,2141164,210,OK,"Sarsabz proudly presents #SalamKissan – A step aimed at recognizing the tireless efforts by the Pakistani farmer, who works day & night to ensure that we, the consumers, never have an empty plate. The farmers effort is largely ignored, and we take for granted their contribution in our everyday life; unseen, they work in harsh weather, sun, rain & cold and grow the delicate plants that glean the produce we eat daily, and through this initiative, #Sarsabz aims to recognize and appreciate all that these unbelievably hardworking individuals do for us. #SarsabzPakistan  Celebrating Kissan Day in Pa"
R6u7e9Jb6-Y,videos,2020-09-16,2100,310,Canvas Wall by Sarsabz | Event Highlights,other,https://www.youtube.com/watch?v=R6u7e9Jb6-Y,2019-12-06,2194,309,OK,Sarsabz organised a 2-day Canvas Wall event in Multan. Students from all over Pakistan participated and painted walls of Pak Arab Fertilizer Plant to pay a tribute to the farmers of Pakistan.
pyJ_bPzFmBE,videos,2020-09-16,1000,106,Mohsin & Jehangir | Canvas Wall by Sarsabz,other,https://www.youtube.com/watch?v=pyJ_bPzFmBE,2019-12-05,1019,105,OK,"Our very own Mohsin Hashmi (distributor officer Fatima Group, Multan) talks about #CanvasWall along with him is Multan’s very own, Alamgir Khan son of Multan’s renowned painter Jehangir Khan. #SalamKissan #Sarsabz"
z02v-6D2948,videos,2020-09-16,1900,871,Sophiya Anjam at Canvas Wall event by Sarsabz,other,https://www.youtube.com/watch?v=z02v-6D2948,2019-12-04,1957,870,OK,"Watch #CanvasWall participants pay tribute to the famers of Pakistan, live with Sophiya Anjam all the way from Multan! #SalamKissan #Sarsabz"
0qfW0qrt0EM,videos,2020-09-16,1500,63,Sindh TV report on Canvas Wall by Sarsabz,other,https://www.youtube.com/watch?v=0qfW0qrt0EM,2019-12-04,1546,63,OK,"Sindh TV report on Canvas Wall. Organised by Sarsabz in Multan at Pak Arab Fertilizer Plant, where teams from all over Pakistan participated and painted walls to pay a tribute to the farmers of Pakistan through colors of art."
iYatwZiMg8Q,videos,2020-09-16,278,268,Rohi 2nd Report on Canvas Wall by Sarsabz,other,https://www.youtube.com/watch?v=iYatwZiMg8Q,2019-12-04,278,268,OK,"Rohi channel 2nd report on Canvas Wall. Organised by Sarsabz in Multan at Pak Arab Fertilizer Plant, where teams from all over Pakistan participated and painted walls to pay a tribute to the farmers of Pakistan through colors of art."
vGUqu-44hQw,videos,2020-09-16,426,93,Rohi report on Canvas Wall by Sarsabz,other,https://www.youtube.com/watch?v=vGUqu-44hQw,2019-12-04,426,93,OK,"Rohi channel report on Canvas Wall. Organised by Sarsabz in Multan at Pak Arab Fertilizer Plant, where teams from all over Pakistan participated and painted walls to pay a tribute to the farmers of Pakistan through colors of art."
ip25QAH6RvE,videos,2020-09-16,427,129,Aap News report on Canvas Wall by Sarsabz,other,https://www.youtube.com/watch?v=ip25QAH6RvE,2019-12-04,427,129,OK,"Aap News report on Canvas Wall. Organised by Sarsabz in Multan at Pak Arab Fertilizer Plant, where teams from all over Pakistan participated and painted walls to pay a tribute to the farmers of Pakistan through colors of art."
KFM6ZpGB8iM,videos,2020-09-16,578,82,Geo News report on Canvas Wall by Sarsabz,other,https://www.youtube.com/watch?v=KFM6ZpGB8iM,2019-12-04,578,81,OK,"Geo News report on Canvas Wall. Organised by Sarsabz in Multan at Pak Arab Fertilizer Plant, where teams from all over Pakistan participated and painted walls to pay a tribute to the farmers of Pakistan through colors of art."
qED_bQ8x8g4,videos,2020-09-16,299,129,Waqas & Waseem | 1st Position | Canvas Wall By Sarsabz,other,https://www.youtube.com/watch?v=qED_bQ8x8g4,2019-12-03,299,128,OK,"The amazing 3D painting by the team that secured first position at #CanvasWall event in Multan. Watch this video to find out more about them and the concept behind the painting, paying a tribute to the farmers of Pakistan. #SalamKissan"
q7kWgwoVKZ0,videos,2020-09-16,325,51,Canvas Wall By Sarsabz | Timelapse,other,https://www.youtube.com/watch?v=q7kWgwoVKZ0,2019-12-02,325,50,OK,Teams from all over Pakistan gathered at Pak Arab Fertilizer Plant in Multan to pay a tribute to the farmers of Pakistan by painting the walls. #SalamKissan
2mwg4JiJ9kU,videos,2020-09-16,162,33,Jami | SalamKissan | Sarsabz,salam_kissan,https://www.youtube.com/watch?v=2mwg4JiJ9kU,2019-11-24,162,33,OK,Renowned film maker Jami talks about Sarsabz’s #SalamKissan initiative and how it’s empowering the farmer’s of Pakistan.
4uKo3U0hhNE,videos,2020-09-16,301,34,Ali Noor | SalamKissan | Sarsabz,salam_kissan,https://www.youtube.com/watch?v=4uKo3U0hhNE,2019-11-24,301,33,OK,"“Kissan is like a hero”, Ali Noor from the band Noori talks about the efforts of farmers and the initiative #SalamKissan helping in empowering them."
Y6G6otInF7Q,videos,2020-09-16,3000,101,Sarsabz National Tent Pegging Championship 2019 | Highlights,sport_sponsorship,https://www.youtube.com/watch?v=Y6G6otInF7Q,2019-11-21,3075,101,OK,"Fatima Fertilizer organised Sarsabz National Tent Pegging Championship 2019 from 11th - 15th November, 2019 in Lahore. Watch highlights of all the action and fun! #Sarsabz"
pE8OsZibss8,videos,2020-09-16,652000,50,Sarsabz NP All Benefits | Fatima Fertilizer,np_product_other,https://www.youtube.com/watch?v=pE8OsZibss8,2019-11-20,652379,49,OK,"#Sarsabz ki 5 khoobiyon say bharpoor, aala jaded European technology plant per tiyaar shuda #SarsabzNP Nitrophos."
QeFeikC_dxs,videos,2020-09-16,2400,65,"Neya Daur, Neya Kissan | Drone | Episode 3",other,https://www.youtube.com/watch?v=QeFeikC_dxs,2019-11-18,2409,65,OK,"☘ Neya Daur, Neya Kissan 👩🏽‍🌾 - Dunya ki modern jadeed technology use karkay apni kaashtkari asaan, aur munafabaksh banayein. #NeyaDaurNeyaKissan #Sarsabz"
GkF_dGEmyNw,videos,2020-09-16,935,27,Sarsabz NP Benefit - 5 | Fatima Fertilizer,np_product_other,https://www.youtube.com/watch?v=GkF_dGEmyNw,2019-11-12,935,26,OK,#Sarsabz Nitrophos ki paanchvi khoobi. #SarsabzNP   Sarsabz NP ka estimaal banaye apki zameen ko tawana!
3y4DORkImkw,videos,2020-09-16,301,58,Umer Kamal | Story | Sarsabz National Tent Pegging Championship 2019,sport_sponsorship,https://www.youtube.com/watch?v=3y4DORkImkw,2019-11-11,301,58,OK,"Umer Kamal professional tent pegger shares his story.   Sarsabz National Tent Pegging Championship 2019 happening from 11th to 15th November, 2019.   Event: https://facebook.com/events/414726235892223/"
_txC72rNU4U,videos,2020-09-16,320,51,Tent Peggers taking over the streets of Lahore!,sport_sponsorship,https://www.youtube.com/watch?v=_txC72rNU4U,2019-11-10,320,51,OK,Tent Peggers taking over the streets of Lahore. Are you ready for the most thrilled event of the year? Sarsabz National Tent Pegging Championship 2019 comes to Lahore from 11th - 15th November! Don't miss this!   Event Details - https://www.facebook.com/events/414726235892223/
1d3s0DOw6Jo,videos,2020-09-16,324,67,Faisal Mehmood | Story | Sarsabz National Tent Pegging Championship 2019,sport_sponsorship,https://www.youtube.com/watch?v=1d3s0DOw6Jo,2019-11-10,324,66,OK,"Faisal Mehmood professional tent pegger shares his story.   Sarsabz National Tent Pegging Championship 2019 happening from 11th to 15th November, 2019.   Event: https://facebook.com/events/414726235892223/"
jH-QivF6MuE,videos,2020-09-16,560,72,Kashif Baig | Story | Sarsabz National Tent Pegging Championship 2019,sport_sponsorship,https://www.youtube.com/watch?v=jH-QivF6MuE,2019-11-07,560,71,OK,"Kashif Baig professional tent pegger shares his story.   Sarsabz National Tent Pegging Championship 2019 happening from 11th to 15th November, 2019.   Event: https://www.facebook.com/events/414726235892223/"
lfll_2Y1pRE,videos,2020-09-16,539,31,Tent Pegging comes to Lahore | Promo,sport_sponsorship,https://www.youtube.com/watch?v=lfll_2Y1pRE,2019-11-06,539,30,OK,"Tent Pegging comes to LAHORE! From 11th to 15th November, 2019.  RSVP NOW - https://facebook.com/events/414726235892223/"
QU3n8o6po6Y,videos,2020-09-16,2400,65,"Neya Daur, Neya Kissan | Wind Pump | Episode 2",other,https://www.youtube.com/watch?v=QU3n8o6po6Y,2019-11-04,2424,65,OK,"☘ Neya Daur, Neya Kissan - 👩🏽‍🌾 - Nayi technology use karkay apni kaashtkari ko asaan aur munafabaksh banayein.  #NeyaDaurNeyaKissan #Sarsabz"
h1h9kI_Bds4,videos,2020-09-16,1900,27,Sarsabz NP Benefit - 4 | Fatima Fertilizer,np_product_other,https://www.youtube.com/watch?v=h1h9kI_Bds4,2019-11-01,1975,26,OK,#SarsabzNP Khoobi # 4 - #Sarsabz ki 5 khoobiyon wali NP Nitrophos ka intekhaab karein!   Sarsabz NP dey apko dana mota aur zada paidawaar.
GiuelFT03II,videos,2020-09-16,3500,73,"Neya Daur, Neya Kissan | Combine Harvester | Episode 1",other,https://www.youtube.com/watch?v=GiuelFT03II,2019-10-28,3564,72,OK,"☘ Neya Daur, Neya Kissan 👩🏽‍🌾 - Dunya bhar ke kissan jadeed tareen technology estimaal karkay aapni kaashtkari ko munafabaksh bana rahay hain. Yeh video dekhein, aur aap bhi modern technology ko apnaien."
gFsuKOdpot8,videos,2020-09-16,1900,27,Sarsabz NP Benefit - 3 | Fatima Fertilizer,np_product_other,https://www.youtube.com/watch?v=gFsuKOdpot8,2019-10-26,1963,26,OK,"5 khoobiyon wali #SarsabzNP Nitrophos ki teesri khoobi #Sarsabz  Phosphorus aur Nitrate Nitrogen ka munfarid jor, jo dey taiz tareen aur deirpa khurak.   - Facebook: https://facebook.com/sarsabzofficial"
BWGyJT-9vFE,videos,2020-09-16,1900,27,Sarsabz NP Benefit - 2 | Fatima Fertilizer,np_product_other,https://www.youtube.com/watch?v=BWGyJT-9vFE,2019-10-20,1984,26,OK,"Aala European technology plant per tiyaar shuda, #SarsabzNP nitrophos ki doosri khoobi. #Sarsabz  Sarsabz NP Benefit #2 - Sarsabz NP say millay apko ghani taqatwar jarein!   - Facebook: https://facebook.com/sarsabzofficial"
O1Kk20yV_5c,videos,2020-09-16,1900,27,Sarsabz NP Benefit - 1 | Fatima Fertilizer,np_product_other,https://www.youtube.com/watch?v=O1Kk20yV_5c,2019-10-14,1972,26,OK,#Sarsabz ki paanch khoobiyon wali NP Nitrophos ki pehli khoobi. #SarsabzNP  Sarsabz NP Benefit #1 - banaye apki zameen narm aur dey beeij ka jaandaar ugao!   - Facebook: https://facebook.com/sarsabzofficial
uiB7CkOTeE8,videos,2020-09-16,2400,69,Sarsabz NP | Khazanay Ki Bori | Fatima Fertilizer,np_product_other,https://www.youtube.com/watch?v=uiB7CkOTeE8,2019-09-16,2453,68,OK,Sarsabz by Fatima Fertilizer presents Khazanay Ki Bori - TVC
xbSNBKsqXCc,videos,2020-09-16,2600,61,Sarsabz Fertilizers | TVC | 2011,other,https://www.youtube.com/watch?v=xbSNBKsqXCc,2019-09-16,2670,60,OK,"Fatima Fertilizer proudly launches Sarsabz Fertilizers with product varieties of Nitrophos (NP) Fertilizer, Calcium Ammonium Nitrate (CAN) Fertilizer and Urea Fertilizer."
BWR_ZEbHgTk,videos,2020-09-16,789,11,"Sarsabz - Zameen Ki Jaan, Fasal Ki Shaan | Fatima Fertilizer",advisory_agronomy,https://www.youtube.com/watch?v=BWR_ZEbHgTk,2019-09-16,789,10,OK,"Sarsabz by Fatima Fertilizer - Zameen Ki Jaan, Fasal Ki Shaan!"
H8y0VFv_L5o,videos,2020-09-16,24000,51,Sarsabz NP - All Benefits,np_product_other,https://www.youtube.com/watch?v=H8y0VFv_L5o,2019-09-16,24481,51,OK,Fatima Fertilizers - Sarsabz NP benefits.
OW2M6nPj57Q,videos,2019-09-16,482,24,Sarsabz - 14th August,other,https://www.youtube.com/watch?v=OW2M6nPj57Q,2019-08-13,482,24,OK,Jashn-e-Azaadi Mubarak!
K8izysDU7_o,videos,2019-09-16,269,40,Sarsabz Royals,other,https://www.youtube.com/watch?v=K8izysDU7_o,2019-07-01,269,39,OK,Sarsabz kay saath bano Royal!   #SarsabzRoyals is finally here! #Sarsabz gives all our valued dealers a chance to win amazing gifts!  Kya aap bhi royal hein?
mnGntU6FKYs,videos,2019-09-16,116,16,Sarsabz Royals - Teaser,other,https://www.youtube.com/watch?v=mnGntU6FKYs,2019-07-01,116,16,OK,Sarsabz Royals is finally here! Kya ap bhi royal hein?
pKF5g_EkiZs,videos,2019-09-16,132,92,"Pak Vs Ind - Humaray dil say na khelo, cricket khelo!",sport_sponsorship,https://www.youtube.com/watch?v=pKF5g_EkiZs,2019-06-16,132,91,OK,"Humaray dil say na khelo, cricket khelo! #PakVsInd   #CricketWorldCup19 #CWC19 #PakistanVsIndia"
RD_yCXU_myk,videos,2019-09-16,70,16,Pak Vs India - Eik Chakka Aur!,other,https://www.youtube.com/watch?v=RD_yCXU_myk,2019-06-16,70,15,OK,"Eik Chakka aur!   Nawaz Anjum & Goga jee kay saath, saray #Pakistan ki #TeamGreen ko batting kay liye eik he advice! #PakVsInd  #JeetKaRangSabz #CricketWorldCup19 #CWC19 #PakistanVsIndia"
A7ySOGh8p7E,videos,2019-09-16,153,332,Pak Vs India - Chakka mar jeet lay!,other,https://www.youtube.com/watch?v=A7ySOGh8p7E,2019-06-16,153,331,OK,Chakka maar jeet lay Chowka maar jeet lay!  #PakVsInd - On a lighter note with Nawaz Anjum & Goga Je!  #JeetKaRangSabz #Sarsabz #CricketWorldCup19 #CWC19
FYHBHvJowGQ,videos,2019-09-16,52,10,Pak Vs India - Amir ka over!,other,https://www.youtube.com/watch?v=FYHBHvJowGQ,2019-06-16,52,10,OK,Nawaz Anjum & Goga Je ki Amir say #India ko munh toor bowling ki farmaish!   #JeetKaRangSabz #Sarsabz #CricketWorldCup19 #CWC19 #Pakistan #TeamGreen
8eR-aEDUSu0,videos,2019-09-16,839000,50,Fatima Fertilizer - Maize Testimonial (Faisal Ali),advisory_agronomy,https://www.youtube.com/watch?v=8eR-aEDUSu0,2019-03-18,839644,50,OK,Faisal Ali from Punjab tells the importance of every minute detail related to farming. He is another one of our farmers who attained 10% more yield of maize crop by securing 96 mounds per acre yield. Faisal Ali tells his true story of learning from his elders and adopting modern farming techniques to achieve where He is now. For his efforts he was awarded a prize in yield competition organized by government of Punjab. #SarsabzPakistan
SrcjhbQ1TlQ,videos,2019-09-16,16000,2532,"Sarsabz Rustam-E-Pakistan Dangal, Bahawalpur. 2019",other,https://www.youtube.com/watch?v=SrcjhbQ1TlQ,2019-03-09,16670,2531,OK,Part 7
Ms_AdVdVSBo,videos,2019-09-16,26000,1861,"Sarsabz Rustam-E-Pakistan Dangal, Bahawalpur. 2019",other,https://www.youtube.com/watch?v=Ms_AdVdVSBo,2019-03-09,26160,1861,OK,Part 6
dJER1CP8CTQ,videos,2019-09-16,1800,2356,"Sarsabz Rustam-E-Pakistan Dangal, Bahawalpur. 2019",other,https://www.youtube.com/watch?v=dJER1CP8CTQ,2019-03-09,1869,2356,OK,Part 5
wYR2PHjdF5Y,videos,2019-09-16,9700,2332,"Sarsabz Rustam-E-Pakistan Dangal, Bahawalpur. 2019",other,https://www.youtube.com/watch?v=wYR2PHjdF5Y,2019-03-09,9747,2332,OK,Part 4
YiQpunXrLI8,videos,2019-09-16,2900,2237,"Sarsabz Rustam-E-Pakistan Dangal, Bahawalpur. 2019",other,https://www.youtube.com/watch?v=YiQpunXrLI8,2019-03-09,2989,2236,OK,Part 3
bWNY745I_k0,videos,2019-09-16,181,2451,"Sarsabz Rustam-E-Pakistan Dangal, Bahawalpur. 2019",other,https://www.youtube.com/watch?v=bWNY745I_k0,2019-03-09,181,2451,OK,Part 2
Z98gQcq34Tc,videos,2019-09-16,435,2312,"Sarsabz Rustam-E-Pakistan Dangal, Bahawalpur. 2019",other,https://www.youtube.com/watch?v=Z98gQcq34Tc,2019-03-09,435,2312,OK,Part 1
MdI65ktDzgg,videos,2019-09-16,97,1306,"Sarsabz Pakistan, Khushal Pakistan (Episode 2)",other,https://www.youtube.com/watch?v=MdI65ktDzgg,2019-03-05,97,1306,OK,
upcxglpDKhc,videos,2019-09-16,233,1360,"Sarsabz Pakistan, Khushal Pakistan (Episode 1)",other,https://www.youtube.com/watch?v=upcxglpDKhc,2019-03-04,233,1360,OK,"Sarsabz Pakistan, Khushal Pakistan (Episode 1)"
4_3sqOT7Dps,videos,2019-09-16,2100,583,Makai Ki Kasht,advisory_agronomy,https://www.youtube.com/watch?v=4_3sqOT7Dps,2019-02-26,2138,582,OK,
iNsn-63Qqzs,videos,2019-09-16,2400,616,Aloo Ki Kasht,advisory_agronomy,https://www.youtube.com/watch?v=iNsn-63Qqzs,2019-02-25,2405,616,OK,
cck2IfWc6M8,videos,2019-09-16,1300,867,Kamaad/Ganna Ki Kasht,advisory_agronomy,https://www.youtube.com/watch?v=cck2IfWc6M8,2019-02-22,1383,866,OK,
sZ-bKN5su4s,videos,2019-09-16,368,747,Kapaas ki Kasht,advisory_agronomy,https://www.youtube.com/watch?v=sZ-bKN5su4s,2019-02-22,368,746,OK,
XudWnfL_a7A,videos,2019-09-16,345,729,Tursha Phal Ki Kasht,advisory_agronomy,https://www.youtube.com/watch?v=XudWnfL_a7A,2019-02-21,345,729,OK,
X5A9MvOluIE,videos,2019-09-16,23000,591,Gandum Ki Kasht,advisory_agronomy,https://www.youtube.com/watch?v=X5A9MvOluIE,2019-02-19,23976,591,OK,Gandum ki Kasht ka muffeed tareeka Sarsabz ki badolat.
UmeX0A_fX1M,videos,2019-09-16,339,298,"Sarsabz Cotton Seminar - Multan, 2019 (Highlights)",advisory_agronomy,https://www.youtube.com/watch?v=UmeX0A_fX1M,2019-01-15,339,298,OK,"Sarsabz Fertilizers continues to lead the agriculture industry by organizing a first of its kind Cotton Seminar in Multan. The participants in the seminar ranged from farmers, researchers, government policy makers and industrialists as well a healthy participation from students. This gave all stakeholders a unique opportunity to come together and discuss the issues being faced by Cotton growers and input providers.   Our partners for the event were: Pakistan Federal Government Pakistan Provincial Government of Punjab Pakistan Kissan Ittehad N.S. Agriculture University, Multan Fatima Fertilizer"
_DY-i2BYB8A,videos,2019-09-16,255,305,Sarsabz Cotton Seminar - Cotton Declaration,advisory_agronomy,https://www.youtube.com/watch?v=_DY-i2BYB8A,2019-01-14,255,305,OK,"Sahabzada Muhammad Mehboob Sultan, Minister for Food Security & Research reads the Cotton Declaration 2018 presented at Sarsabz Cotton Seminar, Multan.   Cotton Seminar, Multan 7 January 2019 Public Announcement  1. The Government, farmers and industry are going to leave no stone unturned in order to ensure that we collectively meet the set target of 15 million bales for the year of 2019.    2. All assistance will be provided for the acquisition of latest technology. Maximum efforts will be undertaken for the development and promotion of cotton.  3. The government will increase the agricultura"
bLrG3MBM9Vo,videos,2019-09-16,536000,3555,Kabaddi Final - PAF vs Wapda | Sarsabz,sport_sponsorship,https://www.youtube.com/watch?v=bLrG3MBM9Vo,2018-12-15,536959,3555,OK,"Day 4 -  - Ch Zahoor Elahi Shaheed Sarsabz Fertilizers Gold Kabaddi Cup, Gujrat Final Match Pakistan Air Force V/S Wapda"
6OLumkzUolE,videos,2019-09-16,3700,2839,"Ch Zahoor Elahi Shaheed Sarsabz Fertilizers Gold Kabaddi Cup, Gujrat | Sarsabz",sport_sponsorship,https://www.youtube.com/watch?v=6OLumkzUolE,2018-12-15,3739,2838,OK,Day 4 Match for 3rd Position SNGPL V/S Pakistan Army
zkx3i8Py-KE,videos,2019-09-16,647000,2622,"Ch Zahoor Elahi Shaheed Sarsabz Fertilizers Gold Kabaddi Cup, Gujrat | Sarsabz",sport_sponsorship,https://www.youtube.com/watch?v=zkx3i8Py-KE,2018-12-15,647943,2622,OK,Day 3 2nd Semi Final Pakistan Army V/S Wapda
3OzV-lAEyJw,videos,2019-09-16,2300,2778,"Ch Zahoor Elahi Shaheed Sarsabz Fertilizers Gold Kabaddi Cup, Gujrat | Sarsabz",sport_sponsorship,https://www.youtube.com/watch?v=3OzV-lAEyJw,2018-12-15,2376,2777,OK,Day 3 1st Semi Final SNGPL V/S Pakistan Air Force
P2AuET0s_t8,videos,2019-09-16,740,1131,"Ch Zahoor Elahi Shaheed Sarsabz Fertilizers Gold Kabaddi Cup, Gujrat | Sarsabz",sport_sponsorship,https://www.youtube.com/watch?v=P2AuET0s_t8,2018-12-15,740,1131,OK,Day 2 Punjab V/S SNGPL
3Kwr5R6lEvw,videos,2019-09-16,5900,1835,"Ch Zahoor Elahi Shaheed Sarsabz Fertilizers Gold Kabaddi Cup, Gujrat",sport_sponsorship,https://www.youtube.com/watch?v=3Kwr5R6lEvw,2018-12-15,5962,1834,OK,Day 2 Police V/S Wapda
p9m0TXqCGLU,videos,2019-09-16,301,1448,"Ch Zahoor Elahi Shaheed Sarsabz Fertilizers Gold Kabaddi Cup, Gujrat | Sarsabz",sport_sponsorship,https://www.youtube.com/watch?v=p9m0TXqCGLU,2018-12-15,301,1448,OK,Day 2  Pakistan Air Force V/S HEC
Yn6IIuCyI-U,videos,2019-09-16,964,2068,"Ch Zahoor Elahi Shaheed Sarsabz Fertilizers Gold Kabaddi Cup, Gujrat | Sarsabz",sport_sponsorship,https://www.youtube.com/watch?v=Yn6IIuCyI-U,2018-12-14,964,2068,OK,Day 2 Police V/S Pakistan Army
VanKTtIxyZg,videos,2019-09-16,578,1296,"Ch Zahoor Elahi Shaheed Sarsabz Fertilizers Gold Kabaddi Cup, Gujrat | Sarsabz",sport_sponsorship,https://www.youtube.com/watch?v=VanKTtIxyZg,2018-12-14,578,1295,OK,Day 2 HEC V/S SNGPL
uNuTJ6vSRs4,videos,2019-09-16,150,1121,"Ch Zahoor Elahi Shaheed Sarsabz Fertilizers Gold Kabaddi Cup, Gujrat",sport_sponsorship,https://www.youtube.com/watch?v=uNuTJ6vSRs4,2018-12-14,150,1121,OK,Day 2 Wapda V/S Pakistan Railways
v3qB5jgcHk0,videos,2019-09-16,269,1654,"Ch Zahoor Elahi Shaheed Sarsabz Fertilizers Gold Kabaddi Cup, Gujrat | Sarsabz",sport_sponsorship,https://www.youtube.com/watch?v=v3qB5jgcHk0,2018-12-14,269,1654,OK,Day 2 Pakistan Air Force V/S Punjab
8Uw0gbYbNH4,videos,2019-09-16,355,1002,"Ch, Zahoor Elahi Shaheed Sarsabz Fertilizers Gold Kabaddi Cup, Gujrat",sport_sponsorship,https://www.youtube.com/watch?v=8Uw0gbYbNH4,2018-12-14,355,1001,OK,Day 2 Pakistan Army V/S Pakistan Railways
9L0J0rhlS5A,videos,2019-09-16,369,957,"Ch, Zahoor Elahi Shaheed Sarsabz Fertilizers Gold Kabaddi Cup, Gujrat | Sarsabz",sport_sponsorship,https://www.youtube.com/watch?v=9L0J0rhlS5A,2018-12-14,369,957,OK,Day 1 Pakistan Army V/S Khyber Pakhtunkhwa
FycdIpKwX0E,videos,2019-09-16,391,1116,"Ch, Zahoor Elahi Shaheed Sarsabz Fertilizers Gold Kabaddi Cup, Gujrat",sport_sponsorship,https://www.youtube.com/watch?v=FycdIpKwX0E,2018-12-14,391,1116,OK,Day 1 Pakistan Air Force V/S POF Wah
rVmXKcSW7M0,videos,2019-09-16,325,1327,"Ch, Zahoor Elahi Shaheed Sarsabz Fertilizers Gold Kabaddi Cup, Gujrat | Sarsabz",sport_sponsorship,https://www.youtube.com/watch?v=rVmXKcSW7M0,2018-12-14,325,1326,OK,Day 1 SNGPL V/S Balochistan
MHCxbDrcMSE,videos,2019-09-16,299,1132,"Ch, Zahoor Elahi Shaheed Sarsabz Fertilizers Gold Kabaddi Cup, Gujrat | Sarsabz",sport_sponsorship,https://www.youtube.com/watch?v=MHCxbDrcMSE,2018-12-14,299,1132,OK,Day 1 Wapda V/S Sindh
ATMWbeCuVwM,videos,2019-09-16,1700,2488,"Ch, Zahoor Elahi Shaheed Sarsabz Fertilizers Gold Kabaddi Cup, Gujrat | Sarsabz",sport_sponsorship,https://www.youtube.com/watch?v=ATMWbeCuVwM,2018-12-14,1705,2488,OK,Day 1 POF Wah V/S HEC
3JlNtq1Hac8,videos,2019-09-16,383,1852,"Sarsabz Kissan Kabaddi Mela, Jhang | Sarsabz",sport_sponsorship,https://www.youtube.com/watch?v=3JlNtq1Hac8,2018-11-23,383,1852,OK,2nd Match Pakistan Green v/s Pakistan White
SaC0GNXU8Us,videos,2019-09-16,726,1551,"Sarsabz Kissan Kabaddi Mela, Jhang | Sarsabz",sport_sponsorship,https://www.youtube.com/watch?v=SaC0GNXU8Us,2018-11-23,726,1551,OK,1st  Match Faisalabad Sherdills v/s Punjab Tigers
siEQmVWMHzg,videos,2019-09-16,1500,62,Haji Abdul Majeed Nizamani - leader of Sindhi farmers,other,https://www.youtube.com/watch?v=siEQmVWMHzg,2018-11-20,1533,62,OK,"Haji Abdul Majeed Nizamani, leader of Sindhi farmers and President of Sindh Abaadgaar Board, tells us his life story of determination and optimism. He speaks for the Sindhi farmers who persevere against all odds; facing extremely challenging conditions and agronomics.  Sarsabz Fertilizers, being true to its calling, continues to be a partner of such progressive farmers of Pakistan!"
YZR28XIzXXs,videos,2019-09-16,383000,62,"Sarsabz Fertilizer - Wheat Testimonial, Haji Abdul Majeed Nizamani",advisory_agronomy,https://www.youtube.com/watch?v=YZR28XIzXXs,2018-11-15,383805,62,OK,"Haji Abdul Majeed Nizamani, leader of Sindhi farmers and President of Sindh Abaadgaar Board, tells us his life story of determination and optimism. He speaks for the Sindhi farmers who persevere against all odds; facing extremely challenging conditions and agronomics.  Sarsabz Fertilizers, being true to its calling, continues to be a partner of such progressive farmers of Pakistan!"
8D8NEMOc31s,videos,2019-09-16,417000,4938,Killer FINAL Kabaddi Match - WAPDA vs PAK AIR FORCE | Sarsabz,sport_sponsorship,https://www.youtube.com/watch?v=8D8NEMOc31s,2018-11-07,417502,4937,OK,"Sarsabz Kissan Kabaddi Tournament, Lakho Daher, Pattoki organized by Sarsabz Fertilizers!"
22fIIu3spDA,videos,2019-09-16,4500,2692,Kabaddi Match WAPDA vs SUI GAS | Sarsabz,sport_sponsorship,https://www.youtube.com/watch?v=22fIIu3spDA,2018-11-07,4502,2691,OK,"Sarsabz Kissan Kabaddi Tournament, Lakho Daher, Pattoki organized by Sarsabz Fertilizers!"
1vjsymB6-I0,videos,2019-09-16,510,102,"Sarsabz Kissan Kabaddi Tournament, Pattoki - Highlights | Sarsabz",sport_sponsorship,https://www.youtube.com/watch?v=1vjsymB6-I0,2018-10-30,510,101,OK,"Sarsabz Fertilizers in partnership with Pakistan Kabaddi Federation and Kissan Ittehad organized a Kabaddi tournament in Lakho Daher, Pattoki, Punjab, Pakistan. The teams which participated were:  Pakistan Airforce  WAPDA SUI GAS"
CvHp0oInjXA,videos,2018-09-16,867000,51,Sarsabz Fertilizers Usage on Rice Crop - Akhtar Hayat's Testimonial,advisory_agronomy,https://www.youtube.com/watch?v=CvHp0oInjXA,2018-06-08,867437,50,OK,"Akhtar Hayat, is our progressive farmer from Sarghoda. He tells us his story of following the footsteps of his father in becoming a farmer! Using Sarsabz's technical services and specialized fertilizers, he managed to become one of the highest yield achievers in Fine Rice crop in Punjab! The Govt. recognized him in a provincial Rice Yield Competition 2017.  Sarsabz's technical team is available for all type of crop guidance and soil analysis, call them free at 0800-91919!"
w5JJvn83qoo,videos,2018-09-16,197000,52,Highest Cotton Yield in Sahiwal - Zahid's Testimonial,advisory_agronomy,https://www.youtube.com/watch?v=w5JJvn83qoo,2018-06-07,197748,51,OK,
-tJ22-R8dxU,videos,2018-09-16,6900,66,Highest Cotton Yield in Punjab - Rabia Sultan's Testimonial,sport_sponsorship,https://www.youtube.com/watch?v=-tJ22-R8dxU,2018-06-07,6964,65,OK,"Rabia Sultan, a progressive farmer from Pakistan and president of Farmer Association of Pakistan tells us her story of becoming a farmer. In 2017, she clinched the 1st Prize for Farmer-Farmer competition on Cotton organized by Govt. of Punjab. Sarsabz Fertilizer has stood beside her throughout her journey and has managed to give her more than 10% increase in yield for cotton compared to regular fertilizers!"
xtZYJW0PcxM,videos,2018-09-16,555,59,Faisalabad Sherdils Launch,corporate_award,https://www.youtube.com/watch?v=xtZYJW0PcxM,2018-05-07,555,59,OK,"Sarsabz Fertilizer takes up the Title Sponsorship of Faisalabad Sherdils Kabaddi Team in the Super Kabaddi League, Pakistan. Here are the highlights of the team launch event!"
sm-w3O_0GmM,videos,2018-09-16,539,49,Sarsabz National Tent Pegging Championship 2018!,sport_sponsorship,https://www.youtube.com/watch?v=sm-w3O_0GmM,2018-03-09,539,49,OK,"Sarsabz Fertilizer brings Sarsabz National Tent Pegging Championship 2018!   Championing rural sports in Pakistan, Sarsabz Fertilizer is not only increasing yields of farmers by 10% compared to conventional fertilizers but also helping promote favorite sports of our dear farmers!   Sarsabz National Tent Pegging Championship was held at Agriculture University of Faisalabad and was organized by the Equestrian Federation of Pakistan & Punjab Rangers.   Credit for Soundtrack: Sukhwinder Singh - Sultan"
8456p2m1IyI,videos,2018-09-16,369000,61,Dus Feesad Aur! | Wheat Crop | Sarsabz Fertilizers,advisory_agronomy,https://www.youtube.com/watch?v=8456p2m1IyI,2018-02-28,369675,60,OK,"We conducted in-depth research and analysis on 500+ demo plots across Pakistan to prove that NP and CAN when compared to conventional fertilizers Urea and DAP, gives on average 10% more yield on Wheat (...and other crops such as Rice, Potato, Maize and Sugarcane!).   Focus groups and other qualitative researches were conducted to understand aspirations of farmers which revolved around daughter's wedding, family's lifestyle improvement and son/daughter's education. This campaign was built on such insights and proved to be not only a game changer for Sarsabz but a major disruptive communication "
gAHTJ47UErQ,videos,2018-09-16,28000,343,Fatima Group Corporate Profile - Fatima Fertilizer & Pak Arab Fertilizer,other,https://www.youtube.com/watch?v=gAHTJ47UErQ,2017-12-12,28624,343,OK,"Fatima Group, Pakistan's leading industrial conglomerate operates as one of the biggest Fertilizer player in the Agriculture industry of Pakistan with three plants under its name:   1) Pak Arab Fertilizer Ltd. 2)Fatima Fertilizer Company Ltd. 3) FatimaFert (previously known as DH Fertilizer Ltd.)"
tr5_CaeYFfc,videos,2018-09-16,27000,61,Sarsabz Fertilizer NP & CAN - Rabi 2017 - Khaad Muft He Samjho,np_product_other,https://www.youtube.com/watch?v=tr5_CaeYFfc,2017-11-23,27449,60,OK,"Sarsabz Fertilizer continues to set a firm foot in the Agriculture Sector of Pakistan by positioning itself as trusted adviser for Progressive Farmers of Pakistan! We not only  nourish their soils but also enrich their lives by giving them a higher return on their investment!   When Pakistan's progressive farmers use Sarsabz NP and Sarsabz CAN against conventional fertilizers like Urea and DAP, they get more than 10% yield which pays back their cost of fertilizer itself – Yaani, Khaad Muft he Samjho!"
LNGM8tIqilc,videos,2018-09-16,828,975,"Sarsabz Dhaan Seminar, Gujranwala 2017",advisory_agronomy,https://www.youtube.com/watch?v=LNGM8tIqilc,2017-09-18,828,975,OK,"Sarsabz Fertilizer (Fatima Fertilizer) in association with Government of Punjab & Rice Research Institute organized Dhaan (Rice) Seminar at Marrion Hotel, Gujranwala on 7th September 2017.  The event hosted 3000+ farmers, Secretary Agriculture Punjab Government, DG Agriculture Research, DG Pest Warning, Director Wheat Research, Rice Exporters, President Kissan Ittehad and other stakeholders from Agriculture industry.  Topics discussed ranged from Rice Agronomy & Production Techniques, Balanced use of Sarsabz Fertilizer NP and CAN, Export Market Analysis and other latest research on rice."
khNEmw9NNS8,shorts,,154,,Dil Se Dekho Sarsabz Pakistan | Independence Day | Sarsabz Pakistan,national_calendar,https://www.youtube.com/shorts/khNEmw9NNS8,2026-09-14,154,44,OK,"From breathtaking landscapes to vibrant cities and the people who make Pakistan special, you showed us your Pakistan through your eyes and your hearts.  Thank you for being a part of #DilSeSarsabz and celebrating the spirit of Pakistan with us.  #DilSeDekhoSarsabzPakistan #SarsabzPakistan"
ea1gvQwEjfQ,shorts,,556,,Winners | Dil Se Dekho Sarsabz Pakistan',national_calendar,https://www.youtube.com/shorts/ea1gvQwEjfQ,2026-09-08,560,12,OK,"A huge CONGRATULATIONS to our top winners!   Your creative videos captured the beauty, heritage, and spirit of Pakistan, bringing our homeland to life through your unique entries.  Thank you for sharing Pakistan through your eyes and inspiring us with every frame.  #DilSeSarsabz #DilSeDekhoSarsabzPakistan #SarsabzPakistan #IndependenceDay2026"
MC7yHC9wU-A,shorts,,9900000,,Sarsabz Nitrophos Scheme 2026,nitrophos_scheme_promo,https://www.youtube.com/shorts/MC7yHC9wU-A,2026-08-17,9999889,16,OK,"Sarsabz laya kissan bhaiyon ke liye shandaar, qeemti inamaat jeetnay ka mauqa!   Sarsabz Nitrophos ki bori khareedein aur us per laga 9 hindson wala sticker code apnay naam aur ilaqay ke saath 03000300641 per SMS karein ya Sarsabz Pakistan Mobile App per apni entry register karwayein!  #SarsabzPakistan #SarsabzNitrophos #NitrophosKoLagaAurJeetaJa"
kL7iZQa88Hw,shorts,,948000,,Dil Se Dekho Sarsabz Pakistan Challenge 2026,national_calendar,https://www.youtube.com/shorts/kL7iZQa88Hw,2026-08-12,948524,23,OK,"Jaldi karein! Aaj hi apnay shehar ki video #DilSeSarsabz hashtag aur 'Sarsabz Pakistan Challenge 2026' audio ke sath apnay TikTok, Instagram ya Facebook account par upload karein aur jeetein iPhone 17 Pro Max, Skardu Tour, EV Bike, CD 70 Bike aur Electric Scooty!  #DilSeDekhoSarsabzPakistan #SarsabzPakistan #IndependenceDay2026"
qgepwtDDGVk,shorts,,397,,Weekly Winners,other,https://www.youtube.com/shorts/qgepwtDDGVk,2026-08-xx,,,date_inferred_from_campaign,
_tj8fq5mJqk,shorts,,695000,,Dil Se Dekho Sarsabz Pakistan,national_calendar,https://www.youtube.com/shorts/_tj8fq5mJqk,2026-08-11,695202,25,OK,"Apnay shehar ki video #DilSeSarsabz hashtag aur 'Sarsabz Pakistan Challenge' audio ke sath aaj hi apnay TikTok, Instagram ya Facebook account par upload karein aur jeetein iPhone 17 Pro Max, Skardu Tour, EV Bike, CD 70 Bike aur Electric Scooty!  #DilSeDekhoSarsabzPakistan #SarsabzPakistan #IndependenceDay2026"
4b26qjL_zSs,shorts,,889000,,Dil Se Dekho Sarsabz Pakistan Challenge,national_calendar,https://www.youtube.com/shorts/4b26qjL_zSs,2026-07-xx,,,date_inferred_from_campaign,
aifZG_1iIls,shorts,,627000,,Dil Se Dekho Sarsabz Pakistan,national_calendar,https://www.youtube.com/shorts/aifZG_1iIls,2026-08-07,627596,18,OK,"Aaj hi apnay shehar ki video banayein. #DilSeSarsabz hashtag aur 'Sarsabz Pakistan Challenge' audio ke sath apnay TikTok, Instagram ya Facebook account par upload karein aur jeetein iPhone 17 Pro Max, Skardu Tour, EV Bike, CD 70 Bike aur Electric Scooty!  #DilSeDekhoSarsabzPakistan #SarsabzPakistan #IndependenceDay2026"
asQ7UsItMxw,shorts,,530000,,'Dil Se Sarsabz Pakistan' Challenge,other,https://www.youtube.com/shorts/asQ7UsItMxw,2026-08-06,530063,27,OK,"Apnay shehar ki video #DilSeSarsabz hashtag aur 'Sarsabz Pakistan Challenge' audio ke sath apnay TikTok, Instagram ya Facebook account par upload karein aur jeetein iPhone 17 Pro Max, Skardu Tour, EV Bike, CD 70 Bike aur Electric Scooty!  #DilSeDekhoSarsabzPakistan #SarsabzPakistan #IndependenceDay2026"
dQS_P9jBBBg,shorts,,2900,,Dil Se Dekho Sarsabz Pakistan | Winners | Week 2,national_calendar,https://www.youtube.com/shorts/dQS_P9jBBBg,2026-08-05,2981,30,OK,"Congratulations to this week’s winners!  Thank you for sharing your unique, breathtaking perspectives of our beautiful country through your lenses! From historic streets to lush natural landscapes, your entries truly show what it means to see our land with love.  Keep sharing your videos with #DilSeSarsabz for a chance to win our grand prizes!   #WeeklyWinners #DilSeDekhoSarsabzPakistan #DilSeSarsabz #SarsabzPakistan #IndependenceDay2026"
3JU7-oHy7tQ,shorts,,539000,,Dil Se Sarsabz Pakistan Challenge,other,https://www.youtube.com/shorts/3JU7-oHy7tQ,2026-08-03,539178,27,OK,"#DilSeSarsabz hashtag aur 'Sarsabz Pakistan Challenge' audio ke sath apnay shehar ki video TikTok, Instagram ya Facebook account par upload karein aur jeetein iPhone 17 Pro Max, Skardu Tour, EV Bike, CD 70 Bike aur Electric Scooty!  #DilSeDekhoSarsabzPakistan #DilSeSarsabz #SarsabzPakistan #IndependenceDay2026"
_ISTst0Io08,shorts,,591000,,Dil Se Sarsabz Pakistan Challenge,other,https://www.youtube.com/shorts/_ISTst0Io08,2026-07-31,591540,27,OK,"Aaj hi apnay shehar ki khubsurati ko video mein record karein. #DilSeSarsabz aur 'Sarsabz Pakistan Challenge' audio ke sath apnay TikTok, Instagram ya Facebook account par upload karein aur jeetein iPhone 17 Pro Max, Skardu Tour, EV Bike, CD 70 Bike aur Electric Scooty!  #DilSeDekhoSarsabzPakistan #DilSeSarsabz #SarsabzPakistan #IndependenceDay2026"
gdwxDhhPijo,shorts,,2500,,Dil Se Dekho Sarsabz Pakistan | Winners | Week 1,national_calendar,https://www.youtube.com/shorts/gdwxDhhPijo,2026-08-xx,,,date_inferred_from_campaign,
DL5JuinAOTk,shorts,,631000,,Dil Se Dekho Sarsabz Pakistan Challenge,national_calendar,https://www.youtube.com/shorts/DL5JuinAOTk,2026-07-28,631118,48,OK,"Apnay shehar ki khubsurati ko video mein record karein. #DilSeSarsabz hashtag aur 'Sarsabz Pakistan Challenge' audio ke sath apnay TikTok, Instagram ya Facebook account par upload karein. Aur jeetein iPhone 17 Pro Max, Skardu Tour, EV Bike, CD 70 Bike aur Electric Scooty!  #DilSeDekhoSarsabzPakistan #DilSeSarsabz #SarsabzPakistan #IndependenceDay2026"
vXhWSuXdzp0,shorts,,3200,,Terms & Conditions,other,https://www.youtube.com/shorts/vXhWSuXdzp0,2026-07-xx,,,date_inferred_from_campaign,
Tmg7YrMMeiA,shorts,,655000,,Dil Se Dekho Sarsabz Pakistan | Independence Day,national_calendar,https://www.youtube.com/shorts/Tmg7YrMMeiA,2026-07-24,655325,37,OK,"Aaj hi 'Dil Se Dekho Sarsabz Pakistan' competition mein hissa lein. Apnay shehar ki khubsurati ko video mein record karein. #DilSeSarsabz hashtag aur is audio ke sath apnay TikTok, Instagram ya Facebook account par upload karein. Aur jeetein iPhone 17 Pro Max, Skardu Tour, EV Bike, CD 70 Bike aur Electric Scooty!  #DilSeDekhoSarsabzPakistan #DilSeSarsabz #SarsabzPakistan #IndependenceDay2026"
ajbE_bGBhw8,shorts,,3600,,Terms & Conditions | Dil Se Dekho Sarsabz Pakistan,national_calendar,https://www.youtube.com/shorts/ajbE_bGBhw8,2026-07-xx,,,date_inferred_from_campaign,
kb3q9s9daYI,shorts,,649000,,Dil Se Dekho Sarsabz Pakistan,national_calendar,https://www.youtube.com/shorts/kb3q9s9daYI,2026-07-20,649957,15,OK,"Is Jashn-e-Azaadi ke mauqay per 'Dil Se Dekho Sarsabz Pakistan' competition mein hissa lein. Apnay shehar ki khubsurati ko video mein record karein. #DilSeSarsabz hashtag aur es audio ke sath apnay TikTok, Instagram ya Facebook account par upload karein. Aur jeetein iPhone 17 Pro Max, Skardu Tour, EV Bike, CD 70 Bike aur Electric Scooty!  #DilSeDekhoSarsabzPakistan #DilSeSarsabz #SarsabzPakistan #IndependenceDay2026"
XzpUJvQMPHc,shorts,,594000,,"Salam Kissan, Sarsabz Pakistan!",salam_kissan,https://www.youtube.com/shorts/XzpUJvQMPHc,2025-12-xx,,,date_inferred_from_campaign,
ewOknRTj03w,shorts,,485000,,Mulk ke tumam mehnatkash kissanon ko Salam!,other,https://www.youtube.com/shorts/ewOknRTj03w,2025-12-17,485791,9,OK,Mulk ke tumam mehnatkash kissanon ko Salam!  Celebrating Kissan Day on 18th December!                                    #SalamKissan #KissanDay #SarsabzPakistan
LC0NhNPU1Ic,shorts,,4000000,,Behind every meal is a farmer's hard work.,other,https://www.youtube.com/shorts/LC0NhNPU1Ic,2025-12-xx,,,date_inferred_from_campaign,
QfR5uPqdmjo,shorts,,1000000,,"Salam Kissan, Sarsabz Pakistan",salam_kissan,https://www.youtube.com/shorts/QfR5uPqdmjo,2025-12-15,1002540,9,OK,Kyun ke Kissan hai toh hum hein.  Celebrating Kissan Day on 18th December!  #SalamKissan #KissanDay #SarsabzPakistan
hfIC9a-Fots,shorts,,1000000,,Kissan Ki Mehnat,other,https://www.youtube.com/shorts/hfIC9a-Fots,2025-12-13,1001255,9,OK,Ye mulk chalta hai kissan ki mehnat se.  Celebrating Kissan Day on 18th December!  #SalamKissan #KissanDay #SarsabzPakistan
bRiMDHr8mTI,shorts,,1000000,,"Salam Kissan, Sarsabz Pakistan",salam_kissan,https://www.youtube.com/shorts/bRiMDHr8mTI,2025-12-11,1005590,10,OK,Kissan kabhi rukta nahi.  Celebrating Kissan Day on 18th December!  #SalamKissan #KissanDay #SarsabzPakistan
NluNk5dpZw0,shorts,,5300000,,Salam Kissan 2025 | Kissan Day 18th Dec | A Tribute to Farmers by Sarsabz Fertilizers,salam_kissan,https://www.youtube.com/shorts/NluNk5dpZw0,2025-12-11,5387086,41,OK,"18th December Kissan Day – Sarsabz Fertilizers carries forward its tradition of paying tribute to the hands that feed the nation. This Kissan Day, join us in celebrating the strength and resilience of our farmers, the true protectors of Pakistan’s food security.  #SalamKissan #SarsabzPakistan #KissanDay"
AJSrHulG5x8,shorts,,29000,,Dil Se Sarsabz | Milli Naghma,other,https://www.youtube.com/shorts/AJSrHulG5x8,2025-08-01,29676,43,OK,"#DilSeSarsabz Milli Naghma competition mein Haroon ki tarah ap bhi apni TikTok video bana kar apnay account per upload karein aur mauqa payein iPhone 16 Pro Max, Honda EV Bike, 125 Bike aur Sarsabz ki taraf se shandaar inamaat jeetnay ka!  #DilSeSarsabz #SarsabzPakistan #IndependenceDay2025 #FatimaFertilizer"
kOrx__cm5EA,shorts,,38000,,Dill Se Sarsabz,other,https://www.youtube.com/shorts/kOrx__cm5EA,2025-07-31,38575,40,OK,"Milli Naghma gaatay huay apni TikTok video bana kar #DilSeSarsabz ke sath apnay account per upload karein aur mauqa payein iPhone 16 Pro Max, Honda EV Bike, 125 Bike aur Sarsabz ki taraf se shandaar inamaat jeetnay ka!  #DilSeSarsabz #SarsabzPakistan #IndependenceDay2025 #FatimaFertilizer"
ZdyooEF58Jo,shorts,,79000,,Dil Se Sarsabz | Independence Day | Sarsabz Pakistan,national_calendar,https://www.youtube.com/shorts/ZdyooEF58Jo,2025-07-28,79901,40,OK,"Aaj hi apna pasandeeda Milli Naghma gaatay huay apni video record karein aur TikTok per #DilSeSarsabz ke sath upload karein aur jeetein iPhone 16 Pro Max, Honda EV Bike, 125 Bike aur Sarsabz ki taraf se shandaar inamaat.  #DilSeSarsabz #SarsabzPakistan #IndependenceDay2025 #FatimaFertilizer"
LEISoNY9fwI,shorts,,130000,,Dil Se Sarsabz| Independence Day | 14th August,national_calendar,https://www.youtube.com/shorts/LEISoNY9fwI,2025-07-24,130531,10,OK,"This Independence Day, let your voice shine with Sarsabz!  Sing your favorite milli naghma, post it on TikTok with #DilSeSarsabz and get a chance to win amazing prizes including iPhone 16 Pro Max, EV Bike, 125 Bike and exclusive Sarsabz gift hampers.  📅 Submit your video before 5th August 2025. 🎤 Top 10 shortlisted contestants will perform live at an exclusive event. 🏆 3 winners will be awarded grand prizes at the event. 🎁 Top 3 most engaging TikTok posts will receive special giveaways.  Step into the spotlight and sing for Pakistan!  #DilSeSarsabz #SarsabzPakistan #IndependenceDay2025 #Fatima"
cYhKhsFpD2s,shorts,,5600,,Sarsabz Ke Sultan | Chris Jordan,sport_sponsorship,https://www.youtube.com/shorts/cYhKhsFpD2s,2025-04-18,5624,8,OK,"Sarsabz ke Sultan, Chris Jordan ka paighaam!  #SarsabzKeSultan #MultanSultans #HBLPSLX #SarsabzPakistan"
y_JXTnFDf9E,shorts,,4100,,Ask The Sultan | Iftikhar Ahmed | Sarsabz Ke Sultan,sport_sponsorship,https://www.youtube.com/shorts/y_JXTnFDf9E,2025-04-18,4105,5,OK,Apnay pasandeeda Sarsabz Ke Sultan se comments mein apna sawal poochein aur video ke zariye apna jawab hasil karein!  #SarsabzKeSultan #MultanSultans #HBLPSLX #SarsabzPakistan
tRD1wlJIYfs,shorts,,2400,,Sarsabz Fertilizers Celebrating Kissan Day on 18th December!,salam_kissan,https://www.youtube.com/shorts/tRD1wlJIYfs,2024-12-06,2463,15,OK,Kissanoun ki anthak mehnat ko salam! Ayein 18th December ko Kissan Day hamaray sath mil kar manayen.   #SalamKissan #KissanDay #SarsabzPakistan
PHXK8cX8zqc,shorts,,1900,,Sarsabz Fertilizers Celebrating Kissan Day on 18th December!,salam_kissan,https://www.youtube.com/shorts/PHXK8cX8zqc,2024-12-05,1947,15,OK,Anaj ke har ek danay ke peechay chhupi kahani kissan ki mehnat ka nateeja hai. Ayein 18th December ko Kissan Day hamaray sath mil kar manayen.   #SalamKissan #KissanDay #SarsabzPakistan
OM-0SgaAatA,shorts,,2300,,Muhammad Usman | Eminabad | Rice Documentary | Sarsabz Fertilizer,advisory_agronomy,https://www.youtube.com/shorts/OM-0SgaAatA,2024-06-14,2367,32,OK,"Usman ney Sarsabz ki madad se dhaan ki fasal mein kitnay feesad izafi paidawaar hasil ki, jannay ke liye hamaray YouTube channel per puri video dekhein. #SarsabzNitrophos #SarsabzPakistan"
Ww5mQ5OPm6I,shorts,,2400,,Rameez Akbar Khan | Rice | Shikarpur | Teaser,advisory_agronomy,https://www.youtube.com/shorts/Ww5mQ5OPm6I,2024-06-07,2428,30,OK,"Rameez nay Sarsabz Nitrophos aur CAN gawara se dhaan ki fasal mein kitnay feesad izafi paidawaar hasil ki, jannay ke liye hamaray sath rahiye. #SarsabzNitrophos #SarsabzPakistan"
Xn29Jx-ogrw,shorts,,4800,,Sarsabz Pakistan App | Nitrophos ko laga aur jeetaja!,np_product_other,https://www.youtube.com/shorts/Xn29Jx-ogrw,2023-10-24,4806,20,OK,Sarsabz Nitrophos ki bori khareedein aur jeetein dheiron qeemti inamaat! Kurandaazi mein shamil honay ke liye Sarsabz Nitrophos ki bori per lagey 9 hindson kay sticker code ko apnay naam ke saath Sarsabz Pakistan mobile app par register karwayein! #SarsabzPakistan #SarsabzNitrophos #NitrophosKoLagaAurJeetaJa
jwKiyifclUk,shorts,,3600,,Will you continue to ignore the hardwork of those who provide for you? #SalamKissan #SarsabzPakistan,salam_kissan,https://www.youtube.com/shorts/jwKiyifclUk,2022-12-15,3613,15,OK,
NWuCNgxXs5M,shorts,,4000,,How would you feel if this was your reality?  #SalamKissan #SarsabzPakistan #KissanDay,salam_kissan,https://www.youtube.com/shorts/NWuCNgxXs5M,2022-12-14,4082,15,OK,
UYi-UxwpimM,shorts,,4600,,Winner of Motorcycle | Nazakat Hussain | NP Ko Laga Aur Jeetaja,np_product_other,https://www.youtube.com/shorts/UYi-UxwpimM,2022-07-01,4690,45,OK,"Khush kismat kissan, Nazakat Hussain ko Sarsabz ki janib say buhat buhat mubarak motorcycle jeetnay per! Aap bhe Sarsabz NP ki bori per lagay sticker code (space) apnay naam ko 0300-0300641 per bhejein aur agli kurandaazi mein shamil honay ka mauqa payein! #SarsabzNP #SarsabzPakistan"
oLAnuZVKzwA,shorts,,4200,,Winner of Tractor | Muhammad Shareef | NP Ko Laga Aur Jeetaja,np_product_other,https://www.youtube.com/shorts/oLAnuZVKzwA,2022-07-01,4244,36,OK,"Khush kismat kissan, Muhammad Shareef ko Sarsabz ki janib say buhat buhat mubarak tractor jeetnay per! Aap bhe Sarsabz NP ki bori per lagay sticker code (space) apnay naam ko 0300-0300641 per bhejein aur agli kurandaazi mein shamil honay ka mauqa payein! #SarsabzNP #SarsabzPakistan     ON SNACK VIDEO DONT ADD #SARSABZPAKISTAN hashtag."
7dTYvxts-_I,shorts,,5700,,Winner of Tractor | Khalil Ahmed | NP Ko Laga Aur Jeetaja,np_product_other,https://www.youtube.com/shorts/7dTYvxts-_I,2022-07-01,5788,40,OK,"Khush kismat kissan, Khalil Ahmed ko Sarsabz ki janib say buhat buhat mubarak tractor jeetnay per! Aap bhe Sarsabz NP ki bori per lagay sticker code (space) apnay naam ko 0300-0300641 per bhejein aur agli kurandaazi mein shamil honay ka mauqa payein! #SarsabzNP #SarsabzPakistan"
