text,source_col,row,is_reply,likes,author,posted,lang_script,times_in_file
video_id,0,1,no,,,,latin,1
video_title,1,1,yes,,,,latin,1
is_reply,4,1,yes,,,,latin,1
bRiMDHr8mTI,0,2,no,,,,latin,7
"Salam Kissan, Sarsabz Pakistan",1,2,yes,,,,latin,15
fantastic,2,2,yes,,,,latin,1
no,4,2,yes,,,,latin,1332
bRiMDHr8mTI,0,3,no,,,,latin,7
"Salam Kissan, Sarsabz Pakistan",1,3,yes,,,,latin,15
Excellent 👌,2,3,yes,,,,latin,1
no,4,3,yes,,,,latin,1332
bRiMDHr8mTI,0,4,no,,,,latin,7
"Salam Kissan, Sarsabz Pakistan",1,4,yes,,,,latin,15
❤❤❤❤,2,4,yes,,,,other,7
no,4,4,yes,,,,latin,1332
bRiMDHr8mTI,0,5,no,,,,latin,7
"Salam Kissan, Sarsabz Pakistan",1,5,yes,,,,latin,15
Keep rising,2,5,yes,,,,latin,1
no,4,5,yes,,,,latin,1332
bRiMDHr8mTI,0,6,no,,,,latin,7
"Salam Kissan, Sarsabz Pakistan",1,6,yes,,,,latin,15
"Salam Kissan Sarsabz Pakistan 🇵🇰🌾 Dil se shukriya Pakistan ke mehnati kisanón ko aap hi hamari zameen ki rooh aur mulk ki taqat ho. Aap ki mehnat se hamare gharon tak rozi pohanchti hai aur Pakistan sarsabz rehta hai. Saath hi Sarsabz Fertilizer management ka bhi tahe-dil se shukriya, jo Kissan ko empower karne ke liye Kissan Day (18 Dec) jaise meaningful events ke zariye rehnumai, himmat aur support faraham kar rahe hain. Aap ki koshishen kisani ko mazid behtar aur mustahkam bana rahi hain. Allah aap sab ki mehnat ko qabool kare aur Pakistan ko hamesha sarsabz o shaadab rakhe. 🌱🤲 #SalamKissan #SarsabzPakistan",2,6,yes,,,,latin,6
no,4,6,yes,,,,latin,1332
bRiMDHr8mTI,0,7,no,,,,latin,7
"Salam Kissan, Sarsabz Pakistan",1,7,yes,,,,latin,15
Kisan day b hota h that's great 👍,2,7,yes,,,,latin,1
no,4,7,yes,,,,latin,1332
bRiMDHr8mTI,0,8,no,,,,latin,7
"Salam Kissan, Sarsabz Pakistan",1,8,yes,,,,latin,15
❤❤❤,2,8,yes,,,,other,15
no,4,8,yes,,,,latin,1332
ewOknRTj03w,0,9,no,,,,latin,6
Mulk ke tumam mehnatkash kissanon ko Salam!,1,9,yes,,,,latin,6
Masha Allah ❤,2,9,yes,,,,latin,1
no,4,9,yes,,,,latin,1332
ewOknRTj03w,0,10,no,,,,latin,6
Mulk ke tumam mehnatkash kissanon ko Salam!,1,10,yes,,,,latin,6
Well-done 👏,2,10,yes,,,,latin,2
no,4,10,yes,,,,latin,1332
ewOknRTj03w,0,11,no,,,,latin,6
Mulk ke tumam mehnatkash kissanon ko Salam!,1,11,yes,,,,latin,6
حقیقت,2,11,yes,,,,urdu_script,1
no,4,11,yes,,,,latin,1332
ewOknRTj03w,0,12,no,,,,latin,6
Mulk ke tumam mehnatkash kissanon ko Salam!,1,12,yes,,,,latin,6
Awesome❤❤❤,2,12,yes,,,,latin,1
no,4,12,yes,,,,latin,1332
ewOknRTj03w,0,13,no,,,,latin,6
Mulk ke tumam mehnatkash kissanon ko Salam!,1,13,yes,,,,latin,6
دعا ہے کہ اللہ تعالیٰ ہمارے کسانوں کی محنت کو قبول فرمائے، ان کی پیداوار میں برکت دے اور پاکستان کو ہمیشہ سرسبز اور خوشحال رکھے۔ 🌱🤲 #SalamKissan #SarsabzPakistan,2,13,yes,,,,mixed,1
no,4,13,yes,,,,latin,1332
ewOknRTj03w,0,14,no,,,,latin,6
Mulk ke tumam mehnatkash kissanon ko Salam!,1,14,yes,,,,latin,6
"Salam Kissan Sarsabz Pakistan 🇵🇰🌾 Dil se shukriya Pakistan ke mehnati kisanón ko aap hi hamari zameen ki rooh aur mulk ki taqat ho. Aap ki mehnat se hamare gharon tak rozi pohanchti hai aur Pakistan sarsabz rehta hai. Saath hi Sarsabz Fertilizer management ka bhi tahe-dil se shukriya, jo Kissan ko empower karne ke liye Kissan Day (18 Dec) jaise meaningful events ke zariye rehnumai, himmat aur support faraham kar rahe hain. Aap ki koshishen kisani ko mazid behtar aur mustahkam bana rahi hain. Allah aap sab ki mehnat ko qabool kare aur Pakistan ko hamesha sarsabz o shaadab rakhe. 🌱🤲 #SalamKissan #SarsabzPakistan",2,14,yes,,,,latin,6
no,4,14,yes,,,,latin,1332
f80kPfGiBHc,0,15,no,,,,latin,10
Sarsabz Rice Testimonial | Mohammad Fayyaz Chattha,1,15,yes,,,,latin,10
Very funny,2,15,yes,,,,latin,1
no,4,15,yes,,,,latin,1332
f80kPfGiBHc,0,16,no,,,,latin,10
Sarsabz Rice Testimonial | Mohammad Fayyaz Chattha,1,16,yes,,,,latin,10
no,4,16,yes,,,,latin,1332
f80kPfGiBHc,0,17,no,,,,latin,10
Sarsabz Rice Testimonial | Mohammad Fayyaz Chattha,1,17,yes,,,,latin,10
Pak Pakistan Zindabad Pak Army Zindabad -Pak ISI Zindabad Pak Navy Zindabad-Pak Police Zindabad,2,17,yes,,,,latin,2
no,4,17,yes,,,,latin,1332
f80kPfGiBHc,0,18,no,,,,latin,10
Sarsabz Rice Testimonial | Mohammad Fayyaz Chattha,1,18,yes,,,,latin,10
Pak Pakistan Zindabad Pak Army Zindabad -Pak ISI Zindabad Pak Navy Zindabad-Pak Police Zindabad,2,18,yes,,,,latin,2
no,4,18,yes,,,,latin,1332
f80kPfGiBHc,0,19,no,,,,latin,10
Sarsabz Rice Testimonial | Mohammad Fayyaz Chattha,1,19,yes,,,,latin,10
Pak Pakistan Zindabad Pak Army Zindabad -Pak ISI Zindabad Pak Navy Zindabad -Pak Police Zindabad,2,19,yes,,,,latin,1
no,4,19,yes,,,,latin,1332
f80kPfGiBHc,0,20,no,,,,latin,10
Sarsabz Rice Testimonial | Mohammad Fayyaz Chattha,1,20,yes,,,,latin,10
KeeP iT uP....,2,20,yes,,,,latin,1
no,4,20,yes,,,,latin,1332
f80kPfGiBHc,0,21,no,,,,latin,10
Sarsabz Rice Testimonial | Mohammad Fayyaz Chattha,1,21,yes,,,,latin,10
Great,2,21,yes,,,,latin,9
no,4,21,yes,,,,latin,1332
f80kPfGiBHc,0,22,no,,,,latin,10
Sarsabz Rice Testimonial | Mohammad Fayyaz Chattha,1,22,yes,,,,latin,10
Thanks.,2,22,yes,,,,latin,1
yes,4,22,yes,,,,latin,240
f80kPfGiBHc,0,23,no,,,,latin,10
Sarsabz Rice Testimonial | Mohammad Fayyaz Chattha,1,23,yes,,,,latin,10
V Nice,2,23,yes,,,,latin,1
no,4,23,yes,,,,latin,1332
f80kPfGiBHc,0,24,no,,,,latin,10
Sarsabz Rice Testimonial | Mohammad Fayyaz Chattha,1,24,yes,,,,latin,10
Thank you.,2,24,yes,,,,latin,1
yes,4,24,yes,,,,latin,240
hfIC9a-Fots,0,25,no,,,,latin,6
Kissan Ki Mehnat,1,25,yes,,,,latin,6
awesome,2,25,yes,,,,latin,1
no,4,25,yes,,,,latin,1332
hfIC9a-Fots,0,26,no,,,,latin,6
Kissan Ki Mehnat,1,26,yes,,,,latin,6
🎉🎉🎉🎉🎉😂😂😂😂😂❤❤❤❤❤😅😅😅,2,26,yes,,,,other,1
no,4,26,yes,,,,latin,1332
hfIC9a-Fots,0,27,no,,,,latin,6
Kissan Ki Mehnat,1,27,yes,,,,latin,6
Salam kissan ❤,2,27,yes,,,,latin,4
no,4,27,yes,,,,latin,1332
hfIC9a-Fots,0,28,no,,,,latin,6
Kissan Ki Mehnat,1,28,yes,,,,latin,6
❤❤❤❤😊,2,28,yes,,,,other,1
no,4,28,yes,,,,latin,1332
hfIC9a-Fots,0,29,no,,,,latin,6
Kissan Ki Mehnat,1,29,yes,,,,latin,6
Salam ❤,2,29,yes,,,,latin,1
no,4,29,yes,,,,latin,1332
hfIC9a-Fots,0,30,no,,,,latin,6
Kissan Ki Mehnat,1,30,yes,,,,latin,6
Salam Kissan ❤❤❤,2,30,yes,,,,latin,1
no,4,30,yes,,,,latin,1332
HtONbl5yVIU,0,31,no,,,,latin,11
"Time to Appreciate the Unsung Heroes, Kissan! | Salam Kissan, Sarsabz Pakistan | Kissan Day 18th Dec",1,31,yes,,,,latin,11
Aala yaar,2,31,yes,,,,latin,1
no,4,31,yes,,,,latin,1332
HtONbl5yVIU,0,32,no,,,,latin,11
"Time to Appreciate the Unsung Heroes, Kissan! | Salam Kissan, Sarsabz Pakistan | Kissan Day 18th Dec",1,32,yes,,,,latin,11
Great demonstration of message!,2,32,yes,,,,latin,1
no,4,32,yes,,,,latin,1332
HtONbl5yVIU,0,33,no,,,,latin,11
"Time to Appreciate the Unsung Heroes, Kissan! | Salam Kissan, Sarsabz Pakistan | Kissan Day 18th Dec",1,33,yes,,,,latin,11
Yes I agree,2,33,yes,,,,latin,1
yes,4,33,yes,,,,latin,240
HtONbl5yVIU,0,34,no,,,,latin,11
"Time to Appreciate the Unsung Heroes, Kissan! | Salam Kissan, Sarsabz Pakistan | Kissan Day 18th Dec",1,34,yes,,,,latin,11
Its your great effort for importance of farmers,2,34,yes,,,,latin,1
no,4,34,yes,,,,latin,1332
HtONbl5yVIU,0,35,no,,,,latin,11
"Time to Appreciate the Unsung Heroes, Kissan! | Salam Kissan, Sarsabz Pakistan | Kissan Day 18th Dec",1,35,yes,,,,latin,11
https://www.youtube.com/watch?v=PSJnEdm0xMw&ab_channel=MyMissFaariaZainab,2,35,yes,,,,latin,2
no,4,35,yes,,,,latin,1332
HtONbl5yVIU,0,36,no,,,,latin,11
"Time to Appreciate the Unsung Heroes, Kissan! | Salam Kissan, Sarsabz Pakistan | Kissan Day 18th Dec",1,36,yes,,,,latin,11
Well said 👍👍,2,36,yes,,,,latin,1
no,4,36,yes,,,,latin,1332
HtONbl5yVIU,0,37,no,,,,latin,11
"Time to Appreciate the Unsung Heroes, Kissan! | Salam Kissan, Sarsabz Pakistan | Kissan Day 18th Dec",1,37,yes,,,,latin,11
Thank you. let’s celebrate Kissan Day on 18th December.,2,37,yes,,,,latin,2
yes,4,37,yes,,,,latin,240
HtONbl5yVIU,0,38,no,,,,latin,11
"Time to Appreciate the Unsung Heroes, Kissan! | Salam Kissan, Sarsabz Pakistan | Kissan Day 18th Dec",1,38,yes,,,,latin,11
Mashaallah nice work,2,38,yes,,,,latin,1
no,4,38,yes,,,,latin,1332
HtONbl5yVIU,0,39,no,,,,latin,11
"Time to Appreciate the Unsung Heroes, Kissan! | Salam Kissan, Sarsabz Pakistan | Kissan Day 18th Dec",1,39,yes,,,,latin,11
Thank you for your appreciation!,2,39,yes,,,,latin,1
yes,4,39,yes,,,,latin,240
HtONbl5yVIU,0,40,no,,,,latin,11
"Time to Appreciate the Unsung Heroes, Kissan! | Salam Kissan, Sarsabz Pakistan | Kissan Day 18th Dec",1,40,yes,,,,latin,11
grape message,2,40,yes,,,,latin,1
no,4,40,yes,,,,latin,1332
HtONbl5yVIU,0,41,no,,,,latin,11
"Time to Appreciate the Unsung Heroes, Kissan! | Salam Kissan, Sarsabz Pakistan | Kissan Day 18th Dec",1,41,yes,,,,latin,11
Thank you. let’s celebrate Kissan Day on 18th December.,2,41,yes,,,,latin,2
yes,4,41,yes,,,,latin,240
KGmwOesEH2c,0,42,no,,,,latin,25
Leading Sustainable Change for Pakistan | Fatima Fertilizer in partnership with UNDP,1,42,yes,,,,latin,25
How does this video have 13 m views but only 113 likes and 24 comments,2,42,yes,,,,latin,1
no,4,42,yes,,,,latin,1332
KGmwOesEH2c,0,43,no,,,,latin,25
Leading Sustainable Change for Pakistan | Fatima Fertilizer in partnership with UNDP,1,43,yes,,,,latin,25
Love this amazing video ❤,2,43,yes,,,,latin,1
no,4,43,yes,,,,latin,1332
KGmwOesEH2c,0,44,no,,,,latin,25
Leading Sustainable Change for Pakistan | Fatima Fertilizer in partnership with UNDP,1,44,yes,,,,latin,25
I'm also in this video ad🎉😊,2,44,yes,,,,latin,1
no,4,44,yes,,,,latin,1332
KGmwOesEH2c,0,45,no,,,,latin,25
Leading Sustainable Change for Pakistan | Fatima Fertilizer in partnership with UNDP,1,45,yes,,,,latin,25
mashaa Allah.beautiful voice of Khalid Syed.,2,45,yes,,,,latin,1
no,4,45,yes,,,,latin,1332
KGmwOesEH2c,0,46,no,,,,latin,25
Leading Sustainable Change for Pakistan | Fatima Fertilizer in partnership with UNDP,1,46,yes,,,,latin,25
It's really a hard working efforts that helps former to make Good crops that improve Pakistan agriculture. I really appreciate and thankful it to explore my village town Leepa Valley❤.,2,46,yes,,,,latin,1
no,4,46,yes,,,,latin,1332
KGmwOesEH2c,0,47,no,,,,latin,25
Leading Sustainable Change for Pakistan | Fatima Fertilizer in partnership with UNDP,1,47,yes,,,,latin,25
💗💗💗💗💗💗💗💗💗 Love uu Creator Love Uuuu,2,47,yes,,,,latin,1
no,4,47,yes,,,,latin,1332
KGmwOesEH2c,0,48,no,,,,latin,25
Leading Sustainable Change for Pakistan | Fatima Fertilizer in partnership with UNDP,1,48,yes,,,,latin,25
Great ❤,2,48,yes,,,,latin,1
no,4,48,yes,,,,latin,1332
KGmwOesEH2c,0,49,no,,,,latin,25
Leading Sustainable Change for Pakistan | Fatima Fertilizer in partnership with UNDP,1,49,yes,,,,latin,25
Great work 👍,2,49,yes,,,,latin,1
no,4,49,yes,,,,latin,1332
KGmwOesEH2c,0,50,no,,,,latin,25
Leading Sustainable Change for Pakistan | Fatima Fertilizer in partnership with UNDP,1,50,yes,,,,latin,25
Such a good initiative.. most of views in this video from my homeland Leepa valley ❤️,2,50,yes,,,,latin,1
no,4,50,yes,,,,latin,1332
KGmwOesEH2c,0,51,no,,,,latin,25
Leading Sustainable Change for Pakistan | Fatima Fertilizer in partnership with UNDP,1,51,yes,,,,latin,25
"❤Brilliant on the creative index, heartwarming on the promise it holds within it. Kudos Jami and team!",2,51,yes,,,,latin,1
no,4,51,yes,,,,latin,1332
KGmwOesEH2c,0,52,no,,,,latin,25
Leading Sustainable Change for Pakistan | Fatima Fertilizer in partnership with UNDP,1,52,yes,,,,latin,25
Awesome,2,52,yes,,,,latin,3
no,4,52,yes,,,,latin,1332
KGmwOesEH2c,0,53,no,,,,latin,25
Leading Sustainable Change for Pakistan | Fatima Fertilizer in partnership with UNDP,1,53,yes,,,,latin,25
Excellent initiative and video 👍🏻👍🏻,2,53,yes,,,,latin,1
no,4,53,yes,,,,latin,1332
KGmwOesEH2c,0,54,no,,,,latin,25
Leading Sustainable Change for Pakistan | Fatima Fertilizer in partnership with UNDP,1,54,yes,,,,latin,25
What a beautiful and powerful video. Fatima group being first company is pakistan to officially adopt UNSDG framework is a big achievement. Happy to be part of this project. Working in the right direction at the very right time. Future is for those who conserve it.,2,54,yes,,,,latin,1
no,4,54,yes,,,,latin,1332
KGmwOesEH2c,0,55,no,,,,latin,25
Leading Sustainable Change for Pakistan | Fatima Fertilizer in partnership with UNDP,1,55,yes,,,,latin,25
"""Loved watching this video! Sarsabz and UNDP's work is truly commendable. Your efforts are bringing positive change to the lives of Pakistani farmers. Keep it up!""",2,55,yes,,,,latin,1
no,4,55,yes,,,,latin,1332
KGmwOesEH2c,0,56,no,,,,latin,25
Leading Sustainable Change for Pakistan | Fatima Fertilizer in partnership with UNDP,1,56,yes,,,,latin,25
"""Absolutely breathtaking! 🌄💚 The scenic landscapes and lush rice fields of Kashmir are the perfect backdrop for this powerful message. It's wonderful to see these natural wonders showcased while leading sustainable change. 🌾🇵🇰",2,56,yes,,,,latin,1
no,4,56,yes,,,,latin,1332
KGmwOesEH2c,0,57,no,,,,latin,25
Leading Sustainable Change for Pakistan | Fatima Fertilizer in partnership with UNDP,1,57,yes,,,,latin,25
Thank you for this incredible initiative! 🌍💚 Fatima Fertilizer and UNDP's partnership to promote sustainable agriculture is truly inspiring. It’s crucial to empower farmers with sustainable practices to address climate change and ensure food security. This is a wonderful step towards responsible agriculture and community development. Looking forward to seeing more progress and impact from this collaboration! 💪🚜,2,57,yes,,,,latin,1
no,4,57,yes,,,,latin,1332
KGmwOesEH2c,0,58,no,,,,latin,25
Leading Sustainable Change for Pakistan | Fatima Fertilizer in partnership with UNDP,1,58,yes,,,,latin,25
Great initiative and beautiful video!,2,58,yes,,,,latin,1
no,4,58,yes,,,,latin,1332
KGmwOesEH2c,0,59,no,,,,latin,25
Leading Sustainable Change for Pakistan | Fatima Fertilizer in partnership with UNDP,1,59,yes,,,,latin,25
Great initiative!!,2,59,yes,,,,latin,1
no,4,59,yes,,,,latin,1332
KGmwOesEH2c,0,60,no,,,,latin,25
Leading Sustainable Change for Pakistan | Fatima Fertilizer in partnership with UNDP,1,60,yes,,,,latin,25
Good,2,60,yes,,,,latin,6
no,4,60,yes,,,,latin,1332
KGmwOesEH2c,0,61,no,,,,latin,25
Leading Sustainable Change for Pakistan | Fatima Fertilizer in partnership with UNDP,1,61,yes,,,,latin,25
Beautiful message and beautiful direction! So aesthetically pleasing! 🤩,2,61,yes,,,,latin,1
no,4,61,yes,,,,latin,1332
KGmwOesEH2c,0,62,no,,,,latin,25
Leading Sustainable Change for Pakistan | Fatima Fertilizer in partnership with UNDP,1,62,yes,,,,latin,25
Amazing! Such a great initiative.,2,62,yes,,,,latin,1
no,4,62,yes,,,,latin,1332
KGmwOesEH2c,0,63,no,,,,latin,25
Leading Sustainable Change for Pakistan | Fatima Fertilizer in partnership with UNDP,1,63,yes,,,,latin,25
Thank you so much! 😊,2,63,yes,,,,latin,1
yes,4,63,yes,,,,latin,240
KGmwOesEH2c,0,64,no,,,,latin,25
Leading Sustainable Change for Pakistan | Fatima Fertilizer in partnership with UNDP,1,64,yes,,,,latin,25
Appreciated work,2,64,yes,,,,latin,1
no,4,64,yes,,,,latin,1332
KGmwOesEH2c,0,65,no,,,,latin,25
Leading Sustainable Change for Pakistan | Fatima Fertilizer in partnership with UNDP,1,65,yes,,,,latin,25
Very Nice video Sarsabz Fatima Fertilizer. keep it up 👍👍👍💚,2,65,yes,,,,latin,1
no,4,65,yes,,,,latin,1332
KGmwOesEH2c,0,66,no,,,,latin,25
Leading Sustainable Change for Pakistan | Fatima Fertilizer in partnership with UNDP,1,66,yes,,,,latin,25
Thank you 😊,2,66,yes,,,,latin,8
yes,4,66,yes,,,,latin,240
LC0NhNPU1Ic,0,67,no,,,,latin,7
Behind every meal is a farmer's hard work.,1,67,yes,,,,latin,7
that's true ❤,2,67,yes,,,,latin,1
no,4,67,yes,,,,latin,1332
LC0NhNPU1Ic,0,68,no,,,,latin,7
Behind every meal is a farmer's hard work.,1,68,yes,,,,latin,7
Fantastic 😍,2,68,yes,,,,latin,1
no,4,68,yes,,,,latin,1332
LC0NhNPU1Ic,0,69,no,,,,latin,7
Behind every meal is a farmer's hard work.,1,69,yes,,,,latin,7
♥️♥️♥️♥️♥️♥️♥️♥️♥️♥️♥️♥️♥️♥️😝😝😛😭😭,2,69,yes,,,,other,1
no,4,69,yes,,,,latin,1332
LC0NhNPU1Ic,0,70,no,,,,latin,7
Behind every meal is a farmer's hard work.,1,70,yes,,,,latin,7
#SalamKissan #SarsabzPakistan,2,70,yes,,,,latin,2
no,4,70,yes,,,,latin,1332
LC0NhNPU1Ic,0,71,no,,,,latin,7
Behind every meal is a farmer's hard work.,1,71,yes,,,,latin,7
no,4,71,yes,,,,latin,1332
LC0NhNPU1Ic,0,72,no,,,,latin,7
Behind every meal is a farmer's hard work.,1,72,yes,,,,latin,7
Thank you🌹,2,72,yes,,,,latin,1
no,4,72,yes,,,,latin,1332
LC0NhNPU1Ic,0,73,no,,,,latin,7
Behind every meal is a farmer's hard work.,1,73,yes,,,,latin,7
"Salam Kissan Sarsabz Pakistan 🇵🇰🌾 Dil se shukriya Pakistan ke mehnati kisanón ko aap hi hamari zameen ki rooh aur mulk ki taqat ho. Aap ki mehnat se hamare gharon tak rozi pohanchti hai aur Pakistan sarsabz rehta hai. Saath hi Sarsabz Fertilizer management ka bhi tahe-dil se shukriya, jo Kissan ko empower karne ke liye Kissan Day (18 Dec) jaise meaningful events ke zariye rehnumai, himmat aur support faraham kar rahe hain. Aap ki koshishen kisani ko mazid behtar aur mustahkam bana rahi hain. Allah aap sab ki mehnat ko qabool kare aur Pakistan ko hamesha sarsabz o shaadab rakhe. 🌱🤲 #SalamKissan #SarsabzPakistan❤❤❤",2,73,yes,,,,latin,1
no,4,73,yes,,,,latin,1332
llIKvpyxhKM,0,74,no,,,,latin,177
Salam Kissan 2021 | Kissan Day | A Tribute to Farmers by Sarsabz Fertilizers,1,74,yes,,,,latin,177
Kiya awaz hai kamal ❤,2,74,yes,,,,latin,1
no,4,74,yes,,,,latin,1332
llIKvpyxhKM,0,75,no,,,,latin,177
Salam Kissan 2021 | Kissan Day | A Tribute to Farmers by Sarsabz Fertilizers,1,75,yes,,,,latin,177
Salam Kisan ❤,2,75,yes,,,,latin,1
no,4,75,yes,,,,latin,1332
llIKvpyxhKM,0,76,no,,,,latin,177
Salam Kissan 2021 | Kissan Day | A Tribute to Farmers by Sarsabz Fertilizers,1,76,yes,,,,latin,177
#Salamkissan ❤,2,76,yes,,,,latin,3
no,4,76,yes,,,,latin,1332
llIKvpyxhKM,0,77,no,,,,latin,177
Salam Kissan 2021 | Kissan Day | A Tribute to Farmers by Sarsabz Fertilizers,1,77,yes,,,,latin,177
SALAM KISAAN I LOVE ALL KISAN,2,77,yes,,,,latin,1
no,4,77,yes,,,,latin,1332
llIKvpyxhKM,0,78,no,,,,latin,177
Salam Kissan 2021 | Kissan Day | A Tribute to Farmers by Sarsabz Fertilizers,1,78,yes,,,,latin,177
Such a wonderful song with extraordinary message. I am listening this song round about 1 and half years. This song strongly gives us a message to respect our farmers because they are very innocent and they have a heart full of gold. So kindly respect the farmers (Salam Kissan),2,78,yes,,,,latin,1
no,4,78,yes,,,,latin,1332
llIKvpyxhKM,0,79,no,,,,latin,177
Salam Kissan 2021 | Kissan Day | A Tribute to Farmers by Sarsabz Fertilizers,1,79,yes,,,,latin,177
Mai Dhai 🎤 🎶,2,79,yes,,,,latin,1
no,4,79,yes,,,,latin,1332
llIKvpyxhKM,0,80,no,,,,latin,177
Salam Kissan 2021 | Kissan Day | A Tribute to Farmers by Sarsabz Fertilizers,1,80,yes,,,,latin,177
Liked and Shared in groups also ❤❤❤,2,80,yes,,,,latin,1
no,4,80,yes,,,,latin,1332
llIKvpyxhKM,0,81,no,,,,latin,177
Salam Kissan 2021 | Kissan Day | A Tribute to Farmers by Sarsabz Fertilizers,1,81,yes,,,,latin,177
Kissan Hamari Shan ❤❤❤,2,81,yes,,,,latin,1
no,4,81,yes,,,,latin,1332
llIKvpyxhKM,0,82,no,,,,latin,177
Salam Kissan 2021 | Kissan Day | A Tribute to Farmers by Sarsabz Fertilizers,1,82,yes,,,,latin,177
Salam Kissan ❤️ ❤️,2,82,yes,,,,latin,2
no,4,82,yes,,,,latin,1332
llIKvpyxhKM,0,83,no,,,,latin,177
Salam Kissan 2021 | Kissan Day | A Tribute to Farmers by Sarsabz Fertilizers,1,83,yes,,,,latin,177
Beautiful video for motivated our kisan.,2,83,yes,,,,latin,1
no,4,83,yes,,,,latin,1332
llIKvpyxhKM,0,84,no,,,,latin,177
Salam Kissan 2021 | Kissan Day | A Tribute to Farmers by Sarsabz Fertilizers,1,84,yes,,,,latin,177
"Jeo kisan, hame ha tum pe yaken",2,84,yes,,,,latin,1
no,4,84,yes,,,,latin,1332
llIKvpyxhKM,0,85,no,,,,latin,177
Salam Kissan 2021 | Kissan Day | A Tribute to Farmers by Sarsabz Fertilizers,1,85,yes,,,,latin,177
Salam frmar,2,85,yes,,,,latin,1
no,4,85,yes,,,,latin,1332
llIKvpyxhKM,0,86,no,,,,latin,177
Salam Kissan 2021 | Kissan Day | A Tribute to Farmers by Sarsabz Fertilizers,1,86,yes,,,,latin,177
nice farmar,2,86,yes,,,,latin,1
no,4,86,yes,,,,latin,1332
llIKvpyxhKM,0,87,no,,,,latin,177
Salam Kissan 2021 | Kissan Day | A Tribute to Farmers by Sarsabz Fertilizers,1,87,yes,,,,latin,177
Mai Dhai's voice gives you goosebumps 🔥🔥,2,87,yes,,,,latin,1
no,4,87,yes,,,,latin,1332
llIKvpyxhKM,0,88,no,,,,latin,177
Salam Kissan 2021 | Kissan Day | A Tribute to Farmers by Sarsabz Fertilizers,1,88,yes,,,,latin,177
I love the song although the beginning of the song was the beautiful.,2,88,yes,,,,latin,1
no,4,88,yes,,,,latin,1332
llIKvpyxhKM,0,89,no,,,,latin,177
Salam Kissan 2021 | Kissan Day | A Tribute to Farmers by Sarsabz Fertilizers,1,89,yes,,,,latin,177
Superrb 💕❤,2,89,yes,,,,latin,1
no,4,89,yes,,,,latin,1332
llIKvpyxhKM,0,90,no,,,,latin,177
Salam Kissan 2021 | Kissan Day | A Tribute to Farmers by Sarsabz Fertilizers,1,90,yes,,,,latin,177
We are sons of soil Mai Dhai's voice is very soothing.,2,90,yes,,,,latin,1
no,4,90,yes,,,,latin,1332
llIKvpyxhKM,0,91,no,,,,latin,177
Salam Kissan 2021 | Kissan Day | A Tribute to Farmers by Sarsabz Fertilizers,1,91,yes,,,,latin,177
Khudara apni fasal deny wali zameeno ko mat bechain apni naslon k mustaqbil k liy❤🇵🇰,2,91,yes,,,,latin,1
no,4,91,yes,,,,latin,1332
llIKvpyxhKM,0,92,no,,,,latin,177
Salam Kissan 2021 | Kissan Day | A Tribute to Farmers by Sarsabz Fertilizers,1,92,yes,,,,latin,177
Voice of women is incridible❤,2,92,yes,,,,latin,1
no,4,92,yes,,,,latin,1332
llIKvpyxhKM,0,93,no,,,,latin,177
Salam Kissan 2021 | Kissan Day | A Tribute to Farmers by Sarsabz Fertilizers,1,93,yes,,,,latin,177
Please add subtitles for the language in the beginning. Balochi ha ya Sindhi lekin uss k subtitles honay chahyain.,2,93,yes,,,,latin,1
no,4,93,yes,,,,latin,1332
llIKvpyxhKM,0,94,no,,,,latin,177
Salam Kissan 2021 | Kissan Day | A Tribute to Farmers by Sarsabz Fertilizers,1,94,yes,,,,latin,177
She is calling the city name I'm from there,2,94,yes,,,,latin,1
no,4,94,yes,,,,latin,1332
llIKvpyxhKM,0,95,no,,,,latin,177
Salam Kissan 2021 | Kissan Day | A Tribute to Farmers by Sarsabz Fertilizers,1,95,yes,,,,latin,177
Out calaas make more,2,95,yes,,,,latin,1
no,4,95,yes,,,,latin,1332
llIKvpyxhKM,0,96,no,,,,latin,177
Salam Kissan 2021 | Kissan Day | A Tribute to Farmers by Sarsabz Fertilizers,1,96,yes,,,,latin,177
❤️❤️,2,96,yes,,,,other,3
yes,4,96,yes,,,,latin,240
llIKvpyxhKM,0,97,no,,,,latin,177
Salam Kissan 2021 | Kissan Day | A Tribute to Farmers by Sarsabz Fertilizers,1,97,yes,,,,latin,177
🏵️🏵️🏵️🏵️🏵️,2,97,yes,,,,other,1
no,4,97,yes,,,,latin,1332
llIKvpyxhKM,0,98,no,,,,latin,177
Salam Kissan 2021 | Kissan Day | A Tribute to Farmers by Sarsabz Fertilizers,1,98,yes,,,,latin,177
My Father is also a Farmer.My Grandfather was a Farmer.I am a proud son of hardworking Forefathers.,2,98,yes,,,,latin,1
no,4,98,yes,,,,latin,1332
llIKvpyxhKM,0,99,no,,,,latin,177
Salam Kissan 2021 | Kissan Day | A Tribute to Farmers by Sarsabz Fertilizers,1,99,yes,,,,latin,177
"Muhammad Hammad Ali Sarwar From TOBA, Lilla interchange, Pind Dadan Khan (JHELUM) Salam Kissan 👍👍💟",2,99,yes,,,,latin,1
no,4,99,yes,,,,latin,1332
llIKvpyxhKM,0,100,no,,,,latin,177
Salam Kissan 2021 | Kissan Day | A Tribute to Farmers by Sarsabz Fertilizers,1,100,yes,,,,latin,177
"Mery mulk ka kisaan bht bare Dill wala h,, Allah Apko Khush rakhy sub kisano ko ameen",2,100,yes,,,,latin,1
no,4,100,yes,,,,latin,1332
llIKvpyxhKM,0,101,no,,,,latin,177
Salam Kissan 2021 | Kissan Day | A Tribute to Farmers by Sarsabz Fertilizers,1,101,yes,,,,latin,177
Masterpiece,2,101,yes,,,,latin,1
no,4,101,yes,,,,latin,1332
llIKvpyxhKM,0,102,no,,,,latin,177
Salam Kissan 2021 | Kissan Day | A Tribute to Farmers by Sarsabz Fertilizers,1,102,yes,,,,latin,177
Beautiful!❤️ heartwarming song and video....SALAM KISAN! love mai dhai 🌸,2,102,yes,,,,latin,1
no,4,102,yes,,,,latin,1332
llIKvpyxhKM,0,103,no,,,,latin,177
Salam Kissan 2021 | Kissan Day | A Tribute to Farmers by Sarsabz Fertilizers,1,103,yes,,,,latin,177
nice Ehatsham farook,2,103,yes,,,,latin,1
no,4,103,yes,,,,latin,1332
llIKvpyxhKM,0,104,no,,,,latin,177
Salam Kissan 2021 | Kissan Day | A Tribute to Farmers by Sarsabz Fertilizers,1,104,yes,,,,latin,177
1:59 that smile on his face😍,2,104,yes,,,,latin,1
no,4,104,yes,,,,latin,1332
llIKvpyxhKM,0,105,no,,,,latin,177
Salam Kissan 2021 | Kissan Day | A Tribute to Farmers by Sarsabz Fertilizers,1,105,yes,,,,latin,177
The only Advert that I don't skip these days! Love the lyrics and music rhythm.,2,105,yes,,,,latin,1
no,4,105,yes,,,,latin,1332
llIKvpyxhKM,0,106,no,,,,latin,177
Salam Kissan 2021 | Kissan Day | A Tribute to Farmers by Sarsabz Fertilizers,1,106,yes,,,,latin,177
Same here.. love listening it,2,106,yes,,,,latin,1
yes,4,106,yes,,,,latin,240
llIKvpyxhKM,0,107,no,,,,latin,177
Salam Kissan 2021 | Kissan Day | A Tribute to Farmers by Sarsabz Fertilizers,1,107,yes,,,,latin,177
Hatts Off to this effort of Sarsabz Fertilizers for this tribute to Farmers of Pakistan. #SalamKissan #SarsabzPakistan #KissanDay,2,107,yes,,,,latin,1
no,4,107,yes,,,,latin,1332
llIKvpyxhKM,0,108,no,,,,latin,177
Salam Kissan 2021 | Kissan Day | A Tribute to Farmers by Sarsabz Fertilizers,1,108,yes,,,,latin,177
Thank you 😊,2,108,yes,,,,latin,8
yes,4,108,yes,,,,latin,240
llIKvpyxhKM,0,109,no,,,,latin,177
Salam Kissan 2021 | Kissan Day | A Tribute to Farmers by Sarsabz Fertilizers,1,109,yes,,,,latin,177
In love with the song and visuals! Beautiful message <3,2,109,yes,,,,latin,1
no,4,109,yes,,,,latin,1332
llIKvpyxhKM,0,110,no,,,,latin,177
Salam Kissan 2021 | Kissan Day | A Tribute to Farmers by Sarsabz Fertilizers,1,110,yes,,,,latin,177
The Sindhi part Is my favorite where can I find it,2,110,yes,,,,latin,1
no,4,110,yes,,,,latin,1332
llIKvpyxhKM,0,111,no,,,,latin,177
Salam Kissan 2021 | Kissan Day | A Tribute to Farmers by Sarsabz Fertilizers,1,111,yes,,,,latin,177
Salam kisaan Salaam Pakistan,2,111,yes,,,,latin,1
no,4,111,yes,,,,latin,1332
llIKvpyxhKM,0,112,no,,,,latin,177
Salam Kissan 2021 | Kissan Day | A Tribute to Farmers by Sarsabz Fertilizers,1,112,yes,,,,latin,177
"Faboulus, great work",2,112,yes,,,,latin,1
no,4,112,yes,,,,latin,1332
llIKvpyxhKM,0,113,no,,,,latin,177
Salam Kissan 2021 | Kissan Day | A Tribute to Farmers by Sarsabz Fertilizers,1,113,yes,,,,latin,177
Thank you 😊,2,113,yes,,,,latin,8
yes,4,113,yes,,,,latin,240
llIKvpyxhKM,0,114,no,,,,latin,177
Salam Kissan 2021 | Kissan Day | A Tribute to Farmers by Sarsabz Fertilizers,1,114,yes,,,,latin,177
"<3 incredible :') , so audible to the cultural souls within.",2,114,yes,,,,latin,1
no,4,114,yes,,,,latin,1332
llIKvpyxhKM,0,115,no,,,,latin,177
Salam Kissan 2021 | Kissan Day | A Tribute to Farmers by Sarsabz Fertilizers,1,115,yes,,,,latin,177
Salaam kisssan😘😘😘😘,2,115,yes,,,,latin,1
no,4,115,yes,,,,latin,1332
llIKvpyxhKM,0,116,no,,,,latin,177
Salam Kissan 2021 | Kissan Day | A Tribute to Farmers by Sarsabz Fertilizers,1,116,yes,,,,latin,177
Salam Kissan or Slam Tere Song Ko Bhi,2,116,yes,,,,latin,1
no,4,116,yes,,,,latin,1332
llIKvpyxhKM,0,117,no,,,,latin,177
Salam Kissan 2021 | Kissan Day | A Tribute to Farmers by Sarsabz Fertilizers,1,117,yes,,,,latin,177
What a Beautiful Kissan song Appreciated,2,117,yes,,,,latin,1
no,4,117,yes,,,,latin,1332
llIKvpyxhKM,0,118,no,,,,latin,177
Salam Kissan 2021 | Kissan Day | A Tribute to Farmers by Sarsabz Fertilizers,1,118,yes,,,,latin,177
"Have No Fear * Deuteronomy 31:8-9 The Lord himself goes before you and will be with you; he will never leave you nor forsake you. Do not be afraid; do not be discouraged. * John 14:27 Peace I leave with you; my peace I give you. I do not give to you as the world gives. Do not let your hearts be troubled and do not be afraid. * Psalm 23:4 Even though I walk through the darkest valley, I will fear no evil, for you are with me; your rod and your staff, they comfort me. * Psalm 27:1 The Lord is my light and my salvation—whom shall I fear? The Lord is the stronghold of my life—of whom shall I be afraid? * Psalm 27:12 The LORD is my light and my salvation; whom shall I fear? The Lord is the stronghold of my life; of whom shall I be afraid? * Isaiah 41:10 Fear not, for I am with you; be not dismayed, for I am your God; I will strengthen you, I will help you, I will uphold you with my righteous right hand. * Isaiah 43:1-2 Do not fear, for I have redeemed you; I have summoned you by name; you are mine. When you pass through the waters, I will be with you; and when you pass through the rivers, they will not sweep over you. When you walk through the fire, you will not be burned; the flames will not set you ablaze."" Bible Verses About Strength * Colossians 1:11 May you be strengthened with all power according to his glorious might so that you may have great endurance and patience. * James 1:2-3 Consider it pure joy, my brothers and sisters, whenever you face trials of many kinds, because you know that the testing of your faith produces perseverance. * 1 Peter 5:7 Casting all your anxieties on him, because he cares for you. * Deuteronomy 31:6 Be strong and courageous. Do not be afraid or terrified because of them, for the Lord your God goes with you; he will never leave you nor forsake you. * Joshua 1:9 Have I not commanded you? Be strong and courageous. Do not be afraid; do not be discouraged, for the Lord your God will be with you wherever you go. * Psalm 31:24 Be strong, and let your heart take courage, all you who wait for the Lord! * 2 Timothy 1:7 For God did not give us a spirit of timidity, but a spirit of power, of love and of self-discipline. * Hebrews 13:5-6 Because God has said, ""Never will I leave you; never will I forsake you."" So we say with confidence, ""The Lord is my helper; I will not be afraid. What can mere mortals do to me?"" * 1 Peter 5:10 And the God of all grace, who called you to his eternal glory in Christ, after you have suffered a little while, will himself restore you and make you strong, firm and steadfast. * Psalm 32:7-8 You are my hiding place; you will protect me from trouble and surround me with songs of deliverance. I will instruct you and teach you in the way you should go; I will counsel you with my loving eye on you. * Romans 8:38-39 No, in all these things we are more than conquerors through him who loved us. For I am convinced that neither death nor life, neither angels nor demons, neither the present nor the future, nor any powers, neither height nor depth, nor anything else in all creation, will be able to separate us from the love of God that is in Christ Jesus our Lord. * Psalm 33:22 Let your unfailing love be with us, Lord, even as we put our hope in you. * Hebrews 10:24-25 And let us consider how we may spur one another on toward love and good deeds. * Psalm 116:1-2 I love the Lord, for he heard my voice; he heard my cry for mercy. Because he turned his ear to me, I will call on him as long as I live. * Revelation 21:4 He will wipe every tear from their eyes. There will be no more death or mourning or crying or pain, for the old order of things has passed away.",2,118,yes,,,,latin,1
yes,4,118,yes,,,,latin,240
llIKvpyxhKM,0,119,no,,,,latin,177
Salam Kissan 2021 | Kissan Day | A Tribute to Farmers by Sarsabz Fertilizers,1,119,yes,,,,latin,177
Heart touching,2,119,yes,,,,latin,1
no,4,119,yes,,,,latin,1332
llIKvpyxhKM,0,120,no,,,,latin,177
Salam Kissan 2021 | Kissan Day | A Tribute to Farmers by Sarsabz Fertilizers,1,120,yes,,,,latin,177
Mai dhai 😭😭😍😍😍😍😍😍,2,120,yes,,,,latin,1
no,4,120,yes,,,,latin,1332
llIKvpyxhKM,0,121,no,,,,latin,177
Salam Kissan 2021 | Kissan Day | A Tribute to Farmers by Sarsabz Fertilizers,1,121,yes,,,,latin,177
Amazing sound of Mai Dhai Tharparkar's Queen,2,121,yes,,,,latin,1
no,4,121,yes,,,,latin,1332
llIKvpyxhKM,0,122,no,,,,latin,177
Salam Kissan 2021 | Kissan Day | A Tribute to Farmers by Sarsabz Fertilizers,1,122,yes,,,,latin,177
Mai Dai is epic,2,122,yes,,,,latin,1
no,4,122,yes,,,,latin,1332
llIKvpyxhKM,0,123,no,,,,latin,177
Salam Kissan 2021 | Kissan Day | A Tribute to Farmers by Sarsabz Fertilizers,1,123,yes,,,,latin,177
شروع میں جو لائنز ہیں کیا وہ مکمل گانے کا لنک مل سکتا ہے؟,2,123,yes,,,,urdu_script,1
no,4,123,yes,,,,latin,1332
llIKvpyxhKM,0,124,no,,,,latin,177
Salam Kissan 2021 | Kissan Day | A Tribute to Farmers by Sarsabz Fertilizers,1,124,yes,,,,latin,177
I love mai dhai voice,2,124,yes,,,,latin,1
no,4,124,yes,,,,latin,1332
llIKvpyxhKM,0,125,no,,,,latin,177
Salam Kissan 2021 | Kissan Day | A Tribute to Farmers by Sarsabz Fertilizers,1,125,yes,,,,latin,177
❤️🌾🌾🌱 love,2,125,yes,,,,latin,1
no,4,125,yes,,,,latin,1332
llIKvpyxhKM,0,126,no,,,,latin,177
Salam Kissan 2021 | Kissan Day | A Tribute to Farmers by Sarsabz Fertilizers,1,126,yes,,,,latin,177
Salute to All Farmers,2,126,yes,,,,latin,1
no,4,126,yes,,,,latin,1332
llIKvpyxhKM,0,127,no,,,,latin,177
Salam Kissan 2021 | Kissan Day | A Tribute to Farmers by Sarsabz Fertilizers,1,127,yes,,,,latin,177
Love this. Heart touching,2,127,yes,,,,latin,1
no,4,127,yes,,,,latin,1332
llIKvpyxhKM,0,128,no,,,,latin,177
Salam Kissan 2021 | Kissan Day | A Tribute to Farmers by Sarsabz Fertilizers,1,128,yes,,,,latin,177
I'm oi. Ok,2,128,yes,,,,latin,1
no,4,128,yes,,,,latin,1332
llIKvpyxhKM,0,129,no,,,,latin,177
Salam Kissan 2021 | Kissan Day | A Tribute to Farmers by Sarsabz Fertilizers,1,129,yes,,,,latin,177
Nice.,2,129,yes,,,,latin,1
no,4,129,yes,,,,latin,1332
llIKvpyxhKM,0,130,no,,,,latin,177
Salam Kissan 2021 | Kissan Day | A Tribute to Farmers by Sarsabz Fertilizers,1,130,yes,,,,latin,177
Very hardvork former,2,130,yes,,,,latin,1
no,4,130,yes,,,,latin,1332
llIKvpyxhKM,0,131,no,,,,latin,177
Salam Kissan 2021 | Kissan Day | A Tribute to Farmers by Sarsabz Fertilizers,1,131,yes,,,,latin,177
A great tribute to all those farmers who have always remained an important pillar of Pakistan's economy 💕 We are nothing without your hadwork dear farmers ❤️,2,131,yes,,,,latin,1
no,4,131,yes,,,,latin,1332
llIKvpyxhKM,0,132,no,,,,latin,177
Salam Kissan 2021 | Kissan Day | A Tribute to Farmers by Sarsabz Fertilizers,1,132,yes,,,,latin,177
Bibi G tribute tu govt de rahi hai.,2,132,yes,,,,latin,1
yes,4,132,yes,,,,latin,240
llIKvpyxhKM,0,133,no,,,,latin,177
Salam Kissan 2021 | Kissan Day | A Tribute to Farmers by Sarsabz Fertilizers,1,133,yes,,,,latin,177
Humiray sath jo slip bnya wo kyun add nahe keya😂 #UAF,2,133,yes,,,,latin,1
no,4,133,yes,,,,latin,1332
llIKvpyxhKM,0,134,no,,,,latin,177
Salam Kissan 2021 | Kissan Day | A Tribute to Farmers by Sarsabz Fertilizers,1,134,yes,,,,latin,177
"Salaam kisaan, without you we are nothing, truly I appreciate all those working tirelessly such hardworking they are. Lots of love 💕💕💕💕 for all hardworking farmers out there in scorching 🌞🌞🌞",2,134,yes,,,,latin,1
no,4,134,yes,,,,latin,1332
llIKvpyxhKM,0,135,no,,,,latin,177
Salam Kissan 2021 | Kissan Day | A Tribute to Farmers by Sarsabz Fertilizers,1,135,yes,,,,latin,177
"400 per kg ghee ur cooking oil ho raha ha , sunflower 🌻 aur canola pakistan 🇵🇰 ma jitna merzi ugya ja sakt ha palm 🌴 oil import kam ke ja saktie aur kissan khushal ho jy",2,135,yes,,,,latin,1
no,4,135,yes,,,,latin,1332
llIKvpyxhKM,0,136,no,,,,latin,177
Salam Kissan 2021 | Kissan Day | A Tribute to Farmers by Sarsabz Fertilizers,1,136,yes,,,,latin,177
"Apealing ,good and beautiful effort.",2,136,yes,,,,latin,1
no,4,136,yes,,,,latin,1332
llIKvpyxhKM,0,137,no,,,,latin,177
Salam Kissan 2021 | Kissan Day | A Tribute to Farmers by Sarsabz Fertilizers,1,137,yes,,,,latin,177
Beautiful song,2,137,yes,,,,latin,1
no,4,137,yes,,,,latin,1332
llIKvpyxhKM,0,138,no,,,,latin,177
Salam Kissan 2021 | Kissan Day | A Tribute to Farmers by Sarsabz Fertilizers,1,138,yes,,,,latin,177
Slam saraikistan k kissan,2,138,yes,,,,latin,1
no,4,138,yes,,,,latin,1332
llIKvpyxhKM,0,139,no,,,,latin,177
Salam Kissan 2021 | Kissan Day | A Tribute to Farmers by Sarsabz Fertilizers,1,139,yes,,,,latin,177
Salam Kisan,2,139,yes,,,,latin,2
no,4,139,yes,,,,latin,1332
llIKvpyxhKM,0,140,no,,,,latin,177
Salam Kissan 2021 | Kissan Day | A Tribute to Farmers by Sarsabz Fertilizers,1,140,yes,,,,latin,177
Salam or Great Land kisan's. Salam Pakistan 🙌🇵🇰🤲,2,140,yes,,,,latin,1
no,4,140,yes,,,,latin,1332
llIKvpyxhKM,0,141,no,,,,latin,177
Salam Kissan 2021 | Kissan Day | A Tribute to Farmers by Sarsabz Fertilizers,1,141,yes,,,,latin,177
Amazing and lovely voice,2,141,yes,,,,latin,1
no,4,141,yes,,,,latin,1332
llIKvpyxhKM,0,142,no,,,,latin,177
Salam Kissan 2021 | Kissan Day | A Tribute to Farmers by Sarsabz Fertilizers,1,142,yes,,,,latin,177
Farmer Zindabaad,2,142,yes,,,,latin,1
no,4,142,yes,,,,latin,1332
llIKvpyxhKM,0,143,no,,,,latin,177
Salam Kissan 2021 | Kissan Day | A Tribute to Farmers by Sarsabz Fertilizers,1,143,yes,,,,latin,177
Beautiful people.,2,143,yes,,,,latin,1
no,4,143,yes,,,,latin,1332
llIKvpyxhKM,0,144,no,,,,latin,177
Salam Kissan 2021 | Kissan Day | A Tribute to Farmers by Sarsabz Fertilizers,1,144,yes,,,,latin,177
Good job and join me,2,144,yes,,,,latin,1
no,4,144,yes,,,,latin,1332
llIKvpyxhKM,0,145,no,,,,latin,177
Salam Kissan 2021 | Kissan Day | A Tribute to Farmers by Sarsabz Fertilizers,1,145,yes,,,,latin,177
Good job by Ruksana Apa and Nida Malik.,2,145,yes,,,,latin,1
no,4,145,yes,,,,latin,1332
llIKvpyxhKM,0,146,no,,,,latin,177
Salam Kissan 2021 | Kissan Day | A Tribute to Farmers by Sarsabz Fertilizers,1,146,yes,,,,latin,177
Slam kisan slam kisan,2,146,yes,,,,latin,1
no,4,146,yes,,,,latin,1332
llIKvpyxhKM,0,147,no,,,,latin,177
Salam Kissan 2021 | Kissan Day | A Tribute to Farmers by Sarsabz Fertilizers,1,147,yes,,,,latin,177
Fantastic,2,147,yes,,,,latin,1
no,4,147,yes,,,,latin,1332
llIKvpyxhKM,0,148,no,,,,latin,177
Salam Kissan 2021 | Kissan Day | A Tribute to Farmers by Sarsabz Fertilizers,1,148,yes,,,,latin,177
im kisan love you Pakistan,2,148,yes,,,,latin,1
no,4,148,yes,,,,latin,1332
llIKvpyxhKM,0,149,no,,,,latin,177
Salam Kissan 2021 | Kissan Day | A Tribute to Farmers by Sarsabz Fertilizers,1,149,yes,,,,latin,177
Salm kissan,2,149,yes,,,,latin,1
no,4,149,yes,,,,latin,1332
llIKvpyxhKM,0,150,no,,,,latin,177
Salam Kissan 2021 | Kissan Day | A Tribute to Farmers by Sarsabz Fertilizers,1,150,yes,,,,latin,177
Salam kisan 💕,2,150,yes,,,,latin,1
no,4,150,yes,,,,latin,1332
llIKvpyxhKM,0,151,no,,,,latin,177
Salam Kissan 2021 | Kissan Day | A Tribute to Farmers by Sarsabz Fertilizers,1,151,yes,,,,latin,177
Bht mehnat krty hain kisaan log 💓,2,151,yes,,,,latin,1
no,4,151,yes,,,,latin,1332
llIKvpyxhKM,0,152,no,,,,latin,177
Salam Kissan 2021 | Kissan Day | A Tribute to Farmers by Sarsabz Fertilizers,1,152,yes,,,,latin,177
"Ya Allah, Make it remarkable.",2,152,yes,,,,latin,1
no,4,152,yes,,,,latin,1332
llIKvpyxhKM,0,153,no,,,,latin,177
Salam Kissan 2021 | Kissan Day | A Tribute to Farmers by Sarsabz Fertilizers,1,153,yes,,,,latin,177
Slam kissan ❤,2,153,yes,,,,latin,1
no,4,153,yes,,,,latin,1332
llIKvpyxhKM,0,154,no,,,,latin,177
Salam Kissan 2021 | Kissan Day | A Tribute to Farmers by Sarsabz Fertilizers,1,154,yes,,,,latin,177
Parhi likhi awam ki ink sath mil kar kam krna chaye zameen ka chapa chapa abad ho .hr koi mehnat kre,2,154,yes,,,,latin,1
no,4,154,yes,,,,latin,1332
llIKvpyxhKM,0,155,no,,,,latin,177
Salam Kissan 2021 | Kissan Day | A Tribute to Farmers by Sarsabz Fertilizers,1,155,yes,,,,latin,177
I think is mulk ki gurbet us waqt dor ho gi.jb log aaram ko chor ker sheki bekhrny ki bijaye mehnat ko apna saar banyain gi.ink bacho ko muft taleem dani cahye,2,155,yes,,,,latin,1
no,4,155,yes,,,,latin,1332
llIKvpyxhKM,0,156,no,,,,latin,177
Salam Kissan 2021 | Kissan Day | A Tribute to Farmers by Sarsabz Fertilizers,1,156,yes,,,,latin,177
Absolutely fantastic mind blowing 💯💯👍🌹,2,156,yes,,,,latin,1
no,4,156,yes,,,,latin,1332
llIKvpyxhKM,0,157,no,,,,latin,177
Salam Kissan 2021 | Kissan Day | A Tribute to Farmers by Sarsabz Fertilizers,1,157,yes,,,,latin,177
So caring,2,157,yes,,,,latin,1
no,4,157,yes,,,,latin,1332
llIKvpyxhKM,0,158,no,,,,latin,177
Salam Kissan 2021 | Kissan Day | A Tribute to Farmers by Sarsabz Fertilizers,1,158,yes,,,,latin,177
I'm not understanding the language of woman singing but her voice is magic,2,158,yes,,,,latin,1
no,4,158,yes,,,,latin,1332
llIKvpyxhKM,0,159,no,,,,latin,177
Salam Kissan 2021 | Kissan Day | A Tribute to Farmers by Sarsabz Fertilizers,1,159,yes,,,,latin,177
Ye Asal me hamara Fakhar hai 🇵🇰🇵🇰🇵🇰,2,159,yes,,,,latin,1
no,4,159,yes,,,,latin,1332
llIKvpyxhKM,0,160,no,,,,latin,177
Salam Kissan 2021 | Kissan Day | A Tribute to Farmers by Sarsabz Fertilizers,1,160,yes,,,,latin,177
Slam Kissan 🇵🇰 🇵🇰 پاکستان زندہ باد 🇵🇰,2,160,yes,,,,mixed,1
no,4,160,yes,,,,latin,1332
llIKvpyxhKM,0,161,no,,,,latin,177
Salam Kissan 2021 | Kissan Day | A Tribute to Farmers by Sarsabz Fertilizers,1,161,yes,,,,latin,177
"Both voices are mind blowing, music is also superb Thank You SarSabaz",2,161,yes,,,,latin,1
no,4,161,yes,,,,latin,1332
llIKvpyxhKM,0,162,no,,,,latin,177
Salam Kissan 2021 | Kissan Day | A Tribute to Farmers by Sarsabz Fertilizers,1,162,yes,,,,latin,177
Raq_&____''57*,2,162,yes,,,,latin,1
yes,4,162,yes,,,,latin,240
llIKvpyxhKM,0,163,no,,,,latin,177
Salam Kissan 2021 | Kissan Day | A Tribute to Farmers by Sarsabz Fertilizers,1,163,yes,,,,latin,177
Absolutely beautiful..... Listen to it atleast 10 times a day.... Congratulations to the entire team for coming up with such sensory treat. Huge respect to the female vocalist she makes me cry every single time.,2,163,yes,,,,latin,1
no,4,163,yes,,,,latin,1332
llIKvpyxhKM,0,164,no,,,,latin,177
Salam Kissan 2021 | Kissan Day | A Tribute to Farmers by Sarsabz Fertilizers,1,164,yes,,,,latin,177
best ad ever really i was crying,2,164,yes,,,,latin,1
no,4,164,yes,,,,latin,1332
llIKvpyxhKM,0,165,no,,,,latin,177
Salam Kissan 2021 | Kissan Day | A Tribute to Farmers by Sarsabz Fertilizers,1,165,yes,,,,latin,177
Amazing video,2,165,yes,,,,latin,1
no,4,165,yes,,,,latin,1332
llIKvpyxhKM,0,166,no,,,,latin,177
Salam Kissan 2021 | Kissan Day | A Tribute to Farmers by Sarsabz Fertilizers,1,166,yes,,,,latin,177
seldom do brands make suck awareness campaigns and i love it when they do always wish corporate sector shud contribute in education and fixing issues,2,166,yes,,,,latin,1
no,4,166,yes,,,,latin,1332
llIKvpyxhKM,0,167,no,,,,latin,177
Salam Kissan 2021 | Kissan Day | A Tribute to Farmers by Sarsabz Fertilizers,1,167,yes,,,,latin,177
Amazing voice,2,167,yes,,,,latin,1
no,4,167,yes,,,,latin,1332
llIKvpyxhKM,0,168,no,,,,latin,177
Salam Kissan 2021 | Kissan Day | A Tribute to Farmers by Sarsabz Fertilizers,1,168,yes,,,,latin,177
I Love Islam . love my village and village simple life ..Pakistan zindabad,2,168,yes,,,,latin,1
no,4,168,yes,,,,latin,1332
llIKvpyxhKM,0,169,no,,,,latin,177
Salam Kissan 2021 | Kissan Day | A Tribute to Farmers by Sarsabz Fertilizers,1,169,yes,,,,latin,177
Greatest,2,169,yes,,,,latin,1
no,4,169,yes,,,,latin,1332
llIKvpyxhKM,0,170,no,,,,latin,177
Salam Kissan 2021 | Kissan Day | A Tribute to Farmers by Sarsabz Fertilizers,1,170,yes,,,,latin,177
Kmal,2,170,yes,,,,latin,1
no,4,170,yes,,,,latin,1332
llIKvpyxhKM,0,171,no,,,,latin,177
Salam Kissan 2021 | Kissan Day | A Tribute to Farmers by Sarsabz Fertilizers,1,171,yes,,,,latin,177
Well done @nida sajid 👏,2,171,yes,,,,latin,1
no,4,171,yes,,,,latin,1332
llIKvpyxhKM,0,172,no,,,,latin,177
Salam Kissan 2021 | Kissan Day | A Tribute to Farmers by Sarsabz Fertilizers,1,172,yes,,,,latin,177
Salam kisaan,2,172,yes,,,,latin,2
no,4,172,yes,,,,latin,1332
llIKvpyxhKM,0,173,no,,,,latin,177
Salam Kissan 2021 | Kissan Day | A Tribute to Farmers by Sarsabz Fertilizers,1,173,yes,,,,latin,177
Nice,2,173,yes,,,,latin,8
no,4,173,yes,,,,latin,1332
llIKvpyxhKM,0,174,no,,,,latin,177
Salam Kissan 2021 | Kissan Day | A Tribute to Farmers by Sarsabz Fertilizers,1,174,yes,,,,latin,177
Sobhan Allaha u do what they really deserve beautiful song infact Respect,2,174,yes,,,,latin,1
no,4,174,yes,,,,latin,1332
llIKvpyxhKM,0,175,no,,,,latin,177
Salam Kissan 2021 | Kissan Day | A Tribute to Farmers by Sarsabz Fertilizers,1,175,yes,,,,latin,177
qq10,2,175,yes,,,,latin,1
yes,4,175,yes,,,,latin,240
llIKvpyxhKM,0,176,no,,,,latin,177
Salam Kissan 2021 | Kissan Day | A Tribute to Farmers by Sarsabz Fertilizers,1,176,yes,,,,latin,177
lun pa chur,2,176,yes,,,,latin,1
yes,4,176,yes,,,,latin,240
llIKvpyxhKM,0,177,no,,,,latin,177
Salam Kissan 2021 | Kissan Day | A Tribute to Farmers by Sarsabz Fertilizers,1,177,yes,,,,latin,177
❤️❤️,2,177,yes,,,,other,3
no,4,177,yes,,,,latin,1332
llIKvpyxhKM,0,178,no,,,,latin,177
Salam Kissan 2021 | Kissan Day | A Tribute to Farmers by Sarsabz Fertilizers,1,178,yes,,,,latin,177
Ququ7i0jloò,2,178,yes,,,,latin,1
no,4,178,yes,,,,latin,1332
llIKvpyxhKM,0,179,no,,,,latin,177
Salam Kissan 2021 | Kissan Day | A Tribute to Farmers by Sarsabz Fertilizers,1,179,yes,,,,latin,177
Good,2,179,yes,,,,latin,6
no,4,179,yes,,,,latin,1332
llIKvpyxhKM,0,180,no,,,,latin,177
Salam Kissan 2021 | Kissan Day | A Tribute to Farmers by Sarsabz Fertilizers,1,180,yes,,,,latin,177
nice,2,180,yes,,,,latin,2
no,4,180,yes,,,,latin,1332
llIKvpyxhKM,0,181,no,,,,latin,177
Salam Kissan 2021 | Kissan Day | A Tribute to Farmers by Sarsabz Fertilizers,1,181,yes,,,,latin,177
Mind blowing performance. Out of understanding but What a magical voice of female .,2,181,yes,,,,latin,1
no,4,181,yes,,,,latin,1332
llIKvpyxhKM,0,182,no,,,,latin,177
Salam Kissan 2021 | Kissan Day | A Tribute to Farmers by Sarsabz Fertilizers,1,182,yes,,,,latin,177
Salam kisan,2,182,yes,,,,latin,7
no,4,182,yes,,,,latin,1332
llIKvpyxhKM,0,183,no,,,,latin,177
Salam Kissan 2021 | Kissan Day | A Tribute to Farmers by Sarsabz Fertilizers,1,183,yes,,,,latin,177
I love every product of FG. Amazing ads every time♥️😍 and salam kisan👍👏,2,183,yes,,,,latin,1
no,4,183,yes,,,,latin,1332
llIKvpyxhKM,0,184,no,,,,latin,177
Salam Kissan 2021 | Kissan Day | A Tribute to Farmers by Sarsabz Fertilizers,1,184,yes,,,,latin,177
Great effort by Fatima Group. Proud to be a part of Fatima Family,2,184,yes,,,,latin,1
no,4,184,yes,,,,latin,1332
llIKvpyxhKM,0,185,no,,,,latin,177
Salam Kissan 2021 | Kissan Day | A Tribute to Farmers by Sarsabz Fertilizers,1,185,yes,,,,latin,177
Well done 👏👏👏👏👏👏👏 salam Kisaan,2,185,yes,,,,latin,1
no,4,185,yes,,,,latin,1332
llIKvpyxhKM,0,186,no,,,,latin,177
Salam Kissan 2021 | Kissan Day | A Tribute to Farmers by Sarsabz Fertilizers,1,186,yes,,,,latin,177
very beautiful video from apni desi life chanle pak,2,186,yes,,,,latin,1
no,4,186,yes,,,,latin,1332
llIKvpyxhKM,0,187,no,,,,latin,177
Salam Kissan 2021 | Kissan Day | A Tribute to Farmers by Sarsabz Fertilizers,1,187,yes,,,,latin,177
salam all kissn from apni desi life chanle pak,2,187,yes,,,,latin,1
no,4,187,yes,,,,latin,1332
llIKvpyxhKM,0,188,no,,,,latin,177
Salam Kissan 2021 | Kissan Day | A Tribute to Farmers by Sarsabz Fertilizers,1,188,yes,,,,latin,177
very beautiful video from apni Desi Life chanle pak,2,188,yes,,,,latin,1
no,4,188,yes,,,,latin,1332
llIKvpyxhKM,0,189,no,,,,latin,177
Salam Kissan 2021 | Kissan Day | A Tribute to Farmers by Sarsabz Fertilizers,1,189,yes,,,,latin,177
salam hay kissan per uski mehnat per Pakistan zindabad GOOD VIDEO,2,189,yes,,,,latin,1
no,4,189,yes,,,,latin,1332
llIKvpyxhKM,0,190,no,,,,latin,177
Salam Kissan 2021 | Kissan Day | A Tribute to Farmers by Sarsabz Fertilizers,1,190,yes,,,,latin,177
Heart touching & true,2,190,yes,,,,latin,1
no,4,190,yes,,,,latin,1332
llIKvpyxhKM,0,191,no,,,,latin,177
Salam Kissan 2021 | Kissan Day | A Tribute to Farmers by Sarsabz Fertilizers,1,191,yes,,,,latin,177
"Slam kissan,hard worker ever.",2,191,yes,,,,latin,1
no,4,191,yes,,,,latin,1332
llIKvpyxhKM,0,192,no,,,,latin,177
Salam Kissan 2021 | Kissan Day | A Tribute to Farmers by Sarsabz Fertilizers,1,192,yes,,,,latin,177
MashaALLHA ..boht acha,2,192,yes,,,,latin,1
no,4,192,yes,,,,latin,1332
llIKvpyxhKM,0,193,no,,,,latin,177
Salam Kissan 2021 | Kissan Day | A Tribute to Farmers by Sarsabz Fertilizers,1,193,yes,,,,latin,177
Amazing ♥️,2,193,yes,,,,latin,1
no,4,193,yes,,,,latin,1332
llIKvpyxhKM,0,194,no,,,,latin,177
Salam Kissan 2021 | Kissan Day | A Tribute to Farmers by Sarsabz Fertilizers,1,194,yes,,,,latin,177
Nice,2,194,yes,,,,latin,8
no,4,194,yes,,,,latin,1332
llIKvpyxhKM,0,195,no,,,,latin,177
Salam Kissan 2021 | Kissan Day | A Tribute to Farmers by Sarsabz Fertilizers,1,195,yes,,,,latin,177
Salam kisan,2,195,yes,,,,latin,7
no,4,195,yes,,,,latin,1332
llIKvpyxhKM,0,196,no,,,,latin,177
Salam Kissan 2021 | Kissan Day | A Tribute to Farmers by Sarsabz Fertilizers,1,196,yes,,,,latin,177
Please support me 🥺🥺,2,196,yes,,,,latin,1
yes,4,196,yes,,,,latin,240
llIKvpyxhKM,0,197,no,,,,latin,177
Salam Kissan 2021 | Kissan Day | A Tribute to Farmers by Sarsabz Fertilizers,1,197,yes,,,,latin,177
"Beautiful video. may Allah SWT Give immense prosperity to Pakistan and its people, Aameen.",2,197,yes,,,,latin,1
no,4,197,yes,,,,latin,1332
llIKvpyxhKM,0,198,no,,,,latin,177
Salam Kissan 2021 | Kissan Day | A Tribute to Farmers by Sarsabz Fertilizers,1,198,yes,,,,latin,177
𝐍𝐢𝐜𝐞,2,198,yes,,,,other,1
no,4,198,yes,,,,latin,1332
llIKvpyxhKM,0,199,no,,,,latin,177
Salam Kissan 2021 | Kissan Day | A Tribute to Farmers by Sarsabz Fertilizers,1,199,yes,,,,latin,177
Kisan Zindabad,2,199,yes,,,,latin,1
no,4,199,yes,,,,latin,1332
llIKvpyxhKM,0,200,no,,,,latin,177
Salam Kissan 2021 | Kissan Day | A Tribute to Farmers by Sarsabz Fertilizers,1,200,yes,,,,latin,177
Salam kisan,2,200,yes,,,,latin,7
yes,4,200,yes,,,,latin,240
llIKvpyxhKM,0,201,no,,,,latin,177
Salam Kissan 2021 | Kissan Day | A Tribute to Farmers by Sarsabz Fertilizers,1,201,yes,,,,latin,177
Very good video. Shows how technology is being integrated into our traditional farming. Agri-tech is a very rapidly growing sector. Loved how the farmer used normal water bottles to replicate drip farming.,2,201,yes,,,,latin,1
no,4,201,yes,,,,latin,1332
llIKvpyxhKM,0,202,no,,,,latin,177
Salam Kissan 2021 | Kissan Day | A Tribute to Farmers by Sarsabz Fertilizers,1,202,yes,,,,latin,177
Salam kissan ❤️ sukriya sarsabz,2,202,yes,,,,latin,1
no,4,202,yes,,,,latin,1332
llIKvpyxhKM,0,203,no,,,,latin,177
Salam Kissan 2021 | Kissan Day | A Tribute to Farmers by Sarsabz Fertilizers,1,203,yes,,,,latin,177
Stay safe stay connected 👍 jazak Allah khair,2,203,yes,,,,latin,1
no,4,203,yes,,,,latin,1332
llIKvpyxhKM,0,204,no,,,,latin,177
Salam Kissan 2021 | Kissan Day | A Tribute to Farmers by Sarsabz Fertilizers,1,204,yes,,,,latin,177
کاش کسان کی زندگی بھی کوئی حکومت کرتی آسان ؟,2,204,yes,,,,urdu_script,1
no,4,204,yes,,,,latin,1332
llIKvpyxhKM,0,205,no,,,,latin,177
Salam Kissan 2021 | Kissan Day | A Tribute to Farmers by Sarsabz Fertilizers,1,205,yes,,,,latin,177
Good effort to tribute people who produce food by working hard....,2,205,yes,,,,latin,1
no,4,205,yes,,,,latin,1332
llIKvpyxhKM,0,206,no,,,,latin,177
Salam Kissan 2021 | Kissan Day | A Tribute to Farmers by Sarsabz Fertilizers,1,206,yes,,,,latin,177
Green Pakistan.. Thanks Sarsabaz Fertilizer (Fatima).. with Love..,2,206,yes,,,,latin,1
no,4,206,yes,,,,latin,1332
llIKvpyxhKM,0,207,no,,,,latin,177
Salam Kissan 2021 | Kissan Day | A Tribute to Farmers by Sarsabz Fertilizers,1,207,yes,,,,latin,177
Now this is called an Advertisement. Life grows from the hard lands of North to the Barren lands of South just because of the blood and sweat of these farmers. Absolutely fantastic. Superb yaar. Hats Off.,2,207,yes,,,,latin,1
no,4,207,yes,,,,latin,1332
llIKvpyxhKM,0,208,no,,,,latin,177
Salam Kissan 2021 | Kissan Day | A Tribute to Farmers by Sarsabz Fertilizers,1,208,yes,,,,latin,177
Qqqaw,2,208,yes,,,,latin,1
yes,4,208,yes,,,,latin,240
llIKvpyxhKM,0,209,no,,,,latin,177
Salam Kissan 2021 | Kissan Day | A Tribute to Farmers by Sarsabz Fertilizers,1,209,yes,,,,latin,177
Tribute and salute to are farmers... 👨‍🌾👩‍🌾,2,209,yes,,,,latin,1
no,4,209,yes,,,,latin,1332
llIKvpyxhKM,0,210,no,,,,latin,177
Salam Kissan 2021 | Kissan Day | A Tribute to Farmers by Sarsabz Fertilizers,1,210,yes,,,,latin,177
kamal ki ki music and voice wow,2,210,yes,,,,latin,1
no,4,210,yes,,,,latin,1332
llIKvpyxhKM,0,211,no,,,,latin,177
Salam Kissan 2021 | Kissan Day | A Tribute to Farmers by Sarsabz Fertilizers,1,211,yes,,,,latin,177
Great job sarsabz. 👏🏻👏🏻👏🏻👏🏻👏🏻👏🏻,2,211,yes,,,,latin,1
no,4,211,yes,,,,latin,1332
llIKvpyxhKM,0,212,no,,,,latin,177
Salam Kissan 2021 | Kissan Day | A Tribute to Farmers by Sarsabz Fertilizers,1,212,yes,,,,latin,177
Support me please 🥺🥺,2,212,yes,,,,latin,1
yes,4,212,yes,,,,latin,240
llIKvpyxhKM,0,213,no,,,,latin,177
Salam Kissan 2021 | Kissan Day | A Tribute to Farmers by Sarsabz Fertilizers,1,213,yes,,,,latin,177
Salaam kissan♥️♥️♥️♥️🇵🇰🇵🇰🇵🇰,2,213,yes,,,,latin,1
no,4,213,yes,,,,latin,1332
llIKvpyxhKM,0,214,no,,,,latin,177
Salam Kissan 2021 | Kissan Day | A Tribute to Farmers by Sarsabz Fertilizers,1,214,yes,,,,latin,177
Salaam kissan,2,214,yes,,,,latin,3
no,4,214,yes,,,,latin,1332
llIKvpyxhKM,0,215,no,,,,latin,177
Salam Kissan 2021 | Kissan Day | A Tribute to Farmers by Sarsabz Fertilizers,1,215,yes,,,,latin,177
Great,2,215,yes,,,,latin,9
no,4,215,yes,,,,latin,1332
llIKvpyxhKM,0,216,no,,,,latin,177
Salam Kissan 2021 | Kissan Day | A Tribute to Farmers by Sarsabz Fertilizers,1,216,yes,,,,latin,177
"Beautiful intergenerational story about sacrifice, hardwork and science to build prosperity. Great work!",2,216,yes,,,,latin,1
no,4,216,yes,,,,latin,1332
llIKvpyxhKM,0,217,no,,,,latin,177
Salam Kissan 2021 | Kissan Day | A Tribute to Farmers by Sarsabz Fertilizers,1,217,yes,,,,latin,177
Although I am not a farmers but every Sarsabz ad is mind blowing! This particular ad boost patriotism! Well done team sarsabz!,2,217,yes,,,,latin,1
no,4,217,yes,,,,latin,1332
llIKvpyxhKM,0,218,no,,,,latin,177
Salam Kissan 2021 | Kissan Day | A Tribute to Farmers by Sarsabz Fertilizers,1,218,yes,,,,latin,177
Book kip ol0pyy,2,218,yes,,,,latin,1
yes,4,218,yes,,,,latin,240
llIKvpyxhKM,0,219,no,,,,latin,177
Salam Kissan 2021 | Kissan Day | A Tribute to Farmers by Sarsabz Fertilizers,1,219,yes,,,,latin,177
Thank you 😊,2,219,yes,,,,latin,8
yes,4,219,yes,,,,latin,240
llIKvpyxhKM,0,220,no,,,,latin,177
Salam Kissan 2021 | Kissan Day | A Tribute to Farmers by Sarsabz Fertilizers,1,220,yes,,,,latin,177
",5 0n",2,220,yes,,,,latin,1
no,4,220,yes,,,,latin,1332
llIKvpyxhKM,0,221,no,,,,latin,177
Salam Kissan 2021 | Kissan Day | A Tribute to Farmers by Sarsabz Fertilizers,1,221,yes,,,,latin,177
old is gold love old person old time love from #iqbalkitchencuisine,2,221,yes,,,,latin,1
no,4,221,yes,,,,latin,1332
llIKvpyxhKM,0,222,no,,,,latin,177
Salam Kissan 2021 | Kissan Day | A Tribute to Farmers by Sarsabz Fertilizers,1,222,yes,,,,latin,177
Ia##I'mI'm... K;0l,2,222,yes,,,,latin,1
no,4,222,yes,,,,latin,1332
llIKvpyxhKM,0,223,no,,,,latin,177
Salam Kissan 2021 | Kissan Day | A Tribute to Farmers by Sarsabz Fertilizers,1,223,yes,,,,latin,177
Thanks,2,223,yes,,,,latin,4
no,4,223,yes,,,,latin,1332
llIKvpyxhKM,0,224,no,,,,latin,177
Salam Kissan 2021 | Kissan Day | A Tribute to Farmers by Sarsabz Fertilizers,1,224,yes,,,,latin,177
Lyrics plz,2,224,yes,,,,latin,1
yes,4,224,yes,,,,latin,240
llIKvpyxhKM,0,225,no,,,,latin,177
Salam Kissan 2021 | Kissan Day | A Tribute to Farmers by Sarsabz Fertilizers,1,225,yes,,,,latin,177
MashaAllah Pakistan Hamesha Sarsab O Shad Abad Rahey Ameen,2,225,yes,,,,latin,1
no,4,225,yes,,,,latin,1332
llIKvpyxhKM,0,226,no,,,,latin,177
Salam Kissan 2021 | Kissan Day | A Tribute to Farmers by Sarsabz Fertilizers,1,226,yes,,,,latin,177
Is it,2,226,yes,,,,latin,1
yes,4,226,yes,,,,latin,240
llIKvpyxhKM,0,227,no,,,,latin,177
Salam Kissan 2021 | Kissan Day | A Tribute to Farmers by Sarsabz Fertilizers,1,227,yes,,,,latin,177
Superb efforts by Fatima Fertilizers leading towards Sarsabz Pakistan..,2,227,yes,,,,latin,1
no,4,227,yes,,,,latin,1332
llIKvpyxhKM,0,228,no,,,,latin,177
Salam Kissan 2021 | Kissan Day | A Tribute to Farmers by Sarsabz Fertilizers,1,228,yes,,,,latin,177
Thank you 😊,2,228,yes,,,,latin,8
yes,4,228,yes,,,,latin,240
llIKvpyxhKM,0,229,no,,,,latin,177
Salam Kissan 2021 | Kissan Day | A Tribute to Farmers by Sarsabz Fertilizers,1,229,yes,,,,latin,177
Salam Kissan,2,229,yes,,,,latin,5
no,4,229,yes,,,,latin,1332
llIKvpyxhKM,0,230,no,,,,latin,177
Salam Kissan 2021 | Kissan Day | A Tribute to Farmers by Sarsabz Fertilizers,1,230,yes,,,,latin,177
Absolutely beautiful and thanks you to show the image of Pakistani farmer's,2,230,yes,,,,latin,1
no,4,230,yes,,,,latin,1332
llIKvpyxhKM,0,231,no,,,,latin,177
Salam Kissan 2021 | Kissan Day | A Tribute to Farmers by Sarsabz Fertilizers,1,231,yes,,,,latin,177
Such a great idea . good job. salam sarsabz fertilizer. Salam kisan.,2,231,yes,,,,latin,1
no,4,231,yes,,,,latin,1332
llIKvpyxhKM,0,232,no,,,,latin,177
Salam Kissan 2021 | Kissan Day | A Tribute to Farmers by Sarsabz Fertilizers,1,232,yes,,,,latin,177
Thank you 😊,2,232,yes,,,,latin,8
yes,4,232,yes,,,,latin,240
llIKvpyxhKM,0,233,no,,,,latin,177
Salam Kissan 2021 | Kissan Day | A Tribute to Farmers by Sarsabz Fertilizers,1,233,yes,,,,latin,177
Excellent message while covering up golden agriculture land of Pakistan & magical background voice of Mai Dhaii.. Thumbs Up for great effort 👍✌🏻 #SalamKissan #SarsabzPakistan,2,233,yes,,,,latin,1
no,4,233,yes,,,,latin,1332
llIKvpyxhKM,0,234,no,,,,latin,177
Salam Kissan 2021 | Kissan Day | A Tribute to Farmers by Sarsabz Fertilizers,1,234,yes,,,,latin,177
Thank u,2,234,yes,,,,latin,1
no,4,234,yes,,,,latin,1332
llIKvpyxhKM,0,235,no,,,,latin,177
Salam Kissan 2021 | Kissan Day | A Tribute to Farmers by Sarsabz Fertilizers,1,235,yes,,,,latin,177
Good sir,2,235,yes,,,,latin,1
no,4,235,yes,,,,latin,1332
llIKvpyxhKM,0,236,no,,,,latin,177
Salam Kissan 2021 | Kissan Day | A Tribute to Farmers by Sarsabz Fertilizers,1,236,yes,,,,latin,177
It's not a just add whole tradition of our land what's your name man,2,236,yes,,,,latin,1
no,4,236,yes,,,,latin,1332
llIKvpyxhKM,0,237,no,,,,latin,177
Salam Kissan 2021 | Kissan Day | A Tribute to Farmers by Sarsabz Fertilizers,1,237,yes,,,,latin,177
Perfect perfect creative mind salute man,2,237,yes,,,,latin,1
no,4,237,yes,,,,latin,1332
llIKvpyxhKM,0,238,no,,,,latin,177
Salam Kissan 2021 | Kissan Day | A Tribute to Farmers by Sarsabz Fertilizers,1,238,yes,,,,latin,177
New gift 🎁🔔👍♥️❣️💐🌹,2,238,yes,,,,latin,1
no,4,238,yes,,,,latin,1332
llIKvpyxhKM,0,239,no,,,,latin,177
Salam Kissan 2021 | Kissan Day | A Tribute to Farmers by Sarsabz Fertilizers,1,239,yes,,,,latin,177
Beautiful ❤️❤️❤️,2,239,yes,,,,latin,1
no,4,239,yes,,,,latin,1332
llIKvpyxhKM,0,240,no,,,,latin,177
Salam Kissan 2021 | Kissan Day | A Tribute to Farmers by Sarsabz Fertilizers,1,240,yes,,,,latin,177
68 like good Sharing 👍❤️💐😊❤️,2,240,yes,,,,latin,1
no,4,240,yes,,,,latin,1332
llIKvpyxhKM,0,241,no,,,,latin,177
Salam Kissan 2021 | Kissan Day | A Tribute to Farmers by Sarsabz Fertilizers,1,241,yes,,,,latin,177
"Heart ❤ touching song, heart touching thing "" made of Pakistan""",2,241,yes,,,,latin,1
no,4,241,yes,,,,latin,1332
llIKvpyxhKM,0,242,no,,,,latin,177
Salam Kissan 2021 | Kissan Day | A Tribute to Farmers by Sarsabz Fertilizers,1,242,yes,,,,latin,177
Poowowo,2,242,yes,,,,latin,1
yes,4,242,yes,,,,latin,240
llIKvpyxhKM,0,243,no,,,,latin,177
Salam Kissan 2021 | Kissan Day | A Tribute to Farmers by Sarsabz Fertilizers,1,243,yes,,,,latin,177
Salam kisaan.... Salaam Pakistan 🇵🇰,2,243,yes,,,,latin,1
no,4,243,yes,,,,latin,1332
llIKvpyxhKM,0,244,no,,,,latin,177
Salam Kissan 2021 | Kissan Day | A Tribute to Farmers by Sarsabz Fertilizers,1,244,yes,,,,latin,177
🥰🥰🥰🥰❤️🇵🇰🇵🇰🇵🇰🇵🇰🇵🇰,2,244,yes,,,,other,1
no,4,244,yes,,,,latin,1332
llIKvpyxhKM,0,245,no,,,,latin,177
Salam Kissan 2021 | Kissan Day | A Tribute to Farmers by Sarsabz Fertilizers,1,245,yes,,,,latin,177
Who’s the female singer in the starting? What song is she singing?,2,245,yes,,,,latin,1
no,4,245,yes,,,,latin,1332
llIKvpyxhKM,0,246,no,,,,latin,177
Salam Kissan 2021 | Kissan Day | A Tribute to Farmers by Sarsabz Fertilizers,1,246,yes,,,,latin,177
"Mai Dhai, She is singing about farmer's hardwork",2,246,yes,,,,latin,1
yes,4,246,yes,,,,latin,240
llIKvpyxhKM,0,247,no,,,,latin,177
Salam Kissan 2021 | Kissan Day | A Tribute to Farmers by Sarsabz Fertilizers,1,247,yes,,,,latin,177
Beautiful Ad.,2,247,yes,,,,latin,1
no,4,247,yes,,,,latin,1332
llIKvpyxhKM,0,248,no,,,,latin,177
Salam Kissan 2021 | Kissan Day | A Tribute to Farmers by Sarsabz Fertilizers,1,248,yes,,,,latin,177
Kissan majdoor ekta zindabad 🌾🙏🏼🌾🙏🏼💪💪✊🏻,2,248,yes,,,,latin,1
no,4,248,yes,,,,latin,1332
llIKvpyxhKM,0,249,no,,,,latin,177
Salam Kissan 2021 | Kissan Day | A Tribute to Farmers by Sarsabz Fertilizers,1,249,yes,,,,latin,177
Beautiful ...Salam kisan👍,2,249,yes,,,,latin,1
no,4,249,yes,,,,latin,1332
llIKvpyxhKM,0,250,no,,,,latin,177
Salam Kissan 2021 | Kissan Day | A Tribute to Farmers by Sarsabz Fertilizers,1,250,yes,,,,latin,177
S beautiful ❤️,2,250,yes,,,,latin,1
no,4,250,yes,,,,latin,1332
NluNk5dpZw0,0,251,no,,,,latin,8
Salam Kissan 2025 | Kissan Day 18th Dec | A Tribute to Farmers by Sarsabz Fertilizers,1,251,yes,,,,latin,8
🙏💖🌻💚💚💚🥥🦩🦩🌾🌾,2,251,yes,,,,other,1
no,4,251,yes,,,,latin,1332
NluNk5dpZw0,0,252,no,,,,latin,8
Salam Kissan 2025 | Kissan Day 18th Dec | A Tribute to Farmers by Sarsabz Fertilizers,1,252,yes,,,,latin,8
outstanding ❤,2,252,yes,,,,latin,1
no,4,252,yes,,,,latin,1332
NluNk5dpZw0,0,253,no,,,,latin,8
Salam Kissan 2025 | Kissan Day 18th Dec | A Tribute to Farmers by Sarsabz Fertilizers,1,253,yes,,,,latin,8
Well-done 👏,2,253,yes,,,,latin,2
no,4,253,yes,,,,latin,1332
NluNk5dpZw0,0,254,no,,,,latin,8
Salam Kissan 2025 | Kissan Day 18th Dec | A Tribute to Farmers by Sarsabz Fertilizers,1,254,yes,,,,latin,8
Nice ❤❤❤,2,254,yes,,,,latin,2
no,4,254,yes,,,,latin,1332
NluNk5dpZw0,0,255,no,,,,latin,8
Salam Kissan 2025 | Kissan Day 18th Dec | A Tribute to Farmers by Sarsabz Fertilizers,1,255,yes,,,,latin,8
"Salam Kissan Sarsabz Pakistan 🇵🇰🌾 Dil se shukriya Pakistan ke mehnati kisanón ko aap hi hamari zameen ki rooh aur mulk ki taqat ho. Aap ki mehnat se hamare gharon tak rozi pohanchti hai aur Pakistan sarsabz rehta hai. Saath hi Sarsabz Fertilizer management ka bhi tahe-dil se shukriya, jo Kissan ko empower karne ke liye Kissan Day (18 Dec) jaise meaningful events ke zariye rehnumai, himmat aur support faraham kar rahe hain. Aap ki koshishen kisani ko mazid behtar aur mustahkam bana rahi hain. Allah aap sab ki mehnat ko qabool kare aur Pakistan ko hamesha sarsabz o shaadab rakhe. 🌱🤲 #SalamKissan #SarsabzPakistan",2,255,yes,,,,latin,6
no,4,255,yes,,,,latin,1332
NluNk5dpZw0,0,256,no,,,,latin,8
Salam Kissan 2025 | Kissan Day 18th Dec | A Tribute to Farmers by Sarsabz Fertilizers,1,256,yes,,,,latin,8
Thank you❤ Sarsabz ❤,2,256,yes,,,,latin,1
no,4,256,yes,,,,latin,1332
NluNk5dpZw0,0,257,no,,,,latin,8
Salam Kissan 2025 | Kissan Day 18th Dec | A Tribute to Farmers by Sarsabz Fertilizers,1,257,yes,,,,latin,8
Salam kissan #salamkissan #sabzpakistan #fatimagroup,2,257,yes,,,,latin,1
no,4,257,yes,,,,latin,1332
NluNk5dpZw0,0,258,no,,,,latin,8
Salam Kissan 2025 | Kissan Day 18th Dec | A Tribute to Farmers by Sarsabz Fertilizers,1,258,yes,,,,latin,8
Salam Kisan #Sarsabz Pakistan #FatimaGroup,2,258,yes,,,,latin,1
no,4,258,yes,,,,latin,1332
Pd0z78-UJio,0,259,no,,,,latin,116
Salam Kissan 2022 | Kissan Day 18th Dec | A Tribute to Farmers by Sarsabz Fertilizers,1,259,yes,,,,latin,116
Salam sarsabz,2,259,yes,,,,latin,1
no,4,259,yes,,,,latin,1332
Pd0z78-UJio,0,260,no,,,,latin,116
Salam Kissan 2022 | Kissan Day 18th Dec | A Tribute to Farmers by Sarsabz Fertilizers,1,260,yes,,,,latin,116
Hamari Shan Kissan ❤❤❤,2,260,yes,,,,latin,1
no,4,260,yes,,,,latin,1332
Pd0z78-UJio,0,261,no,,,,latin,116
Salam Kissan 2022 | Kissan Day 18th Dec | A Tribute to Farmers by Sarsabz Fertilizers,1,261,yes,,,,latin,116
Salam Kissan ❤️ ❤️,2,261,yes,,,,latin,2
no,4,261,yes,,,,latin,1332
Pd0z78-UJio,0,262,no,,,,latin,116
Salam Kissan 2022 | Kissan Day 18th Dec | A Tribute to Farmers by Sarsabz Fertilizers,1,262,yes,,,,latin,116
Pakistan ki aan Pakistan kisan Salam kisan Salam kisan,2,262,yes,,,,latin,1
no,4,262,yes,,,,latin,1332
Pd0z78-UJio,0,263,no,,,,latin,116
Salam Kissan 2022 | Kissan Day 18th Dec | A Tribute to Farmers by Sarsabz Fertilizers,1,263,yes,,,,latin,116
Super,2,263,yes,,,,latin,2
no,4,263,yes,,,,latin,1332
Pd0z78-UJio,0,264,no,,,,latin,116
Salam Kissan 2022 | Kissan Day 18th Dec | A Tribute to Farmers by Sarsabz Fertilizers,1,264,yes,,,,latin,116
plz uppload lyrics and translation of what the lady is singing..... it touches the heart even without knowing........,2,264,yes,,,,latin,1
no,4,264,yes,,,,latin,1332
Pd0z78-UJio,0,265,no,,,,latin,116
Salam Kissan 2022 | Kissan Day 18th Dec | A Tribute to Farmers by Sarsabz Fertilizers,1,265,yes,,,,latin,116
I love you kisan,2,265,yes,,,,latin,1
no,4,265,yes,,,,latin,1332
Pd0z78-UJio,0,266,no,,,,latin,116
Salam Kissan 2022 | Kissan Day 18th Dec | A Tribute to Farmers by Sarsabz Fertilizers,1,266,yes,,,,latin,116
I love you too kisan میری دعا ہے کہ اس ملک کے ہر کسان کی زندگی اچھی ہو ❤️Ameen 🤲,2,266,yes,,,,mixed,1
no,4,266,yes,,,,latin,1332
Pd0z78-UJio,0,267,no,,,,latin,116
Salam Kissan 2022 | Kissan Day 18th Dec | A Tribute to Farmers by Sarsabz Fertilizers,1,267,yes,,,,latin,116
👍🇵🇰👍,2,267,yes,,,,other,1
no,4,267,yes,,,,latin,1332
Pd0z78-UJio,0,268,no,,,,latin,116
Salam Kissan 2022 | Kissan Day 18th Dec | A Tribute to Farmers by Sarsabz Fertilizers,1,268,yes,,,,latin,116
Is milk ko siyasi partiyan serkari mulazmeen or tajir maderchod gareebon ka heq kha gae,2,268,yes,,,,latin,1
no,4,268,yes,,,,latin,1332
Pd0z78-UJio,0,269,no,,,,latin,116
Salam Kissan 2022 | Kissan Day 18th Dec | A Tribute to Farmers by Sarsabz Fertilizers,1,269,yes,,,,latin,116
سلام کسان,2,269,yes,,,,urdu_script,1
no,4,269,yes,,,,latin,1332
Pd0z78-UJio,0,270,no,,,,latin,116
Salam Kissan 2022 | Kissan Day 18th Dec | A Tribute to Farmers by Sarsabz Fertilizers,1,270,yes,,,,latin,116
no,4,270,yes,,,,latin,1332
Pd0z78-UJio,0,271,no,,,,latin,116
Salam Kissan 2022 | Kissan Day 18th Dec | A Tribute to Farmers by Sarsabz Fertilizers,1,271,yes,,,,latin,116
Salaam kisan,2,271,yes,,,,latin,1
no,4,271,yes,,,,latin,1332
Pd0z78-UJio,0,272,no,,,,latin,116
Salam Kissan 2022 | Kissan Day 18th Dec | A Tribute to Farmers by Sarsabz Fertilizers,1,272,yes,,,,latin,116
https://www.youtube.com/@sufyanbutt956,2,272,yes,,,,latin,1
no,4,272,yes,,,,latin,1332
Pd0z78-UJio,0,273,no,,,,latin,116
Salam Kissan 2022 | Kissan Day 18th Dec | A Tribute to Farmers by Sarsabz Fertilizers,1,273,yes,,,,latin,116
کاش اس ملک میں کسان کی قدر ھوتی ملک روز بروز ترقی کرتا مگر افسوس یہاں پر ایسے سانپ بیٹھے ھیں جو کسانوں کو ڈس رھے 😐,2,273,yes,,,,urdu_script,1
no,4,273,yes,,,,latin,1332
Pd0z78-UJio,0,274,no,,,,latin,116
Salam Kissan 2022 | Kissan Day 18th Dec | A Tribute to Farmers by Sarsabz Fertilizers,1,274,yes,,,,latin,116
Hlo,2,274,yes,,,,latin,1
no,4,274,yes,,,,latin,1332
Pd0z78-UJio,0,275,no,,,,latin,116
Salam Kissan 2022 | Kissan Day 18th Dec | A Tribute to Farmers by Sarsabz Fertilizers,1,275,yes,,,,latin,116
Rao mosin and apa ge well done,2,275,yes,,,,latin,1
no,4,275,yes,,,,latin,1332
Pd0z78-UJio,0,276,no,,,,latin,116
Salam Kissan 2022 | Kissan Day 18th Dec | A Tribute to Farmers by Sarsabz Fertilizers,1,276,yes,,,,latin,116
Respect to you all,2,276,yes,,,,latin,1
no,4,276,yes,,,,latin,1332
Pd0z78-UJio,0,277,no,,,,latin,116
Salam Kissan 2022 | Kissan Day 18th Dec | A Tribute to Farmers by Sarsabz Fertilizers,1,277,yes,,,,latin,116
Happy kisan day,2,277,yes,,,,latin,1
no,4,277,yes,,,,latin,1332
Pd0z78-UJio,0,278,no,,,,latin,116
Salam Kissan 2022 | Kissan Day 18th Dec | A Tribute to Farmers by Sarsabz Fertilizers,1,278,yes,,,,latin,116
💪🏻⚔️,2,278,yes,,,,other,1
no,4,278,yes,,,,latin,1332
Pd0z78-UJio,0,279,no,,,,latin,116
Salam Kissan 2022 | Kissan Day 18th Dec | A Tribute to Farmers by Sarsabz Fertilizers,1,279,yes,,,,latin,116
اس ملک کے لینڈ لارڈ کسان کی وجہ سے خوشحال ہیں۔۔۔۔مگر کسان کو بدحال رکھتے ہیں۔,2,279,yes,,,,urdu_script,1
no,4,279,yes,,,,latin,1332
Pd0z78-UJio,0,280,no,,,,latin,116
Salam Kissan 2022 | Kissan Day 18th Dec | A Tribute to Farmers by Sarsabz Fertilizers,1,280,yes,,,,latin,116
Kash💔💔🥺,2,280,yes,,,,latin,1
no,4,280,yes,,,,latin,1332
Pd0z78-UJio,0,281,no,,,,latin,116
Salam Kissan 2022 | Kissan Day 18th Dec | A Tribute to Farmers by Sarsabz Fertilizers,1,281,yes,,,,latin,116
Honestly,2,281,yes,,,,latin,1
no,4,281,yes,,,,latin,1332
Pd0z78-UJio,0,282,no,,,,latin,116
Salam Kissan 2022 | Kissan Day 18th Dec | A Tribute to Farmers by Sarsabz Fertilizers,1,282,yes,,,,latin,116
Salam kisan.,2,282,yes,,,,latin,1
no,4,282,yes,,,,latin,1332
Pd0z78-UJio,0,283,no,,,,latin,116
Salam Kissan 2022 | Kissan Day 18th Dec | A Tribute to Farmers by Sarsabz Fertilizers,1,283,yes,,,,latin,116
ایک کسان ہونے کے ناطے مجھے فخر ہے کہ سرسبز کسانوں کو اور زراعت کو عالمی سطح پر اجاگر کیا جہاں کسان کی کوئی عزت نا ہونے کے برابر ہے۔ سلام کسان سرسبز پاکستان,2,283,yes,,,,urdu_script,1
no,4,283,yes,,,,latin,1332
Pd0z78-UJio,0,284,no,,,,latin,116
Salam Kissan 2022 | Kissan Day 18th Dec | A Tribute to Farmers by Sarsabz Fertilizers,1,284,yes,,,,latin,116
Love you bhai,2,284,yes,,,,latin,1
yes,4,284,yes,,,,latin,240
Pd0z78-UJio,0,285,no,,,,latin,116
Salam Kissan 2022 | Kissan Day 18th Dec | A Tribute to Farmers by Sarsabz Fertilizers,1,285,yes,,,,latin,116
Bs srf days hee manaty raho en cheezo mee hee uljhy raho aur apny jahil hony ka saboot dete raho aur kabhi ISLAM k bare me parho khud se pucho k hum musilman hein ku akhir agr jwab milgaya to ALLAH hidyat pr khud hee phuncha dyga agr nhi mila to wqai jahilyat urooj pr he aur mulq ko tbhai se koi nhi bacha sakta,2,285,yes,,,,latin,1
no,4,285,yes,,,,latin,1332
Pd0z78-UJio,0,286,no,,,,latin,116
Salam Kissan 2022 | Kissan Day 18th Dec | A Tribute to Farmers by Sarsabz Fertilizers,1,286,yes,,,,latin,116
Salam kisan,2,286,yes,,,,latin,7
no,4,286,yes,,,,latin,1332
Pd0z78-UJio,0,287,no,,,,latin,116
Salam Kissan 2022 | Kissan Day 18th Dec | A Tribute to Farmers by Sarsabz Fertilizers,1,287,yes,,,,latin,116
Bilkol,2,287,yes,,,,latin,1
no,4,287,yes,,,,latin,1332
Pd0z78-UJio,0,288,no,,,,latin,116
Salam Kissan 2022 | Kissan Day 18th Dec | A Tribute to Farmers by Sarsabz Fertilizers,1,288,yes,,,,latin,116
Kisan nhi hote to hum bhi nhi hote we are proud of you 🥰🎉🎉,2,288,yes,,,,latin,1
no,4,288,yes,,,,latin,1332
Pd0z78-UJio,0,289,no,,,,latin,116
Salam Kissan 2022 | Kissan Day 18th Dec | A Tribute to Farmers by Sarsabz Fertilizers,1,289,yes,,,,latin,116
پکار خو دہ وہ چی حکومت مونگ تہ دہ تخمونہ ارزان کی او کھادونہ ھم ارزان کی,2,289,yes,,,,urdu_script,1
no,4,289,yes,,,,latin,1332
Pd0z78-UJio,0,290,no,,,,latin,116
Salam Kissan 2022 | Kissan Day 18th Dec | A Tribute to Farmers by Sarsabz Fertilizers,1,290,yes,,,,latin,116
Happy kissan day. Make sure the fertilizers of all kinds should not be black marketed love you all kissans Its the kissan providing the services for food security to all Pakistanis. Pakistan zindaabad,2,290,yes,,,,latin,1
no,4,290,yes,,,,latin,1332
Pd0z78-UJio,0,291,no,,,,latin,116
Salam Kissan 2022 | Kissan Day 18th Dec | A Tribute to Farmers by Sarsabz Fertilizers,1,291,yes,,,,latin,116
Ay khuda Pakistan kay kissano ki sun lay plz,2,291,yes,,,,latin,1
no,4,291,yes,,,,latin,1332
Pd0z78-UJio,0,292,no,,,,latin,116
Salam Kissan 2022 | Kissan Day 18th Dec | A Tribute to Farmers by Sarsabz Fertilizers,1,292,yes,,,,latin,116
Khuda kissano ko on ka haq milay,2,292,yes,,,,latin,1
no,4,292,yes,,,,latin,1332
Pd0z78-UJio,0,293,no,,,,latin,116
Salam Kissan 2022 | Kissan Day 18th Dec | A Tribute to Farmers by Sarsabz Fertilizers,1,293,yes,,,,latin,116
السلام وعلیکم کسان انشاءاللہ کسانوں کی بھی قدر ہو گی خدا پاک کے بنائے ہوئے یہ انسان محنتی کسان ہیں,2,293,yes,,,,urdu_script,1
no,4,293,yes,,,,latin,1332
Pd0z78-UJio,0,294,no,,,,latin,116
Salam Kissan 2022 | Kissan Day 18th Dec | A Tribute to Farmers by Sarsabz Fertilizers,1,294,yes,,,,latin,116
Salam kisan 🤲❤️,2,294,yes,,,,latin,1
no,4,294,yes,,,,latin,1332
Pd0z78-UJio,0,295,no,,,,latin,116
Salam Kissan 2022 | Kissan Day 18th Dec | A Tribute to Farmers by Sarsabz Fertilizers,1,295,yes,,,,latin,116
I like Contend This Awesome Wsalam It's Muslim so Sadd Moments Jazbah Big All Time ❤️,2,295,yes,,,,latin,1
no,4,295,yes,,,,latin,1332
Pd0z78-UJio,0,296,no,,,,latin,116
Salam Kissan 2022 | Kissan Day 18th Dec | A Tribute to Farmers by Sarsabz Fertilizers,1,296,yes,,,,latin,116
I love kasan,2,296,yes,,,,latin,1
no,4,296,yes,,,,latin,1332
Pd0z78-UJio,0,297,no,,,,latin,116
Salam Kissan 2022 | Kissan Day 18th Dec | A Tribute to Farmers by Sarsabz Fertilizers,1,297,yes,,,,latin,116
کسان کو اس مصیبت سے نجات دے 🤲,2,297,yes,,,,urdu_script,1
no,4,297,yes,,,,latin,1332
Pd0z78-UJio,0,298,no,,,,latin,116
Salam Kissan 2022 | Kissan Day 18th Dec | A Tribute to Farmers by Sarsabz Fertilizers,1,298,yes,,,,latin,116
صحرا کی مٹی کی خوشبو آتی ہے ابتدائی آواز سے بہت ہی پرکشش آواز ہے کیا نام ہے ابتدائی آواز والی محترمہ کا,2,298,yes,,,,urdu_script,1
no,4,298,yes,,,,latin,1332
Pd0z78-UJio,0,299,no,,,,latin,116
Salam Kissan 2022 | Kissan Day 18th Dec | A Tribute to Farmers by Sarsabz Fertilizers,1,299,yes,,,,latin,116
Seriously I like this women voice 🙂,2,299,yes,,,,latin,1
no,4,299,yes,,,,latin,1332
Pd0z78-UJio,0,300,no,,,,latin,116
Salam Kissan 2022 | Kissan Day 18th Dec | A Tribute to Farmers by Sarsabz Fertilizers,1,300,yes,,,,latin,116
Mai dhai nam hai 😍,2,300,yes,,,,latin,1
yes,4,300,yes,,,,latin,240
Pd0z78-UJio,0,301,no,,,,latin,116
Salam Kissan 2022 | Kissan Day 18th Dec | A Tribute to Farmers by Sarsabz Fertilizers,1,301,yes,,,,latin,116
Kit na dadr he 🙃,2,301,yes,,,,latin,1
no,4,301,yes,,,,latin,1332
Pd0z78-UJio,0,302,no,,,,latin,116
Salam Kissan 2022 | Kissan Day 18th Dec | A Tribute to Farmers by Sarsabz Fertilizers,1,302,yes,,,,latin,116
Ma kaysan hu bht bora hal hai mera kisi hakomat nay humayn izat nhi di kash koi humare masail sumjhta humare dokh janta,2,302,yes,,,,latin,1
no,4,302,yes,,,,latin,1332
Pd0z78-UJio,0,303,no,,,,latin,116
Salam Kissan 2022 | Kissan Day 18th Dec | A Tribute to Farmers by Sarsabz Fertilizers,1,303,yes,,,,latin,116
Salam kaysaan Salam kaysaan Salam kaysaan Salam kaysaan Salam kaysaan Salam kaysaan Salam kaysaan Salam kaysaan Salam kaysaan Salam kaysaan Salam,2,303,yes,,,,latin,1
no,4,303,yes,,,,latin,1332
Pd0z78-UJio,0,304,no,,,,latin,116
Salam Kissan 2022 | Kissan Day 18th Dec | A Tribute to Farmers by Sarsabz Fertilizers,1,304,yes,,,,latin,116
Ma khud kaysan hu,2,304,yes,,,,latin,1
no,4,304,yes,,,,latin,1332
Pd0z78-UJio,0,305,no,,,,latin,116
Salam Kissan 2022 | Kissan Day 18th Dec | A Tribute to Farmers by Sarsabz Fertilizers,1,305,yes,,,,latin,116
Salam kaysaan Salam kaysaan Salam kaysaan Salam kaysaan Salam kaysaan Salam,2,305,yes,,,,latin,1
no,4,305,yes,,,,latin,1332
Pd0z78-UJio,0,306,no,,,,latin,116
Salam Kissan 2022 | Kissan Day 18th Dec | A Tribute to Farmers by Sarsabz Fertilizers,1,306,yes,,,,latin,116
Zabardast zabardast zabardast zabardast zabardast zabardast zabardast zabardast zabardast,2,306,yes,,,,latin,1
no,4,306,yes,,,,latin,1332
Pd0z78-UJio,0,307,no,,,,latin,116
Salam Kissan 2022 | Kissan Day 18th Dec | A Tribute to Farmers by Sarsabz Fertilizers,1,307,yes,,,,latin,116
Salam mere kaysan kay hathon ko,2,307,yes,,,,latin,1
no,4,307,yes,,,,latin,1332
Pd0z78-UJio,0,308,no,,,,latin,116
Salam Kissan 2022 | Kissan Day 18th Dec | A Tribute to Farmers by Sarsabz Fertilizers,1,308,yes,,,,latin,116
Salam kaysaan,2,308,yes,,,,latin,1
no,4,308,yes,,,,latin,1332
Pd0z78-UJio,0,309,no,,,,latin,116
Salam Kissan 2022 | Kissan Day 18th Dec | A Tribute to Farmers by Sarsabz Fertilizers,1,309,yes,,,,latin,116
🫡❤,2,309,yes,,,,other,1
no,4,309,yes,,,,latin,1332
Pd0z78-UJio,0,310,no,,,,latin,116
Salam Kissan 2022 | Kissan Day 18th Dec | A Tribute to Farmers by Sarsabz Fertilizers,1,310,yes,,,,latin,116
ڈھیروں دعائیں کسان کو دھرتی کے مان کو تو آ ج بھی کھڑا مٹی کی شان کو,2,310,yes,,,,urdu_script,1
no,4,310,yes,,,,latin,1332
Pd0z78-UJio,0,311,no,,,,latin,116
Salam Kissan 2022 | Kissan Day 18th Dec | A Tribute to Farmers by Sarsabz Fertilizers,1,311,yes,,,,latin,116
Kisan Ki Maut per Magar khush hai policy bhi uski hi hai,2,311,yes,,,,latin,1
no,4,311,yes,,,,latin,1332
Pd0z78-UJio,0,312,no,,,,latin,116
Salam Kissan 2022 | Kissan Day 18th Dec | A Tribute to Farmers by Sarsabz Fertilizers,1,312,yes,,,,latin,116
Kisan ke sabse Bade Dushman siyasat Dan Hain,2,312,yes,,,,latin,1
no,4,312,yes,,,,latin,1332
Pd0z78-UJio,0,313,no,,,,latin,116
Salam Kissan 2022 | Kissan Day 18th Dec | A Tribute to Farmers by Sarsabz Fertilizers,1,313,yes,,,,latin,116
Salam kisan,2,313,yes,,,,latin,7
no,4,313,yes,,,,latin,1332
Pd0z78-UJio,0,314,no,,,,latin,116
Salam Kissan 2022 | Kissan Day 18th Dec | A Tribute to Farmers by Sarsabz Fertilizers,1,314,yes,,,,latin,116
I am farmer,2,314,yes,,,,latin,1
no,4,314,yes,,,,latin,1332
Pd0z78-UJio,0,315,no,,,,latin,116
Salam Kissan 2022 | Kissan Day 18th Dec | A Tribute to Farmers by Sarsabz Fertilizers,1,315,yes,,,,latin,116
Is mulik mn sub sy pehlay kisan ko hi khtm kia geya hy.aur sab sy zeyda mian nawaz shrif ki hkumit mn kisan k sath na ansafi hoti hy kiyonk wo tajron ko faida detay hn,2,315,yes,,,,latin,1
no,4,315,yes,,,,latin,1332
Pd0z78-UJio,0,316,no,,,,latin,116
Salam Kissan 2022 | Kissan Day 18th Dec | A Tribute to Farmers by Sarsabz Fertilizers,1,316,yes,,,,latin,116
Slam kisan,2,316,yes,,,,latin,1
no,4,316,yes,,,,latin,1332
Pd0z78-UJio,0,317,no,,,,latin,116
Salam Kissan 2022 | Kissan Day 18th Dec | A Tribute to Farmers by Sarsabz Fertilizers,1,317,yes,,,,latin,116
Thanks for your support sarsabz urea.,2,317,yes,,,,latin,1
no,4,317,yes,,,,latin,1332
Pd0z78-UJio,0,318,no,,,,latin,116
Salam Kissan 2022 | Kissan Day 18th Dec | A Tribute to Farmers by Sarsabz Fertilizers,1,318,yes,,,,latin,116
Salute to my father and every farmer,2,318,yes,,,,latin,1
no,4,318,yes,,,,latin,1332
Pd0z78-UJio,0,319,no,,,,latin,116
Salam Kissan 2022 | Kissan Day 18th Dec | A Tribute to Farmers by Sarsabz Fertilizers,1,319,yes,,,,latin,116
Please respect farmer,2,319,yes,,,,latin,1
no,4,319,yes,,,,latin,1332
Pd0z78-UJio,0,320,no,,,,latin,116
Salam Kissan 2022 | Kissan Day 18th Dec | A Tribute to Farmers by Sarsabz Fertilizers,1,320,yes,,,,latin,116
Badqismati sy is mulk m siway naghmy sunany k kisi k ley kuch n hota haqdar or menat krny walon ko naghmy khali khooli slam or maaal siastdano k ghr,2,320,yes,,,,latin,1
no,4,320,yes,,,,latin,1332
Pd0z78-UJio,0,321,no,,,,latin,116
Salam Kissan 2022 | Kissan Day 18th Dec | A Tribute to Farmers by Sarsabz Fertilizers,1,321,yes,,,,latin,116
Good,2,321,yes,,,,latin,6
no,4,321,yes,,,,latin,1332
Pd0z78-UJio,0,322,no,,,,latin,116
Salam Kissan 2022 | Kissan Day 18th Dec | A Tribute to Farmers by Sarsabz Fertilizers,1,322,yes,,,,latin,116
Sallaaaaam kisan..sallaaaam imran khan,2,322,yes,,,,latin,1
no,4,322,yes,,,,latin,1332
Pd0z78-UJio,0,323,no,,,,latin,116
Salam Kissan 2022 | Kissan Day 18th Dec | A Tribute to Farmers by Sarsabz Fertilizers,1,323,yes,,,,latin,116
Mashallah,2,323,yes,,,,latin,3
no,4,323,yes,,,,latin,1332
Pd0z78-UJio,0,324,no,,,,latin,116
Salam Kissan 2022 | Kissan Day 18th Dec | A Tribute to Farmers by Sarsabz Fertilizers,1,324,yes,,,,latin,116
AllAh pak pakistan aur kisan pr rehm frma hamary piyar ilaqtly me to khaad nayaab ho cuki hy 😢😢😢😢,2,324,yes,,,,latin,1
no,4,324,yes,,,,latin,1332
Pd0z78-UJio,0,325,no,,,,latin,116
Salam Kissan 2022 | Kissan Day 18th Dec | A Tribute to Farmers by Sarsabz Fertilizers,1,325,yes,,,,latin,116
Housing societies or zarahi zameenon pr tamirat Pakistan ki zrahat or khubsoorti ko tabah kr rhi hain.,2,325,yes,,,,latin,1
no,4,325,yes,,,,latin,1332
Pd0z78-UJio,0,326,no,,,,latin,116
Salam Kissan 2022 | Kissan Day 18th Dec | A Tribute to Farmers by Sarsabz Fertilizers,1,326,yes,,,,latin,116
"Slam kisan ,💖",2,326,yes,,,,latin,1
no,4,326,yes,,,,latin,1332
Pd0z78-UJio,0,327,no,,,,latin,116
Salam Kissan 2022 | Kissan Day 18th Dec | A Tribute to Farmers by Sarsabz Fertilizers,1,327,yes,,,,latin,116
Salam kisan sar sabaz Pakistan,2,327,yes,,,,latin,1
no,4,327,yes,,,,latin,1332
Pd0z78-UJio,0,328,no,,,,latin,116
Salam Kissan 2022 | Kissan Day 18th Dec | A Tribute to Farmers by Sarsabz Fertilizers,1,328,yes,,,,latin,116
i love pakistani keesan,2,328,yes,,,,latin,1
no,4,328,yes,,,,latin,1332
Pd0z78-UJio,0,329,no,,,,latin,116
Salam Kissan 2022 | Kissan Day 18th Dec | A Tribute to Farmers by Sarsabz Fertilizers,1,329,yes,,,,latin,116
جئے کسان دوست,2,329,yes,,,,urdu_script,1
no,4,329,yes,,,,latin,1332
Pd0z78-UJio,0,330,no,,,,latin,116
Salam Kissan 2022 | Kissan Day 18th Dec | A Tribute to Farmers by Sarsabz Fertilizers,1,330,yes,,,,latin,116
no,4,330,yes,,,,latin,1332
Pd0z78-UJio,0,331,no,,,,latin,116
Salam Kissan 2022 | Kissan Day 18th Dec | A Tribute to Farmers by Sarsabz Fertilizers,1,331,yes,,,,latin,116
"Salam kisan, be blessed.",2,331,yes,,,,latin,1
no,4,331,yes,,,,latin,1332
Pd0z78-UJio,0,332,no,,,,latin,116
Salam Kissan 2022 | Kissan Day 18th Dec | A Tribute to Farmers by Sarsabz Fertilizers,1,332,yes,,,,latin,116
zy6yh7l,2,332,yes,,,,latin,1
no,4,332,yes,,,,latin,1332
Pd0z78-UJio,0,333,no,,,,latin,116
Salam Kissan 2022 | Kissan Day 18th Dec | A Tribute to Farmers by Sarsabz Fertilizers,1,333,yes,,,,latin,116
Good👍,2,333,yes,,,,latin,1
no,4,333,yes,,,,latin,1332
Pd0z78-UJio,0,334,no,,,,latin,116
Salam Kissan 2022 | Kissan Day 18th Dec | A Tribute to Farmers by Sarsabz Fertilizers,1,334,yes,,,,latin,116
SALAM KISSAN BROTHER'S 🌹🌹🌹🌹🌹,2,334,yes,,,,latin,1
no,4,334,yes,,,,latin,1332
Pd0z78-UJio,0,335,no,,,,latin,116
Salam Kissan 2022 | Kissan Day 18th Dec | A Tribute to Farmers by Sarsabz Fertilizers,1,335,yes,,,,latin,116
حالانکہ 70 فیصد پاکستان کو کسان چلا رہا ہے,2,335,yes,,,,urdu_script,1
no,4,335,yes,,,,latin,1332
Pd0z78-UJio,0,336,no,,,,latin,116
Salam Kissan 2022 | Kissan Day 18th Dec | A Tribute to Farmers by Sarsabz Fertilizers,1,336,yes,,,,latin,116
کاش اس ملک میں کسان کی قدر ہوتی,2,336,yes,,,,urdu_script,1
no,4,336,yes,,,,latin,1332
Pd0z78-UJio,0,337,no,,,,latin,116
Salam Kissan 2022 | Kissan Day 18th Dec | A Tribute to Farmers by Sarsabz Fertilizers,1,337,yes,,,,latin,116
0p,2,337,yes,,,,latin,1
yes,4,337,yes,,,,latin,240
Pd0z78-UJio,0,338,no,,,,latin,116
Salam Kissan 2022 | Kissan Day 18th Dec | A Tribute to Farmers by Sarsabz Fertilizers,1,338,yes,,,,latin,116
yes,4,338,yes,,,,latin,240
Pd0z78-UJio,0,339,no,,,,latin,116
Salam Kissan 2022 | Kissan Day 18th Dec | A Tribute to Farmers by Sarsabz Fertilizers,1,339,yes,,,,latin,116
7+++)+,2,339,yes,,,,other,1
yes,4,339,yes,,,,latin,240
Pd0z78-UJio,0,340,no,,,,latin,116
Salam Kissan 2022 | Kissan Day 18th Dec | A Tribute to Farmers by Sarsabz Fertilizers,1,340,yes,,,,latin,116
اے کاش,2,340,yes,,,,urdu_script,1
yes,4,340,yes,,,,latin,240
Pd0z78-UJio,0,341,no,,,,latin,116
Salam Kissan 2022 | Kissan Day 18th Dec | A Tribute to Farmers by Sarsabz Fertilizers,1,341,yes,,,,latin,116
yes,4,341,yes,,,,latin,240
Pd0z78-UJio,0,342,no,,,,latin,116
Salam Kissan 2022 | Kissan Day 18th Dec | A Tribute to Farmers by Sarsabz Fertilizers,1,342,yes,,,,latin,116
yes,4,342,yes,,,,latin,240
Pd0z78-UJio,0,343,no,,,,latin,116
Salam Kissan 2022 | Kissan Day 18th Dec | A Tribute to Farmers by Sarsabz Fertilizers,1,343,yes,,,,latin,116
yes,4,343,yes,,,,latin,240
Pd0z78-UJio,0,344,no,,,,latin,116
Salam Kissan 2022 | Kissan Day 18th Dec | A Tribute to Farmers by Sarsabz Fertilizers,1,344,yes,,,,latin,116
yes,4,344,yes,,,,latin,240
Pd0z78-UJio,0,345,no,,,,latin,116
Salam Kissan 2022 | Kissan Day 18th Dec | A Tribute to Farmers by Sarsabz Fertilizers,1,345,yes,,,,latin,116
Ok,2,345,yes,,,,latin,1
no,4,345,yes,,,,latin,1332
Pd0z78-UJio,0,346,no,,,,latin,116
Salam Kissan 2022 | Kissan Day 18th Dec | A Tribute to Farmers by Sarsabz Fertilizers,1,346,yes,,,,latin,116
There should be special forces in our country to protect feilds,2,346,yes,,,,latin,1
no,4,346,yes,,,,latin,1332
Pd0z78-UJio,0,347,no,,,,latin,116
Salam Kissan 2022 | Kissan Day 18th Dec | A Tribute to Farmers by Sarsabz Fertilizers,1,347,yes,,,,latin,116
Salute to my farmer brothers i salute you,2,347,yes,,,,latin,1
no,4,347,yes,,,,latin,1332
Pd0z78-UJio,0,348,no,,,,latin,116
Salam Kissan 2022 | Kissan Day 18th Dec | A Tribute to Farmers by Sarsabz Fertilizers,1,348,yes,,,,latin,116
Is drama ka nam bta skty kia,2,348,yes,,,,latin,1
no,4,348,yes,,,,latin,1332
Pd0z78-UJio,0,349,no,,,,latin,116
Salam Kissan 2022 | Kissan Day 18th Dec | A Tribute to Farmers by Sarsabz Fertilizers,1,349,yes,,,,latin,116
سلام کسان صوبہ سرحد سے,2,349,yes,,,,urdu_script,1
no,4,349,yes,,,,latin,1332
Pd0z78-UJio,0,350,no,,,,latin,116
Salam Kissan 2022 | Kissan Day 18th Dec | A Tribute to Farmers by Sarsabz Fertilizers,1,350,yes,,,,latin,116
A purposeful verse here. . . . nice & sweet,2,350,yes,,,,latin,1
no,4,350,yes,,,,latin,1332
Pd0z78-UJio,0,351,no,,,,latin,116
Salam Kissan 2022 | Kissan Day 18th Dec | A Tribute to Farmers by Sarsabz Fertilizers,1,351,yes,,,,latin,116
Yeh start me konsi language hai?,2,351,yes,,,,latin,1
no,4,351,yes,,,,latin,1332
Pd0z78-UJio,0,352,no,,,,latin,116
Salam Kissan 2022 | Kissan Day 18th Dec | A Tribute to Farmers by Sarsabz Fertilizers,1,352,yes,,,,latin,116
Sindhi hy bhai,2,352,yes,,,,latin,2
yes,4,352,yes,,,,latin,240
Pd0z78-UJio,0,353,no,,,,latin,116
Salam Kissan 2022 | Kissan Day 18th Dec | A Tribute to Farmers by Sarsabz Fertilizers,1,353,yes,,,,latin,116
yes,4,353,yes,,,,latin,240
Pd0z78-UJio,0,354,no,,,,latin,116
Salam Kissan 2022 | Kissan Day 18th Dec | A Tribute to Farmers by Sarsabz Fertilizers,1,354,yes,,,,latin,116
yes,4,354,yes,,,,latin,240
Pd0z78-UJio,0,355,no,,,,latin,116
Salam Kissan 2022 | Kissan Day 18th Dec | A Tribute to Farmers by Sarsabz Fertilizers,1,355,yes,,,,latin,116
Waaaah,2,355,yes,,,,latin,1
no,4,355,yes,,,,latin,1332
Pd0z78-UJio,0,356,no,,,,latin,116
Salam Kissan 2022 | Kissan Day 18th Dec | A Tribute to Farmers by Sarsabz Fertilizers,1,356,yes,,,,latin,116
https://www.youtube.com/watch?v=hTONaLGUQvM,2,356,yes,,,,latin,1
no,4,356,yes,,,,latin,1332
Pd0z78-UJio,0,357,no,,,,latin,116
Salam Kissan 2022 | Kissan Day 18th Dec | A Tribute to Farmers by Sarsabz Fertilizers,1,357,yes,,,,latin,116
I want to see the meanings of what she sings in Balochi probably.,2,357,yes,,,,latin,1
no,4,357,yes,,,,latin,1332
Pd0z78-UJio,0,358,no,,,,latin,116
Salam Kissan 2022 | Kissan Day 18th Dec | A Tribute to Farmers by Sarsabz Fertilizers,1,358,yes,,,,latin,116
Sindhi hy bhai,2,358,yes,,,,latin,2
yes,4,358,yes,,,,latin,240
Pd0z78-UJio,0,359,no,,,,latin,116
Salam Kissan 2022 | Kissan Day 18th Dec | A Tribute to Farmers by Sarsabz Fertilizers,1,359,yes,,,,latin,116
Best iss se bhtr kya ad ho skta ❤,2,359,yes,,,,latin,1
no,4,359,yes,,,,latin,1332
Pd0z78-UJio,0,360,no,,,,latin,116
Salam Kissan 2022 | Kissan Day 18th Dec | A Tribute to Farmers by Sarsabz Fertilizers,1,360,yes,,,,latin,116
"Hats off to u sarsabz♥ from music to story and the lyrics ,everything pays tribute to our kissan such an emotional story #salamkisaan 🌾🌾🌾",2,360,yes,,,,latin,1
no,4,360,yes,,,,latin,1332
Pd0z78-UJio,0,361,no,,,,latin,116
Salam Kissan 2022 | Kissan Day 18th Dec | A Tribute to Farmers by Sarsabz Fertilizers,1,361,yes,,,,latin,116
ہظقہ9ل,2,361,yes,,,,urdu_script,1
yes,4,361,yes,,,,latin,240
Pd0z78-UJio,0,362,no,,,,latin,116
Salam Kissan 2022 | Kissan Day 18th Dec | A Tribute to Farmers by Sarsabz Fertilizers,1,362,yes,,,,latin,116
The pain in the elder brother's eyes spoke of the life of a farmer 💔,2,362,yes,,,,latin,1
no,4,362,yes,,,,latin,1332
Pd0z78-UJio,0,363,no,,,,latin,116
Salam Kissan 2022 | Kissan Day 18th Dec | A Tribute to Farmers by Sarsabz Fertilizers,1,363,yes,,,,latin,116
"Best performance by (big brother) lead artist "" Rao Mohsin Karim "" Excellent work 💐",2,363,yes,,,,latin,1
no,4,363,yes,,,,latin,1332
Pd0z78-UJio,0,364,no,,,,latin,116
Salam Kissan 2022 | Kissan Day 18th Dec | A Tribute to Farmers by Sarsabz Fertilizers,1,364,yes,,,,latin,116
The best of all times...n superb performance by all actors especially fahad mustafa,2,364,yes,,,,latin,1
no,4,364,yes,,,,latin,1332
Pd0z78-UJio,0,365,no,,,,latin,116
Salam Kissan 2022 | Kissan Day 18th Dec | A Tribute to Farmers by Sarsabz Fertilizers,1,365,yes,,,,latin,116
Salaam kisaan,2,365,yes,,,,latin,2
no,4,365,yes,,,,latin,1332
Pd0z78-UJio,0,366,no,,,,latin,116
Salam Kissan 2022 | Kissan Day 18th Dec | A Tribute to Farmers by Sarsabz Fertilizers,1,366,yes,,,,latin,116
Superb,2,366,yes,,,,latin,5
no,4,366,yes,,,,latin,1332
Pd0z78-UJio,0,367,no,,,,latin,116
Salam Kissan 2022 | Kissan Day 18th Dec | A Tribute to Farmers by Sarsabz Fertilizers,1,367,yes,,,,latin,116
Babar bhai wah ❤❤❤,2,367,yes,,,,latin,1
no,4,367,yes,,,,latin,1332
Pd0z78-UJio,0,368,no,,,,latin,116
Salam Kissan 2022 | Kissan Day 18th Dec | A Tribute to Farmers by Sarsabz Fertilizers,1,368,yes,,,,latin,116
First ever advertisment I watched completely and searched for it on YouTube and just here and watching repeatedly 💗👌 just amazing mesmerising,2,368,yes,,,,latin,1
no,4,368,yes,,,,latin,1332
Pd0z78-UJio,0,369,no,,,,latin,116
Salam Kissan 2022 | Kissan Day 18th Dec | A Tribute to Farmers by Sarsabz Fertilizers,1,369,yes,,,,latin,116
See,2,369,yes,,,,latin,1
yes,4,369,yes,,,,latin,240
Pd0z78-UJio,0,370,no,,,,latin,116
Salam Kissan 2022 | Kissan Day 18th Dec | A Tribute to Farmers by Sarsabz Fertilizers,1,370,yes,,,,latin,116
Salam kisan,2,370,yes,,,,latin,7
no,4,370,yes,,,,latin,1332
Pd0z78-UJio,0,371,no,,,,latin,116
Salam Kissan 2022 | Kissan Day 18th Dec | A Tribute to Farmers by Sarsabz Fertilizers,1,371,yes,,,,latin,116
Salam Kissan,2,371,yes,,,,latin,5
no,4,371,yes,,,,latin,1332
Pd0z78-UJio,0,372,no,,,,latin,116
Salam Kissan 2022 | Kissan Day 18th Dec | A Tribute to Farmers by Sarsabz Fertilizers,1,372,yes,,,,latin,116
Salam Kissan sarsabz Pakistan ❤️ big brother is just awesome 🔥🔥,2,372,yes,,,,latin,1
no,4,372,yes,,,,latin,1332
Pd0z78-UJio,0,373,no,,,,latin,116
Salam Kissan 2022 | Kissan Day 18th Dec | A Tribute to Farmers by Sarsabz Fertilizers,1,373,yes,,,,latin,116
Salam kissan,2,373,yes,,,,latin,4
no,4,373,yes,,,,latin,1332
Pd0z78-UJio,0,374,no,,,,latin,116
Salam Kissan 2022 | Kissan Day 18th Dec | A Tribute to Farmers by Sarsabz Fertilizers,1,374,yes,,,,latin,116
Sarsabz ko salaam ha ka farmers ki motivation kalia asi documentaries and true picture of agriculture in Pakistan ko support kar raha ha 👍,2,374,yes,,,,latin,1
no,4,374,yes,,,,latin,1332
PkenunwpduU,0,375,no,,,,latin,300
Salam Kissan | A Tribute to Farmers of the World by Sarsabz Fertilizers | Ali Noor | Jami Moor,1,375,yes,,,,latin,300
"The way he gives back gold to his wife, it's so heartwarming😭❤️",2,375,yes,,,,latin,1
no,4,375,yes,,,,latin,1332
PkenunwpduU,0,376,no,,,,latin,300
Salam Kissan | A Tribute to Farmers of the World by Sarsabz Fertilizers | Ali Noor | Jami Moor,1,376,yes,,,,latin,300
0:55 0:56 0:56 0:57 0:57 0:57 0:57 0:58 0:58 0:58 0:58 0:58 0:59 0:59 0:59 0:59 1:00 1:00 1:00 1:00 1:00 1:01 1:01 1:01 1:01 1:01 1:02 1:02 1:02 1:02 1:02 1:02 1:03 1:03 1:03 1:03 1:04 1:04 1:04 1:04 1:04 1:05 1:05 1:05 1:05 1:05 1:06 1:06 1:06 1:06 1:06,2,376,yes,,,,other,1
no,4,376,yes,,,,latin,1332
PkenunwpduU,0,377,no,,,,latin,300
Salam Kissan | A Tribute to Farmers of the World by Sarsabz Fertilizers | Ali Noor | Jami Moor,1,377,yes,,,,latin,300
0:37,2,377,yes,,,,other,1
no,4,377,yes,,,,latin,1332
PkenunwpduU,0,378,no,,,,latin,300
Salam Kissan | A Tribute to Farmers of the World by Sarsabz Fertilizers | Ali Noor | Jami Moor,1,378,yes,,,,latin,300
Wounder ful video Fantastic Song lyrics 😍,2,378,yes,,,,latin,1
no,4,378,yes,,,,latin,1332
PkenunwpduU,0,379,no,,,,latin,300
Salam Kissan | A Tribute to Farmers of the World by Sarsabz Fertilizers | Ali Noor | Jami Moor,1,379,yes,,,,latin,300
"Thanks to our leaders who took away everything from us. But we should never forget the fact that we live on the most fertile indus plain, which is most fertile plain area in the world. There is no food crisis in our country but thanks to our leaders who dont let us eat.😢",2,379,yes,,,,latin,1
no,4,379,yes,,,,latin,1332
PkenunwpduU,0,380,no,,,,latin,300
Salam Kissan | A Tribute to Farmers of the World by Sarsabz Fertilizers | Ali Noor | Jami Moor,1,380,yes,,,,latin,300
Watching this again in devastating floods of punjab 2025. 😢😢 Allah saaday punjab nu wasda hasda rakhy. 1st September 2025. Or abi selaab barh raha hai 😢😢,2,380,yes,,,,latin,1
no,4,380,yes,,,,latin,1332
PkenunwpduU,0,381,no,,,,latin,300
Salam Kissan | A Tribute to Farmers of the World by Sarsabz Fertilizers | Ali Noor | Jami Moor,1,381,yes,,,,latin,300
What a great tribute to farmers and their families who feed a nation a 220+ million,2,381,yes,,,,latin,1
no,4,381,yes,,,,latin,1332
PkenunwpduU,0,382,no,,,,latin,300
Salam Kissan | A Tribute to Farmers of the World by Sarsabz Fertilizers | Ali Noor | Jami Moor,1,382,yes,,,,latin,300
Salam kisaan,2,382,yes,,,,latin,2
no,4,382,yes,,,,latin,1332
PkenunwpduU,0,383,no,,,,latin,300
Salam Kissan | A Tribute to Farmers of the World by Sarsabz Fertilizers | Ali Noor | Jami Moor,1,383,yes,,,,latin,300
#salamkissan,2,383,yes,,,,latin,1
no,4,383,yes,,,,latin,1332
PkenunwpduU,0,384,no,,,,latin,300
Salam Kissan | A Tribute to Farmers of the World by Sarsabz Fertilizers | Ali Noor | Jami Moor,1,384,yes,,,,latin,300
#salamkisan,2,384,yes,,,,latin,1
no,4,384,yes,,,,latin,1332
PkenunwpduU,0,385,no,,,,latin,300
Salam Kissan | A Tribute to Farmers of the World by Sarsabz Fertilizers | Ali Noor | Jami Moor,1,385,yes,,,,latin,300
#salam kisan #,2,385,yes,,,,latin,1
no,4,385,yes,,,,latin,1332
PkenunwpduU,0,386,no,,,,latin,300
Salam Kissan | A Tribute to Farmers of the World by Sarsabz Fertilizers | Ali Noor | Jami Moor,1,386,yes,,,,latin,300
What about 16 december aps attack in peshawar ?,2,386,yes,,,,latin,1
no,4,386,yes,,,,latin,1332
PkenunwpduU,0,387,no,,,,latin,300
Salam Kissan | A Tribute to Farmers of the World by Sarsabz Fertilizers | Ali Noor | Jami Moor,1,387,yes,,,,latin,300
Beautiful song❤❤,2,387,yes,,,,latin,1
no,4,387,yes,,,,latin,1332
PkenunwpduU,0,388,no,,,,latin,300
Salam Kissan | A Tribute to Farmers of the World by Sarsabz Fertilizers | Ali Noor | Jami Moor,1,388,yes,,,,latin,300
Allah apko kus rak hy ameen,2,388,yes,,,,latin,1
no,4,388,yes,,,,latin,1332
PkenunwpduU,0,389,no,,,,latin,300
Salam Kissan | A Tribute to Farmers of the World by Sarsabz Fertilizers | Ali Noor | Jami Moor,1,389,yes,,,,latin,300
Salam kissan Mera Pyara Pakistan. Pakistan zindabad ❤❤❤❤,2,389,yes,,,,latin,1
no,4,389,yes,,,,latin,1332
PkenunwpduU,0,390,no,,,,latin,300
Salam Kissan | A Tribute to Farmers of the World by Sarsabz Fertilizers | Ali Noor | Jami Moor,1,390,yes,,,,latin,300
IThank you sarsabz for bringing farmers effort to our attention!Salam kissan ❤,2,390,yes,,,,latin,1
no,4,390,yes,,,,latin,1332
PkenunwpduU,0,391,no,,,,latin,300
Salam Kissan | A Tribute to Farmers of the World by Sarsabz Fertilizers | Ali Noor | Jami Moor,1,391,yes,,,,latin,300
#Salamkissan ❤,2,391,yes,,,,latin,3
no,4,391,yes,,,,latin,1332
PkenunwpduU,0,392,no,,,,latin,300
Salam Kissan | A Tribute to Farmers of the World by Sarsabz Fertilizers | Ali Noor | Jami Moor,1,392,yes,,,,latin,300
Love you from Bangladesh.,2,392,yes,,,,latin,1
no,4,392,yes,,,,latin,1332
PkenunwpduU,0,393,no,,,,latin,300
Salam Kissan | A Tribute to Farmers of the World by Sarsabz Fertilizers | Ali Noor | Jami Moor,1,393,yes,,,,latin,300
Father is Father khud nahain khata apny bachon ko pahly khilaiga . Father ki baghair sub ham undhi hain,2,393,yes,,,,latin,1
no,4,393,yes,,,,latin,1332
PkenunwpduU,0,394,no,,,,latin,300
Salam Kissan | A Tribute to Farmers of the World by Sarsabz Fertilizers | Ali Noor | Jami Moor,1,394,yes,,,,latin,300
I feel proud for kisan ❤,2,394,yes,,,,latin,1
no,4,394,yes,,,,latin,1332
PkenunwpduU,0,395,no,,,,latin,300
Salam Kissan | A Tribute to Farmers of the World by Sarsabz Fertilizers | Ali Noor | Jami Moor,1,395,yes,,,,latin,300
Life is veryyyyyyyyyyy hard 😢😭😓🤧🥺😔🥺😔 In every field,2,395,yes,,,,latin,1
no,4,395,yes,,,,latin,1332
PkenunwpduU,0,396,no,,,,latin,300
Salam Kissan | A Tribute to Farmers of the World by Sarsabz Fertilizers | Ali Noor | Jami Moor,1,396,yes,,,,latin,300
l feel proud🥰😍🤩💘💝💖💗💓💞💕❣❤,2,396,yes,,,,latin,1
no,4,396,yes,,,,latin,1332
PkenunwpduU,0,397,no,,,,latin,300
Salam Kissan | A Tribute to Farmers of the World by Sarsabz Fertilizers | Ali Noor | Jami Moor,1,397,yes,,,,latin,300
Salaam to all FG employee for provide best product to kissan & Salaam to kissan for use this beast product.,2,397,yes,,,,latin,1
no,4,397,yes,,,,latin,1332
PkenunwpduU,0,398,no,,,,latin,300
Salam Kissan | A Tribute to Farmers of the World by Sarsabz Fertilizers | Ali Noor | Jami Moor,1,398,yes,,,,latin,300
ماشااللہ,2,398,yes,,,,urdu_script,2
no,4,398,yes,,,,latin,1332
PkenunwpduU,0,399,no,,,,latin,300
Salam Kissan | A Tribute to Farmers of the World by Sarsabz Fertilizers | Ali Noor | Jami Moor,1,399,yes,,,,latin,300
❤❤❤❤,2,399,yes,,,,other,7
no,4,399,yes,,,,latin,1332
PkenunwpduU,0,400,no,,,,latin,300
Salam Kissan | A Tribute to Farmers of the World by Sarsabz Fertilizers | Ali Noor | Jami Moor,1,400,yes,,,,latin,300
Beautiful,2,400,yes,,,,latin,1
no,4,400,yes,,,,latin,1332
PkenunwpduU,0,401,no,,,,latin,300
Salam Kissan | A Tribute to Farmers of the World by Sarsabz Fertilizers | Ali Noor | Jami Moor,1,401,yes,,,,latin,300
Wow Best song,2,401,yes,,,,latin,1
no,4,401,yes,,,,latin,1332
PkenunwpduU,0,402,no,,,,latin,300
Salam Kissan | A Tribute to Farmers of the World by Sarsabz Fertilizers | Ali Noor | Jami Moor,1,402,yes,,,,latin,300
Excellent,2,402,yes,,,,latin,2
no,4,402,yes,,,,latin,1332
PkenunwpduU,0,403,no,,,,latin,300
Salam Kissan | A Tribute to Farmers of the World by Sarsabz Fertilizers | Ali Noor | Jami Moor,1,403,yes,,,,latin,300
Kissan zindabad,2,403,yes,,,,latin,1
no,4,403,yes,,,,latin,1332
PkenunwpduU,0,404,no,,,,latin,300
Salam Kissan | A Tribute to Farmers of the World by Sarsabz Fertilizers | Ali Noor | Jami Moor,1,404,yes,,,,latin,300
farmers are called the back bone of nation's economy . So the more the farmer is hard worker more our country's economy will boom .,2,404,yes,,,,latin,1
no,4,404,yes,,,,latin,1332
PkenunwpduU,0,405,no,,,,latin,300
Salam Kissan | A Tribute to Farmers of the World by Sarsabz Fertilizers | Ali Noor | Jami Moor,1,405,yes,,,,latin,300
Support from Dutch 🇳🇱 farmers. Farmers all countries unite!! One cause!,2,405,yes,,,,latin,1
no,4,405,yes,,,,latin,1332
PkenunwpduU,0,406,no,,,,latin,300
Salam Kissan | A Tribute to Farmers of the World by Sarsabz Fertilizers | Ali Noor | Jami Moor,1,406,yes,,,,latin,300
Thank you so much ❤,2,406,yes,,,,latin,1
yes,4,406,yes,,,,latin,240
PkenunwpduU,0,407,no,,,,latin,300
Salam Kissan | A Tribute to Farmers of the World by Sarsabz Fertilizers | Ali Noor | Jami Moor,1,407,yes,,,,latin,300
salam kissan 🥰,2,407,yes,,,,latin,1
no,4,407,yes,,,,latin,1332
PkenunwpduU,0,408,no,,,,latin,300
Salam Kissan | A Tribute to Farmers of the World by Sarsabz Fertilizers | Ali Noor | Jami Moor,1,408,yes,,,,latin,300
Feeling very proud for my mama an baba 🥰🥰🥰🥰on farmering may you both live long 🤲🥰🤲🤲,2,408,yes,,,,latin,1
no,4,408,yes,,,,latin,1332
PkenunwpduU,0,409,no,,,,latin,300
Salam Kissan | A Tribute to Farmers of the World by Sarsabz Fertilizers | Ali Noor | Jami Moor,1,409,yes,,,,latin,300
Salam Pakistan I love my Pakistan,2,409,yes,,,,latin,1
no,4,409,yes,,,,latin,1332
PkenunwpduU,0,410,no,,,,latin,300
Salam Kissan | A Tribute to Farmers of the World by Sarsabz Fertilizers | Ali Noor | Jami Moor,1,410,yes,,,,latin,300
salute to farmers,2,410,yes,,,,latin,1
no,4,410,yes,,,,latin,1332
PkenunwpduU,0,411,no,,,,latin,300
Salam Kissan | A Tribute to Farmers of the World by Sarsabz Fertilizers | Ali Noor | Jami Moor,1,411,yes,,,,latin,300
So real n emotional 🇵🇰👍,2,411,yes,,,,latin,1
no,4,411,yes,,,,latin,1332
PkenunwpduU,0,412,no,,,,latin,300
Salam Kissan | A Tribute to Farmers of the World by Sarsabz Fertilizers | Ali Noor | Jami Moor,1,412,yes,,,,latin,300
"Beautiful- very emotional for me , being from a farmer’s family. Have seen and experienced all what is shown in the video. Well done",2,412,yes,,,,latin,1
no,4,412,yes,,,,latin,1332
PkenunwpduU,0,413,no,,,,latin,300
Salam Kissan | A Tribute to Farmers of the World by Sarsabz Fertilizers | Ali Noor | Jami Moor,1,413,yes,,,,latin,300
"I have blessed of allah pakistan has too tooo much farmer The farmers are really good good spacialy the farmer of ,--thatta gharo sakro I don't haven' any farm But really farmers are great I belong to karachi Live karachi But thankfully all farmer of Sindh Punjab all around pakistan al around the world Asif ali From karachi Gulistan e johuar district east",2,413,yes,,,,latin,1
no,4,413,yes,,,,latin,1332
PkenunwpduU,0,414,no,,,,latin,300
Salam Kissan | A Tribute to Farmers of the World by Sarsabz Fertilizers | Ali Noor | Jami Moor,1,414,yes,,,,latin,300
یہ گانا جتنی بار سن لو، ہمیشہ نیا ہی لگتا ہے، میں گانے نہیں سنتی لیکن یہ گانا واقعی میں رونگٹے کھڑے کردیتا ہے، بہت اچھا اور کمال اشتہار ہے، خراجِ تحسین ہے کسانوں کو بھی اور اس ٹیم کو بھی جنہوں نے کسانوں کی زندگی کو اتنے اچھے طریقے سے دکھایا⁦👏🏻⁩⁦👏🏻⁩,2,414,yes,,,,urdu_script,1
no,4,414,yes,,,,latin,1332
PkenunwpduU,0,415,no,,,,latin,300
Salam Kissan | A Tribute to Farmers of the World by Sarsabz Fertilizers | Ali Noor | Jami Moor,1,415,yes,,,,latin,300
Es dharti ki Shan barhain gain ♥️,2,415,yes,,,,latin,1
no,4,415,yes,,,,latin,1332
PkenunwpduU,0,416,no,,,,latin,300
Salam Kissan | A Tribute to Farmers of the World by Sarsabz Fertilizers | Ali Noor | Jami Moor,1,416,yes,,,,latin,300
"Excellent. Should appreciate the efforts put forth by farmers. The ending... In-kind lending with in-kind return, with markup. :)",2,416,yes,,,,latin,1
no,4,416,yes,,,,latin,1332
PkenunwpduU,0,417,no,,,,latin,300
Salam Kissan | A Tribute to Farmers of the World by Sarsabz Fertilizers | Ali Noor | Jami Moor,1,417,yes,,,,latin,300
leakn ap to kissan marne wala hai .DAP price 9000 tk,2,417,yes,,,,latin,1
no,4,417,yes,,,,latin,1332
PkenunwpduU,0,418,no,,,,latin,300
Salam Kissan | A Tribute to Farmers of the World by Sarsabz Fertilizers | Ali Noor | Jami Moor,1,418,yes,,,,latin,300
"For the farmers, Labours, and other hardworking who struggle and work hard but still suffer in the hands of the filthy rich and dirty corporations every in the world. ✊✊✊ #westandwiththeIndianfarmers",2,418,yes,,,,latin,1
no,4,418,yes,,,,latin,1332
PkenunwpduU,0,419,no,,,,latin,300
Salam Kissan | A Tribute to Farmers of the World by Sarsabz Fertilizers | Ali Noor | Jami Moor,1,419,yes,,,,latin,300
Thank you so much for appreciation.,2,419,yes,,,,latin,1
yes,4,419,yes,,,,latin,240
PkenunwpduU,0,420,no,,,,latin,300
Salam Kissan | A Tribute to Farmers of the World by Sarsabz Fertilizers | Ali Noor | Jami Moor,1,420,yes,,,,latin,300
Sir i want to make a vedio on your sound . I need permission about copyright claim . I will makes a vedio on my villages farmers and myself. And also show your product’s.,2,420,yes,,,,latin,1
no,4,420,yes,,,,latin,1332
PkenunwpduU,0,421,no,,,,latin,300
Salam Kissan | A Tribute to Farmers of the World by Sarsabz Fertilizers | Ali Noor | Jami Moor,1,421,yes,,,,latin,300
"Yes, please you're absolutely allowed to use our song to represent anything positive.",2,421,yes,,,,latin,1
yes,4,421,yes,,,,latin,240
PkenunwpduU,0,422,no,,,,latin,300
Salam Kissan | A Tribute to Farmers of the World by Sarsabz Fertilizers | Ali Noor | Jami Moor,1,422,yes,,,,latin,300
Thank u sir,2,422,yes,,,,latin,1
yes,4,422,yes,,,,latin,240
PkenunwpduU,0,423,no,,,,latin,300
Salam Kissan | A Tribute to Farmers of the World by Sarsabz Fertilizers | Ali Noor | Jami Moor,1,423,yes,,,,latin,300
"English Translation of this Song Who works day and night Fills the dirt with colors In all passing seasons Who fights all difficulties It's only due to you, our happiness increases Thorough your hard work will increase the world's value Keep going like that And all routes will reach a destination It's only through your will and determination Pakistan is green Salam, O farmer The clouds of sadness That reign upon you This sun and these rains That has broken you This hope shall not break away It's only due to you, our happiness increases Thorough your hard work will increase the world's value Keep going like that And all routes will reach a destination It's only through your will and determination Pakistan is green Salam, O farmer",2,423,yes,,,,latin,1
no,4,423,yes,,,,latin,1332
PkenunwpduU,0,424,no,,,,latin,300
Salam Kissan | A Tribute to Farmers of the World by Sarsabz Fertilizers | Ali Noor | Jami Moor,1,424,yes,,,,latin,300
Much appreciated. Thank you so much your comment.,2,424,yes,,,,latin,1
yes,4,424,yes,,,,latin,240
PkenunwpduU,0,425,no,,,,latin,300
Salam Kissan | A Tribute to Farmers of the World by Sarsabz Fertilizers | Ali Noor | Jami Moor,1,425,yes,,,,latin,300
love from india ❤️,2,425,yes,,,,latin,1
no,4,425,yes,,,,latin,1332
PkenunwpduU,0,426,no,,,,latin,300
Salam Kissan | A Tribute to Farmers of the World by Sarsabz Fertilizers | Ali Noor | Jami Moor,1,426,yes,,,,latin,300
Thank you so much for your love :),2,426,yes,,,,latin,1
yes,4,426,yes,,,,latin,240
PkenunwpduU,0,427,no,,,,latin,300
Salam Kissan | A Tribute to Farmers of the World by Sarsabz Fertilizers | Ali Noor | Jami Moor,1,427,yes,,,,latin,300
hats off to everyone behind this tribute. a master piece,2,427,yes,,,,latin,1
no,4,427,yes,,,,latin,1332
PkenunwpduU,0,428,no,,,,latin,300
Salam Kissan | A Tribute to Farmers of the World by Sarsabz Fertilizers | Ali Noor | Jami Moor,1,428,yes,,,,latin,300
1:50,2,428,yes,,,,other,1
no,4,428,yes,,,,latin,1332
PkenunwpduU,0,429,no,,,,latin,300
Salam Kissan | A Tribute to Farmers of the World by Sarsabz Fertilizers | Ali Noor | Jami Moor,1,429,yes,,,,latin,300
Extremely well conceptualized and executed to perfection. The melody is just amazing! Goosebumps!,2,429,yes,,,,latin,1
no,4,429,yes,,,,latin,1332
PkenunwpduU,0,430,no,,,,latin,300
Salam Kissan | A Tribute to Farmers of the World by Sarsabz Fertilizers | Ali Noor | Jami Moor,1,430,yes,,,,latin,300
Our farmers song,2,430,yes,,,,latin,1
no,4,430,yes,,,,latin,1332
PkenunwpduU,0,431,no,,,,latin,300
Salam Kissan | A Tribute to Farmers of the World by Sarsabz Fertilizers | Ali Noor | Jami Moor,1,431,yes,,,,latin,300
Plz support our farmers. Support #AgricultureHub @AgricultureHub,2,431,yes,,,,latin,1
no,4,431,yes,,,,latin,1332
PkenunwpduU,0,432,no,,,,latin,300
Salam Kissan | A Tribute to Farmers of the World by Sarsabz Fertilizers | Ali Noor | Jami Moor,1,432,yes,,,,latin,300
This song should be copy right free,2,432,yes,,,,latin,1
no,4,432,yes,,,,latin,1332
PkenunwpduU,0,433,no,,,,latin,300
Salam Kissan | A Tribute to Farmers of the World by Sarsabz Fertilizers | Ali Noor | Jami Moor,1,433,yes,,,,latin,300
Pak sar Zameen Shadbad.... Kissan Shadbad,2,433,yes,,,,latin,1
no,4,433,yes,,,,latin,1332
PkenunwpduU,0,434,no,,,,latin,300
Salam Kissan | A Tribute to Farmers of the World by Sarsabz Fertilizers | Ali Noor | Jami Moor,1,434,yes,,,,latin,300
Pakistan Hme Fakhar Hai Pakistani Kisan Hone pe Pakistan Salam Kisan Sarsabaz PakistanZindabad,2,434,yes,,,,latin,2
no,4,434,yes,,,,latin,1332
PkenunwpduU,0,435,no,,,,latin,300
Salam Kissan | A Tribute to Farmers of the World by Sarsabz Fertilizers | Ali Noor | Jami Moor,1,435,yes,,,,latin,300
Pakistan Hme Fakhar Hai Pakistani Kisan Hone pe Pakistan Salam Kisan Sarsabaz PakistanZindabad,2,435,yes,,,,latin,2
no,4,435,yes,,,,latin,1332
PkenunwpduU,0,436,no,,,,latin,300
Salam Kissan | A Tribute to Farmers of the World by Sarsabz Fertilizers | Ali Noor | Jami Moor,1,436,yes,,,,latin,300
Very nice 👍,2,436,yes,,,,latin,1
no,4,436,yes,,,,latin,1332
PkenunwpduU,0,437,no,,,,latin,300
Salam Kissan | A Tribute to Farmers of the World by Sarsabz Fertilizers | Ali Noor | Jami Moor,1,437,yes,,,,latin,300
#KisanMajdoorEktaJindabad Lots of Respect #Pakistan Long Live the Mother Land of BaBa Guru #Nanak Maharaj ji 🙏🏻🙏🏻🙏🏻🚩🚩👳‍♂️👳‍♀️✊👲🧔🇵🇰🇵🇰,2,437,yes,,,,latin,1
no,4,437,yes,,,,latin,1332
PkenunwpduU,0,438,no,,,,latin,300
Salam Kissan | A Tribute to Farmers of the World by Sarsabz Fertilizers | Ali Noor | Jami Moor,1,438,yes,,,,latin,300
Much love from Pakistan our Sikh veer 🇵🇰❤🇮🇳,2,438,yes,,,,latin,1
yes,4,438,yes,,,,latin,240
PkenunwpduU,0,439,no,,,,latin,300
Salam Kissan | A Tribute to Farmers of the World by Sarsabz Fertilizers | Ali Noor | Jami Moor,1,439,yes,,,,latin,300
"For the farmers, labour, and the hardworking class everywhere in the world who continue to suffer in the hands of the big corporations.✊✊✊ #westandwiththeIndianfarmers",2,439,yes,,,,latin,1
yes,4,439,yes,,,,latin,240
PkenunwpduU,0,440,no,,,,latin,300
Salam Kissan | A Tribute to Farmers of the World by Sarsabz Fertilizers | Ali Noor | Jami Moor,1,440,yes,,,,latin,300
Lovely! Ansu aa gaye dekh k ! SalaamKisaan!,2,440,yes,,,,latin,1
no,4,440,yes,,,,latin,1332
PkenunwpduU,0,441,no,,,,latin,300
Salam Kissan | A Tribute to Farmers of the World by Sarsabz Fertilizers | Ali Noor | Jami Moor,1,441,yes,,,,latin,300
Look how we treat our farmers in Pakistan,2,441,yes,,,,latin,1
no,4,441,yes,,,,latin,1332
PkenunwpduU,0,442,no,,,,latin,300
Salam Kissan | A Tribute to Farmers of the World by Sarsabz Fertilizers | Ali Noor | Jami Moor,1,442,yes,,,,latin,300
Nice.100,2,442,yes,,,,latin,1
no,4,442,yes,,,,latin,1332
PkenunwpduU,0,443,no,,,,latin,300
Salam Kissan | A Tribute to Farmers of the World by Sarsabz Fertilizers | Ali Noor | Jami Moor,1,443,yes,,,,latin,300
This is tribute to Our Sikh kissan Brothers as well ❤️,2,443,yes,,,,latin,1
no,4,443,yes,,,,latin,1332
PkenunwpduU,0,444,no,,,,latin,300
Salam Kissan | A Tribute to Farmers of the World by Sarsabz Fertilizers | Ali Noor | Jami Moor,1,444,yes,,,,latin,300
🙏🏻🙏🏻🙏🏻🙏🏻🙏🏻🙏🏻🙏🏻,2,444,yes,,,,other,1
yes,4,444,yes,,,,latin,240
PkenunwpduU,0,445,no,,,,latin,300
Salam Kissan | A Tribute to Farmers of the World by Sarsabz Fertilizers | Ali Noor | Jami Moor,1,445,yes,,,,latin,300
"From music to story, and to the lyrics, everything pays tribute to our farmers. #SalamKisaan",2,445,yes,,,,latin,1
no,4,445,yes,,,,latin,1332
PkenunwpduU,0,446,no,,,,latin,300
Salam Kissan | A Tribute to Farmers of the World by Sarsabz Fertilizers | Ali Noor | Jami Moor,1,446,yes,,,,latin,300
"No one has asked Pakistan to support Indian Kisaan... it's our internal affair and we are capable to resolve this. I am an Indian Punjabi and I don't like Pakistani interference in our matters. I also request my punjabi and Indian people to be aware about misleading songs and lectures from outsiders, especially our enemy countries. We already have too many good singers like Sartaj, Bawa etc... so we don't need any Pakistani songs and any Pakistani lecture.",2,446,yes,,,,latin,1
no,4,446,yes,,,,latin,1332
PkenunwpduU,0,447,no,,,,latin,300
Salam Kissan | A Tribute to Farmers of the World by Sarsabz Fertilizers | Ali Noor | Jami Moor,1,447,yes,,,,latin,300
"Idiot look at the upload date of this song dec 2019, it’s Pakistani song about Pakistan farmers not Indian farmers which is recent. 🤡",2,447,yes,,,,latin,1
yes,4,447,yes,,,,latin,240
PkenunwpduU,0,448,no,,,,latin,300
Salam Kissan | A Tribute to Farmers of the World by Sarsabz Fertilizers | Ali Noor | Jami Moor,1,448,yes,,,,latin,300
yes,4,448,yes,,,,latin,240
PkenunwpduU,0,449,no,,,,latin,300
Salam Kissan | A Tribute to Farmers of the World by Sarsabz Fertilizers | Ali Noor | Jami Moor,1,449,yes,,,,latin,300
To feer ety Bond den aya aa ਦਿਲ ਦਿਲ ਖਾਲਿਸਤਾਨ ਜਾਨ ਜਾਨ ਪਾਕਿਸਤਾਨ,2,449,yes,,,,latin,1
yes,4,449,yes,,,,latin,240
PkenunwpduU,0,450,no,,,,latin,300
Salam Kissan | A Tribute to Farmers of the World by Sarsabz Fertilizers | Ali Noor | Jami Moor,1,450,yes,,,,latin,300
I'm daughter of farmer. My grandfather was a farmer. And I'm proud of it.,2,450,yes,,,,latin,1
no,4,450,yes,,,,latin,1332
PkenunwpduU,0,451,no,,,,latin,300
Salam Kissan | A Tribute to Farmers of the World by Sarsabz Fertilizers | Ali Noor | Jami Moor,1,451,yes,,,,latin,300
Than why not you?,2,451,yes,,,,latin,1
yes,4,451,yes,,,,latin,240
PkenunwpduU,0,452,no,,,,latin,300
Salam Kissan | A Tribute to Farmers of the World by Sarsabz Fertilizers | Ali Noor | Jami Moor,1,452,yes,,,,latin,300
I Feel Proud i am 👳💦Farmer #farmer,2,452,yes,,,,latin,1
no,4,452,yes,,,,latin,1332
PkenunwpduU,0,453,no,,,,latin,300
Salam Kissan | A Tribute to Farmers of the World by Sarsabz Fertilizers | Ali Noor | Jami Moor,1,453,yes,,,,latin,300
Proud to be a farmer and I really worried about Indian Punjabi farmer's Kisanektazindabad ♥️💪,2,453,yes,,,,latin,1
no,4,453,yes,,,,latin,1332
PkenunwpduU,0,454,no,,,,latin,300
Salam Kissan | A Tribute to Farmers of the World by Sarsabz Fertilizers | Ali Noor | Jami Moor,1,454,yes,,,,latin,300
KISAN EKTA ZINDABAD.,2,454,yes,,,,latin,1
no,4,454,yes,,,,latin,1332
PkenunwpduU,0,455,no,,,,latin,300
Salam Kissan | A Tribute to Farmers of the World by Sarsabz Fertilizers | Ali Noor | Jami Moor,1,455,yes,,,,latin,300
"I feel proud because my grand father was a farmer, my father is a farmer , my brother Is a farmer, I am also famer",2,455,yes,,,,latin,1
no,4,455,yes,,,,latin,1332
PkenunwpduU,0,456,no,,,,latin,300
Salam Kissan | A Tribute to Farmers of the World by Sarsabz Fertilizers | Ali Noor | Jami Moor,1,456,yes,,,,latin,300
Yynyg YYyyyy,2,456,yes,,,,latin,1
yes,4,456,yes,,,,latin,240
PkenunwpduU,0,457,no,,,,latin,300
Salam Kissan | A Tribute to Farmers of the World by Sarsabz Fertilizers | Ali Noor | Jami Moor,1,457,yes,,,,latin,300
Nanny y,2,457,yes,,,,latin,1
yes,4,457,yes,,,,latin,240
PkenunwpduU,0,458,no,,,,latin,300
Salam Kissan | A Tribute to Farmers of the World by Sarsabz Fertilizers | Ali Noor | Jami Moor,1,458,yes,,,,latin,300
❤️,2,458,yes,,,,other,2
no,4,458,yes,,,,latin,1332
PkenunwpduU,0,459,no,,,,latin,300
Salam Kissan | A Tribute to Farmers of the World by Sarsabz Fertilizers | Ali Noor | Jami Moor,1,459,yes,,,,latin,300
#SalamKisan #ShukriaKisan 👑,2,459,yes,,,,latin,1
no,4,459,yes,,,,latin,1332
PkenunwpduU,0,460,no,,,,latin,300
Salam Kissan | A Tribute to Farmers of the World by Sarsabz Fertilizers | Ali Noor | Jami Moor,1,460,yes,,,,latin,300
Ay allah hmare pakistan k hr kone kone ko apni protection rakhna Kiu k ap sb se pehtar hifazat krne wale he🤲,2,460,yes,,,,latin,1
no,4,460,yes,,,,latin,1332
PkenunwpduU,0,461,no,,,,latin,300
Salam Kissan | A Tribute to Farmers of the World by Sarsabz Fertilizers | Ali Noor | Jami Moor,1,461,yes,,,,latin,300
No matter how modern we are...without farmers there is no food,2,461,yes,,,,latin,1
no,4,461,yes,,,,latin,1332
PkenunwpduU,0,462,no,,,,latin,300
Salam Kissan | A Tribute to Farmers of the World by Sarsabz Fertilizers | Ali Noor | Jami Moor,1,462,yes,,,,latin,300
Salam to every Kisan all over the world 🙌,2,462,yes,,,,latin,1
no,4,462,yes,,,,latin,1332
PkenunwpduU,0,463,no,,,,latin,300
Salam Kissan | A Tribute to Farmers of the World by Sarsabz Fertilizers | Ali Noor | Jami Moor,1,463,yes,,,,latin,300
Just beautiful... watching with teary eyes. Forever greatful to these land savers,2,463,yes,,,,latin,1
no,4,463,yes,,,,latin,1332
PkenunwpduU,0,464,no,,,,latin,300
Salam Kissan | A Tribute to Farmers of the World by Sarsabz Fertilizers | Ali Noor | Jami Moor,1,464,yes,,,,latin,300
Salam kissan,2,464,yes,,,,latin,4
no,4,464,yes,,,,latin,1332
PkenunwpduU,0,465,no,,,,latin,300
Salam Kissan | A Tribute to Farmers of the World by Sarsabz Fertilizers | Ali Noor | Jami Moor,1,465,yes,,,,latin,300
Such a Great Tribute to Farmers. ❤️,2,465,yes,,,,latin,1
no,4,465,yes,,,,latin,1332
PkenunwpduU,0,466,no,,,,latin,300
Salam Kissan | A Tribute to Farmers of the World by Sarsabz Fertilizers | Ali Noor | Jami Moor,1,466,yes,,,,latin,300
Heart touching song 🇵🇰,2,466,yes,,,,latin,1
no,4,466,yes,,,,latin,1332
PkenunwpduU,0,467,no,,,,latin,300
Salam Kissan | A Tribute to Farmers of the World by Sarsabz Fertilizers | Ali Noor | Jami Moor,1,467,yes,,,,latin,300
Beautiful song 🇵🇰,2,467,yes,,,,latin,1
no,4,467,yes,,,,latin,1332
PkenunwpduU,0,468,no,,,,latin,300
Salam Kissan | A Tribute to Farmers of the World by Sarsabz Fertilizers | Ali Noor | Jami Moor,1,468,yes,,,,latin,300
It should be in punjabi . Here a 12 crore punjabi in pak punjab so if it was in punjabi then see the views,2,468,yes,,,,latin,1
no,4,468,yes,,,,latin,1332
PkenunwpduU,0,469,no,,,,latin,300
Salam Kissan | A Tribute to Farmers of the World by Sarsabz Fertilizers | Ali Noor | Jami Moor,1,469,yes,,,,latin,300
This is actual pakistan lovely and hardworking people great effort salam kisan,2,469,yes,,,,latin,1
no,4,469,yes,,,,latin,1332
PkenunwpduU,0,470,no,,,,latin,300
Salam Kissan | A Tribute to Farmers of the World by Sarsabz Fertilizers | Ali Noor | Jami Moor,1,470,yes,,,,latin,300
I love kisaan,2,470,yes,,,,latin,1
no,4,470,yes,,,,latin,1332
PkenunwpduU,0,471,no,,,,latin,300
Salam Kissan | A Tribute to Farmers of the World by Sarsabz Fertilizers | Ali Noor | Jami Moor,1,471,yes,,,,latin,300
Love from India,2,471,yes,,,,latin,2
no,4,471,yes,,,,latin,1332
PkenunwpduU,0,472,no,,,,latin,300
Salam Kissan | A Tribute to Farmers of the World by Sarsabz Fertilizers | Ali Noor | Jami Moor,1,472,yes,,,,latin,300
I belong to a farmer family.,2,472,yes,,,,latin,1
no,4,472,yes,,,,latin,1332
PkenunwpduU,0,473,no,,,,latin,300
Salam Kissan | A Tribute to Farmers of the World by Sarsabz Fertilizers | Ali Noor | Jami Moor,1,473,yes,,,,latin,300
SLAAM KISAAAN❣️ SLAAAAM PAKISTAN 🇵🇰❣️ DEDICATED TO ALL FARMERS AROUND THE WORLD.... ESPECIALLY THE KHALISTANI FARMERS...WHO ARE FIGHTING FOE THEIR RIGHTS....THE WHOLE PAKISTANI FARMERS COMMUNITY IS WITH YOU GUYS......GO GET THEM...AT LEAST YOU GUYS ARE FIGHTING.....LOVE AND SUPPORT FROM PAKISTAN 🇵🇰.❣️❣️❣️❣️❣️❣️💪💪💪💪💪💪,2,473,yes,,,,latin,1
no,4,473,yes,,,,latin,1332
PkenunwpduU,0,474,no,,,,latin,300
Salam Kissan | A Tribute to Farmers of the World by Sarsabz Fertilizers | Ali Noor | Jami Moor,1,474,yes,,,,latin,300
Salam kaisaan💖💖💖💖💖💖💖💖💖💖💖💖💖💖💖👏🏻👏🏻👏🏻👏🏻👏🏻👏🏻👏🏻👏🏻👏🏻👏🏻👏🏻👏🏻👏🏻👏🏻👏🏻👏🏻👏🏻,2,474,yes,,,,latin,1
no,4,474,yes,,,,latin,1332
PkenunwpduU,0,475,no,,,,latin,300
Salam Kissan | A Tribute to Farmers of the World by Sarsabz Fertilizers | Ali Noor | Jami Moor,1,475,yes,,,,latin,300
I proud tobe a farmer Yar ankho say anso nikal gaye yah song sun kay phlay 2 . 3 saal bhot loss howa,2,475,yes,,,,latin,1
no,4,475,yes,,,,latin,1332
PkenunwpduU,0,476,no,,,,latin,300
Salam Kissan | A Tribute to Farmers of the World by Sarsabz Fertilizers | Ali Noor | Jami Moor,1,476,yes,,,,latin,300
Amazingggg,2,476,yes,,,,latin,1
no,4,476,yes,,,,latin,1332
PkenunwpduU,0,477,no,,,,latin,300
Salam Kissan | A Tribute to Farmers of the World by Sarsabz Fertilizers | Ali Noor | Jami Moor,1,477,yes,,,,latin,300
❤️❤️❤️❤️❤️❤️❤️❤️❤️❤️❤️❤️👍,2,477,yes,,,,other,1
no,4,477,yes,,,,latin,1332
PkenunwpduU,0,478,no,,,,latin,300
Salam Kissan | A Tribute to Farmers of the World by Sarsabz Fertilizers | Ali Noor | Jami Moor,1,478,yes,,,,latin,300
Like it_ from usa,2,478,yes,,,,latin,1
no,4,478,yes,,,,latin,1332
PkenunwpduU,0,479,no,,,,latin,300
Salam Kissan | A Tribute to Farmers of the World by Sarsabz Fertilizers | Ali Noor | Jami Moor,1,479,yes,,,,latin,300
Kisan hmari shan,2,479,yes,,,,latin,1
no,4,479,yes,,,,latin,1332
PkenunwpduU,0,480,no,,,,latin,300
Salam Kissan | A Tribute to Farmers of the World by Sarsabz Fertilizers | Ali Noor | Jami Moor,1,480,yes,,,,latin,300
"Agriculture is most underratted sector in Pakistan...Kissan ka zikr to milta hy but just siyasi byanaat main, sasti khaad, acha beej, fixed market prices, market infrastructure, or crop insurance farmer ka haq hy...yhan mehnat kissan krta hy profit middleman or sarmayadar ly jata hy..kissan awaz othay to dandy oper sy khata hy Pak-India dono hi farmers ko un k haqooq deny main nakaam hain.",2,480,yes,,,,latin,1
no,4,480,yes,,,,latin,1332
PkenunwpduU,0,481,no,,,,latin,300
Salam Kissan | A Tribute to Farmers of the World by Sarsabz Fertilizers | Ali Noor | Jami Moor,1,481,yes,,,,latin,300
AMAZINGGGGGGGGGGGGGGGGGGGGGGGGGG,2,481,yes,,,,latin,1
no,4,481,yes,,,,latin,1332
PkenunwpduU,0,482,no,,,,latin,300
Salam Kissan | A Tribute to Farmers of the World by Sarsabz Fertilizers | Ali Noor | Jami Moor,1,482,yes,,,,latin,300
Very nice fatima fertiliser,2,482,yes,,,,latin,1
no,4,482,yes,,,,latin,1332
PkenunwpduU,0,483,no,,,,latin,300
Salam Kissan | A Tribute to Farmers of the World by Sarsabz Fertilizers | Ali Noor | Jami Moor,1,483,yes,,,,latin,300
Salam kissan all over the world,2,483,yes,,,,latin,1
no,4,483,yes,,,,latin,1332
PkenunwpduU,0,484,no,,,,latin,300
Salam Kissan | A Tribute to Farmers of the World by Sarsabz Fertilizers | Ali Noor | Jami Moor,1,484,yes,,,,latin,300
Justiceforkissan love from 🇵🇰,2,484,yes,,,,latin,1
no,4,484,yes,,,,latin,1332
PkenunwpduU,0,485,no,,,,latin,300
Salam Kissan | A Tribute to Farmers of the World by Sarsabz Fertilizers | Ali Noor | Jami Moor,1,485,yes,,,,latin,300
Yes we all say that do not want to eat vegetables,2,485,yes,,,,latin,1
no,4,485,yes,,,,latin,1332
PkenunwpduU,0,486,no,,,,latin,300
Salam Kissan | A Tribute to Farmers of the World by Sarsabz Fertilizers | Ali Noor | Jami Moor,1,486,yes,,,,latin,300
Kutta ka bacho kissan ka khoon Pena band kro,2,486,yes,,,,latin,1
no,4,486,yes,,,,latin,1332
PkenunwpduU,0,487,no,,,,latin,300
Salam Kissan | A Tribute to Farmers of the World by Sarsabz Fertilizers | Ali Noor | Jami Moor,1,487,yes,,,,latin,300
Wow,2,487,yes,,,,latin,3
no,4,487,yes,,,,latin,1332
PkenunwpduU,0,488,no,,,,latin,300
Salam Kissan | A Tribute to Farmers of the World by Sarsabz Fertilizers | Ali Noor | Jami Moor,1,488,yes,,,,latin,300
Alhamdulliah Farmer,2,488,yes,,,,latin,1
no,4,488,yes,,,,latin,1332
PkenunwpduU,0,489,no,,,,latin,300
Salam Kissan | A Tribute to Farmers of the World by Sarsabz Fertilizers | Ali Noor | Jami Moor,1,489,yes,,,,latin,300
"I am proud bcz I was a part of this company, fatima fertiliser sarsabz urea",2,489,yes,,,,latin,1
no,4,489,yes,,,,latin,1332
PkenunwpduU,0,490,no,,,,latin,300
Salam Kissan | A Tribute to Farmers of the World by Sarsabz Fertilizers | Ali Noor | Jami Moor,1,490,yes,,,,latin,300
Farmers are back bone of economy,2,490,yes,,,,latin,1
no,4,490,yes,,,,latin,1332
PkenunwpduU,0,491,no,,,,latin,300
Salam Kissan | A Tribute to Farmers of the World by Sarsabz Fertilizers | Ali Noor | Jami Moor,1,491,yes,,,,latin,300
https://www.youtube.com/watch?v=PSJnEdm0xMw&ab_channel=MyMissFaariaZainab,2,491,yes,,,,latin,2
no,4,491,yes,,,,latin,1332
PkenunwpduU,0,492,no,,,,latin,300
Salam Kissan | A Tribute to Farmers of the World by Sarsabz Fertilizers | Ali Noor | Jami Moor,1,492,yes,,,,latin,300
Salam to farmer's,2,492,yes,,,,latin,1
no,4,492,yes,,,,latin,1332
PkenunwpduU,0,493,no,,,,latin,300
Salam Kissan | A Tribute to Farmers of the World by Sarsabz Fertilizers | Ali Noor | Jami Moor,1,493,yes,,,,latin,300
Good job,2,493,yes,,,,latin,1
no,4,493,yes,,,,latin,1332
PkenunwpduU,0,494,no,,,,latin,300
Salam Kissan | A Tribute to Farmers of the World by Sarsabz Fertilizers | Ali Noor | Jami Moor,1,494,yes,,,,latin,300
Pakistan zindabAd from 🇬🇧,2,494,yes,,,,latin,1
no,4,494,yes,,,,latin,1332
PkenunwpduU,0,495,no,,,,latin,300
Salam Kissan | A Tribute to Farmers of the World by Sarsabz Fertilizers | Ali Noor | Jami Moor,1,495,yes,,,,latin,300
Farmers are the backbone of the country. Salute to farmers ❤️,2,495,yes,,,,latin,1
no,4,495,yes,,,,latin,1332
PkenunwpduU,0,496,no,,,,latin,300
Salam Kissan | A Tribute to Farmers of the World by Sarsabz Fertilizers | Ali Noor | Jami Moor,1,496,yes,,,,latin,300
Beautiful lyrics... And the voice just did the Justice.. hats off to both background singers 💕💕,2,496,yes,,,,latin,1
no,4,496,yes,,,,latin,1332
PkenunwpduU,0,497,no,,,,latin,300
Salam Kissan | A Tribute to Farmers of the World by Sarsabz Fertilizers | Ali Noor | Jami Moor,1,497,yes,,,,latin,300
v good video...salam kissan,2,497,yes,,,,latin,1
no,4,497,yes,,,,latin,1332
PkenunwpduU,0,498,no,,,,latin,300
Salam Kissan | A Tribute to Farmers of the World by Sarsabz Fertilizers | Ali Noor | Jami Moor,1,498,yes,,,,latin,300
I feel proud to be a kisan mera family members sub kisaan dar h,2,498,yes,,,,latin,1
no,4,498,yes,,,,latin,1332
PkenunwpduU,0,499,no,,,,latin,300
Salam Kissan | A Tribute to Farmers of the World by Sarsabz Fertilizers | Ali Noor | Jami Moor,1,499,yes,,,,latin,300
🥲🥲🥲,2,499,yes,,,,other,1
no,4,499,yes,,,,latin,1332
PkenunwpduU,0,500,no,,,,latin,300
Salam Kissan | A Tribute to Farmers of the World by Sarsabz Fertilizers | Ali Noor | Jami Moor,1,500,yes,,,,latin,300
Support sikh farmers love from Pakistan 🇵🇰,2,500,yes,,,,latin,1
no,4,500,yes,,,,latin,1332
PkenunwpduU,0,501,no,,,,latin,300
Salam Kissan | A Tribute to Farmers of the World by Sarsabz Fertilizers | Ali Noor | Jami Moor,1,501,yes,,,,latin,300
i am proud that we r farmers,2,501,yes,,,,latin,1
no,4,501,yes,,,,latin,1332
PkenunwpduU,0,502,no,,,,latin,300
Salam Kissan | A Tribute to Farmers of the World by Sarsabz Fertilizers | Ali Noor | Jami Moor,1,502,yes,,,,latin,300
what a master piece it is,2,502,yes,,,,latin,1
no,4,502,yes,,,,latin,1332
PkenunwpduU,0,503,no,,,,latin,300
Salam Kissan | A Tribute to Farmers of the World by Sarsabz Fertilizers | Ali Noor | Jami Moor,1,503,yes,,,,latin,300
SARSABZ ROYAL DEALER DISPLAY COMPETITION 2020 https://youtu.be/sbbGIGbNgYg,2,503,yes,,,,latin,1
no,4,503,yes,,,,latin,1332
PkenunwpduU,0,504,no,,,,latin,300
Salam Kissan | A Tribute to Farmers of the World by Sarsabz Fertilizers | Ali Noor | Jami Moor,1,504,yes,,,,latin,300
Beautiful song and brilliant story,2,504,yes,,,,latin,1
no,4,504,yes,,,,latin,1332
PkenunwpduU,0,505,no,,,,latin,300
Salam Kissan | A Tribute to Farmers of the World by Sarsabz Fertilizers | Ali Noor | Jami Moor,1,505,yes,,,,latin,300
I love my pakistan. I love my kissan. . . May Allah bless all farmers of the world. ...,2,505,yes,,,,latin,1
no,4,505,yes,,,,latin,1332
PkenunwpduU,0,506,no,,,,latin,300
Salam Kissan | A Tribute to Farmers of the World by Sarsabz Fertilizers | Ali Noor | Jami Moor,1,506,yes,,,,latin,300
Feel proud of being bread maker for Pakistan and world . Salam kisan,2,506,yes,,,,latin,1
no,4,506,yes,,,,latin,1332
PkenunwpduU,0,507,no,,,,latin,300
Salam Kissan | A Tribute to Farmers of the World by Sarsabz Fertilizers | Ali Noor | Jami Moor,1,507,yes,,,,latin,300
پاکستان زندہ باد 🇵🇰🇵🇰🇵🇰🇵🇰🇵🇰🇵🇰🇵🇰🌹🌹✨✨✨✨✨✨✨✨✨✨✨✨✨✨,2,507,yes,,,,urdu_script,1
no,4,507,yes,,,,latin,1332
PkenunwpduU,0,508,no,,,,latin,300
Salam Kissan | A Tribute to Farmers of the World by Sarsabz Fertilizers | Ali Noor | Jami Moor,1,508,yes,,,,latin,300
Dil sy suno to ankhon sy ansu any lagty hain. ya jo log khaton main kaam kry han kisi k man baap hain. kisi k bachy hain. apny apko is mahnat k alam main soch kr dako to feel ay gi. Slaam Kisan. Slaam Pakistan.,2,508,yes,,,,latin,1
no,4,508,yes,,,,latin,1332
PkenunwpduU,0,509,no,,,,latin,300
Salam Kissan | A Tribute to Farmers of the World by Sarsabz Fertilizers | Ali Noor | Jami Moor,1,509,yes,,,,latin,300
Same feelings for our Indian kissan -love from Pak❤️❤️❤️❤️,2,509,yes,,,,latin,1
no,4,509,yes,,,,latin,1332
PkenunwpduU,0,510,no,,,,latin,300
Salam Kissan | A Tribute to Farmers of the World by Sarsabz Fertilizers | Ali Noor | Jami Moor,1,510,yes,,,,latin,300
Tribute to neighbors..,2,510,yes,,,,latin,1
no,4,510,yes,,,,latin,1332
PkenunwpduU,0,511,no,,,,latin,300
Salam Kissan | A Tribute to Farmers of the World by Sarsabz Fertilizers | Ali Noor | Jami Moor,1,511,yes,,,,latin,300
"Kisaan duniya ka koi bhi ho sanjha hy....Kisaan ka hum pr hr luqmay ka ehsan hy...Shukriya kisan,shukriya sarsabz💝💝✌",2,511,yes,,,,latin,1
no,4,511,yes,,,,latin,1332
PkenunwpduU,0,512,no,,,,latin,300
Salam Kissan | A Tribute to Farmers of the World by Sarsabz Fertilizers | Ali Noor | Jami Moor,1,512,yes,,,,latin,300
Some scenes in my village,2,512,yes,,,,latin,1
no,4,512,yes,,,,latin,1332
PkenunwpduU,0,513,no,,,,latin,300
Salam Kissan | A Tribute to Farmers of the World by Sarsabz Fertilizers | Ali Noor | Jami Moor,1,513,yes,,,,latin,300
one like for our indian farmers brother lets pray God help them to get their rights from brutal modi government,2,513,yes,,,,latin,1
no,4,513,yes,,,,latin,1332
PkenunwpduU,0,514,no,,,,latin,300
Salam Kissan | A Tribute to Farmers of the World by Sarsabz Fertilizers | Ali Noor | Jami Moor,1,514,yes,,,,latin,300
Even farmers in Pakistani punjab are facing problems. Unfortunately punjab ka sab khaaty hain magar koi punjabi farmers ka ehsaas nai krta. Mushkil waqt hai punjab pay. Qk punjab divided hai.,2,514,yes,,,,latin,1
yes,4,514,yes,,,,latin,240
PkenunwpduU,0,515,no,,,,latin,300
Salam Kissan | A Tribute to Farmers of the World by Sarsabz Fertilizers | Ali Noor | Jami Moor,1,515,yes,,,,latin,300
Any indian here? Please like,2,515,yes,,,,latin,1
no,4,515,yes,,,,latin,1332
PkenunwpduU,0,516,no,,,,latin,300
Salam Kissan | A Tribute to Farmers of the World by Sarsabz Fertilizers | Ali Noor | Jami Moor,1,516,yes,,,,latin,300
Proud to be a farmer son,2,516,yes,,,,latin,1
no,4,516,yes,,,,latin,1332
PkenunwpduU,0,517,no,,,,latin,300
Salam Kissan | A Tribute to Farmers of the World by Sarsabz Fertilizers | Ali Noor | Jami Moor,1,517,yes,,,,latin,300
Kissan s are very powerful,2,517,yes,,,,latin,1
no,4,517,yes,,,,latin,1332
PkenunwpduU,0,518,no,,,,latin,300
Salam Kissan | A Tribute to Farmers of the World by Sarsabz Fertilizers | Ali Noor | Jami Moor,1,518,yes,,,,latin,300
I like kissan hard working,2,518,yes,,,,latin,1
no,4,518,yes,,,,latin,1332
PkenunwpduU,0,519,no,,,,latin,300
Salam Kissan | A Tribute to Farmers of the World by Sarsabz Fertilizers | Ali Noor | Jami Moor,1,519,yes,,,,latin,300
i respect pakistan from my bottom of heart .from punjab india .reh gye jo lahore oh v ta khoon sada hai .❤❤❤❤❤❤🇵🇰🇵🇰🇵🇰🇵🇰🇵🇰🇵🇰🇵🇰🇵🇰🇵🇰,2,519,yes,,,,latin,1
no,4,519,yes,,,,latin,1332
PkenunwpduU,0,520,no,,,,latin,300
Salam Kissan | A Tribute to Farmers of the World by Sarsabz Fertilizers | Ali Noor | Jami Moor,1,520,yes,,,,latin,300
Thank you.We stand with peaceful protest of farmers.,2,520,yes,,,,latin,1
yes,4,520,yes,,,,latin,240
PkenunwpduU,0,521,no,,,,latin,300
Salam Kissan | A Tribute to Farmers of the World by Sarsabz Fertilizers | Ali Noor | Jami Moor,1,521,yes,,,,latin,300
we also miss all of you indian punjab from lahore,2,521,yes,,,,latin,1
yes,4,521,yes,,,,latin,240
PkenunwpduU,0,522,no,,,,latin,300
Salam Kissan | A Tribute to Farmers of the World by Sarsabz Fertilizers | Ali Noor | Jami Moor,1,522,yes,,,,latin,300
Nation's Real and true Hero's. I don't have status even to Salute you👏👌☝️Love by the Core of my Heart 💞❤️💞,2,522,yes,,,,latin,1
no,4,522,yes,,,,latin,1332
PkenunwpduU,0,523,no,,,,latin,300
Salam Kissan | A Tribute to Farmers of the World by Sarsabz Fertilizers | Ali Noor | Jami Moor,1,523,yes,,,,latin,300
❤️❤️,2,523,yes,,,,other,3
no,4,523,yes,,,,latin,1332
PkenunwpduU,0,524,no,,,,latin,300
Salam Kissan | A Tribute to Farmers of the World by Sarsabz Fertilizers | Ali Noor | Jami Moor,1,524,yes,,,,latin,300
Salam kisan,2,524,yes,,,,latin,7
no,4,524,yes,,,,latin,1332
PkenunwpduU,0,525,no,,,,latin,300
Salam Kissan | A Tribute to Farmers of the World by Sarsabz Fertilizers | Ali Noor | Jami Moor,1,525,yes,,,,latin,300
"Salam kisan, Salam Pakistan",2,525,yes,,,,latin,1
no,4,525,yes,,,,latin,1332
PkenunwpduU,0,526,no,,,,latin,300
Salam Kissan | A Tribute to Farmers of the World by Sarsabz Fertilizers | Ali Noor | Jami Moor,1,526,yes,,,,latin,300
Kisaan hmari shaan,2,526,yes,,,,latin,1
no,4,526,yes,,,,latin,1332
PkenunwpduU,0,527,no,,,,latin,300
Salam Kissan | A Tribute to Farmers of the World by Sarsabz Fertilizers | Ali Noor | Jami Moor,1,527,yes,,,,latin,300
Here after Delhi protests,2,527,yes,,,,latin,1
no,4,527,yes,,,,latin,1332
PkenunwpduU,0,528,no,,,,latin,300
Salam Kissan | A Tribute to Farmers of the World by Sarsabz Fertilizers | Ali Noor | Jami Moor,1,528,yes,,,,latin,300
"i think the title of this song is wrong i,e tribute to framers of Pakistan this should be tribute to framers of whole world ❤😘❤😘👍",2,528,yes,,,,latin,1
no,4,528,yes,,,,latin,1332
PkenunwpduU,0,529,no,,,,latin,300
Salam Kissan | A Tribute to Farmers of the World by Sarsabz Fertilizers | Ali Noor | Jami Moor,1,529,yes,,,,latin,300
There is magic in Ali Noor's voice,2,529,yes,,,,latin,1
no,4,529,yes,,,,latin,1332
PkenunwpduU,0,530,no,,,,latin,300
Salam Kissan | A Tribute to Farmers of the World by Sarsabz Fertilizers | Ali Noor | Jami Moor,1,530,yes,,,,latin,300
Thankyou sarsabz for giving us tribute,2,530,yes,,,,latin,1
no,4,530,yes,,,,latin,1332
PkenunwpduU,0,531,no,,,,latin,300
Salam Kissan | A Tribute to Farmers of the World by Sarsabz Fertilizers | Ali Noor | Jami Moor,1,531,yes,,,,latin,300
I feel proud because my father is farmer.,2,531,yes,,,,latin,1
no,4,531,yes,,,,latin,1332
PkenunwpduU,0,532,no,,,,latin,300
Salam Kissan | A Tribute to Farmers of the World by Sarsabz Fertilizers | Ali Noor | Jami Moor,1,532,yes,,,,latin,300
Masha Allah,2,532,yes,,,,latin,1
yes,4,532,yes,,,,latin,240
PkenunwpduU,0,533,no,,,,latin,300
Salam Kissan | A Tribute to Farmers of the World by Sarsabz Fertilizers | Ali Noor | Jami Moor,1,533,yes,,,,latin,300
You should be.🙌🏽,2,533,yes,,,,latin,1
yes,4,533,yes,,,,latin,240
PkenunwpduU,0,534,no,,,,latin,300
Salam Kissan | A Tribute to Farmers of the World by Sarsabz Fertilizers | Ali Noor | Jami Moor,1,534,yes,,,,latin,300
Thanks for all,2,534,yes,,,,latin,1
yes,4,534,yes,,,,latin,240
PkenunwpduU,0,535,no,,,,latin,300
Salam Kissan | A Tribute to Farmers of the World by Sarsabz Fertilizers | Ali Noor | Jami Moor,1,535,yes,,,,latin,300
Mashallah,2,535,yes,,,,latin,3
yes,4,535,yes,,,,latin,240
PkenunwpduU,0,536,no,,,,latin,300
Salam Kissan | A Tribute to Farmers of the World by Sarsabz Fertilizers | Ali Noor | Jami Moor,1,536,yes,,,,latin,300
Pakistan proud of you brother,2,536,yes,,,,latin,1
yes,4,536,yes,,,,latin,240
PkenunwpduU,0,537,no,,,,latin,300
Salam Kissan | A Tribute to Farmers of the World by Sarsabz Fertilizers | Ali Noor | Jami Moor,1,537,yes,,,,latin,300
Which city,2,537,yes,,,,latin,1
yes,4,537,yes,,,,latin,240
PkenunwpduU,0,538,no,,,,latin,300
Salam Kissan | A Tribute to Farmers of the World by Sarsabz Fertilizers | Ali Noor | Jami Moor,1,538,yes,,,,latin,300
They r lovely nd hard working peoples love nd respect to all farmers,2,538,yes,,,,latin,1
no,4,538,yes,,,,latin,1332
PkenunwpduU,0,539,no,,,,latin,300
Salam Kissan | A Tribute to Farmers of the World by Sarsabz Fertilizers | Ali Noor | Jami Moor,1,539,yes,,,,latin,300
Good hogya ji kisan,2,539,yes,,,,latin,1
no,4,539,yes,,,,latin,1332
PkenunwpduU,0,540,no,,,,latin,300
Salam Kissan | A Tribute to Farmers of the World by Sarsabz Fertilizers | Ali Noor | Jami Moor,1,540,yes,,,,latin,300
Who is here after injustice to indian farmers,2,540,yes,,,,latin,1
no,4,540,yes,,,,latin,1332
PkenunwpduU,0,541,no,,,,latin,300
Salam Kissan | A Tribute to Farmers of the World by Sarsabz Fertilizers | Ali Noor | Jami Moor,1,541,yes,,,,latin,300
I am jaspal singh bhinder,2,541,yes,,,,latin,1
yes,4,541,yes,,,,latin,240
PkenunwpduU,0,542,no,,,,latin,300
Salam Kissan | A Tribute to Farmers of the World by Sarsabz Fertilizers | Ali Noor | Jami Moor,1,542,yes,,,,latin,300
yes,4,542,yes,,,,latin,240
PkenunwpduU,0,543,no,,,,latin,300
Salam Kissan | A Tribute to Farmers of the World by Sarsabz Fertilizers | Ali Noor | Jami Moor,1,543,yes,,,,latin,300
yes,4,543,yes,,,,latin,240
PkenunwpduU,0,544,no,,,,latin,300
Salam Kissan | A Tribute to Farmers of the World by Sarsabz Fertilizers | Ali Noor | Jami Moor,1,544,yes,,,,latin,300
yes,4,544,yes,,,,latin,240
PkenunwpduU,0,545,no,,,,latin,300
Salam Kissan | A Tribute to Farmers of the World by Sarsabz Fertilizers | Ali Noor | Jami Moor,1,545,yes,,,,latin,300
yes,4,545,yes,,,,latin,240
PkenunwpduU,0,546,no,,,,latin,300
Salam Kissan | A Tribute to Farmers of the World by Sarsabz Fertilizers | Ali Noor | Jami Moor,1,546,yes,,,,latin,300
yes,4,546,yes,,,,latin,240
PkenunwpduU,0,547,no,,,,latin,300
Salam Kissan | A Tribute to Farmers of the World by Sarsabz Fertilizers | Ali Noor | Jami Moor,1,547,yes,,,,latin,300
yes,4,547,yes,,,,latin,240
PkenunwpduU,0,548,no,,,,latin,300
Salam Kissan | A Tribute to Farmers of the World by Sarsabz Fertilizers | Ali Noor | Jami Moor,1,548,yes,,,,latin,300
Proud to be son of farmer......,2,548,yes,,,,latin,1
no,4,548,yes,,,,latin,1332
PkenunwpduU,0,549,no,,,,latin,300
Salam Kissan | A Tribute to Farmers of the World by Sarsabz Fertilizers | Ali Noor | Jami Moor,1,549,yes,,,,latin,300
I guess it is best commercial of pakistan😍💝,2,549,yes,,,,latin,1
no,4,549,yes,,,,latin,1332
PkenunwpduU,0,550,no,,,,latin,300
Salam Kissan | A Tribute to Farmers of the World by Sarsabz Fertilizers | Ali Noor | Jami Moor,1,550,yes,,,,latin,300
Great,2,550,yes,,,,latin,9
no,4,550,yes,,,,latin,1332
PkenunwpduU,0,551,no,,,,latin,300
Salam Kissan | A Tribute to Farmers of the World by Sarsabz Fertilizers | Ali Noor | Jami Moor,1,551,yes,,,,latin,300
Very beautiful video 💖 Absolutely fascinating 🥰 Real depiction of efforts of our farmers. Salute to hard work of farmers. Applause for team of Sarsabz team for bringing such amazing video to us 💐,2,551,yes,,,,latin,1
no,4,551,yes,,,,latin,1332
PkenunwpduU,0,552,no,,,,latin,300
Salam Kissan | A Tribute to Farmers of the World by Sarsabz Fertilizers | Ali Noor | Jami Moor,1,552,yes,,,,latin,300
Love from india,2,552,yes,,,,latin,2
no,4,552,yes,,,,latin,1332
PkenunwpduU,0,553,no,,,,latin,300
Salam Kissan | A Tribute to Farmers of the World by Sarsabz Fertilizers | Ali Noor | Jami Moor,1,553,yes,,,,latin,300
Great emotions with great voice!,2,553,yes,,,,latin,1
no,4,553,yes,,,,latin,1332
PkenunwpduU,0,554,no,,,,latin,300
Salam Kissan | A Tribute to Farmers of the World by Sarsabz Fertilizers | Ali Noor | Jami Moor,1,554,yes,,,,latin,300
"They work day and night to provide us food, they are us and they are equal to us salam pakistan",2,554,yes,,,,latin,1
no,4,554,yes,,,,latin,1332
PkenunwpduU,0,555,no,,,,latin,300
Salam Kissan | A Tribute to Farmers of the World by Sarsabz Fertilizers | Ali Noor | Jami Moor,1,555,yes,,,,latin,300
"Dr saima your statement do not do justice, they are not equal to us infact they are more than us😊",2,555,yes,,,,latin,1
yes,4,555,yes,,,,latin,240
PkenunwpduU,0,556,no,,,,latin,300
Salam Kissan | A Tribute to Farmers of the World by Sarsabz Fertilizers | Ali Noor | Jami Moor,1,556,yes,,,,latin,300
Salaam kissan,2,556,yes,,,,latin,3
no,4,556,yes,,,,latin,1332
PkenunwpduU,0,557,no,,,,latin,300
Salam Kissan | A Tribute to Farmers of the World by Sarsabz Fertilizers | Ali Noor | Jami Moor,1,557,yes,,,,latin,300
Behtreeen ❤💯,2,557,yes,,,,latin,1
no,4,557,yes,,,,latin,1332
PkenunwpduU,0,558,no,,,,latin,300
Salam Kissan | A Tribute to Farmers of the World by Sarsabz Fertilizers | Ali Noor | Jami Moor,1,558,yes,,,,latin,300
thanks to farmers otherwise pakistan has ghanta economy :),2,558,yes,,,,latin,1
no,4,558,yes,,,,latin,1332
PkenunwpduU,0,559,no,,,,latin,300
Salam Kissan | A Tribute to Farmers of the World by Sarsabz Fertilizers | Ali Noor | Jami Moor,1,559,yes,,,,latin,300
India mai farmers or state ka jhagra chal raha hai isliye Pakistan mai is add ko abhi chala raha hain t.v par bohat,2,559,yes,,,,latin,1
yes,4,559,yes,,,,latin,240
PkenunwpduU,0,560,no,,,,latin,300
Salam Kissan | A Tribute to Farmers of the World by Sarsabz Fertilizers | Ali Noor | Jami Moor,1,560,yes,,,,latin,300
yes,4,560,yes,,,,latin,240
PkenunwpduU,0,561,no,,,,latin,300
Salam Kissan | A Tribute to Farmers of the World by Sarsabz Fertilizers | Ali Noor | Jami Moor,1,561,yes,,,,latin,300
Proud to be the generation of a Farmer Allahumdulliah....,2,561,yes,,,,latin,1
no,4,561,yes,,,,latin,1332
PkenunwpduU,0,562,no,,,,latin,300
Salam Kissan | A Tribute to Farmers of the World by Sarsabz Fertilizers | Ali Noor | Jami Moor,1,562,yes,,,,latin,300
Fatima Group is Fraud Gang,2,562,yes,,,,latin,23
yes,4,562,yes,,,,latin,240
PkenunwpduU,0,563,no,,,,latin,300
Salam Kissan | A Tribute to Farmers of the World by Sarsabz Fertilizers | Ali Noor | Jami Moor,1,563,yes,,,,latin,300
yes,4,563,yes,,,,latin,240
PkenunwpduU,0,564,no,,,,latin,300
Salam Kissan | A Tribute to Farmers of the World by Sarsabz Fertilizers | Ali Noor | Jami Moor,1,564,yes,,,,latin,300
Is this the song for tiktok,2,564,yes,,,,latin,1
no,4,564,yes,,,,latin,1332
PkenunwpduU,0,565,no,,,,latin,300
Salam Kissan | A Tribute to Farmers of the World by Sarsabz Fertilizers | Ali Noor | Jami Moor,1,565,yes,,,,latin,300
Fatima Group is Fraud Gang,2,565,yes,,,,latin,23
yes,4,565,yes,,,,latin,240
PkenunwpduU,0,566,no,,,,latin,300
Salam Kissan | A Tribute to Farmers of the World by Sarsabz Fertilizers | Ali Noor | Jami Moor,1,566,yes,,,,latin,300
yes,4,566,yes,,,,latin,240
PkenunwpduU,0,567,no,,,,latin,300
Salam Kissan | A Tribute to Farmers of the World by Sarsabz Fertilizers | Ali Noor | Jami Moor,1,567,yes,,,,latin,300
yes,4,567,yes,,,,latin,240
PkenunwpduU,0,568,no,,,,latin,300
Salam Kissan | A Tribute to Farmers of the World by Sarsabz Fertilizers | Ali Noor | Jami Moor,1,568,yes,,,,latin,300
Very nice,2,568,yes,,,,latin,3
no,4,568,yes,,,,latin,1332
PkenunwpduU,0,569,no,,,,latin,300
Salam Kissan | A Tribute to Farmers of the World by Sarsabz Fertilizers | Ali Noor | Jami Moor,1,569,yes,,,,latin,300
Who is here after it won best Add award?,2,569,yes,,,,latin,1
no,4,569,yes,,,,latin,1332
PkenunwpduU,0,570,no,,,,latin,300
Salam Kissan | A Tribute to Farmers of the World by Sarsabz Fertilizers | Ali Noor | Jami Moor,1,570,yes,,,,latin,300
Great,2,570,yes,,,,latin,9
no,4,570,yes,,,,latin,1332
PkenunwpduU,0,571,no,,,,latin,300
Salam Kissan | A Tribute to Farmers of the World by Sarsabz Fertilizers | Ali Noor | Jami Moor,1,571,yes,,,,latin,300
Awesome,2,571,yes,,,,latin,3
no,4,571,yes,,,,latin,1332
PkenunwpduU,0,572,no,,,,latin,300
Salam Kissan | A Tribute to Farmers of the World by Sarsabz Fertilizers | Ali Noor | Jami Moor,1,572,yes,,,,latin,300
"Product :Pakistan, Salam. Kissan🌟❤️",2,572,yes,,,,latin,1
no,4,572,yes,,,,latin,1332
PkenunwpduU,0,573,no,,,,latin,300
Salam Kissan | A Tribute to Farmers of the World by Sarsabz Fertilizers | Ali Noor | Jami Moor,1,573,yes,,,,latin,300
"Pakistan, my motherland ❤️ 🇵🇰",2,573,yes,,,,latin,1
no,4,573,yes,,,,latin,1332
PkenunwpduU,0,574,no,,,,latin,300
Salam Kissan | A Tribute to Farmers of the World by Sarsabz Fertilizers | Ali Noor | Jami Moor,1,574,yes,,,,latin,300
very true and a very beautiful song tribute to all labours of pakistan and all ofthe world,2,574,yes,,,,latin,1
no,4,574,yes,,,,latin,1332
PkenunwpduU,0,575,no,,,,latin,300
Salam Kissan | A Tribute to Farmers of the World by Sarsabz Fertilizers | Ali Noor | Jami Moor,1,575,yes,,,,latin,300
Favourite song,2,575,yes,,,,latin,1
no,4,575,yes,,,,latin,1332
PkenunwpduU,0,576,no,,,,latin,300
Salam Kissan | A Tribute to Farmers of the World by Sarsabz Fertilizers | Ali Noor | Jami Moor,1,576,yes,,,,latin,300
so thats what pakistan is best for,2,576,yes,,,,latin,1
no,4,576,yes,,,,latin,1332
PkenunwpduU,0,577,no,,,,latin,300
Salam Kissan | A Tribute to Farmers of the World by Sarsabz Fertilizers | Ali Noor | Jami Moor,1,577,yes,,,,latin,300
One Of The Best Video On YouTube...,2,577,yes,,,,latin,1
no,4,577,yes,,,,latin,1332
PkenunwpduU,0,578,no,,,,latin,300
Salam Kissan | A Tribute to Farmers of the World by Sarsabz Fertilizers | Ali Noor | Jami Moor,1,578,yes,,,,latin,300
beautiful,2,578,yes,,,,latin,1
no,4,578,yes,,,,latin,1332
PkenunwpduU,0,579,no,,,,latin,300
Salam Kissan | A Tribute to Farmers of the World by Sarsabz Fertilizers | Ali Noor | Jami Moor,1,579,yes,,,,latin,300
This video touch the farmer feeling and struggled,2,579,yes,,,,latin,1
no,4,579,yes,,,,latin,1332
PkenunwpduU,0,580,no,,,,latin,300
Salam Kissan | A Tribute to Farmers of the World by Sarsabz Fertilizers | Ali Noor | Jami Moor,1,580,yes,,,,latin,300
This made me fall in our hard working farmers and their families.. heart touching lyrics and the beautiful voice of Ali Noor.. ♥️♥️🇵🇰🇵🇰♥️♥️,2,580,yes,,,,latin,1
no,4,580,yes,,,,latin,1332
PkenunwpduU,0,581,no,,,,latin,300
Salam Kissan | A Tribute to Farmers of the World by Sarsabz Fertilizers | Ali Noor | Jami Moor,1,581,yes,,,,latin,300
Fatima Group is Fraud Gang,2,581,yes,,,,latin,23
yes,4,581,yes,,,,latin,240
PkenunwpduU,0,582,no,,,,latin,300
Salam Kissan | A Tribute to Farmers of the World by Sarsabz Fertilizers | Ali Noor | Jami Moor,1,582,yes,,,,latin,300
What a beautiful song. Love u kisan love u Pakistan,2,582,yes,,,,latin,1
no,4,582,yes,,,,latin,1332
PkenunwpduU,0,583,no,,,,latin,300
Salam Kissan | A Tribute to Farmers of the World by Sarsabz Fertilizers | Ali Noor | Jami Moor,1,583,yes,,,,latin,300
beautiful music,2,583,yes,,,,latin,1
no,4,583,yes,,,,latin,1332
PkenunwpduU,0,584,no,,,,latin,300
Salam Kissan | A Tribute to Farmers of the World by Sarsabz Fertilizers | Ali Noor | Jami Moor,1,584,yes,,,,latin,300
asha ha song aro sab sa asha ha pakistan ha,2,584,yes,,,,latin,1
no,4,584,yes,,,,latin,1332
PkenunwpduU,0,585,no,,,,latin,300
Salam Kissan | A Tribute to Farmers of the World by Sarsabz Fertilizers | Ali Noor | Jami Moor,1,585,yes,,,,latin,300
"I am not crying, you're crying.",2,585,yes,,,,latin,1
no,4,585,yes,,,,latin,1332
PkenunwpduU,0,586,no,,,,latin,300
Salam Kissan | A Tribute to Farmers of the World by Sarsabz Fertilizers | Ali Noor | Jami Moor,1,586,yes,,,,latin,300
Fatima Group is Fraud Gang,2,586,yes,,,,latin,23
yes,4,586,yes,,,,latin,240
PkenunwpduU,0,587,no,,,,latin,300
Salam Kissan | A Tribute to Farmers of the World by Sarsabz Fertilizers | Ali Noor | Jami Moor,1,587,yes,,,,latin,300
Sala Kissan! <3,2,587,yes,,,,latin,1
no,4,587,yes,,,,latin,1332
PkenunwpduU,0,588,no,,,,latin,300
Salam Kissan | A Tribute to Farmers of the World by Sarsabz Fertilizers | Ali Noor | Jami Moor,1,588,yes,,,,latin,300
Like it——from China,2,588,yes,,,,latin,1
no,4,588,yes,,,,latin,1332
PkenunwpduU,0,589,no,,,,latin,300
Salam Kissan | A Tribute to Farmers of the World by Sarsabz Fertilizers | Ali Noor | Jami Moor,1,589,yes,,,,latin,300
thanks iron brother,2,589,yes,,,,latin,1
yes,4,589,yes,,,,latin,240
PkenunwpduU,0,590,no,,,,latin,300
Salam Kissan | A Tribute to Farmers of the World by Sarsabz Fertilizers | Ali Noor | Jami Moor,1,590,yes,,,,latin,300
kissan ko ganne ki nh sehat or taleem ki zroorat hai,2,590,yes,,,,latin,1
no,4,590,yes,,,,latin,1332
PkenunwpduU,0,591,no,,,,latin,300
Salam Kissan | A Tribute to Farmers of the World by Sarsabz Fertilizers | Ali Noor | Jami Moor,1,591,yes,,,,latin,300
"English Translation of this Song Who work's day and night Fills the dirt with colors In all passing seasons Who fights all difficulties It's only due to you, our happiness increases Thorough your hard work will we increase the world's value Keep going like that And all routes will reach a destination It's only through your will and determination Pakistan is green Salam, O farmer The clouds of sadness That reign upon you This sun and these rains That have broken you This hope shall not break away It's only due to you, our happiness increases Thorough your hard work will we increase the world's value Keep going like that And all routes will reach a destination It's only through your will and determination Pakistan is green Salam, O farmer",2,591,yes,,,,latin,1
no,4,591,yes,,,,latin,1332
PkenunwpduU,0,592,no,,,,latin,300
Salam Kissan | A Tribute to Farmers of the World by Sarsabz Fertilizers | Ali Noor | Jami Moor,1,592,yes,,,,latin,300
Fatima Group is Fraud Gang,2,592,yes,,,,latin,23
yes,4,592,yes,,,,latin,240
PkenunwpduU,0,593,no,,,,latin,300
Salam Kissan | A Tribute to Farmers of the World by Sarsabz Fertilizers | Ali Noor | Jami Moor,1,593,yes,,,,latin,300
We all neend to respect them....I have no words for my farmers I slot all of you,2,593,yes,,,,latin,1
no,4,593,yes,,,,latin,1332
PkenunwpduU,0,594,no,,,,latin,300
Salam Kissan | A Tribute to Farmers of the World by Sarsabz Fertilizers | Ali Noor | Jami Moor,1,594,yes,,,,latin,300
Salaam Kisan,2,594,yes,,,,latin,1
no,4,594,yes,,,,latin,1332
PkenunwpduU,0,595,no,,,,latin,300
Salam Kissan | A Tribute to Farmers of the World by Sarsabz Fertilizers | Ali Noor | Jami Moor,1,595,yes,,,,latin,300
Who is the singer and director of this video? Kudos to them for making such a beautiful song,2,595,yes,,,,latin,1
no,4,595,yes,,,,latin,1332
PkenunwpduU,0,596,no,,,,latin,300
Salam Kissan | A Tribute to Farmers of the World by Sarsabz Fertilizers | Ali Noor | Jami Moor,1,596,yes,,,,latin,300
Ali Noor sung it and Jami Directed the video,2,596,yes,,,,latin,1
yes,4,596,yes,,,,latin,240
PkenunwpduU,0,597,no,,,,latin,300
Salam Kissan | A Tribute to Farmers of the World by Sarsabz Fertilizers | Ali Noor | Jami Moor,1,597,yes,,,,latin,300
yes,4,597,yes,,,,latin,240
PkenunwpduU,0,598,no,,,,latin,300
Salam Kissan | A Tribute to Farmers of the World by Sarsabz Fertilizers | Ali Noor | Jami Moor,1,598,yes,,,,latin,300
Societal marketing good job I'm becoming agri graduate,2,598,yes,,,,latin,1
no,4,598,yes,,,,latin,1332
PkenunwpduU,0,599,no,,,,latin,300
Salam Kissan | A Tribute to Farmers of the World by Sarsabz Fertilizers | Ali Noor | Jami Moor,1,599,yes,,,,latin,300
Pakistan zindabad ❤️,2,599,yes,,,,latin,1
no,4,599,yes,,,,latin,1332
PkenunwpduU,0,600,no,,,,latin,300
Salam Kissan | A Tribute to Farmers of the World by Sarsabz Fertilizers | Ali Noor | Jami Moor,1,600,yes,,,,latin,300
Thank You for making it. We all need a reminder to NEVER GIVE UP,2,600,yes,,,,latin,1
no,4,600,yes,,,,latin,1332
PkenunwpduU,0,601,no,,,,latin,300
Salam Kissan | A Tribute to Farmers of the World by Sarsabz Fertilizers | Ali Noor | Jami Moor,1,601,yes,,,,latin,300
Quite melodious. Though didn't understand but good music,2,601,yes,,,,latin,1
no,4,601,yes,,,,latin,1332
PkenunwpduU,0,602,no,,,,latin,300
Salam Kissan | A Tribute to Farmers of the World by Sarsabz Fertilizers | Ali Noor | Jami Moor,1,602,yes,,,,latin,300
please sike lyrics ko english mein bi translate kar de koi,2,602,yes,,,,latin,1
no,4,602,yes,,,,latin,1332
PkenunwpduU,0,603,no,,,,latin,300
Salam Kissan | A Tribute to Farmers of the World by Sarsabz Fertilizers | Ali Noor | Jami Moor,1,603,yes,,,,latin,300
دام عزك يا وطني,2,603,yes,,,,urdu_script,1
yes,4,603,yes,,,,latin,240
PkenunwpduU,0,604,no,,,,latin,300
Salam Kissan | A Tribute to Farmers of the World by Sarsabz Fertilizers | Ali Noor | Jami Moor,1,604,yes,,,,latin,300
Salam Pakistan -Love Kissan.,2,604,yes,,,,latin,1
no,4,604,yes,,,,latin,1332
PkenunwpduU,0,605,no,,,,latin,300
Salam Kissan | A Tribute to Farmers of the World by Sarsabz Fertilizers | Ali Noor | Jami Moor,1,605,yes,,,,latin,300
nice,2,605,yes,,,,latin,2
yes,4,605,yes,,,,latin,240
PkenunwpduU,0,606,no,,,,latin,300
Salam Kissan | A Tribute to Farmers of the World by Sarsabz Fertilizers | Ali Noor | Jami Moor,1,606,yes,,,,latin,300
We need to make this permanent not temporary. They are us and we are them. SALAM PAKISTAN 🇵🇰🇵🇰,2,606,yes,,,,latin,1
no,4,606,yes,,,,latin,1332
PkenunwpduU,0,607,no,,,,latin,300
Salam Kissan | A Tribute to Farmers of the World by Sarsabz Fertilizers | Ali Noor | Jami Moor,1,607,yes,,,,latin,300
Fatima Group is Fraud Gang,2,607,yes,,,,latin,23
yes,4,607,yes,,,,latin,240
PkenunwpduU,0,608,no,,,,latin,300
Salam Kissan | A Tribute to Farmers of the World by Sarsabz Fertilizers | Ali Noor | Jami Moor,1,608,yes,,,,latin,300
Hi @sadiamuneeb6558,2,608,yes,,,,latin,1
yes,4,608,yes,,,,latin,240
PkenunwpduU,0,609,no,,,,latin,300
Salam Kissan | A Tribute to Farmers of the World by Sarsabz Fertilizers | Ali Noor | Jami Moor,1,609,yes,,,,latin,300
Thanks a lot for this Sarsabz.....,2,609,yes,,,,latin,1
no,4,609,yes,,,,latin,1332
PkenunwpduU,0,610,no,,,,latin,300
Salam Kissan | A Tribute to Farmers of the World by Sarsabz Fertilizers | Ali Noor | Jami Moor,1,610,yes,,,,latin,300
The video is Very well directed according to lyrics. And noori putted his soulful voice and given verstyle way of singing.,2,610,yes,,,,latin,1
no,4,610,yes,,,,latin,1332
PkenunwpduU,0,611,no,,,,latin,300
Salam Kissan | A Tribute to Farmers of the World by Sarsabz Fertilizers | Ali Noor | Jami Moor,1,611,yes,,,,latin,300
Sadia I am talking about the artist work not about any organization. It's reflecting like national anthem if you can feel,2,611,yes,,,,latin,1
yes,4,611,yes,,,,latin,240
PkenunwpduU,0,612,no,,,,latin,300
Salam Kissan | A Tribute to Farmers of the World by Sarsabz Fertilizers | Ali Noor | Jami Moor,1,612,yes,,,,latin,300
Fatima Group is Fraud Gang,2,612,yes,,,,latin,23
yes,4,612,yes,,,,latin,240
PkenunwpduU,0,613,no,,,,latin,300
Salam Kissan | A Tribute to Farmers of the World by Sarsabz Fertilizers | Ali Noor | Jami Moor,1,613,yes,,,,latin,300
"Its great to see one of the underappreciated sector of Pakistan which contributes the most to the economy get some love and recognition, Awesome Music, Lyrics and Voice.",2,613,yes,,,,latin,1
no,4,613,yes,,,,latin,1332
PkenunwpduU,0,614,no,,,,latin,300
Salam Kissan | A Tribute to Farmers of the World by Sarsabz Fertilizers | Ali Noor | Jami Moor,1,614,yes,,,,latin,300
Fatima Group is Fraud Gang,2,614,yes,,,,latin,23
yes,4,614,yes,,,,latin,240
PkenunwpduU,0,615,no,,,,latin,300
Salam Kissan | A Tribute to Farmers of the World by Sarsabz Fertilizers | Ali Noor | Jami Moor,1,615,yes,,,,latin,300
its a motivational song for everyone across the globe ...,2,615,yes,,,,latin,1
no,4,615,yes,,,,latin,1332
PkenunwpduU,0,616,no,,,,latin,300
Salam Kissan | A Tribute to Farmers of the World by Sarsabz Fertilizers | Ali Noor | Jami Moor,1,616,yes,,,,latin,300
Fatima Group is Fraud Gang,2,616,yes,,,,latin,23
yes,4,616,yes,,,,latin,240
PkenunwpduU,0,617,no,,,,latin,300
Salam Kissan | A Tribute to Farmers of the World by Sarsabz Fertilizers | Ali Noor | Jami Moor,1,617,yes,,,,latin,300
yes,4,617,yes,,,,latin,240
PkenunwpduU,0,618,no,,,,latin,300
Salam Kissan | A Tribute to Farmers of the World by Sarsabz Fertilizers | Ali Noor | Jami Moor,1,618,yes,,,,latin,300
g t f r nrnr d,2,618,yes,,,,latin,1
yes,4,618,yes,,,,latin,240
PkenunwpduU,0,619,no,,,,latin,300
Salam Kissan | A Tribute to Farmers of the World by Sarsabz Fertilizers | Ali Noor | Jami Moor,1,619,yes,,,,latin,300
"Behtreen song, Ali Noor nailed it !! 🇵🇰👌",2,619,yes,,,,latin,1
no,4,619,yes,,,,latin,1332
PkenunwpduU,0,620,no,,,,latin,300
Salam Kissan | A Tribute to Farmers of the World by Sarsabz Fertilizers | Ali Noor | Jami Moor,1,620,yes,,,,latin,300
Fatima Group is Fraud Gang,2,620,yes,,,,latin,23
yes,4,620,yes,,,,latin,240
PkenunwpduU,0,621,no,,,,latin,300
Salam Kissan | A Tribute to Farmers of the World by Sarsabz Fertilizers | Ali Noor | Jami Moor,1,621,yes,,,,latin,300
Beautiful song!!! Ali Noor is a class apart. He is always getting better. He reminds me of my college days when he was debutante and a sensation in pop music industry. .,2,621,yes,,,,latin,1
no,4,621,yes,,,,latin,1332
PkenunwpduU,0,622,no,,,,latin,300
Salam Kissan | A Tribute to Farmers of the World by Sarsabz Fertilizers | Ali Noor | Jami Moor,1,622,yes,,,,latin,300
Salam kissan,2,622,yes,,,,latin,4
no,4,622,yes,,,,latin,1332
PkenunwpduU,0,623,no,,,,latin,300
Salam Kissan | A Tribute to Farmers of the World by Sarsabz Fertilizers | Ali Noor | Jami Moor,1,623,yes,,,,latin,300
"This is actual Pakistan, lovely and hardworking people, love the lyric and song, my salam to the team and love to Pakistan",2,623,yes,,,,latin,1
no,4,623,yes,,,,latin,1332
PkenunwpduU,0,624,no,,,,latin,300
Salam Kissan | A Tribute to Farmers of the World by Sarsabz Fertilizers | Ali Noor | Jami Moor,1,624,yes,,,,latin,300
Finally some good music from Pakistan this year -Love from India,2,624,yes,,,,latin,1
no,4,624,yes,,,,latin,1332
PkenunwpduU,0,625,no,,,,latin,300
Salam Kissan | A Tribute to Farmers of the World by Sarsabz Fertilizers | Ali Noor | Jami Moor,1,625,yes,,,,latin,300
Fatima Group is Fraud Gang,2,625,yes,,,,latin,23
yes,4,625,yes,,,,latin,240
PkenunwpduU,0,626,no,,,,latin,300
Salam Kissan | A Tribute to Farmers of the World by Sarsabz Fertilizers | Ali Noor | Jami Moor,1,626,yes,,,,latin,300
great song..........felt proud today👍💪,2,626,yes,,,,latin,1
no,4,626,yes,,,,latin,1332
PkenunwpduU,0,627,no,,,,latin,300
Salam Kissan | A Tribute to Farmers of the World by Sarsabz Fertilizers | Ali Noor | Jami Moor,1,627,yes,,,,latin,300
"Heart touching lyrics, and a very emotional tune.",2,627,yes,,,,latin,1
no,4,627,yes,,,,latin,1332
PkenunwpduU,0,628,no,,,,latin,300
Salam Kissan | A Tribute to Farmers of the World by Sarsabz Fertilizers | Ali Noor | Jami Moor,1,628,yes,,,,latin,300
Fatima Group is Fraud Gang,2,628,yes,,,,latin,23
yes,4,628,yes,,,,latin,240
PkenunwpduU,0,629,no,,,,latin,300
Salam Kissan | A Tribute to Farmers of the World by Sarsabz Fertilizers | Ali Noor | Jami Moor,1,629,yes,,,,latin,300
qe10is @sadiamuneeb6558 wo28th a q09p5t tcn,2,629,yes,,,,latin,1
yes,4,629,yes,,,,latin,240
PkenunwpduU,0,630,no,,,,latin,300
Salam Kissan | A Tribute to Farmers of the World by Sarsabz Fertilizers | Ali Noor | Jami Moor,1,630,yes,,,,latin,300
Great concept and execution. Thank you for reminding the importance of farmers,2,630,yes,,,,latin,1
no,4,630,yes,,,,latin,1332
PkenunwpduU,0,631,no,,,,latin,300
Salam Kissan | A Tribute to Farmers of the World by Sarsabz Fertilizers | Ali Noor | Jami Moor,1,631,yes,,,,latin,300
Great message and beautiful voice!!,2,631,yes,,,,latin,1
no,4,631,yes,,,,latin,1332
PkenunwpduU,0,632,no,,,,latin,300
Salam Kissan | A Tribute to Farmers of the World by Sarsabz Fertilizers | Ali Noor | Jami Moor,1,632,yes,,,,latin,300
"Heard a beautiful song after a long time ""Just Love it and repeat mode on"" . Love Long Noori , Love Live Pakistan <3 #SarsabzPakistan",2,632,yes,,,,latin,1
no,4,632,yes,,,,latin,1332
PkenunwpduU,0,633,no,,,,latin,300
Salam Kissan | A Tribute to Farmers of the World by Sarsabz Fertilizers | Ali Noor | Jami Moor,1,633,yes,,,,latin,300
Fatima Group is Fraud Gang,2,633,yes,,,,latin,23
yes,4,633,yes,,,,latin,240
PkenunwpduU,0,634,no,,,,latin,300
Salam Kissan | A Tribute to Farmers of the World by Sarsabz Fertilizers | Ali Noor | Jami Moor,1,634,yes,,,,latin,300
"Beautiful message, beautiful song",2,634,yes,,,,latin,1
no,4,634,yes,,,,latin,1332
PkenunwpduU,0,635,no,,,,latin,300
Salam Kissan | A Tribute to Farmers of the World by Sarsabz Fertilizers | Ali Noor | Jami Moor,1,635,yes,,,,latin,300
salaam kissan!!✌,2,635,yes,,,,latin,1
no,4,635,yes,,,,latin,1332
PkenunwpduU,0,636,no,,,,latin,300
Salam Kissan | A Tribute to Farmers of the World by Sarsabz Fertilizers | Ali Noor | Jami Moor,1,636,yes,,,,latin,300
I can't stop my Tears after it This video is a wonderful gift on the end of year,2,636,yes,,,,latin,1
no,4,636,yes,,,,latin,1332
PkenunwpduU,0,637,no,,,,latin,300
Salam Kissan | A Tribute to Farmers of the World by Sarsabz Fertilizers | Ali Noor | Jami Moor,1,637,yes,,,,latin,300
Fatima Group is Fraud Gang,2,637,yes,,,,latin,23
yes,4,637,yes,,,,latin,240
PkenunwpduU,0,638,no,,,,latin,300
Salam Kissan | A Tribute to Farmers of the World by Sarsabz Fertilizers | Ali Noor | Jami Moor,1,638,yes,,,,latin,300
Having tears in my eyes after listening this song...... $alaam kisaan ......,2,638,yes,,,,latin,1
no,4,638,yes,,,,latin,1332
PkenunwpduU,0,639,no,,,,latin,300
Salam Kissan | A Tribute to Farmers of the World by Sarsabz Fertilizers | Ali Noor | Jami Moor,1,639,yes,,,,latin,300
Fatima Group is Fraud Gang,2,639,yes,,,,latin,23
yes,4,639,yes,,,,latin,240
PkenunwpduU,0,640,no,,,,latin,300
Salam Kissan | A Tribute to Farmers of the World by Sarsabz Fertilizers | Ali Noor | Jami Moor,1,640,yes,,,,latin,300
Why it is fraud? But I like the song..whether it is made by Fatima or maryam group :),2,640,yes,,,,latin,1
yes,4,640,yes,,,,latin,240
PkenunwpduU,0,641,no,,,,latin,300
Salam Kissan | A Tribute to Farmers of the World by Sarsabz Fertilizers | Ali Noor | Jami Moor,1,641,yes,,,,latin,300
beautiful video ❤️ & Ali noor 🎶♥️👌,2,641,yes,,,,latin,1
no,4,641,yes,,,,latin,1332
PkenunwpduU,0,642,no,,,,latin,300
Salam Kissan | A Tribute to Farmers of the World by Sarsabz Fertilizers | Ali Noor | Jami Moor,1,642,yes,,,,latin,300
Beautifully built and in the right name!,2,642,yes,,,,latin,1
no,4,642,yes,,,,latin,1332
PkenunwpduU,0,643,no,,,,latin,300
Salam Kissan | A Tribute to Farmers of the World by Sarsabz Fertilizers | Ali Noor | Jami Moor,1,643,yes,,,,latin,300
Worth appreciating 👌,2,643,yes,,,,latin,1
no,4,643,yes,,,,latin,1332
PkenunwpduU,0,644,no,,,,latin,300
Salam Kissan | A Tribute to Farmers of the World by Sarsabz Fertilizers | Ali Noor | Jami Moor,1,644,yes,,,,latin,300
Salam Kissan,2,644,yes,,,,latin,5
no,4,644,yes,,,,latin,1332
PkenunwpduU,0,645,no,,,,latin,300
Salam Kissan | A Tribute to Farmers of the World by Sarsabz Fertilizers | Ali Noor | Jami Moor,1,645,yes,,,,latin,300
Salaam kisaan . Sar sabs pakistan and Good job sibite hassan,2,645,yes,,,,latin,1
no,4,645,yes,,,,latin,1332
PkenunwpduU,0,646,no,,,,latin,300
Salam Kissan | A Tribute to Farmers of the World by Sarsabz Fertilizers | Ali Noor | Jami Moor,1,646,yes,,,,latin,300
1 like for hardworking kissan of our motherland.,2,646,yes,,,,latin,1
no,4,646,yes,,,,latin,1332
PkenunwpduU,0,647,no,,,,latin,300
Salam Kissan | A Tribute to Farmers of the World by Sarsabz Fertilizers | Ali Noor | Jami Moor,1,647,yes,,,,latin,300
hadiya nadeem how aur you,2,647,yes,,,,latin,1
yes,4,647,yes,,,,latin,240
PkenunwpduU,0,648,no,,,,latin,300
Salam Kissan | A Tribute to Farmers of the World by Sarsabz Fertilizers | Ali Noor | Jami Moor,1,648,yes,,,,latin,300
Fatima Group is Fraud Gang,2,648,yes,,,,latin,23
yes,4,648,yes,,,,latin,240
PkenunwpduU,0,649,no,,,,latin,300
Salam Kissan | A Tribute to Farmers of the World by Sarsabz Fertilizers | Ali Noor | Jami Moor,1,649,yes,,,,latin,300
Boht boht acha اشتہار,2,649,yes,,,,mixed,1
no,4,649,yes,,,,latin,1332
PkenunwpduU,0,650,no,,,,latin,300
Salam Kissan | A Tribute to Farmers of the World by Sarsabz Fertilizers | Ali Noor | Jami Moor,1,650,yes,,,,latin,300
Beautiful song beautiful composition. The tv ad brought me here.,2,650,yes,,,,latin,1
no,4,650,yes,,,,latin,1332
PkenunwpduU,0,651,no,,,,latin,300
Salam Kissan | A Tribute to Farmers of the World by Sarsabz Fertilizers | Ali Noor | Jami Moor,1,651,yes,,,,latin,300
Fatima Group is Fraud Gang,2,651,yes,,,,latin,23
yes,4,651,yes,,,,latin,240
PkenunwpduU,0,652,no,,,,latin,300
Salam Kissan | A Tribute to Farmers of the World by Sarsabz Fertilizers | Ali Noor | Jami Moor,1,652,yes,,,,latin,300
Salaam Pakistan & Salaam Kissan!!!!!!,2,652,yes,,,,latin,1
no,4,652,yes,,,,latin,1332
PkenunwpduU,0,653,no,,,,latin,300
Salam Kissan | A Tribute to Farmers of the World by Sarsabz Fertilizers | Ali Noor | Jami Moor,1,653,yes,,,,latin,300
"ALHAMDULILLAH & MASHAA'ALLAH for the making of this awaking song. Love the theme, words, directions, locations....... All so deep!!!!! ALLAH bless Pakistan & humanity.",2,653,yes,,,,latin,1
no,4,653,yes,,,,latin,1332
PkenunwpduU,0,654,no,,,,latin,300
Salam Kissan | A Tribute to Farmers of the World by Sarsabz Fertilizers | Ali Noor | Jami Moor,1,654,yes,,,,latin,300
kiya aap iske lyrics english mein translate kar sakti hain,2,654,yes,,,,latin,1
yes,4,654,yes,,,,latin,240
PkenunwpduU,0,655,no,,,,latin,300
Salam Kissan | A Tribute to Farmers of the World by Sarsabz Fertilizers | Ali Noor | Jami Moor,1,655,yes,,,,latin,300
Fatima Group is Fraud Gang,2,655,yes,,,,latin,23
yes,4,655,yes,,,,latin,240
PkenunwpduU,0,656,no,,,,latin,300
Salam Kissan | A Tribute to Farmers of the World by Sarsabz Fertilizers | Ali Noor | Jami Moor,1,656,yes,,,,latin,300
Yaar an amazing song and on top the video is amazing ..... im a fan ! Definitely sharing !,2,656,yes,,,,latin,1
no,4,656,yes,,,,latin,1332
PkenunwpduU,0,657,no,,,,latin,300
Salam Kissan | A Tribute to Farmers of the World by Sarsabz Fertilizers | Ali Noor | Jami Moor,1,657,yes,,,,latin,300
Mashallah Zabardast,2,657,yes,,,,latin,1
no,4,657,yes,,,,latin,1332
PkenunwpduU,0,658,no,,,,latin,300
Salam Kissan | A Tribute to Farmers of the World by Sarsabz Fertilizers | Ali Noor | Jami Moor,1,658,yes,,,,latin,300
Amazing video and song. A very positive message for our hardworking farmers. Great job Sarsabz Pakistan.,2,658,yes,,,,latin,1
no,4,658,yes,,,,latin,1332
PkenunwpduU,0,659,no,,,,latin,300
Salam Kissan | A Tribute to Farmers of the World by Sarsabz Fertilizers | Ali Noor | Jami Moor,1,659,yes,,,,latin,300
Fatima Group is Fraud Gang,2,659,yes,,,,latin,23
yes,4,659,yes,,,,latin,240
PkenunwpduU,0,660,no,,,,latin,300
Salam Kissan | A Tribute to Farmers of the World by Sarsabz Fertilizers | Ali Noor | Jami Moor,1,660,yes,,,,latin,300
Thank you Sarsabz for bringing farmers efforts to our attention! Salam Kissan!,2,660,yes,,,,latin,1
no,4,660,yes,,,,latin,1332
PkenunwpduU,0,661,no,,,,latin,300
Salam Kissan | A Tribute to Farmers of the World by Sarsabz Fertilizers | Ali Noor | Jami Moor,1,661,yes,,,,latin,300
Fatima Group is Fraud Gang,2,661,yes,,,,latin,23
yes,4,661,yes,,,,latin,240
PkenunwpduU,0,662,no,,,,latin,300
Salam Kissan | A Tribute to Farmers of the World by Sarsabz Fertilizers | Ali Noor | Jami Moor,1,662,yes,,,,latin,300
Sarsabz did a great job!! Thank you Farmers for bringing food to our plates!!,2,662,yes,,,,latin,1
no,4,662,yes,,,,latin,1332
PkenunwpduU,0,663,no,,,,latin,300
Salam Kissan | A Tribute to Farmers of the World by Sarsabz Fertilizers | Ali Noor | Jami Moor,1,663,yes,,,,latin,300
Fatima Group is Fraud Gang,2,663,yes,,,,latin,23
yes,4,663,yes,,,,latin,240
PkenunwpduU,0,664,no,,,,latin,300
Salam Kissan | A Tribute to Farmers of the World by Sarsabz Fertilizers | Ali Noor | Jami Moor,1,664,yes,,,,latin,300
Our pleasure mam,2,664,yes,,,,latin,1
yes,4,664,yes,,,,latin,240
PkenunwpduU,0,665,no,,,,latin,300
Salam Kissan | A Tribute to Farmers of the World by Sarsabz Fertilizers | Ali Noor | Jami Moor,1,665,yes,,,,latin,300
"Hey, what a great track!",2,665,yes,,,,latin,1
no,4,665,yes,,,,latin,1332
PkenunwpduU,0,666,no,,,,latin,300
Salam Kissan | A Tribute to Farmers of the World by Sarsabz Fertilizers | Ali Noor | Jami Moor,1,666,yes,,,,latin,300
What an amazing video and song! Thank you Sarsabz!,2,666,yes,,,,latin,1
no,4,666,yes,,,,latin,1332
PkenunwpduU,0,667,no,,,,latin,300
Salam Kissan | A Tribute to Farmers of the World by Sarsabz Fertilizers | Ali Noor | Jami Moor,1,667,yes,,,,latin,300
Farmers are the backbone of our economy! Thank you Sarsabz for bringing this to our attention! Loved the song and video!,2,667,yes,,,,latin,1
no,4,667,yes,,,,latin,1332
PkenunwpduU,0,668,no,,,,latin,300
Salam Kissan | A Tribute to Farmers of the World by Sarsabz Fertilizers | Ali Noor | Jami Moor,1,668,yes,,,,latin,300
What a great way to end the year with such amazing video! Hats off to Sarsabz team for bringing this to us and highlighting the efforts of farmers they put all year long! Salam Kissan!,2,668,yes,,,,latin,1
no,4,668,yes,,,,latin,1332
PkenunwpduU,0,669,no,,,,latin,300
Salam Kissan | A Tribute to Farmers of the World by Sarsabz Fertilizers | Ali Noor | Jami Moor,1,669,yes,,,,latin,300
kiya aap iske lyrics english mein translate kar sakte hain,2,669,yes,,,,latin,1
yes,4,669,yes,,,,latin,240
PkenunwpduU,0,670,no,,,,latin,300
Salam Kissan | A Tribute to Farmers of the World by Sarsabz Fertilizers | Ali Noor | Jami Moor,1,670,yes,,,,latin,300
Fatima Group is Fraud Gang,2,670,yes,,,,latin,23
yes,4,670,yes,,,,latin,240
PkenunwpduU,0,671,no,,,,latin,300
Salam Kissan | A Tribute to Farmers of the World by Sarsabz Fertilizers | Ali Noor | Jami Moor,1,671,yes,,,,latin,300
Beautifully shot and song has a great vibe,2,671,yes,,,,latin,1
no,4,671,yes,,,,latin,1332
PkenunwpduU,0,672,no,,,,latin,300
Salam Kissan | A Tribute to Farmers of the World by Sarsabz Fertilizers | Ali Noor | Jami Moor,1,672,yes,,,,latin,300
Amazing song. Wonderful initiative and concept. And those killer expressions from 2.50 onward. This song will go a long way.,2,672,yes,,,,latin,1
no,4,672,yes,,,,latin,1332
PkenunwpduU,0,673,no,,,,latin,300
Salam Kissan | A Tribute to Farmers of the World by Sarsabz Fertilizers | Ali Noor | Jami Moor,1,673,yes,,,,latin,300
Fatima Group is Fraud Gang,2,673,yes,,,,latin,23
yes,4,673,yes,,,,latin,240
PkenunwpduU,0,674,no,,,,latin,300
Salam Kissan | A Tribute to Farmers of the World by Sarsabz Fertilizers | Ali Noor | Jami Moor,1,674,yes,,,,latin,300
"Love this !!! Keep up your Amazing Work @Sarsabz Its so good it makes me cry! Allah Pakistan ko bohat taraqi de, logoun ko aik dosre se nafratain khatam kr mohabbat krne ki tofeeq de. Aur sab se barh kr awaam ke diloun me apne pyare Pakistan se muhabbat ka jazba paida kre.... Ameen !!! #SalaamKisaan #SalaamPakistan #PakistanZindabad",2,674,yes,,,,latin,1
no,4,674,yes,,,,latin,1332
PX7Lvjs639U,0,675,no,,,,latin,829
Salam Kissan | Kissan Day 18th Dec | A Tribute to Farmers by Sarsabz Fertilizer,1,675,yes,,,,latin,829
😢😢😢,2,675,yes,,,,other,2
no,4,675,yes,,,,latin,1332
PX7Lvjs639U,0,676,no,,,,latin,829
Salam Kissan | Kissan Day 18th Dec | A Tribute to Farmers by Sarsabz Fertilizer,1,676,yes,,,,latin,829
Yoki . N nl😊,2,676,yes,,,,latin,1
no,4,676,yes,,,,latin,1332
PX7Lvjs639U,0,677,no,,,,latin,829
Salam Kissan | Kissan Day 18th Dec | A Tribute to Farmers by Sarsabz Fertilizer,1,677,yes,,,,latin,829
0:14 1⁰,2,677,yes,,,,other,1
no,4,677,yes,,,,latin,1332
PX7Lvjs639U,0,678,no,,,,latin,829
Salam Kissan | Kissan Day 18th Dec | A Tribute to Farmers by Sarsabz Fertilizer,1,678,yes,,,,latin,829
App kissan Ka shukriya Asda Nahi Kar saktay Jo taqleef wooh utatha hay uss Ka madava app Nahi Kar saktay UN ki maddath Karo UN say hamdardi Karo.,2,678,yes,,,,latin,1
no,4,678,yes,,,,latin,1332
PX7Lvjs639U,0,679,no,,,,latin,829
Salam Kissan | Kissan Day 18th Dec | A Tribute to Farmers by Sarsabz Fertilizer,1,679,yes,,,,latin,829
no,4,679,yes,,,,latin,1332
PX7Lvjs639U,0,680,no,,,,latin,829
Salam Kissan | Kissan Day 18th Dec | A Tribute to Farmers by Sarsabz Fertilizer,1,680,yes,,,,latin,829
Meray kisan meri jan ❤,2,680,yes,,,,latin,1
no,4,680,yes,,,,latin,1332
PX7Lvjs639U,0,681,no,,,,latin,829
Salam Kissan | Kissan Day 18th Dec | A Tribute to Farmers by Sarsabz Fertilizer,1,681,yes,,,,latin,829
❤❤❤❤❤❤,2,681,yes,,,,other,3
no,4,681,yes,,,,latin,1332
PX7Lvjs639U,0,682,no,,,,latin,829
Salam Kissan | Kissan Day 18th Dec | A Tribute to Farmers by Sarsabz Fertilizer,1,682,yes,,,,latin,829
Great kisan❤❤❤❤❤,2,682,yes,,,,latin,1
no,4,682,yes,,,,latin,1332
PX7Lvjs639U,0,683,no,,,,latin,829
Salam Kissan | Kissan Day 18th Dec | A Tribute to Farmers by Sarsabz Fertilizer,1,683,yes,,,,latin,829
Gj😊,2,683,yes,,,,latin,1
no,4,683,yes,,,,latin,1332
PX7Lvjs639U,0,684,no,,,,latin,829
Salam Kissan | Kissan Day 18th Dec | A Tribute to Farmers by Sarsabz Fertilizer,1,684,yes,,,,latin,829
"A heartfelt tribute to our farmers—Sarsabz Fertilizer’s celebration of Kissan Day highlights the dedication, resilience, and vital role of farmers in driving the nation’s prosperity.",2,684,yes,,,,latin,1
no,4,684,yes,,,,latin,1332
PX7Lvjs639U,0,685,no,,,,latin,829
Salam Kissan | Kissan Day 18th Dec | A Tribute to Farmers by Sarsabz Fertilizer,1,685,yes,,,,latin,829
سلام کسان سر سبز پاکستان,2,685,yes,,,,urdu_script,1
no,4,685,yes,,,,latin,1332
PX7Lvjs639U,0,686,no,,,,latin,829
Salam Kissan | Kissan Day 18th Dec | A Tribute to Farmers by Sarsabz Fertilizer,1,686,yes,,,,latin,829
Love you farmers,2,686,yes,,,,latin,1
no,4,686,yes,,,,latin,1332
PX7Lvjs639U,0,687,no,,,,latin,829
Salam Kissan | Kissan Day 18th Dec | A Tribute to Farmers by Sarsabz Fertilizer,1,687,yes,,,,latin,829
😅❤❤😂🎉😢Wapar❤😊😅😮,2,687,yes,,,,latin,1
no,4,687,yes,,,,latin,1332
PX7Lvjs639U,0,688,no,,,,latin,829
Salam Kissan | Kissan Day 18th Dec | A Tribute to Farmers by Sarsabz Fertilizer,1,688,yes,,,,latin,829
God Bless You All Framers ❤🙏,2,688,yes,,,,latin,1
no,4,688,yes,,,,latin,1332
PX7Lvjs639U,0,689,no,,,,latin,829
Salam Kissan | Kissan Day 18th Dec | A Tribute to Farmers by Sarsabz Fertilizer,1,689,yes,,,,latin,829
Slam kissan❤ I am a farmer❤,2,689,yes,,,,latin,1
no,4,689,yes,,,,latin,1332
PX7Lvjs639U,0,690,no,,,,latin,829
Salam Kissan | Kissan Day 18th Dec | A Tribute to Farmers by Sarsabz Fertilizer,1,690,yes,,,,latin,829
😢😢😢😢,2,690,yes,,,,other,2
no,4,690,yes,,,,latin,1332
PX7Lvjs639U,0,691,no,,,,latin,829
Salam Kissan | Kissan Day 18th Dec | A Tribute to Farmers by Sarsabz Fertilizer,1,691,yes,,,,latin,829
Salam kisan❤❤❤❤😊,2,691,yes,,,,latin,1
no,4,691,yes,,,,latin,1332
PX7Lvjs639U,0,692,no,,,,latin,829
Salam Kissan | Kissan Day 18th Dec | A Tribute to Farmers by Sarsabz Fertilizer,1,692,yes,,,,latin,829
Happy kisan day❤,2,692,yes,,,,latin,1
no,4,692,yes,,,,latin,1332
PX7Lvjs639U,0,693,no,,,,latin,829
Salam Kissan | Kissan Day 18th Dec | A Tribute to Farmers by Sarsabz Fertilizer,1,693,yes,,,,latin,829
GMPakistansy,2,693,yes,,,,latin,1
no,4,693,yes,,,,latin,1332
PX7Lvjs639U,0,694,no,,,,latin,829
Salam Kissan | Kissan Day 18th Dec | A Tribute to Farmers by Sarsabz Fertilizer,1,694,yes,,,,latin,829
Salam Kisan❤,2,694,yes,,,,latin,1
no,4,694,yes,,,,latin,1332
PX7Lvjs639U,0,695,no,,,,latin,829
Salam Kissan | Kissan Day 18th Dec | A Tribute to Farmers by Sarsabz Fertilizer,1,695,yes,,,,latin,829
A farmer is the back bone of our nation,2,695,yes,,,,latin,1
no,4,695,yes,,,,latin,1332
PX7Lvjs639U,0,696,no,,,,latin,829
Salam Kissan | Kissan Day 18th Dec | A Tribute to Farmers by Sarsabz Fertilizer,1,696,yes,,,,latin,829
no,4,696,yes,,,,latin,1332
PX7Lvjs639U,0,697,no,,,,latin,829
Salam Kissan | Kissan Day 18th Dec | A Tribute to Farmers by Sarsabz Fertilizer,1,697,yes,,,,latin,829
Sarsab and Fatima Group play a vital role for growth of Pakistan 🇵🇰 Farmers with their competitive prices,2,697,yes,,,,latin,1
no,4,697,yes,,,,latin,1332
PX7Lvjs639U,0,698,no,,,,latin,829
Salam Kissan | Kissan Day 18th Dec | A Tribute to Farmers by Sarsabz Fertilizer,1,698,yes,,,,latin,829
Qasem khuda ki inn kesanon ki wajah se aaj khushhal hai Pakistan salute ❤🌹,2,698,yes,,,,latin,1
no,4,698,yes,,,,latin,1332
PX7Lvjs639U,0,699,no,,,,latin,829
Salam Kissan | Kissan Day 18th Dec | A Tribute to Farmers by Sarsabz Fertilizer,1,699,yes,,,,latin,829
yes,4,699,yes,,,,latin,240
PX7Lvjs639U,0,700,no,,,,latin,829
Salam Kissan | Kissan Day 18th Dec | A Tribute to Farmers by Sarsabz Fertilizer,1,700,yes,,,,latin,829
no,4,700,yes,,,,latin,1332
PX7Lvjs639U,0,701,no,,,,latin,829
Salam Kissan | Kissan Day 18th Dec | A Tribute to Farmers by Sarsabz Fertilizer,1,701,yes,,,,latin,829
😊😊😊😊😊😊😊😊😊😊😊😊😊😊😊😊😊❤❤❤❤,2,701,yes,,,,other,1
no,4,701,yes,,,,latin,1332
PX7Lvjs639U,0,702,no,,,,latin,829
Salam Kissan | Kissan Day 18th Dec | A Tribute to Farmers by Sarsabz Fertilizer,1,702,yes,,,,latin,829
Kisaan Zindaabad,2,702,yes,,,,latin,1
no,4,702,yes,,,,latin,1332
PX7Lvjs639U,0,703,no,,,,latin,829
Salam Kissan | Kissan Day 18th Dec | A Tribute to Farmers by Sarsabz Fertilizer,1,703,yes,,,,latin,829
Allah tallha apne hifzu eman mein rkhein Ameen sum e,2,703,yes,,,,latin,1
no,4,703,yes,,,,latin,1332
PX7Lvjs639U,0,704,no,,,,latin,829
Salam Kissan | Kissan Day 18th Dec | A Tribute to Farmers by Sarsabz Fertilizer,1,704,yes,,,,latin,829
no,4,704,yes,,,,latin,1332
PX7Lvjs639U,0,705,no,,,,latin,829
Salam Kissan | Kissan Day 18th Dec | A Tribute to Farmers by Sarsabz Fertilizer,1,705,yes,,,,latin,829
Actual people who are helping pakistan not politcians,2,705,yes,,,,latin,1
no,4,705,yes,,,,latin,1332
PX7Lvjs639U,0,706,no,,,,latin,829
Salam Kissan | Kissan Day 18th Dec | A Tribute to Farmers by Sarsabz Fertilizer,1,706,yes,,,,latin,829
😅 0:16,2,706,yes,,,,other,1
no,4,706,yes,,,,latin,1332
PX7Lvjs639U,0,707,no,,,,latin,829
Salam Kissan | Kissan Day 18th Dec | A Tribute to Farmers by Sarsabz Fertilizer,1,707,yes,,,,latin,829
پاکستان میں بڑے بڑے دسترخوان سجانے والے کبھی غریب کسان کو حق نہیں دیتے اور نہ دلاتے۔ کسان کے بچے پیٹ بھر کر کھانا نہیں کھا سکتے۔ ھنود ان پر مسلط ھیں۔ اللہ تعالیٰ کے علاؤہ کو ئ ان کا وارث نہیں۔ نہ جج نہ جرنیل اور نہ کوئ سیاستدان ۔,2,707,yes,,,,urdu_script,1
no,4,707,yes,,,,latin,1332
PX7Lvjs639U,0,708,no,,,,latin,829
Salam Kissan | Kissan Day 18th Dec | A Tribute to Farmers by Sarsabz Fertilizer,1,708,yes,,,,latin,829
Pó,2,708,yes,,,,latin,1
no,4,708,yes,,,,latin,1332
PX7Lvjs639U,0,709,no,,,,latin,829
Salam Kissan | Kissan Day 18th Dec | A Tribute to Farmers by Sarsabz Fertilizer,1,709,yes,,,,latin,829
Salam Kissan ❤,2,709,yes,,,,latin,1
no,4,709,yes,,,,latin,1332
PX7Lvjs639U,0,710,no,,,,latin,829
Salam Kissan | Kissan Day 18th Dec | A Tribute to Farmers by Sarsabz Fertilizer,1,710,yes,,,,latin,829
Love sarsabz ❤,2,710,yes,,,,latin,1
no,4,710,yes,,,,latin,1332
PX7Lvjs639U,0,711,no,,,,latin,829
Salam Kissan | Kissan Day 18th Dec | A Tribute to Farmers by Sarsabz Fertilizer,1,711,yes,,,,latin,829
Salam pakistan ❤,2,711,yes,,,,latin,1
no,4,711,yes,,,,latin,1332
PX7Lvjs639U,0,712,no,,,,latin,829
Salam Kissan | Kissan Day 18th Dec | A Tribute to Farmers by Sarsabz Fertilizer,1,712,yes,,,,latin,829
no,4,712,yes,,,,latin,1332
PX7Lvjs639U,0,713,no,,,,latin,829
Salam Kissan | Kissan Day 18th Dec | A Tribute to Farmers by Sarsabz Fertilizer,1,713,yes,,,,latin,829
"M, Hussain",2,713,yes,,,,latin,1
no,4,713,yes,,,,latin,1332
PX7Lvjs639U,0,714,no,,,,latin,829
Salam Kissan | Kissan Day 18th Dec | A Tribute to Farmers by Sarsabz Fertilizer,1,714,yes,,,,latin,829
Great farmers,2,714,yes,,,,latin,1
no,4,714,yes,,,,latin,1332
PX7Lvjs639U,0,715,no,,,,latin,829
Salam Kissan | Kissan Day 18th Dec | A Tribute to Farmers by Sarsabz Fertilizer,1,715,yes,,,,latin,829
Farh❤🇦🇪🥃🍺🍻🥂🥛🍾🍿🍬🍭🫕🫔,2,715,yes,,,,latin,1
no,4,715,yes,,,,latin,1332
PX7Lvjs639U,0,716,no,,,,latin,829
Salam Kissan | Kissan Day 18th Dec | A Tribute to Farmers by Sarsabz Fertilizer,1,716,yes,,,,latin,829
❤🇦🇪🕊️,2,716,yes,,,,other,1
no,4,716,yes,,,,latin,1332
PX7Lvjs639U,0,717,no,,,,latin,829
Salam Kissan | Kissan Day 18th Dec | A Tribute to Farmers by Sarsabz Fertilizer,1,717,yes,,,,latin,829
Allah ❤❤❤❤❤❤ hai,2,717,yes,,,,latin,1
no,4,717,yes,,,,latin,1332
PX7Lvjs639U,0,718,no,,,,latin,829
Salam Kissan | Kissan Day 18th Dec | A Tribute to Farmers by Sarsabz Fertilizer,1,718,yes,,,,latin,829
Bout acha laga❤❤,2,718,yes,,,,latin,1
no,4,718,yes,,,,latin,1332
PX7Lvjs639U,0,719,no,,,,latin,829
Salam Kissan | Kissan Day 18th Dec | A Tribute to Farmers by Sarsabz Fertilizer,1,719,yes,,,,latin,829
Mashallah Subhan Allah Bohat Zabardast Promo banaya hai 🎉❤,2,719,yes,,,,latin,1
no,4,719,yes,,,,latin,1332
PX7Lvjs639U,0,720,no,,,,latin,829
Salam Kissan | Kissan Day 18th Dec | A Tribute to Farmers by Sarsabz Fertilizer,1,720,yes,,,,latin,829
Tribute to Pakistan Kisaan Team! 🎉,2,720,yes,,,,latin,1
no,4,720,yes,,,,latin,1332
PX7Lvjs639U,0,721,no,,,,latin,829
Salam Kissan | Kissan Day 18th Dec | A Tribute to Farmers by Sarsabz Fertilizer,1,721,yes,,,,latin,829
Thank you to all farmers and their families who never give up .were proud of you ❤,2,721,yes,,,,latin,1
no,4,721,yes,,,,latin,1332
PX7Lvjs639U,0,722,no,,,,latin,829
Salam Kissan | Kissan Day 18th Dec | A Tribute to Farmers by Sarsabz Fertilizer,1,722,yes,,,,latin,829
Assalam walekum,2,722,yes,,,,latin,1
no,4,722,yes,,,,latin,1332
PX7Lvjs639U,0,723,no,,,,latin,829
Salam Kissan | Kissan Day 18th Dec | A Tribute to Farmers by Sarsabz Fertilizer,1,723,yes,,,,latin,829
All formers ko slaam ❤,2,723,yes,,,,latin,1
no,4,723,yes,,,,latin,1332
PX7Lvjs639U,0,724,no,,,,latin,829
Salam Kissan | Kissan Day 18th Dec | A Tribute to Farmers by Sarsabz Fertilizer,1,724,yes,,,,latin,829
Salam hai kisan bhayon ko jo din rat mehnat ker k hamaray liye Anwao Iqsam ka anaj muhayya kertay hai.,2,724,yes,,,,latin,1
no,4,724,yes,,,,latin,1332
PX7Lvjs639U,0,725,no,,,,latin,829
Salam Kissan | Kissan Day 18th Dec | A Tribute to Farmers by Sarsabz Fertilizer,1,725,yes,,,,latin,829
"Agricultural land should be kept away from construction .Due to construction,agricultural benefits are decreasing yearly",2,725,yes,,,,latin,1
no,4,725,yes,,,,latin,1332
PX7Lvjs639U,0,726,no,,,,latin,829
Salam Kissan | Kissan Day 18th Dec | A Tribute to Farmers by Sarsabz Fertilizer,1,726,yes,,,,latin,829
Our farmer our future and life.Government should assist them financially,2,726,yes,,,,latin,1
no,4,726,yes,,,,latin,1332
PX7Lvjs639U,0,727,no,,,,latin,829
Salam Kissan | Kissan Day 18th Dec | A Tribute to Farmers by Sarsabz Fertilizer,1,727,yes,,,,latin,829
❤❤❤❤❤,2,727,yes,,,,other,4
no,4,727,yes,,,,latin,1332
PX7Lvjs639U,0,728,no,,,,latin,829
Salam Kissan | Kissan Day 18th Dec | A Tribute to Farmers by Sarsabz Fertilizer,1,728,yes,,,,latin,829
Allah Pak kisanon ki lambi Umra Karen Kisan Hai To Hamen Kisan Nahin To Ham Bhi Nahin Allah Pak ki lambi Umra Karen❤❤❤🎉🎉,2,728,yes,,,,latin,1
no,4,728,yes,,,,latin,1332
PX7Lvjs639U,0,729,no,,,,latin,829
Salam Kissan | Kissan Day 18th Dec | A Tribute to Farmers by Sarsabz Fertilizer,1,729,yes,,,,latin,829
Wow 😳,2,729,yes,,,,latin,1
no,4,729,yes,,,,latin,1332
PX7Lvjs639U,0,730,no,,,,latin,829
Salam Kissan | Kissan Day 18th Dec | A Tribute to Farmers by Sarsabz Fertilizer,1,730,yes,,,,latin,829
Love Allah 🎉❤ Love محمد صلى الله عليه واله وسلم❤🎉 Love pakistan 🎉❤ Love parents 🎉❤Love humans 🎉❤,2,730,yes,,,,mixed,1
no,4,730,yes,,,,latin,1332
PX7Lvjs639U,0,731,no,,,,latin,829
Salam Kissan | Kissan Day 18th Dec | A Tribute to Farmers by Sarsabz Fertilizer,1,731,yes,,,,latin,829
no,4,731,yes,,,,latin,1332
PX7Lvjs639U,0,732,no,,,,latin,829
Salam Kissan | Kissan Day 18th Dec | A Tribute to Farmers by Sarsabz Fertilizer,1,732,yes,,,,latin,829
❤❤❤❤❤🎉🎉🎉🎉,2,732,yes,,,,other,1
no,4,732,yes,,,,latin,1332
PX7Lvjs639U,0,733,no,,,,latin,829
Salam Kissan | Kissan Day 18th Dec | A Tribute to Farmers by Sarsabz Fertilizer,1,733,yes,,,,latin,829
❤❤❤❤❤,2,733,yes,,,,other,4
yes,4,733,yes,,,,latin,240
PX7Lvjs639U,0,734,no,,,,latin,829
Salam Kissan | Kissan Day 18th Dec | A Tribute to Farmers by Sarsabz Fertilizer,1,734,yes,,,,latin,829
Thank you,2,734,yes,,,,latin,6
no,4,734,yes,,,,latin,1332
PX7Lvjs639U,0,735,no,,,,latin,829
Salam Kissan | Kissan Day 18th Dec | A Tribute to Farmers by Sarsabz Fertilizer,1,735,yes,,,,latin,829
Thank u so Mach Kisan,2,735,yes,,,,latin,1
no,4,735,yes,,,,latin,1332
PX7Lvjs639U,0,736,no,,,,latin,829
Salam Kissan | Kissan Day 18th Dec | A Tribute to Farmers by Sarsabz Fertilizer,1,736,yes,,,,latin,829
I love kisan,2,736,yes,,,,latin,1
no,4,736,yes,,,,latin,1332
PX7Lvjs639U,0,737,no,,,,latin,829
Salam Kissan | Kissan Day 18th Dec | A Tribute to Farmers by Sarsabz Fertilizer,1,737,yes,,,,latin,829
Assalam walekum Baki yaar bilkul sahi baat hai kisan hi hamare read ki haddi Hain,2,737,yes,,,,latin,1
no,4,737,yes,,,,latin,1332
PX7Lvjs639U,0,738,no,,,,latin,829
Salam Kissan | Kissan Day 18th Dec | A Tribute to Farmers by Sarsabz Fertilizer,1,738,yes,,,,latin,829
Happy farmer's day,2,738,yes,,,,latin,1
no,4,738,yes,,,,latin,1332
PX7Lvjs639U,0,739,no,,,,latin,829
Salam Kissan | Kissan Day 18th Dec | A Tribute to Farmers by Sarsabz Fertilizer,1,739,yes,,,,latin,829
❤❤❤❤❤❤❤❤❤❤❤,2,739,yes,,,,other,1
no,4,739,yes,,,,latin,1332
PX7Lvjs639U,0,740,no,,,,latin,829
Salam Kissan | Kissan Day 18th Dec | A Tribute to Farmers by Sarsabz Fertilizer,1,740,yes,,,,latin,829
Sunarooh Rajput iko sarkar tee iko hee so sarkaran Jo iko hee raaj kandaea so sarkar nam Jo so Rajput sonarooh,2,740,yes,,,,latin,1
no,4,740,yes,,,,latin,1332
PX7Lvjs639U,0,741,no,,,,latin,829
Salam Kissan | Kissan Day 18th Dec | A Tribute to Farmers by Sarsabz Fertilizer,1,741,yes,,,,latin,829
Nice to work,2,741,yes,,,,latin,1
no,4,741,yes,,,,latin,1332
PX7Lvjs639U,0,742,no,,,,latin,829
Salam Kissan | Kissan Day 18th Dec | A Tribute to Farmers by Sarsabz Fertilizer,1,742,yes,,,,latin,829
☹️❤️❤️❤️💞,2,742,yes,,,,other,1
no,4,742,yes,,,,latin,1332
PX7Lvjs639U,0,743,no,,,,latin,829
Salam Kissan | Kissan Day 18th Dec | A Tribute to Farmers by Sarsabz Fertilizer,1,743,yes,,,,latin,829
Allah pak sab kesano ku hamesha salamat rakhe ameen soma ameen 🌳🌳🌴🌳🌴🌳🌴🌳🌴🌳🌴🌳🌴🌳🌴🌳🌴🌳🌴🌳,2,743,yes,,,,latin,1
no,4,743,yes,,,,latin,1332
PX7Lvjs639U,0,744,no,,,,latin,829
Salam Kissan | Kissan Day 18th Dec | A Tribute to Farmers by Sarsabz Fertilizer,1,744,yes,,,,latin,829
Mashaallah mashaallah mashaallah ⭐⭐⭐🌳🌳🌳🌳🌴🌳🌴🌳🌴🌳🌴🌳🌴🌳🌴🌳🌴🌳🌴🌳🌴,2,744,yes,,,,latin,1
no,4,744,yes,,,,latin,1332
PX7Lvjs639U,0,745,no,,,,latin,829
Salam Kissan | Kissan Day 18th Dec | A Tribute to Farmers by Sarsabz Fertilizer,1,745,yes,,,,latin,829
the farmers working very hard so help his,2,745,yes,,,,latin,1
no,4,745,yes,,,,latin,1332
PX7Lvjs639U,0,746,no,,,,latin,829
Salam Kissan | Kissan Day 18th Dec | A Tribute to Farmers by Sarsabz Fertilizer,1,746,yes,,,,latin,829
Salam sarsabs or thanks sarsbas Kisi ne TU kisan ki mushkalat ko samjha Tribute to Kisan Salam kisan Kisan day,2,746,yes,,,,latin,1
no,4,746,yes,,,,latin,1332
PX7Lvjs639U,0,747,no,,,,latin,829
Salam Kissan | Kissan Day 18th Dec | A Tribute to Farmers by Sarsabz Fertilizer,1,747,yes,,,,latin,829
❤ kissan Day banana aik zaberdast iqdam hay.Dosto jiss per 1947 Kay agaz main Land reforms ka agenda Quaid Azam lay kar asy thay.Aaj hum Kahan hoy iss per ammal kia hota.Abhi bhi waqat hay Land reforms kar Kay awam ko moqa do zarat main taraqi Kay liay.1947 masawat kee bunyad per APNA sab Kuch choor kar asy thay.Reforms Kay bad coprative society china model ikhtiar karain jab hum apni asli Manzil tak pohanch pain gey .Dunya main zarat main bay inteha taraqi hooi hay.uss ko apnayy baghair taasub Kay. Yeh hay Quaid Azam ka Pakistan.Bhai bunyadain Sahi kartay jaain Allah madad Kary ga.Zarai Inqlab Lain Lands Reforms kar Kay. Pakistan zindabad. Regards Syed Riaz Ali Khan,2,747,yes,,,,latin,1
no,4,747,yes,,,,latin,1332
PX7Lvjs639U,0,748,no,,,,latin,829
Salam Kissan | Kissan Day 18th Dec | A Tribute to Farmers by Sarsabz Fertilizer,1,748,yes,,,,latin,829
Sindh zindabad❤,2,748,yes,,,,latin,1
no,4,748,yes,,,,latin,1332
PX7Lvjs639U,0,749,no,,,,latin,829
Salam Kissan | Kissan Day 18th Dec | A Tribute to Farmers by Sarsabz Fertilizer,1,749,yes,,,,latin,829
Happy Farmers Day,2,749,yes,,,,latin,1
no,4,749,yes,,,,latin,1332
PX7Lvjs639U,0,750,no,,,,latin,829
Salam Kissan | Kissan Day 18th Dec | A Tribute to Farmers by Sarsabz Fertilizer,1,750,yes,,,,latin,829
Farmar of Pakistan and good fertilizer company thank with pk,2,750,yes,,,,latin,1
no,4,750,yes,,,,latin,1332
PX7Lvjs639U,0,751,no,,,,latin,829
Salam Kissan | Kissan Day 18th Dec | A Tribute to Farmers by Sarsabz Fertilizer,1,751,yes,,,,latin,829
❤❤❤❤❤,2,751,yes,,,,other,4
no,4,751,yes,,,,latin,1332
PX7Lvjs639U,0,752,no,,,,latin,829
Salam Kissan | Kissan Day 18th Dec | A Tribute to Farmers by Sarsabz Fertilizer,1,752,yes,,,,latin,829
❤❤❤❤❤❤❤❤❤❤,2,752,yes,,,,other,1
no,4,752,yes,,,,latin,1332
PX7Lvjs639U,0,753,no,,,,latin,829
Salam Kissan | Kissan Day 18th Dec | A Tribute to Farmers by Sarsabz Fertilizer,1,753,yes,,,,latin,829
🌼🌹🍀🌿🌳🌲🌴🌱👌,2,753,yes,,,,other,1
no,4,753,yes,,,,latin,1332
PX7Lvjs639U,0,754,no,,,,latin,829
Salam Kissan | Kissan Day 18th Dec | A Tribute to Farmers by Sarsabz Fertilizer,1,754,yes,,,,latin,829
"Ma sha ALLAH, they are super hero",2,754,yes,,,,latin,1
no,4,754,yes,,,,latin,1332
PX7Lvjs639U,0,755,no,,,,latin,829
Salam Kissan | Kissan Day 18th Dec | A Tribute to Farmers by Sarsabz Fertilizer,1,755,yes,,,,latin,829
❤❤❤hi❤❤❤❤,2,755,yes,,,,latin,1
no,4,755,yes,,,,latin,1332
PX7Lvjs639U,0,756,no,,,,latin,829
Salam Kissan | Kissan Day 18th Dec | A Tribute to Farmers by Sarsabz Fertilizer,1,756,yes,,,,latin,829
Heart touching amazing songs jitni bar Suno Dil hee nhy bharta tear my eyes,2,756,yes,,,,latin,1
no,4,756,yes,,,,latin,1332
PX7Lvjs639U,0,757,no,,,,latin,829
Salam Kissan | Kissan Day 18th Dec | A Tribute to Farmers by Sarsabz Fertilizer,1,757,yes,,,,latin,829
Good effort,2,757,yes,,,,latin,1
no,4,757,yes,,,,latin,1332
PX7Lvjs639U,0,758,no,,,,latin,829
Salam Kissan | Kissan Day 18th Dec | A Tribute to Farmers by Sarsabz Fertilizer,1,758,yes,,,,latin,829
❤❤❤,2,758,yes,,,,other,15
no,4,758,yes,,,,latin,1332
PX7Lvjs639U,0,759,no,,,,latin,829
Salam Kissan | Kissan Day 18th Dec | A Tribute to Farmers by Sarsabz Fertilizer,1,759,yes,,,,latin,829
Nyce,2,759,yes,,,,latin,1
no,4,759,yes,,,,latin,1332
PX7Lvjs639U,0,760,no,,,,latin,829
Salam Kissan | Kissan Day 18th Dec | A Tribute to Farmers by Sarsabz Fertilizer,1,760,yes,,,,latin,829
#Salamkissan ❤,2,760,yes,,,,latin,3
no,4,760,yes,,,,latin,1332
PX7Lvjs639U,0,761,no,,,,latin,829
Salam Kissan | Kissan Day 18th Dec | A Tribute to Farmers by Sarsabz Fertilizer,1,761,yes,,,,latin,829
❤❤❤,2,761,yes,,,,other,15
no,4,761,yes,,,,latin,1332
PX7Lvjs639U,0,762,no,,,,latin,829
Salam Kissan | Kissan Day 18th Dec | A Tribute to Farmers by Sarsabz Fertilizer,1,762,yes,,,,latin,829
🥰🥰🥰🥰🥰😍🙋,2,762,yes,,,,other,1
no,4,762,yes,,,,latin,1332
PX7Lvjs639U,0,763,no,,,,latin,829
Salam Kissan | Kissan Day 18th Dec | A Tribute to Farmers by Sarsabz Fertilizer,1,763,yes,,,,latin,829
سرسبز کھاد پاؤ ۔۔تے خوشحال ہو جاؤ 🥰🥰🥰,2,763,yes,,,,urdu_script,1
no,4,763,yes,,,,latin,1332
PX7Lvjs639U,0,764,no,,,,latin,829
Salam Kissan | Kissan Day 18th Dec | A Tribute to Farmers by Sarsabz Fertilizer,1,764,yes,,,,latin,829
Thank you Sarsabz Fertilizer for this amazing gift i received today once again thanks your company is best for farmers .❤❤❤,2,764,yes,,,,latin,1
no,4,764,yes,,,,latin,1332
PX7Lvjs639U,0,765,no,,,,latin,829
Salam Kissan | Kissan Day 18th Dec | A Tribute to Farmers by Sarsabz Fertilizer,1,765,yes,,,,latin,829
کسان کی خوشیاں تب ہی ممکن ہے جب ہم سب ان کےبارے میں سوچ اچھی رکھے گئے ہم یہ سمجھتے ہے کہ کسان نے اپنی فصل بیچ کر کافی رقم لی ہے مگر اس کے پیچھے اس ک دن رات کی محنت ہوتی ہے لہذا ہم کو اس بات کا خیال رکھنا ضروری ہے کہ ہم اپنی ضرورت کے مطابق اجناس استمعال کریں کسان زندہ ہم زندہ کسان خوشحال پاکستان خوشحال,2,765,yes,,,,urdu_script,1
no,4,765,yes,,,,latin,1332
PX7Lvjs639U,0,766,no,,,,latin,829
Salam Kissan | Kissan Day 18th Dec | A Tribute to Farmers by Sarsabz Fertilizer,1,766,yes,,,,latin,829
"#Tags (#SalamKissan #KissanDay #SarsabzPakistan Watching a farmer's hard work instills a profound emption in a person, Something that word's can't fully express.their tireless labour in the sun,love for the land,all reflect on their faces through smile and a sense of respect.Farmers are empathetic and diligent worker's,whose sacrifices provide sustence for all over lives.",2,766,yes,,,,latin,1
no,4,766,yes,,,,latin,1332
PX7Lvjs639U,0,767,no,,,,latin,829
Salam Kissan | Kissan Day 18th Dec | A Tribute to Farmers by Sarsabz Fertilizer,1,767,yes,,,,latin,829
"Salam Pakistan, Salam kissan",2,767,yes,,,,latin,1
no,4,767,yes,,,,latin,1332
PX7Lvjs639U,0,768,no,,,,latin,829
Salam Kissan | Kissan Day 18th Dec | A Tribute to Farmers by Sarsabz Fertilizer,1,768,yes,,,,latin,829
no,4,768,yes,,,,latin,1332
PX7Lvjs639U,0,769,no,,,,latin,829
Salam Kissan | Kissan Day 18th Dec | A Tribute to Farmers by Sarsabz Fertilizer,1,769,yes,,,,latin,829
Salam kisann,2,769,yes,,,,latin,1
no,4,769,yes,,,,latin,1332
PX7Lvjs639U,0,770,no,,,,latin,829
Salam Kissan | Kissan Day 18th Dec | A Tribute to Farmers by Sarsabz Fertilizer,1,770,yes,,,,latin,829
We salute to all farmers,2,770,yes,,,,latin,1
no,4,770,yes,,,,latin,1332
PX7Lvjs639U,0,771,no,,,,latin,829
Salam Kissan | Kissan Day 18th Dec | A Tribute to Farmers by Sarsabz Fertilizer,1,771,yes,,,,latin,829
Great 👍😊,2,771,yes,,,,latin,1
no,4,771,yes,,,,latin,1332
PX7Lvjs639U,0,772,no,,,,latin,829
Salam Kissan | Kissan Day 18th Dec | A Tribute to Farmers by Sarsabz Fertilizer,1,772,yes,,,,latin,829
Woow,2,772,yes,,,,latin,1
no,4,772,yes,,,,latin,1332
PX7Lvjs639U,0,773,no,,,,latin,829
Salam Kissan | Kissan Day 18th Dec | A Tribute to Farmers by Sarsabz Fertilizer,1,773,yes,,,,latin,829
Amazing,2,773,yes,,,,latin,4
no,4,773,yes,,,,latin,1332
PX7Lvjs639U,0,774,no,,,,latin,829
Salam Kissan | Kissan Day 18th Dec | A Tribute to Farmers by Sarsabz Fertilizer,1,774,yes,,,,latin,829
Great 👍,2,774,yes,,,,latin,4
no,4,774,yes,,,,latin,1332
PX7Lvjs639U,0,775,no,,,,latin,829
Salam Kissan | Kissan Day 18th Dec | A Tribute to Farmers by Sarsabz Fertilizer,1,775,yes,,,,latin,829
You're doing great ❤,2,775,yes,,,,latin,1
no,4,775,yes,,,,latin,1332
PX7Lvjs639U,0,776,no,,,,latin,829
Salam Kissan | Kissan Day 18th Dec | A Tribute to Farmers by Sarsabz Fertilizer,1,776,yes,,,,latin,829
❤❤❤❤❤❤,2,776,yes,,,,other,3
no,4,776,yes,,,,latin,1332
PX7Lvjs639U,0,777,no,,,,latin,829
Salam Kissan | Kissan Day 18th Dec | A Tribute to Farmers by Sarsabz Fertilizer,1,777,yes,,,,latin,829
Awesome Video. Loved it 😍 #SalamKissan #SarsabzPakistan #KissanDay,2,777,yes,,,,latin,1
no,4,777,yes,,,,latin,1332
PX7Lvjs639U,0,778,no,,,,latin,829
Salam Kissan | Kissan Day 18th Dec | A Tribute to Farmers by Sarsabz Fertilizer,1,778,yes,,,,latin,829
"It is really impressive because everything in the flood was lost and some people also became abusive. It is affected by them to go through the sea of difficulties but they do not lose hope. As well as the digital aspects of the Sarsz created a large number of reliefs. High output e.g. 10% additional sports plays in farmers' life and their well-role. For the farmers, a day hates to celebrate the head that reminds their efforts that return the cord of our country.#sarsabKissan",2,778,yes,,,,latin,1
no,4,778,yes,,,,latin,1332
PX7Lvjs639U,0,779,no,,,,latin,829
Salam Kissan | Kissan Day 18th Dec | A Tribute to Farmers by Sarsabz Fertilizer,1,779,yes,,,,latin,829
Love from Bangladesh 🤗❤,2,779,yes,,,,latin,1
no,4,779,yes,,,,latin,1332
PX7Lvjs639U,0,780,no,,,,latin,829
Salam Kissan | Kissan Day 18th Dec | A Tribute to Farmers by Sarsabz Fertilizer,1,780,yes,,,,latin,829
Sir results announcement kb hogi #sarsabzkissan,2,780,yes,,,,latin,1
no,4,780,yes,,,,latin,1332
PX7Lvjs639U,0,781,no,,,,latin,829
Salam Kissan | Kissan Day 18th Dec | A Tribute to Farmers by Sarsabz Fertilizer,1,781,yes,,,,latin,829
"As we know that Pakistan is one of the biggest agricultural country but some people/builders are converting their lands into commercial purpose due to short cut to become biggest richer which is the affecting of shortage of foods so please arrange a awareness program to keep in mind to save our country and their assets. Regards,",2,781,yes,,,,latin,1
no,4,781,yes,,,,latin,1332
PX7Lvjs639U,0,782,no,,,,latin,829
Salam Kissan | Kissan Day 18th Dec | A Tribute to Farmers by Sarsabz Fertilizer,1,782,yes,,,,latin,829
"It is really impressive because everything was lost in the flood and some people even became abusive. They are inspired to go through a sea of difficulties but they do not lose hope. Along with this hope, the digital aspects of SARS have created a large number of reliefs. High yield E.G. An additional 10% plays an important role in the lives of farmers and their well-being. A day for farmers to celebrate Sarsis hates to remember their efforts that return the backbone of our country's economy. #SarsabzPakistan #SarsabzKahani",2,782,yes,,,,latin,1
no,4,782,yes,,,,latin,1332
PX7Lvjs639U,0,783,no,,,,latin,829
Salam Kissan | Kissan Day 18th Dec | A Tribute to Farmers by Sarsabz Fertilizer,1,783,yes,,,,latin,829
Nice,2,783,yes,,,,latin,8
yes,4,783,yes,,,,latin,240
PX7Lvjs639U,0,784,no,,,,latin,829
Salam Kissan | Kissan Day 18th Dec | A Tribute to Farmers by Sarsabz Fertilizer,1,784,yes,,,,latin,829
کسان ہمارے معاشرے کی ریڑھ کی ہڈی ہیں۔ وہی ہیں جو ہمیں وہ تمام کھانا مہیا کرتے ہیں جو ہم کھاتے ہیں۔ نتیجتاً ملک کی پوری آبادی کا انحصار کسانوں پر ہے۔ چاہے وہ سب سے چھوٹا ملک ہو یا بڑا ملک ان کی وجہ سے ہی ہم کرہ ارض پر رہنے کے قابل ہیں۔ اس طرح کسان دنیا کے اہم ترین لوگ ہیں۔ کسانوں کی اتنی اہمیت کے با وجود ان کے پاس مناسب زندگی نہیں ہے۔ #sarsabz #Sarsabzkissan,2,784,yes,,,,mixed,5
no,4,784,yes,,,,latin,1332
PX7Lvjs639U,0,785,no,,,,latin,829
Salam Kissan | Kissan Day 18th Dec | A Tribute to Farmers by Sarsabz Fertilizer,1,785,yes,,,,latin,829
Nice 👍,2,785,yes,,,,latin,1
yes,4,785,yes,,,,latin,240
PX7Lvjs639U,0,786,no,,,,latin,829
Salam Kissan | Kissan Day 18th Dec | A Tribute to Farmers by Sarsabz Fertilizer,1,786,yes,,,,latin,829
yes,4,786,yes,,,,latin,240
PX7Lvjs639U,0,787,no,,,,latin,829
Salam Kissan | Kissan Day 18th Dec | A Tribute to Farmers by Sarsabz Fertilizer,1,787,yes,,,,latin,829
"Narrated Anas bin Malik: Allah's Apostle said, ""There is none amongst the Muslims who plants a tree or sows seeds, and then a bird, or a person or an animal eats from it, but is regarded as a charitable gift for him."" Slam kisan Salam sarsabz pakistan.",2,787,yes,,,,latin,1
no,4,787,yes,,,,latin,1332
PX7Lvjs639U,0,788,no,,,,latin,829
Salam Kissan | Kissan Day 18th Dec | A Tribute to Farmers by Sarsabz Fertilizer,1,788,yes,,,,latin,829
A farmer is a magician who produces money from mud.and Agriculture is the most healthful most useful and most noble employment of a farmer. my deep respect for the land and it's harvest is the legacy of generation of farmers who put food on our tables preserved our landscape and inspire us with a powerfull work ethic.salam kisan Salam sarsabz Pakistan. #FatimaGroup #Sarsabz #SalamKisaan,2,788,yes,,,,latin,1
no,4,788,yes,,,,latin,1332
PX7Lvjs639U,0,789,no,,,,latin,829
Salam Kissan | Kissan Day 18th Dec | A Tribute to Farmers by Sarsabz Fertilizer,1,789,yes,,,,latin,829
"Once in your lif need doctor, a lawyer, a policeman and a preacher, but everyday three times a day, you need a farmer. #SalamKisan #FatimaGroup #SarsabzPakistan",2,789,yes,,,,latin,1
no,4,789,yes,,,,latin,1332
PX7Lvjs639U,0,790,no,,,,latin,829
Salam Kissan | Kissan Day 18th Dec | A Tribute to Farmers by Sarsabz Fertilizer,1,790,yes,,,,latin,829
"Our deep respect for the land and its harvest is the legacy of generations of farmers who put food on our tables, preserved our landscape, and inspired us with a powerful work ethic. #SalamKisan #FatimaGroup #SarsabzPakistan",2,790,yes,,,,latin,1
no,4,790,yes,,,,latin,1332
PX7Lvjs639U,0,791,no,,,,latin,829
Salam Kissan | Kissan Day 18th Dec | A Tribute to Farmers by Sarsabz Fertilizer,1,791,yes,,,,latin,829
سرسبز نے ایک بار پھر معاشرے میں کسانوں کی اہمیت کو اجاگر کیا۔ ان کی انتھک کوششوں کے بغیر، ہمیں روزمرہ کی ضروری اشیاء کی شدید قلت کا سامنا کرنا پڑے گا۔ سرسبز کو شاباش,2,791,yes,,,,urdu_script,1
no,4,791,yes,,,,latin,1332
PX7Lvjs639U,0,792,no,,,,latin,829
Salam Kissan | Kissan Day 18th Dec | A Tribute to Farmers by Sarsabz Fertilizer,1,792,yes,,,,latin,829
کسان ہمارے معاشرے کی ریڑھ کی ہڈی ہیں۔ وہی ہیں جو ہمیں وہ تمام کھانا مہیا کرتے ہیں جو ہم کھاتے ہیں۔ نتیجتاً ملک کی پوری آبادی کا انحصار کسانوں پر ہے۔ چاہے وہ سب سے چھوٹا ملک ہو یا بڑا ملک ان کی وجہ سے ہی ہم کرہ ارض پر رہنے کے قابل ہیں۔ اس طرح کسان دنیا کے اہم ترین لوگ ہیں۔ کسانوں کی اتنی اہمیت کے با وجود ان کے پاس مناسب زندگی نہیں ہے۔ #sarsabz #Sarsabzkissan,2,792,yes,,,,mixed,5
no,4,792,yes,,,,latin,1332
PX7Lvjs639U,0,793,no,,,,latin,829
Salam Kissan | Kissan Day 18th Dec | A Tribute to Farmers by Sarsabz Fertilizer,1,793,yes,,,,latin,829
You all the very farmers are actually so very amazing as well as so very wonderful that you all actually work so very selflessly as well as so very compassionately so that we all you can actually provide us with all that very food which is very much a basic necessity for our very survival. Thanksgiving to all farmers. Following as Sarah Baloch,2,793,yes,,,,latin,1
no,4,793,yes,,,,latin,1332
PX7Lvjs639U,0,794,no,,,,latin,829
Salam Kissan | Kissan Day 18th Dec | A Tribute to Farmers by Sarsabz Fertilizer,1,794,yes,,,,latin,829
Good luck 🤞,2,794,yes,,,,latin,1
no,4,794,yes,,,,latin,1332
PX7Lvjs639U,0,795,no,,,,latin,829
Salam Kissan | Kissan Day 18th Dec | A Tribute to Farmers by Sarsabz Fertilizer,1,795,yes,,,,latin,829
no,4,795,yes,,,,latin,1332
PX7Lvjs639U,0,796,no,,,,latin,829
Salam Kissan | Kissan Day 18th Dec | A Tribute to Farmers by Sarsabz Fertilizer,1,796,yes,,,,latin,829
کسان ہمارے معاشرے کی ریڑھ کی ہڈی ہیں۔ وہی ہیں جو ہمیں وہ تمام کھانا مہیا کرتے ہیں جو ہم کھاتے ہیں۔ نتیجتاً ملک کی پوری آبادی کا انحصار کسانوں پر ہے۔ چاہے وہ سب سے چھوٹا ملک ہو یا بڑا ملک ان کی وجہ سے ہی ہم کرہ ارض پر رہنے کے قابل ہیں۔ اس طرح کسان دنیا کے اہم ترین لوگ ہیں۔ کسانوں کی اتنی اہمیت کے با وجود ان کے پاس مناسب زندگی نہیں ہے۔ #sarsabz #Sarsabzkissan,2,796,yes,,,,mixed,5
no,4,796,yes,,,,latin,1332
PX7Lvjs639U,0,797,no,,,,latin,829
Salam Kissan | Kissan Day 18th Dec | A Tribute to Farmers by Sarsabz Fertilizer,1,797,yes,,,,latin,829
❤❤❤,2,797,yes,,,,other,15
yes,4,797,yes,,,,latin,240
PX7Lvjs639U,0,798,no,,,,latin,829
Salam Kissan | Kissan Day 18th Dec | A Tribute to Farmers by Sarsabz Fertilizer,1,798,yes,,,,latin,829
❤❤❤,2,798,yes,,,,other,15
yes,4,798,yes,,,,latin,240
PX7Lvjs639U,0,799,no,,,,latin,829
Salam Kissan | Kissan Day 18th Dec | A Tribute to Farmers by Sarsabz Fertilizer,1,799,yes,,,,latin,829
کسان ہمارے معاشرے کی ریڑھ کی ہڈی ہیں۔ وہی ہیں جو ہمیں وہ تمام کھانا مہیا کرتے ہیں جو ہم کھاتے ہیں۔ نتیجتاً ملک کی پوری آبادی کا انحصار کسانوں پر ہے۔ چاہے وہ سب سے چھوٹا ملک ہو یا بڑا ملک ان کی وجہ سے ہی ہم کرہ ارض پر رہنے کے قابل ہیں۔ اس طرح کسان دنیا کے اہم ترین لوگ ہیں۔ کسانوں کی اتنی اہمیت کے با وجود ان کے پاس مناسب زندگی نہیں ہے۔ #sarsabz #Sarsabzkissan,2,799,yes,,,,mixed,5
no,4,799,yes,,,,latin,1332
PX7Lvjs639U,0,800,no,,,,latin,829
Salam Kissan | Kissan Day 18th Dec | A Tribute to Farmers by Sarsabz Fertilizer,1,800,yes,,,,latin,829
❤❤❤,2,800,yes,,,,other,15
yes,4,800,yes,,,,latin,240
PX7Lvjs639U,0,801,no,,,,latin,829
Salam Kissan | Kissan Day 18th Dec | A Tribute to Farmers by Sarsabz Fertilizer,1,801,yes,,,,latin,829
کسان ہمارے معاشرے کی ریڑھ کی ہڈی ہیں۔ وہی ہیں جو ہمیں وہ تمام کھانا مہیا کرتے ہیں جو ہم کھاتے ہیں۔ نتیجتاً ملک کی پوری آبادی کا انحصار کسانوں پر ہے۔ چاہے وہ سب سے چھوٹا ملک ہو یا بڑا ملک ان کی وجہ سے ہی ہم کرہ ارض پر رہنے کے قابل ہیں۔ اس طرح کسان دنیا کے اہم ترین لوگ ہیں۔ کسانوں کی اتنی اہمیت کے با وجود ان کے پاس مناسب زندگی نہیں ہے۔ #sarsabz #Sarsabzkissan,2,801,yes,,,,mixed,5
no,4,801,yes,,,,latin,1332
PX7Lvjs639U,0,802,no,,,,latin,829
Salam Kissan | Kissan Day 18th Dec | A Tribute to Farmers by Sarsabz Fertilizer,1,802,yes,,,,latin,829
"Farmer of Pakistan is the only hope for Survival of Food supplies. let's put our hands together to make him stronger as ever. The stronger he will be, the secure whole nation will be. Aameen suma Aameen Sarsabz Khadien, Kissan payien Muradien",2,802,yes,,,,latin,1
no,4,802,yes,,,,latin,1332
PX7Lvjs639U,0,803,no,,,,latin,829
Salam Kissan | Kissan Day 18th Dec | A Tribute to Farmers by Sarsabz Fertilizer,1,803,yes,,,,latin,829
ہمارا خون بھی شامل ہے تزئین گلستان میں ہمیں بھی یاد کرلینا چمن میں جب بہار آئے #sarsabz #kissanday # شکریہ کسان,2,803,yes,,,,mixed,1
no,4,803,yes,,,,latin,1332
PX7Lvjs639U,0,804,no,,,,latin,829
Salam Kissan | Kissan Day 18th Dec | A Tribute to Farmers by Sarsabz Fertilizer,1,804,yes,,,,latin,829
یہ واقعی متاثر کن ہے کیونکہ سیلاب میں سب کچھ کھو گیا تھا اور کچھ لوگ بھی بدسلوکی بن گئے. ان سے متاثر ہوتا ہے کہ وہ مشکلات کے سمندر کے ذریعے جائیں لیکن وہ امید نہیں کھوتے ہیں. اس امید کے ساتھ ساتھ سارسز کے ڈیجیٹل پہلوؤں کے ساتھ ساتھ ریلیف کی ایک بڑی تعداد پیدا کی. اعلی پیداوار E.G. 10٪ اضافی کھیلوں کو کسانوں کی زندگی میں اور ان کی اچھی طرح سے اہم کردار ادا کرتا ہے. کسانوں کے لئے ایک دن جشن منانے کے لئے سرسز سے نفرت کرتا ہے جو اپنی کوششوں کو یاد دلاتے ہیں جو ہماری ملک کی معیشت کی ہڈی واپس آتی ہیں.#sarsabz,2,804,yes,,,,mixed,1
no,4,804,yes,,,,latin,1332
PX7Lvjs639U,0,805,no,,,,latin,829
Salam Kissan | Kissan Day 18th Dec | A Tribute to Farmers by Sarsabz Fertilizer,1,805,yes,,,,latin,829
Thank you Sarsabz,2,805,yes,,,,latin,1
no,4,805,yes,,,,latin,1332
PX7Lvjs639U,0,806,no,,,,latin,829
Salam Kissan | Kissan Day 18th Dec | A Tribute to Farmers by Sarsabz Fertilizer,1,806,yes,,,,latin,829
"It's really impressive because everything was lost in the flood and some people even became desperate. In fact, they have to go through a sea of hardships but they never lose hope. With Lashpur's digital initiatives, this hope breathes a sigh of relief, contributing to the lives and well-being of 10 additional farmers like higher yields. A day for farmers to celebrate the greenery to remind them of their efforts which are the backbone of our country's economy, #sarsabz",2,806,yes,,,,latin,1
no,4,806,yes,,,,latin,1332
PX7Lvjs639U,0,807,no,,,,latin,829
Salam Kissan | Kissan Day 18th Dec | A Tribute to Farmers by Sarsabz Fertilizer,1,807,yes,,,,latin,829
❤❤❤❤,2,807,yes,,,,other,7
yes,4,807,yes,,,,latin,240
PX7Lvjs639U,0,808,no,,,,latin,829
Salam Kissan | Kissan Day 18th Dec | A Tribute to Farmers by Sarsabz Fertilizer,1,808,yes,,,,latin,829
"Really inspiring and heart touching.. Farmers play a pivotal role in our society, serving as the backbone of our food supply. Their labor and dedication ensure that we have a reliable source of nourishment, contributing to the well-being of communities. Beyond sustenance, farmers drive economic growth by supporting agribusiness and local markets. Additionally, their stewardship of the land plays a crucial role in environmental sustainability, making farmers indispensable contributors to the fabric of our society. Salute to our kisans.Hats off!!!",2,808,yes,,,,latin,1
no,4,808,yes,,,,latin,1332
PX7Lvjs639U,0,809,no,,,,latin,829
Salam Kissan | Kissan Day 18th Dec | A Tribute to Farmers by Sarsabz Fertilizer,1,809,yes,,,,latin,829
"Congratulations on winning! Please email your complete details (Address, phone number, and city) to sarsabzofficialpk@gmail.com using the same email address associated with your YouTube account.",2,809,yes,,,,latin,13
yes,4,809,yes,,,,latin,240
PX7Lvjs639U,0,810,no,,,,latin,829
Salam Kissan | Kissan Day 18th Dec | A Tribute to Farmers by Sarsabz Fertilizer,1,810,yes,,,,latin,829
"youtube.com/@areejfatima621 Please email your complete details (Address, phone number, and city) to sarsabzofficialpk@gmail.com using the same email address associated with your YouTube account.",2,810,yes,,,,latin,1
yes,4,810,yes,,,,latin,240
PX7Lvjs639U,0,811,no,,,,latin,829
Salam Kissan | Kissan Day 18th Dec | A Tribute to Farmers by Sarsabz Fertilizer,1,811,yes,,,,latin,829
"youtube.com/@areejfatima621 Time is ticking. Please email your complete details (Address, phone number, and city) to sarsabzofficialpk@gmail.com using the same email address associated with your YouTube account.",2,811,yes,,,,latin,1
yes,4,811,yes,,,,latin,240
PX7Lvjs639U,0,812,no,,,,latin,829
Salam Kissan | Kissan Day 18th Dec | A Tribute to Farmers by Sarsabz Fertilizer,1,812,yes,,,,latin,829
"youtube.com/@areejfatima621 Time is ticking! A last but soft reminder, please email your complete details (Address, phone number, and city) to sarsabzofficialpk@gmail.com using the same email address associated with your YouTube account.",2,812,yes,,,,latin,1
yes,4,812,yes,,,,latin,240
PX7Lvjs639U,0,813,no,,,,latin,829
Salam Kissan | Kissan Day 18th Dec | A Tribute to Farmers by Sarsabz Fertilizer,1,813,yes,,,,latin,829
❤❤,2,813,yes,,,,other,16
no,4,813,yes,,,,latin,1332
PX7Lvjs639U,0,814,no,,,,latin,829
Salam Kissan | Kissan Day 18th Dec | A Tribute to Farmers by Sarsabz Fertilizer,1,814,yes,,,,latin,829
Salam pakistan salam kisan❤️,2,814,yes,,,,latin,1
no,4,814,yes,,,,latin,1332
PX7Lvjs639U,0,815,no,,,,latin,829
Salam Kissan | Kissan Day 18th Dec | A Tribute to Farmers by Sarsabz Fertilizer,1,815,yes,,,,latin,829
Happy kissan day,2,815,yes,,,,latin,3
no,4,815,yes,,,,latin,1332
PX7Lvjs639U,0,816,no,,,,latin,829
Salam Kissan | Kissan Day 18th Dec | A Tribute to Farmers by Sarsabz Fertilizer,1,816,yes,,,,latin,829
مٹ رہا ہے میرا وجود تیری خلقت سجانے کو میں کسان آیا ہو تیرا چولہہ جلانے کو تحریر✍️ ماریہ خان,2,816,yes,,,,urdu_script,1
no,4,816,yes,,,,latin,1332
PX7Lvjs639U,0,817,no,,,,latin,829
Salam Kissan | Kissan Day 18th Dec | A Tribute to Farmers by Sarsabz Fertilizer,1,817,yes,,,,latin,829
سرسبز نے ایک بار پھر معاشرے میں کسانوں کی اہمیت کو اجاگر کیا۔ ان کی انتھک کوششوں کے بغیر، ہمیں روزمرہ کی ضروری اشیاء کی شدید قلت کا سامنا کرنا پڑے گا۔ سرسبز کو شاباش! #sarsabz #kissanday #18December,2,817,yes,,,,mixed,1
no,4,817,yes,,,,latin,1332
PX7Lvjs639U,0,818,no,,,,latin,829
Salam Kissan | Kissan Day 18th Dec | A Tribute to Farmers by Sarsabz Fertilizer,1,818,yes,,,,latin,829
سلام ان کسانوں کو جو کھیتوں میں دن رات محنت کر کے ہمارے دسترخوانوں کو انواع و اقسام کے کھانوں سے سجاتے ہیں۔ آپ کی محنت اور بے لوث لگن ہمارا قیمتی اثاثہ ہیں. ہمیں آپ پر فخر ہے. #شکریہ کسان. ‏#sarsabz #kissanday‏,2,818,yes,,,,mixed,4
no,4,818,yes,,,,latin,1332
PX7Lvjs639U,0,819,no,,,,latin,829
Salam Kissan | Kissan Day 18th Dec | A Tribute to Farmers by Sarsabz Fertilizer,1,819,yes,,,,latin,829
❤May Allah bless our Farmers❤❤,2,819,yes,,,,latin,1
no,4,819,yes,,,,latin,1332
PX7Lvjs639U,0,820,no,,,,latin,829
Salam Kissan | Kissan Day 18th Dec | A Tribute to Farmers by Sarsabz Fertilizer,1,820,yes,,,,latin,829
Thanks sarsarsabz ❤❤❤,2,820,yes,,,,latin,1
no,4,820,yes,,,,latin,1332
PX7Lvjs639U,0,821,no,,,,latin,829
Salam Kissan | Kissan Day 18th Dec | A Tribute to Farmers by Sarsabz Fertilizer,1,821,yes,,,,latin,829
Farmers are real heroes of our life because they make food for us and help us to survive in this world with food,2,821,yes,,,,latin,1
no,4,821,yes,,,,latin,1332
PX7Lvjs639U,0,822,no,,,,latin,829
Salam Kissan | Kissan Day 18th Dec | A Tribute to Farmers by Sarsabz Fertilizer,1,822,yes,,,,latin,829
Very appreciative,2,822,yes,,,,latin,1
no,4,822,yes,,,,latin,1332
PX7Lvjs639U,0,823,no,,,,latin,829
Salam Kissan | Kissan Day 18th Dec | A Tribute to Farmers by Sarsabz Fertilizer,1,823,yes,,,,latin,829
Salam kesan of Pakistan,2,823,yes,,,,latin,1
no,4,823,yes,,,,latin,1332
PX7Lvjs639U,0,824,no,,,,latin,829
Salam Kissan | Kissan Day 18th Dec | A Tribute to Farmers by Sarsabz Fertilizer,1,824,yes,,,,latin,829
ہمارے ملک کی خوراک کی ضرورتوں کو پورا کرنے والے بیروز کو کسانوں کے قومی دن کی مبارکباد زراعت سے آپ کی وابستگی ترقی اور ہماری آنے والی نسلوں کی نشونما کی ضامن ہے۔ ہمارے کسان بھائیوں کو ان کی غیر متزلزل لگن کے لئے سلام #sarsabz #کسان ڈے,2,824,yes,,,,mixed,1
no,4,824,yes,,,,latin,1332
PX7Lvjs639U,0,825,no,,,,latin,829
Salam Kissan | Kissan Day 18th Dec | A Tribute to Farmers by Sarsabz Fertilizer,1,825,yes,,,,latin,829
❤❤❤,2,825,yes,,,,other,15
yes,4,825,yes,,,,latin,240
PX7Lvjs639U,0,826,no,,,,latin,829
Salam Kissan | Kissan Day 18th Dec | A Tribute to Farmers by Sarsabz Fertilizer,1,826,yes,,,,latin,829
Happy National Farmers' Day to the farmers who meet our nation's food needs. Your commitment to agriculture is a guarantee of growth and development for our future generations. Salute to our farmer brothers for their unwavering dedication #KissanDay,2,826,yes,,,,latin,1
no,4,826,yes,,,,latin,1332
PX7Lvjs639U,0,827,no,,,,latin,829
Salam Kissan | Kissan Day 18th Dec | A Tribute to Farmers by Sarsabz Fertilizer,1,827,yes,,,,latin,829
❤❤❤❤,2,827,yes,,,,other,7
yes,4,827,yes,,,,latin,240
PX7Lvjs639U,0,828,no,,,,latin,829
Salam Kissan | Kissan Day 18th Dec | A Tribute to Farmers by Sarsabz Fertilizer,1,828,yes,,,,latin,829
Great tribute. Tmam kissan bhaion ka shukriya jo din raat mehnat kr ke is mulk ko chlatae hen,2,828,yes,,,,latin,1
no,4,828,yes,,,,latin,1332
PX7Lvjs639U,0,829,no,,,,latin,829
Salam Kissan | Kissan Day 18th Dec | A Tribute to Farmers by Sarsabz Fertilizer,1,829,yes,,,,latin,829
"Amazing initiative by Sarsabz, Kissan are the backbone of our agricultural country, their dedication towards work save the country from food shortage. #SalamKissan #Sarsabz #FatimaGroup",2,829,yes,,,,latin,1
no,4,829,yes,,,,latin,1332
PX7Lvjs639U,0,830,no,,,,latin,829
Salam Kissan | Kissan Day 18th Dec | A Tribute to Farmers by Sarsabz Fertilizer,1,830,yes,,,,latin,829
Thank you so much for appreciate kisan,2,830,yes,,,,latin,1
no,4,830,yes,,,,latin,1332
PX7Lvjs639U,0,831,no,,,,latin,829
Salam Kissan | Kissan Day 18th Dec | A Tribute to Farmers by Sarsabz Fertilizer,1,831,yes,,,,latin,829
Salam kisan❤🇵🇰,2,831,yes,,,,latin,1
no,4,831,yes,,,,latin,1332
PX7Lvjs639U,0,832,no,,,,latin,829
Salam Kissan | Kissan Day 18th Dec | A Tribute to Farmers by Sarsabz Fertilizer,1,832,yes,,,,latin,829
Thank you kissan and god bless u all 😊❤,2,832,yes,,,,latin,1
no,4,832,yes,,,,latin,1332
PX7Lvjs639U,0,833,no,,,,latin,829
Salam Kissan | Kissan Day 18th Dec | A Tribute to Farmers by Sarsabz Fertilizer,1,833,yes,,,,latin,829
"Your dedication cultivates the foundation of our communities. Through seasons of hard work, you sow prosperity and resilience. Your hands shape not just fields but the tapestry of life, ensuring no one goes hungry. Thank you for grounding us in the certainty that the land will yield its bounty. Your tireless efforts are the backbone of our society. #Salaam Kissan #Sarsabz Fertilizers",2,833,yes,,,,latin,1
no,4,833,yes,,,,latin,1332
PX7Lvjs639U,0,834,no,,,,latin,829
Salam Kissan | Kissan Day 18th Dec | A Tribute to Farmers by Sarsabz Fertilizer,1,834,yes,,,,latin,829
Proud of our farmers 🫡,2,834,yes,,,,latin,1
no,4,834,yes,,,,latin,1332
PX7Lvjs639U,0,835,no,,,,latin,829
Salam Kissan | Kissan Day 18th Dec | A Tribute to Farmers by Sarsabz Fertilizer,1,835,yes,,,,latin,829
Slam Kasaan ❤❤❤❤❤,2,835,yes,,,,latin,1
no,4,835,yes,,,,latin,1332
PX7Lvjs639U,0,836,no,,,,latin,829
Salam Kissan | Kissan Day 18th Dec | A Tribute to Farmers by Sarsabz Fertilizer,1,836,yes,,,,latin,829
PROUD TO BE MUSLIM❤,2,836,yes,,,,latin,1
no,4,836,yes,,,,latin,1332
PX7Lvjs639U,0,837,no,,,,latin,829
Salam Kissan | Kissan Day 18th Dec | A Tribute to Farmers by Sarsabz Fertilizer,1,837,yes,,,,latin,829
سلام ان کسانوں کو جو کھیتوں میں دن رات محنت کر کے ہمارے دسترخوانوں کو انواع و اقسام کے کھانوں سے سجاتے ہیں۔ آپ کی محنت اور بے لوث لگن ہمارا قیمتی اثاثہ ہیں. ہمیں آپ پر فخر ہے.,2,837,yes,,,,urdu_script,1
no,4,837,yes,,,,latin,1332
PX7Lvjs639U,0,838,no,,,,latin,829
Salam Kissan | Kissan Day 18th Dec | A Tribute to Farmers by Sarsabz Fertilizer,1,838,yes,,,,latin,829
❤❤❤❤❤❤,2,838,yes,,,,other,3
no,4,838,yes,,,,latin,1332
PX7Lvjs639U,0,839,no,,,,latin,829
Salam Kissan | Kissan Day 18th Dec | A Tribute to Farmers by Sarsabz Fertilizer,1,839,yes,,,,latin,829
Really farmers are the backbone of our country and its economy . We should respect them .,2,839,yes,,,,latin,1
no,4,839,yes,,,,latin,1332
PX7Lvjs639U,0,840,no,,,,latin,829
Salam Kissan | Kissan Day 18th Dec | A Tribute to Farmers by Sarsabz Fertilizer,1,840,yes,,,,latin,829
Thanks ❤,2,840,yes,,,,latin,1
no,4,840,yes,,,,latin,1332
PX7Lvjs639U,0,841,no,,,,latin,829
Salam Kissan | Kissan Day 18th Dec | A Tribute to Farmers by Sarsabz Fertilizer,1,841,yes,,,,latin,829
"Farmers, the silent architects of our plates, plant dreams in the soil, growing a symphony of sustenance that feeds the world. Meanwhile, brilliantly & effortlessly displayed by Fatima as always. Fatima you done & dusted. #SarsabzPakistan #SalamKissan #KissanDay",2,841,yes,,,,latin,1
no,4,841,yes,,,,latin,1332
PX7Lvjs639U,0,842,no,,,,latin,829
Salam Kissan | Kissan Day 18th Dec | A Tribute to Farmers by Sarsabz Fertilizer,1,842,yes,,,,latin,829
Farmers work hard,2,842,yes,,,,latin,1
no,4,842,yes,,,,latin,1332
PX7Lvjs639U,0,843,no,,,,latin,829
Salam Kissan | Kissan Day 18th Dec | A Tribute to Farmers by Sarsabz Fertilizer,1,843,yes,,,,latin,829
Thank you❤,2,843,yes,,,,latin,1
no,4,843,yes,,,,latin,1332
PX7Lvjs639U,0,844,no,,,,latin,829
Salam Kissan | Kissan Day 18th Dec | A Tribute to Farmers by Sarsabz Fertilizer,1,844,yes,,,,latin,829
❤❤,2,844,yes,,,,other,16
no,4,844,yes,,,,latin,1332
PX7Lvjs639U,0,845,no,,,,latin,829
Salam Kissan | Kissan Day 18th Dec | A Tribute to Farmers by Sarsabz Fertilizer,1,845,yes,,,,latin,829
Ducky Army like Kra 😊,2,845,yes,,,,latin,1
no,4,845,yes,,,,latin,1332
PX7Lvjs639U,0,846,no,,,,latin,829
Salam Kissan | Kissan Day 18th Dec | A Tribute to Farmers by Sarsabz Fertilizer,1,846,yes,,,,latin,829
Allah AP ki Mehnat ka Sila ATA Frmaye Ameen 🤲🌹🌹🌹🤲,2,846,yes,,,,latin,1
no,4,846,yes,,,,latin,1332
PX7Lvjs639U,0,847,no,,,,latin,829
Salam Kissan | Kissan Day 18th Dec | A Tribute to Farmers by Sarsabz Fertilizer,1,847,yes,,,,latin,829
Thanks,2,847,yes,,,,latin,4
no,4,847,yes,,,,latin,1332
PX7Lvjs639U,0,848,no,,,,latin,829
Salam Kissan | Kissan Day 18th Dec | A Tribute to Farmers by Sarsabz Fertilizer,1,848,yes,,,,latin,829
Thanks kissan,2,848,yes,,,,latin,1
no,4,848,yes,,,,latin,1332
PX7Lvjs639U,0,849,no,,,,latin,829
Salam Kissan | Kissan Day 18th Dec | A Tribute to Farmers by Sarsabz Fertilizer,1,849,yes,,,,latin,829
"A Tribute to Heroes of Agriculture Sector of Pakistan. ""Kissan"". Fatima Fertilizer is the first ever Company in Pakistan who not only identified the importance & recognised the efforts of farmers in building the agri economy as well as supporting ,"" Kissan "" in achieving this goal SalamKissan # salam Pakistan #. Sarsabz Pakistan",2,849,yes,,,,latin,1
no,4,849,yes,,,,latin,1332
PX7Lvjs639U,0,850,no,,,,latin,829
Salam Kissan | Kissan Day 18th Dec | A Tribute to Farmers by Sarsabz Fertilizer,1,850,yes,,,,latin,829
Thanks ❤❤,2,850,yes,,,,latin,1
no,4,850,yes,,,,latin,1332
PX7Lvjs639U,0,851,no,,,,latin,829
Salam Kissan | Kissan Day 18th Dec | A Tribute to Farmers by Sarsabz Fertilizer,1,851,yes,,,,latin,829
Impressive effort by Sarsabz team. Powerful message to keep determined and focussed despite of challenges which come during process. Nice way to say tribute to farmers for efforts they are putting to serve and feed nation. Kudos to all farmers and very well done Sarsabz team for acknowledging their efforts. #SalamKissan#FarmerDay#SarsabzPakistan#SarsabzTeam,2,851,yes,,,,latin,1
no,4,851,yes,,,,latin,1332
PX7Lvjs639U,0,852,no,,,,latin,829
Salam Kissan | Kissan Day 18th Dec | A Tribute to Farmers by Sarsabz Fertilizer,1,852,yes,,,,latin,829
Pakistan kisan our pride,2,852,yes,,,,latin,1
no,4,852,yes,,,,latin,1332
PX7Lvjs639U,0,853,no,,,,latin,829
Salam Kissan | Kissan Day 18th Dec | A Tribute to Farmers by Sarsabz Fertilizer,1,853,yes,,,,latin,829
Good work and salute to Farmers. 👍,2,853,yes,,,,latin,1
no,4,853,yes,,,,latin,1332
PX7Lvjs639U,0,854,no,,,,latin,829
Salam Kissan | Kissan Day 18th Dec | A Tribute to Farmers by Sarsabz Fertilizer,1,854,yes,,,,latin,829
"#Salam Kissan, # Sarsabz Pakistan. It is honor to pay tribute to the Farmers of Pakistan on recognizing their extreme hard work, passion, unwavering commitment and dedication. I like the message of hope exhibited by Kissan. Hope brings new energy with every passing day and helps kissan to fight on with great challenges of life. Those who never leave hope, won every battle in the life.",2,854,yes,,,,latin,1
no,4,854,yes,,,,latin,1332
PX7Lvjs639U,0,855,no,,,,latin,829
Salam Kissan | Kissan Day 18th Dec | A Tribute to Farmers by Sarsabz Fertilizer,1,855,yes,,,,latin,829
Happy kesaan day,2,855,yes,,,,latin,1
no,4,855,yes,,,,latin,1332
PX7Lvjs639U,0,856,no,,,,latin,829
Salam Kissan | Kissan Day 18th Dec | A Tribute to Farmers by Sarsabz Fertilizer,1,856,yes,,,,latin,829
no,4,856,yes,,,,latin,1332
PX7Lvjs639U,0,857,no,,,,latin,829
Salam Kissan | Kissan Day 18th Dec | A Tribute to Farmers by Sarsabz Fertilizer,1,857,yes,,,,latin,829
Our Pakistani farmers are proud of our beloved country Pakistan,2,857,yes,,,,latin,1
no,4,857,yes,,,,latin,1332
PX7Lvjs639U,0,858,no,,,,latin,829
Salam Kissan | Kissan Day 18th Dec | A Tribute to Farmers by Sarsabz Fertilizer,1,858,yes,,,,latin,829
Well done sibt e Hasan bhai,2,858,yes,,,,latin,1
no,4,858,yes,,,,latin,1332
PX7Lvjs639U,0,859,no,,,,latin,829
Salam Kissan | Kissan Day 18th Dec | A Tribute to Farmers by Sarsabz Fertilizer,1,859,yes,,,,latin,829
Ducky Bhai army,2,859,yes,,,,latin,1
no,4,859,yes,,,,latin,1332
PX7Lvjs639U,0,860,no,,,,latin,829
Salam Kissan | Kissan Day 18th Dec | A Tribute to Farmers by Sarsabz Fertilizer,1,860,yes,,,,latin,829
THANKS,2,860,yes,,,,latin,1
no,4,860,yes,,,,latin,1332
PX7Lvjs639U,0,861,no,,,,latin,829
Salam Kissan | Kissan Day 18th Dec | A Tribute to Farmers by Sarsabz Fertilizer,1,861,yes,,,,latin,829
Duck bhaii,2,861,yes,,,,latin,1
no,4,861,yes,,,,latin,1332
PX7Lvjs639U,0,862,no,,,,latin,829
Salam Kissan | Kissan Day 18th Dec | A Tribute to Farmers by Sarsabz Fertilizer,1,862,yes,,,,latin,829
"Very strong and emotional expression of emotions for farmers community. A very touchy message, i always get involved and lost in emotions. Extremely powerful theme expressed by Fatima Fertilizer team, showcasing farmer's efforts and courage while facing very hard natural climatic conditions, falling down along with his family and then gathering courage and then standing tall with a pride of smile on his face and his family member. Salam Kissan, Sarsabz Pakistan. Stay Strong Kissan and Team Sarsabz.",2,862,yes,,,,latin,1
no,4,862,yes,,,,latin,1332
PX7Lvjs639U,0,863,no,,,,latin,829
Salam Kissan | Kissan Day 18th Dec | A Tribute to Farmers by Sarsabz Fertilizer,1,863,yes,,,,latin,829
Proud to be a farmer💖,2,863,yes,,,,latin,1
no,4,863,yes,,,,latin,1332
PX7Lvjs639U,0,864,no,,,,latin,829
Salam Kissan | Kissan Day 18th Dec | A Tribute to Farmers by Sarsabz Fertilizer,1,864,yes,,,,latin,829
We should be very thankful for food on our tables.The clothes our back. And to the farmers who make it possible. Thank u so mush kissaan.❤❤❤❤❤❤❤❤❤❤,2,864,yes,,,,latin,1
no,4,864,yes,,,,latin,1332
PX7Lvjs639U,0,865,no,,,,latin,829
Salam Kissan | Kissan Day 18th Dec | A Tribute to Farmers by Sarsabz Fertilizer,1,865,yes,,,,latin,829
بہت خوبصورت دی سے ویڈیو بنائیں اپ کو میں داد دیتی ہوں❤❤,2,865,yes,,,,urdu_script,1
no,4,865,yes,,,,latin,1332
PX7Lvjs639U,0,866,no,,,,latin,829
Salam Kissan | Kissan Day 18th Dec | A Tribute to Farmers by Sarsabz Fertilizer,1,866,yes,,,,latin,829
Happy kissan day thanks for all kissan 😊 ❤,2,866,yes,,,,latin,1
no,4,866,yes,,,,latin,1332
PX7Lvjs639U,0,867,no,,,,latin,829
Salam Kissan | Kissan Day 18th Dec | A Tribute to Farmers by Sarsabz Fertilizer,1,867,yes,,,,latin,829
Kisses ke azamt KO salam🎉🎉 🎉,2,867,yes,,,,latin,1
no,4,867,yes,,,,latin,1332
PX7Lvjs639U,0,868,no,,,,latin,829
Salam Kissan | Kissan Day 18th Dec | A Tribute to Farmers by Sarsabz Fertilizer,1,868,yes,,,,latin,829
Thanks kisam from Ducky bhau,2,868,yes,,,,latin,1
no,4,868,yes,,,,latin,1332
PX7Lvjs639U,0,869,no,,,,latin,829
Salam Kissan | Kissan Day 18th Dec | A Tribute to Farmers by Sarsabz Fertilizer,1,869,yes,,,,latin,829
Kisan na hoty tu hum bhoky mar jaty 😢❤,2,869,yes,,,,latin,1
no,4,869,yes,,,,latin,1332
PX7Lvjs639U,0,870,no,,,,latin,829
Salam Kissan | Kissan Day 18th Dec | A Tribute to Farmers by Sarsabz Fertilizer,1,870,yes,,,,latin,829
"In the face of devastating floods, Pakistan's resilient farmers stood undeterred, cultivating hope from the mud and chaos. Their unwavering spirit not only revived crops but also breathed life into communities, fostering a brighter future and fortifying Pakistan's economic landscape. Salute to the indomitable farmers, the unsung heroes of resilience and renewal. #SalamKissan ❤",2,870,yes,,,,latin,1
no,4,870,yes,,,,latin,1332
PX7Lvjs639U,0,871,no,,,,latin,829
Salam Kissan | Kissan Day 18th Dec | A Tribute to Farmers by Sarsabz Fertilizer,1,871,yes,,,,latin,829
❤❤❤❤❤❤❤❤❤,2,871,yes,,,,other,1
no,4,871,yes,,,,latin,1332
PX7Lvjs639U,0,872,no,,,,latin,829
Salam Kissan | Kissan Day 18th Dec | A Tribute to Farmers by Sarsabz Fertilizer,1,872,yes,,,,latin,829
کسان تجھے سلام! سلام ميرے وطن کے بہادر کسانوں کو جو اپنی محنت سے کرتے ہيں سب کام راس! میرا کسان - میرا پاکستان! #kissanday,2,872,yes,,,,mixed,1
no,4,872,yes,,,,latin,1332
PX7Lvjs639U,0,873,no,,,,latin,829
Salam Kissan | Kissan Day 18th Dec | A Tribute to Farmers by Sarsabz Fertilizer,1,873,yes,,,,latin,829
ہمارے ملک کی خوراک کی ضرورتوں کو پورا کرنے والے ہیروز کو کسانوں کے قومی دن کی مبارکباد. زراعت سے آپ کی وابستگی ترقی اور ہماری آنے والی نسلوں کی نشونما کی ضامن ہے۔ ہمارے کسان بھائیوں کو ان کی غیر متزلزل لگن کے لئے سلام۔ #KissanDay,2,873,yes,,,,mixed,1
no,4,873,yes,,,,latin,1332
PX7Lvjs639U,0,874,no,,,,latin,829
Salam Kissan | Kissan Day 18th Dec | A Tribute to Farmers by Sarsabz Fertilizer,1,874,yes,,,,latin,829
Thanks to all our farmers who work hard for us ❤❤❤🫶,2,874,yes,,,,latin,1
no,4,874,yes,,,,latin,1332
PX7Lvjs639U,0,875,no,,,,latin,829
Salam Kissan | Kissan Day 18th Dec | A Tribute to Farmers by Sarsabz Fertilizer,1,875,yes,,,,latin,829
Came here from ducky bhie vlog❤❤❤❤,2,875,yes,,,,latin,1
no,4,875,yes,,,,latin,1332
PX7Lvjs639U,0,876,no,,,,latin,829
Salam Kissan | Kissan Day 18th Dec | A Tribute to Farmers by Sarsabz Fertilizer,1,876,yes,,,,latin,829
Thank you ❤❤,2,876,yes,,,,latin,1
no,4,876,yes,,,,latin,1332
PX7Lvjs639U,0,877,no,,,,latin,829
Salam Kissan | Kissan Day 18th Dec | A Tribute to Farmers by Sarsabz Fertilizer,1,877,yes,,,,latin,829
you all are doing great work love from ducky bhai,2,877,yes,,,,latin,1
no,4,877,yes,,,,latin,1332
PX7Lvjs639U,0,878,no,,,,latin,829
Salam Kissan | Kissan Day 18th Dec | A Tribute to Farmers by Sarsabz Fertilizer,1,878,yes,,,,latin,829
Salam Kissan Happy Kissan Day! #SalamKissan #KissanDay #SarsabzPakistan,2,878,yes,,,,latin,1
no,4,878,yes,,,,latin,1332
PX7Lvjs639U,0,879,no,,,,latin,829
Salam Kissan | Kissan Day 18th Dec | A Tribute to Farmers by Sarsabz Fertilizer,1,879,yes,,,,latin,829
Salam Kissan Happy Kissan Day,2,879,yes,,,,latin,1
no,4,879,yes,,,,latin,1332
PX7Lvjs639U,0,880,no,,,,latin,829
Salam Kissan | Kissan Day 18th Dec | A Tribute to Farmers by Sarsabz Fertilizer,1,880,yes,,,,latin,829
Mash Allah bahot khoob,2,880,yes,,,,latin,1
no,4,880,yes,,,,latin,1332
PX7Lvjs639U,0,881,no,,,,latin,829
Salam Kissan | Kissan Day 18th Dec | A Tribute to Farmers by Sarsabz Fertilizer,1,881,yes,,,,latin,829
❤❤❤Kisan Allah aapko Hamesha Salamat Rakhe,2,881,yes,,,,latin,1
no,4,881,yes,,,,latin,1332
PX7Lvjs639U,0,882,no,,,,latin,829
Salam Kissan | Kissan Day 18th Dec | A Tribute to Farmers by Sarsabz Fertilizer,1,882,yes,,,,latin,829
Nicebest🎉🎉🎉🎉🎉🎉❤❤❤❤❤,2,882,yes,,,,latin,1
no,4,882,yes,,,,latin,1332
PX7Lvjs639U,0,883,no,,,,latin,829
Salam Kissan | Kissan Day 18th Dec | A Tribute to Farmers by Sarsabz Fertilizer,1,883,yes,,,,latin,829
❤❤,2,883,yes,,,,other,16
no,4,883,yes,,,,latin,1332
PX7Lvjs639U,0,884,no,,,,latin,829
Salam Kissan | Kissan Day 18th Dec | A Tribute to Farmers by Sarsabz Fertilizer,1,884,yes,,,,latin,829
Ducky family,2,884,yes,,,,latin,1
no,4,884,yes,,,,latin,1332
PX7Lvjs639U,0,885,no,,,,latin,829
Salam Kissan | Kissan Day 18th Dec | A Tribute to Farmers by Sarsabz Fertilizer,1,885,yes,,,,latin,829
Thank you farmer's ❤,2,885,yes,,,,latin,1
no,4,885,yes,,,,latin,1332
PX7Lvjs639U,0,886,no,,,,latin,829
Salam Kissan | Kissan Day 18th Dec | A Tribute to Farmers by Sarsabz Fertilizer,1,886,yes,,,,latin,829
Farmers we all loves you with the core of our heart ❤❤❤❤❤❤❤❤❤❤❤,2,886,yes,,,,latin,1
no,4,886,yes,,,,latin,1332
PX7Lvjs639U,0,887,no,,,,latin,829
Salam Kissan | Kissan Day 18th Dec | A Tribute to Farmers by Sarsabz Fertilizer,1,887,yes,,,,latin,829
Thanks to all farmers❤❤,2,887,yes,,,,latin,1
no,4,887,yes,,,,latin,1332
PX7Lvjs639U,0,888,no,,,,latin,829
Salam Kissan | Kissan Day 18th Dec | A Tribute to Farmers by Sarsabz Fertilizer,1,888,yes,,,,latin,829
Salaam kisaan,2,888,yes,,,,latin,2
no,4,888,yes,,,,latin,1332
PX7Lvjs639U,0,889,no,,,,latin,829
Salam Kissan | Kissan Day 18th Dec | A Tribute to Farmers by Sarsabz Fertilizer,1,889,yes,,,,latin,829
Thnks kisan 🎉🎉🎉 bhai,2,889,yes,,,,latin,1
no,4,889,yes,,,,latin,1332
PX7Lvjs639U,0,890,no,,,,latin,829
Salam Kissan | Kissan Day 18th Dec | A Tribute to Farmers by Sarsabz Fertilizer,1,890,yes,,,,latin,829
Heart touching video by SARSABZ and thanks to FATIMA GROUP for recognizing the hard working farmers of Pakistan.,2,890,yes,,,,latin,1
no,4,890,yes,,,,latin,1332
PX7Lvjs639U,0,891,no,,,,latin,829
Salam Kissan | Kissan Day 18th Dec | A Tribute to Farmers by Sarsabz Fertilizer,1,891,yes,,,,latin,829
🎉🎉🎉,2,891,yes,,,,other,3
no,4,891,yes,,,,latin,1332
PX7Lvjs639U,0,892,no,,,,latin,829
Salam Kissan | Kissan Day 18th Dec | A Tribute to Farmers by Sarsabz Fertilizer,1,892,yes,,,,latin,829
"Thank you, Sarsabz Team, for shedding light on the challenges faced by our farmers during last year's rains in Pakistan. The portrayal of a farmer selling their property is moving, showcasing the harsh impact of climate change. As urban consumers, we often overlook their struggles. Let's prioritize climate change in our national agenda, supporting farmers with sustainable practices, financial aid, and awareness. Sending heartfelt gratitude to farmers for their dedication and hard work. Your resilience is inspiring. Thanks for ensuring a steady food supply. Your efforts don't go unnoticed. Wishing you success and prosperity. #SalamKissan #KissanDay #SarsabzPakistan #FatimaGroup",2,892,yes,,,,latin,1
no,4,892,yes,,,,latin,1332
PX7Lvjs639U,0,893,no,,,,latin,829
Salam Kissan | Kissan Day 18th Dec | A Tribute to Farmers by Sarsabz Fertilizer,1,893,yes,,,,latin,829
"This video depicted the misery and pain , our farmer brothers/sisters and their family have gone through. No doubt being agricultural country, Farmers are the backbone of PAKISTAN's economy. The zeal, passion and determination they have exerted in the fields after sustaining very difficult situation like floods , There is only one word for them, #SALAM_KISSAN. Dear Farmers _ You are not less than a SUPER HERO.",2,893,yes,,,,latin,1
no,4,893,yes,,,,latin,1332
PX7Lvjs639U,0,894,no,,,,latin,829
Salam Kissan | Kissan Day 18th Dec | A Tribute to Farmers by Sarsabz Fertilizer,1,894,yes,,,,latin,829
Alhamdullilah im kisan ❤,2,894,yes,,,,latin,1
no,4,894,yes,,,,latin,1332
PX7Lvjs639U,0,895,no,,,,latin,829
Salam Kissan | Kissan Day 18th Dec | A Tribute to Farmers by Sarsabz Fertilizer,1,895,yes,,,,latin,829
❤❤❤,2,895,yes,,,,other,15
no,4,895,yes,,,,latin,1332
PX7Lvjs639U,0,896,no,,,,latin,829
Salam Kissan | Kissan Day 18th Dec | A Tribute to Farmers by Sarsabz Fertilizer,1,896,yes,,,,latin,829
thanks to ducky bhai and turab bhai for letting us know,2,896,yes,,,,latin,1
no,4,896,yes,,,,latin,1332
PX7Lvjs639U,0,897,no,,,,latin,829
Salam Kissan | Kissan Day 18th Dec | A Tribute to Farmers by Sarsabz Fertilizer,1,897,yes,,,,latin,829
Nice,2,897,yes,,,,latin,8
no,4,897,yes,,,,latin,1332
PX7Lvjs639U,0,898,no,,,,latin,829
Salam Kissan | Kissan Day 18th Dec | A Tribute to Farmers by Sarsabz Fertilizer,1,898,yes,,,,latin,829
Love you 😘😘😘😘😘😘,2,898,yes,,,,latin,1
no,4,898,yes,,,,latin,1332
PX7Lvjs639U,0,899,no,,,,latin,829
Salam Kissan | Kissan Day 18th Dec | A Tribute to Farmers by Sarsabz Fertilizer,1,899,yes,,,,latin,829
Salam Kisaaan ❤️ Salam Pakistan ❤️‍🩹 #duckybhai,2,899,yes,,,,latin,1
no,4,899,yes,,,,latin,1332
PX7Lvjs639U,0,900,no,,,,latin,829
Salam Kissan | Kissan Day 18th Dec | A Tribute to Farmers by Sarsabz Fertilizer,1,900,yes,,,,latin,829
"Salam Kissan, Our ture hero's. The story depicts the realty of the hardships faced by our kissan.",2,900,yes,,,,latin,1
no,4,900,yes,,,,latin,1332
PX7Lvjs639U,0,901,no,,,,latin,829
Salam Kissan | Kissan Day 18th Dec | A Tribute to Farmers by Sarsabz Fertilizer,1,901,yes,,,,latin,829
yes,4,901,yes,,,,latin,240
PX7Lvjs639U,0,902,no,,,,latin,829
Salam Kissan | Kissan Day 18th Dec | A Tribute to Farmers by Sarsabz Fertilizer,1,902,yes,,,,latin,829
"To Pakistani farmers, your dedication and resilience cultivate not just corps, but hope and sustenance. Your unwavering commitment sustains our nation. Your toil feeds our future. Your labor is honoured and cherished deeply. Thank you",2,902,yes,,,,latin,1
no,4,902,yes,,,,latin,1332
PX7Lvjs639U,0,903,no,,,,latin,829
Salam Kissan | Kissan Day 18th Dec | A Tribute to Farmers by Sarsabz Fertilizer,1,903,yes,,,,latin,829
Solute to Kisan,2,903,yes,,,,latin,1
no,4,903,yes,,,,latin,1332
PX7Lvjs639U,0,904,no,,,,latin,829
Salam Kissan | Kissan Day 18th Dec | A Tribute to Farmers by Sarsabz Fertilizer,1,904,yes,,,,latin,829
"Famers are playing their role as fore fighters for Pakistan economy and considered as backbone for economic growth, served their life for the food of others and to fill other stomach. Their dedication, work and love for their work should be appraise and celebrate like fatima group. Happy Kisaan Day❤❤❤",2,904,yes,,,,latin,1
no,4,904,yes,,,,latin,1332
PX7Lvjs639U,0,905,no,,,,latin,829
Salam Kissan | Kissan Day 18th Dec | A Tribute to Farmers by Sarsabz Fertilizer,1,905,yes,,,,latin,829
Farmers are our pride❤❤ You are the backbone for our country economic growth..,2,905,yes,,,,latin,1
no,4,905,yes,,,,latin,1332
PX7Lvjs639U,0,906,no,,,,latin,829
Salam Kissan | Kissan Day 18th Dec | A Tribute to Farmers by Sarsabz Fertilizer,1,906,yes,,,,latin,829
"The video gave me goosebumps. The sacrifice, hardwork and resilience of the farmers is commendable. Salute to the farmers.#Salamkissan",2,906,yes,,,,latin,1
no,4,906,yes,,,,latin,1332
PX7Lvjs639U,0,907,no,,,,latin,829
Salam Kissan | Kissan Day 18th Dec | A Tribute to Farmers by Sarsabz Fertilizer,1,907,yes,,,,latin,829
Proud to be farmers,2,907,yes,,,,latin,1
no,4,907,yes,,,,latin,1332
PX7Lvjs639U,0,908,no,,,,latin,829
Salam Kissan | Kissan Day 18th Dec | A Tribute to Farmers by Sarsabz Fertilizer,1,908,yes,,,,latin,829
Wow,2,908,yes,,,,latin,3
no,4,908,yes,,,,latin,1332
PX7Lvjs639U,0,909,no,,,,latin,829
Salam Kissan | Kissan Day 18th Dec | A Tribute to Farmers by Sarsabz Fertilizer,1,909,yes,,,,latin,829
"Really inspiring and emotional. Biggest thanks goes only and only to our very farmers who actually workdays as well as nights for us so that we can actually get all that food to eat. Salute to all those farmers who are actually working so persistently as well as so very tirelessly for all the people like us. Hats off only and only to all my hard-working farmers, who actually are so very much humble that they actually make all that very variety of food items available for us while we just actually keep doing all of our work here. Thanksgiving to all farmers",2,909,yes,,,,latin,1
no,4,909,yes,,,,latin,1332
PX7Lvjs639U,0,910,no,,,,latin,829
Salam Kissan | Kissan Day 18th Dec | A Tribute to Farmers by Sarsabz Fertilizer,1,910,yes,,,,latin,829
سلام پاکستان,2,910,yes,,,,urdu_script,1
no,4,910,yes,,,,latin,1332
PX7Lvjs639U,0,911,no,,,,latin,829
Salam Kissan | Kissan Day 18th Dec | A Tribute to Farmers by Sarsabz Fertilizer,1,911,yes,,,,latin,829
"Pakistan relies heavily on agriculture, with farmers playing a crucial role in the nation's agrarian landscape. Our farmers face challenges head-on but their resolute stands as tall as the robust crop they cultivate. Flood and heavy rains might have assessed the resilience of their crops but these could not diminish the unyielding determination that flows through our farmers' veins. Similar to seeds weathering storms to grow into towering trees, our farmers will ascend beyond these obstacles. Humare kisaanon ko salam.",2,911,yes,,,,latin,1
no,4,911,yes,,,,latin,1332
PX7Lvjs639U,0,912,no,,,,latin,829
Salam Kissan | Kissan Day 18th Dec | A Tribute to Farmers by Sarsabz Fertilizer,1,912,yes,,,,latin,829
Who Is here From Ducky Bhai Vlogs,2,912,yes,,,,latin,1
no,4,912,yes,,,,latin,1332
PX7Lvjs639U,0,913,no,,,,latin,829
Salam Kissan | Kissan Day 18th Dec | A Tribute to Farmers by Sarsabz Fertilizer,1,913,yes,,,,latin,829
THANKS my father is also a farmar.❤,2,913,yes,,,,latin,1
no,4,913,yes,,,,latin,1332
PX7Lvjs639U,0,914,no,,,,latin,829
Salam Kissan | Kissan Day 18th Dec | A Tribute to Farmers by Sarsabz Fertilizer,1,914,yes,,,,latin,829
"Being son of a Farmer, I found this song so engaging and moving. Everyone can feel the joys behind smiles and miseries behind wrinkles; our hardworking farmers & families go through. Bravo Kissan. We owe you a BIG THANK YOU❤",2,914,yes,,,,latin,1
no,4,914,yes,,,,latin,1332
PX7Lvjs639U,0,915,no,,,,latin,829
Salam Kissan | Kissan Day 18th Dec | A Tribute to Farmers by Sarsabz Fertilizer,1,915,yes,,,,latin,829
"#salamkissan#fatimagroup#ffl After watching this video my heart filled with gratitude 😇👍 and thankfulness 😊 for our hardworking farmers for being source of light and hope for every person of Pakistan in the darkest time of nation (flood). Message to farmers : Your hardwork, dedication, passion and positivity sustains us all. Through seasons of growth and uncertainty (flood) you stand resilient. Thank you 😊☺️ for being the backbone of our food supply, for turning earth into a canvas of sustenance and for countless hours you invest to feed communities. You work is gift to us all and on Farmers day we acknowledge and appreciate impact you make 👍 Regards Muhammad Uzair Asif Fatima Fertilizer Company Limited",2,915,yes,,,,latin,1
no,4,915,yes,,,,latin,1332
PX7Lvjs639U,0,916,no,,,,latin,829
Salam Kissan | Kissan Day 18th Dec | A Tribute to Farmers by Sarsabz Fertilizer,1,916,yes,,,,latin,829
Thanks alot Allah gives for success and sabr❤,2,916,yes,,,,latin,1
no,4,916,yes,,,,latin,1332
PX7Lvjs639U,0,917,no,,,,latin,829
Salam Kissan | Kissan Day 18th Dec | A Tribute to Farmers by Sarsabz Fertilizer,1,917,yes,,,,latin,829
Salam Kissan Sarsabz Pakistan❤❤❤ 👇,2,917,yes,,,,latin,1
no,4,917,yes,,,,latin,1332
PX7Lvjs639U,0,918,no,,,,latin,829
Salam Kissan | Kissan Day 18th Dec | A Tribute to Farmers by Sarsabz Fertilizer,1,918,yes,,,,latin,829
after Ducky bhai video,2,918,yes,,,,latin,1
no,4,918,yes,,,,latin,1332
PX7Lvjs639U,0,919,no,,,,latin,829
Salam Kissan | Kissan Day 18th Dec | A Tribute to Farmers by Sarsabz Fertilizer,1,919,yes,,,,latin,829
Salam kisan kisan tere Azmat ko salam,2,919,yes,,,,latin,1
no,4,919,yes,,,,latin,1332
PX7Lvjs639U,0,920,no,,,,latin,829
Salam Kissan | Kissan Day 18th Dec | A Tribute to Farmers by Sarsabz Fertilizer,1,920,yes,,,,latin,829
Happy kissan day🎉❤,2,920,yes,,,,latin,1
no,4,920,yes,,,,latin,1332
PX7Lvjs639U,0,921,no,,,,latin,829
Salam Kissan | Kissan Day 18th Dec | A Tribute to Farmers by Sarsabz Fertilizer,1,921,yes,,,,latin,829
❤❤❤کسانوں کو کھاد نہیں مل رہی یہ کسی کو نظر نہیں ائے گا کیا کسان ڈے منانے سے کسانوں کی مشکلات دور ہو سکتی ہیں ؟؟؟,2,921,yes,,,,urdu_script,1
no,4,921,yes,,,,latin,1332
PX7Lvjs639U,0,922,no,,,,latin,829
Salam Kissan | Kissan Day 18th Dec | A Tribute to Farmers by Sarsabz Fertilizer,1,922,yes,,,,latin,829
no,4,922,yes,,,,latin,1332
PX7Lvjs639U,0,923,no,,,,latin,829
Salam Kissan | Kissan Day 18th Dec | A Tribute to Farmers by Sarsabz Fertilizer,1,923,yes,,,,latin,829
"Ask the farmer about the meaning of halal sustenance. Sweat flows from the body of a farmer. In cold nights, in the hot sun, he takes care of his crops like he protects his child. In order to save, he puts his bed in the fields, wheat, cotton, rice or sugarcane he grows, he spends his life on all these crops . #Sarasbz",2,923,yes,,,,latin,1
no,4,923,yes,,,,latin,1332
PX7Lvjs639U,0,924,no,,,,latin,829
Salam Kissan | Kissan Day 18th Dec | A Tribute to Farmers by Sarsabz Fertilizer,1,924,yes,,,,latin,829
Zindabad kisan pakistan,2,924,yes,,,,latin,1
no,4,924,yes,,,,latin,1332
PX7Lvjs639U,0,925,no,,,,latin,829
Salam Kissan | Kissan Day 18th Dec | A Tribute to Farmers by Sarsabz Fertilizer,1,925,yes,,,,latin,829
Happy kissan day,2,925,yes,,,,latin,3
no,4,925,yes,,,,latin,1332
PX7Lvjs639U,0,926,no,,,,latin,829
Salam Kissan | Kissan Day 18th Dec | A Tribute to Farmers by Sarsabz Fertilizer,1,926,yes,,,,latin,829
"Excellent Tribute to all the Farmers who are our unsung heroes of the nation and toil tirelessly to cultivate the fertile lands of our beloved nation. In every furrow they plow, in every seed they sow, and in every sunrise and sunset witnessed from their fields, our farmers embody the spirit of dedication, resilience and hardwork. Expressing our collective gratitude for the abundance that graces our tables, thanks to the hardwork and dedication of each and every farmer across the Nation. #Salam_Kissan_Tribute is compiled in a very marvellous emotional way. It felt like we are nothing without our Kissan and nation's prosperity is in Kissan's prosperity. In our downsides, we must help each other as Fatima group is committed to help our Kissans through their enriched Fertilizers productss. #KissanDay #SarsabzPakistan #SalamKissan",2,926,yes,,,,latin,1
no,4,926,yes,,,,latin,1332
PX7Lvjs639U,0,927,no,,,,latin,829
Salam Kissan | Kissan Day 18th Dec | A Tribute to Farmers by Sarsabz Fertilizer,1,927,yes,,,,latin,829
Pakistan ke kisan hamari shan❤,2,927,yes,,,,latin,1
no,4,927,yes,,,,latin,1332
PX7Lvjs639U,0,928,no,,,,latin,829
Salam Kissan | Kissan Day 18th Dec | A Tribute to Farmers by Sarsabz Fertilizer,1,928,yes,,,,latin,829
Sarsabz and kissan together will take Pakistan to the top❤sarsabz is the best in appreciating whose hard work. If the condition of farmers is good then the condition of Pakistan will be good.,2,928,yes,,,,latin,1
no,4,928,yes,,,,latin,1332
PX7Lvjs639U,0,929,no,,,,latin,829
Salam Kissan | Kissan Day 18th Dec | A Tribute to Farmers by Sarsabz Fertilizer,1,929,yes,,,,latin,829
Thanks❤,2,929,yes,,,,latin,3
no,4,929,yes,,,,latin,1332
PX7Lvjs639U,0,930,no,,,,latin,829
Salam Kissan | Kissan Day 18th Dec | A Tribute to Farmers by Sarsabz Fertilizer,1,930,yes,,,,latin,829
Salam kissan,2,930,yes,,,,latin,4
no,4,930,yes,,,,latin,1332
PX7Lvjs639U,0,931,no,,,,latin,829
Salam Kissan | Kissan Day 18th Dec | A Tribute to Farmers by Sarsabz Fertilizer,1,931,yes,,,,latin,829
Kisan day Mubarak ho,2,931,yes,,,,latin,1
no,4,931,yes,,,,latin,1332
PX7Lvjs639U,0,932,no,,,,latin,829
Salam Kissan | Kissan Day 18th Dec | A Tribute to Farmers by Sarsabz Fertilizer,1,932,yes,,,,latin,829
Love 💞 you kisan brother,2,932,yes,,,,latin,1
no,4,932,yes,,,,latin,1332
PX7Lvjs639U,0,933,no,,,,latin,829
Salam Kissan | Kissan Day 18th Dec | A Tribute to Farmers by Sarsabz Fertilizer,1,933,yes,,,,latin,829
Thanks again for kisan,2,933,yes,,,,latin,1
no,4,933,yes,,,,latin,1332
PX7Lvjs639U,0,934,no,,,,latin,829
Salam Kissan | Kissan Day 18th Dec | A Tribute to Farmers by Sarsabz Fertilizer,1,934,yes,,,,latin,829
Happy Kissan day,2,934,yes,,,,latin,1
no,4,934,yes,,,,latin,1332
PX7Lvjs639U,0,935,no,,,,latin,829
Salam Kissan | Kissan Day 18th Dec | A Tribute to Farmers by Sarsabz Fertilizer,1,935,yes,,,,latin,829
Kisan tuje pure qom ka Salam 🤗,2,935,yes,,,,latin,1
no,4,935,yes,,,,latin,1332
PX7Lvjs639U,0,936,no,,,,latin,829
Salam Kissan | Kissan Day 18th Dec | A Tribute to Farmers by Sarsabz Fertilizer,1,936,yes,,,,latin,829
"No one can deny the efforts of a Kissan, Even a CEO is thankful to farmer for the efforts he/she has put in so he is having his bread in lunch beautifully portrayed in the video. #Salam Kissan #18December2023",2,936,yes,,,,latin,1
no,4,936,yes,,,,latin,1332
PX7Lvjs639U,0,937,no,,,,latin,829
Salam Kissan | Kissan Day 18th Dec | A Tribute to Farmers by Sarsabz Fertilizer,1,937,yes,,,,latin,829
Kisaan ko tribute wo hmary liya kiya krty hain hmein un ki mdad krni chahyw na kh khana waste kr dw. Aayein hm sab mil kr kisano ki madd krein aur sarsabz ko imdad bhi dein.Happy kisan day to all kisan watching. Let us create a happy environment . Salam un kisano ko jo hmry liye kiya kiya kr rhy hain aur apni jgh bhi kho rhy hain . Salute to all kisans,2,937,yes,,,,latin,1
no,4,937,yes,,,,latin,1332
PX7Lvjs639U,0,938,no,,,,latin,829
Salam Kissan | Kissan Day 18th Dec | A Tribute to Farmers by Sarsabz Fertilizer,1,938,yes,,,,latin,829
پاکستان کے کسان ہماری شان,2,938,yes,,,,urdu_script,1
no,4,938,yes,,,,latin,1332
PX7Lvjs639U,0,939,no,,,,latin,829
Salam Kissan | Kissan Day 18th Dec | A Tribute to Farmers by Sarsabz Fertilizer,1,939,yes,,,,latin,829
❤❤❤❤,2,939,yes,,,,other,7
no,4,939,yes,,,,latin,1332
PX7Lvjs639U,0,940,no,,,,latin,829
Salam Kissan | Kissan Day 18th Dec | A Tribute to Farmers by Sarsabz Fertilizer,1,940,yes,,,,latin,829
Thank you to all kisan I love you hor adwanc happy kisan day,2,940,yes,,,,latin,1
no,4,940,yes,,,,latin,1332
PX7Lvjs639U,0,941,no,,,,latin,829
Salam Kissan | Kissan Day 18th Dec | A Tribute to Farmers by Sarsabz Fertilizer,1,941,yes,,,,latin,829
❤❤,2,941,yes,,,,other,16
no,4,941,yes,,,,latin,1332
PX7Lvjs639U,0,942,no,,,,latin,829
Salam Kissan | Kissan Day 18th Dec | A Tribute to Farmers by Sarsabz Fertilizer,1,942,yes,,,,latin,829
Allah hamare sath ha,2,942,yes,,,,latin,1
no,4,942,yes,,,,latin,1332
PX7Lvjs639U,0,943,no,,,,latin,829
Salam Kissan | Kissan Day 18th Dec | A Tribute to Farmers by Sarsabz Fertilizer,1,943,yes,,,,latin,829
"Song is good, full of motivation and emotions, Message for farmers 1st of all Allah Pak bless all the farmers who have land near rivers, 2ndly farmers ko chaheeay k apnay reservoirs banain tak jin dino pani key kami ho to wahan say pani key puraee ho jaisa k india mein hota hai, phir aap ko chaheeay k aap modern farming key taraf jayen jiddat lain taakay aap ka crops export level pay aye or last mein agri land ko towns mein convert kerain keun ka agriculture hamari backbone hai",2,943,yes,,,,latin,1
no,4,943,yes,,,,latin,1332
PX7Lvjs639U,0,944,no,,,,latin,829
Salam Kissan | Kissan Day 18th Dec | A Tribute to Farmers by Sarsabz Fertilizer,1,944,yes,,,,latin,829
😢😢😢😮,2,944,yes,,,,other,1
no,4,944,yes,,,,latin,1332
PX7Lvjs639U,0,945,no,,,,latin,829
Salam Kissan | Kissan Day 18th Dec | A Tribute to Farmers by Sarsabz Fertilizer,1,945,yes,,,,latin,829
Yar kesan bohot mehnat karte hai congratulations for kesan day❤❤❤❤❤❤❤❤❤❤❤❤❤❤❤❤❤❤❤,2,945,yes,,,,latin,1
no,4,945,yes,,,,latin,1332
PX7Lvjs639U,0,946,no,,,,latin,829
Salam Kissan | Kissan Day 18th Dec | A Tribute to Farmers by Sarsabz Fertilizer,1,946,yes,,,,latin,829
Salam kissan Sarsabaz Pakistan❤,2,946,yes,,,,latin,1
no,4,946,yes,,,,latin,1332
PX7Lvjs639U,0,947,no,,,,latin,829
Salam Kissan | Kissan Day 18th Dec | A Tribute to Farmers by Sarsabz Fertilizer,1,947,yes,,,,latin,829
I salute of Farmer this is hardworking person Allah pak kissano ko Sehyat dy or lambi Omar atta farmay Ameen❤,2,947,yes,,,,latin,1
no,4,947,yes,,,,latin,1332
PX7Lvjs639U,0,948,no,,,,latin,829
Salam Kissan | Kissan Day 18th Dec | A Tribute to Farmers by Sarsabz Fertilizer,1,948,yes,,,,latin,829
I love all things about village I am also live in village but unfortunately not connected with farming,2,948,yes,,,,latin,1
no,4,948,yes,,,,latin,1332
PX7Lvjs639U,0,949,no,,,,latin,829
Salam Kissan | Kissan Day 18th Dec | A Tribute to Farmers by Sarsabz Fertilizer,1,949,yes,,,,latin,829
Pakistan ki Shan Kisan hamri Shan and Jan Alhumduillah My Father is Farmer to be proud a farmer❤,2,949,yes,,,,latin,1
no,4,949,yes,,,,latin,1332
PX7Lvjs639U,0,950,no,,,,latin,829
Salam Kissan | Kissan Day 18th Dec | A Tribute to Farmers by Sarsabz Fertilizer,1,950,yes,,,,latin,829
Very good ❤❤❤😢,2,950,yes,,,,latin,1
no,4,950,yes,,,,latin,1332
PX7Lvjs639U,0,951,no,,,,latin,829
Salam Kissan | Kissan Day 18th Dec | A Tribute to Farmers by Sarsabz Fertilizer,1,951,yes,,,,latin,829
Happy Kisan Day! Saluting the dedication and hard work of our farmers who contribute tirelessly to nourish the nation. Your efforts are the backbone of our prosperity. Salam Kisaan❤🎉,2,951,yes,,,,latin,1
no,4,951,yes,,,,latin,1332
PX7Lvjs639U,0,952,no,,,,latin,829
Salam Kissan | Kissan Day 18th Dec | A Tribute to Farmers by Sarsabz Fertilizer,1,952,yes,,,,latin,829
🎉😊😊😊😊😊😊😊😊😊😊😊😊😊😊😊😊😊😊😊😊❤❤❤❤❤❤❤❤❤❤❤❤❤❤❤❤❤❤❤❤❤❤❤❤❤❤❤❤❤❤❤❤❤❤❤❤❤🎉🎉🎉🎉,2,952,yes,,,,other,1
no,4,952,yes,,,,latin,1332
PX7Lvjs639U,0,953,no,,,,latin,829
Salam Kissan | Kissan Day 18th Dec | A Tribute to Farmers by Sarsabz Fertilizer,1,953,yes,,,,latin,829
Our Hero's__The Farmers 🥰❤,2,953,yes,,,,latin,1
no,4,953,yes,,,,latin,1332
PX7Lvjs639U,0,954,no,,,,latin,829
Salam Kissan | Kissan Day 18th Dec | A Tribute to Farmers by Sarsabz Fertilizer,1,954,yes,,,,latin,829
So nice,2,954,yes,,,,latin,1
no,4,954,yes,,,,latin,1332
PX7Lvjs639U,0,955,no,,,,latin,829
Salam Kissan | Kissan Day 18th Dec | A Tribute to Farmers by Sarsabz Fertilizer,1,955,yes,,,,latin,829
Salam kisan ❤️❤️,2,955,yes,,,,latin,1
no,4,955,yes,,,,latin,1332
PX7Lvjs639U,0,956,no,,,,latin,829
Salam Kissan | Kissan Day 18th Dec | A Tribute to Farmers by Sarsabz Fertilizer,1,956,yes,,,,latin,829
wow superb. kissan hy tou hum ghr bethy sb kch khaty ❤❤,2,956,yes,,,,latin,1
no,4,956,yes,,,,latin,1332
PX7Lvjs639U,0,957,no,,,,latin,829
Salam Kissan | Kissan Day 18th Dec | A Tribute to Farmers by Sarsabz Fertilizer,1,957,yes,,,,latin,829
Love u kisans,2,957,yes,,,,latin,1
no,4,957,yes,,,,latin,1332
PX7Lvjs639U,0,958,no,,,,latin,829
Salam Kissan | Kissan Day 18th Dec | A Tribute to Farmers by Sarsabz Fertilizer,1,958,yes,,,,latin,829
کسان کی محنت کو سلام ہے ہاتھ میں پیسے ہیں کھاد کے لیے پریشان ہیں کمپنی کوئی اسانیاں پیدا کرے❤,2,958,yes,,,,urdu_script,1
yes,4,958,yes,,,,latin,240
PX7Lvjs639U,0,959,no,,,,latin,829
Salam Kissan | Kissan Day 18th Dec | A Tribute to Farmers by Sarsabz Fertilizer,1,959,yes,,,,latin,829
I love Pakistan aur farmers جس کھیت سے دہقاں کو میسر نہیں روزی اس کھیت کے ہر خوشۂ گندم کو جلا دو,2,959,yes,,,,mixed,1
no,4,959,yes,,,,latin,1332
PX7Lvjs639U,0,960,no,,,,latin,829
Salam Kissan | Kissan Day 18th Dec | A Tribute to Farmers by Sarsabz Fertilizer,1,960,yes,,,,latin,829
Thanks kissan❤,2,960,yes,,,,latin,1
no,4,960,yes,,,,latin,1332
PX7Lvjs639U,0,961,no,,,,latin,829
Salam Kissan | Kissan Day 18th Dec | A Tribute to Farmers by Sarsabz Fertilizer,1,961,yes,,,,latin,829
Thanks kisan,2,961,yes,,,,latin,1
no,4,961,yes,,,,latin,1332
PX7Lvjs639U,0,962,no,,,,latin,829
Salam Kissan | Kissan Day 18th Dec | A Tribute to Farmers by Sarsabz Fertilizer,1,962,yes,,,,latin,829
❤❤❤,2,962,yes,,,,other,15
no,4,962,yes,,,,latin,1332
PX7Lvjs639U,0,963,no,,,,latin,829
Salam Kissan | Kissan Day 18th Dec | A Tribute to Farmers by Sarsabz Fertilizer,1,963,yes,,,,latin,829
Salam kisaan🎉❤❤,2,963,yes,,,,latin,1
no,4,963,yes,,,,latin,1332
PX7Lvjs639U,0,964,no,,,,latin,829
Salam Kissan | Kissan Day 18th Dec | A Tribute to Farmers by Sarsabz Fertilizer,1,964,yes,,,,latin,829
Salute to kissan💖💖👍,2,964,yes,,,,latin,1
no,4,964,yes,,,,latin,1332
PX7Lvjs639U,0,965,no,,,,latin,829
Salam Kissan | Kissan Day 18th Dec | A Tribute to Farmers by Sarsabz Fertilizer,1,965,yes,,,,latin,829
Nice ❤😊🎉,2,965,yes,,,,latin,1
no,4,965,yes,,,,latin,1332
PX7Lvjs639U,0,966,no,,,,latin,829
Salam Kissan | Kissan Day 18th Dec | A Tribute to Farmers by Sarsabz Fertilizer,1,966,yes,,,,latin,829
Bhtt khubsort kaam keep it up,2,966,yes,,,,latin,1
no,4,966,yes,,,,latin,1332
PX7Lvjs639U,0,967,no,,,,latin,829
Salam Kissan | Kissan Day 18th Dec | A Tribute to Farmers by Sarsabz Fertilizer,1,967,yes,,,,latin,829
😢😢😢,2,967,yes,,,,other,2
no,4,967,yes,,,,latin,1332
PX7Lvjs639U,0,968,no,,,,latin,829
Salam Kissan | Kissan Day 18th Dec | A Tribute to Farmers by Sarsabz Fertilizer,1,968,yes,,,,latin,829
Sibite hassan well done👍,2,968,yes,,,,latin,1
no,4,968,yes,,,,latin,1332
PX7Lvjs639U,0,969,no,,,,latin,829
Salam Kissan | Kissan Day 18th Dec | A Tribute to Farmers by Sarsabz Fertilizer,1,969,yes,,,,latin,829
Thanks,2,969,yes,,,,latin,4
no,4,969,yes,,,,latin,1332
PX7Lvjs639U,0,970,no,,,,latin,829
Salam Kissan | Kissan Day 18th Dec | A Tribute to Farmers by Sarsabz Fertilizer,1,970,yes,,,,latin,829
Thank you Fatima fartilizar,2,970,yes,,,,latin,1
no,4,970,yes,,,,latin,1332
PX7Lvjs639U,0,971,no,,,,latin,829
Salam Kissan | Kissan Day 18th Dec | A Tribute to Farmers by Sarsabz Fertilizer,1,971,yes,,,,latin,829
Thank you ❤,2,971,yes,,,,latin,1
no,4,971,yes,,,,latin,1332
PX7Lvjs639U,0,972,no,,,,latin,829
Salam Kissan | Kissan Day 18th Dec | A Tribute to Farmers by Sarsabz Fertilizer,1,972,yes,,,,latin,829
Salam kissan ❤,2,972,yes,,,,latin,4
no,4,972,yes,,,,latin,1332
PX7Lvjs639U,0,973,no,,,,latin,829
Salam Kissan | Kissan Day 18th Dec | A Tribute to Farmers by Sarsabz Fertilizer,1,973,yes,,,,latin,829
Sibte hassan ❤,2,973,yes,,,,latin,1
no,4,973,yes,,,,latin,1332
PX7Lvjs639U,0,974,no,,,,latin,829
Salam Kissan | Kissan Day 18th Dec | A Tribute to Farmers by Sarsabz Fertilizer,1,974,yes,,,,latin,829
Happy kissan day,2,974,yes,,,,latin,3
no,4,974,yes,,,,latin,1332
PX7Lvjs639U,0,975,no,,,,latin,829
Salam Kissan | Kissan Day 18th Dec | A Tribute to Farmers by Sarsabz Fertilizer,1,975,yes,,,,latin,829
Salam Kissan ❤❤ Salam Sarsabz Pakistan ❤❤ Pakistan Zindabad❤,2,975,yes,,,,latin,1
no,4,975,yes,,,,latin,1332
PX7Lvjs639U,0,976,no,,,,latin,829
Salam Kissan | Kissan Day 18th Dec | A Tribute to Farmers by Sarsabz Fertilizer,1,976,yes,,,,latin,829
❤❤❤❤ Kisan Hyn tw Hum hYn ye mUlk hai Ye nH Tw hUm nHi ❤❤❤❤,2,976,yes,,,,latin,1
no,4,976,yes,,,,latin,1332
PX7Lvjs639U,0,977,no,,,,latin,829
Salam Kissan | Kissan Day 18th Dec | A Tribute to Farmers by Sarsabz Fertilizer,1,977,yes,,,,latin,829
Congratulations 👏👏🎉 for 100k subscribers on YouTube 😘❤,2,977,yes,,,,latin,1
no,4,977,yes,,,,latin,1332
PX7Lvjs639U,0,978,no,,,,latin,829
Salam Kissan | Kissan Day 18th Dec | A Tribute to Farmers by Sarsabz Fertilizer,1,978,yes,,,,latin,829
Awesome 💯,2,978,yes,,,,latin,1
no,4,978,yes,,,,latin,1332
PX7Lvjs639U,0,979,no,,,,latin,829
Salam Kissan | Kissan Day 18th Dec | A Tribute to Farmers by Sarsabz Fertilizer,1,979,yes,,,,latin,829
Superb ❤️💛,2,979,yes,,,,latin,1
no,4,979,yes,,,,latin,1332
PX7Lvjs639U,0,980,no,,,,latin,829
Salam Kissan | Kissan Day 18th Dec | A Tribute to Farmers by Sarsabz Fertilizer,1,980,yes,,,,latin,829
Very informative 👏 proud to bi a part of this group ❤,2,980,yes,,,,latin,1
no,4,980,yes,,,,latin,1332
PX7Lvjs639U,0,981,no,,,,latin,829
Salam Kissan | Kissan Day 18th Dec | A Tribute to Farmers by Sarsabz Fertilizer,1,981,yes,,,,latin,829
Great great 🎉.. Salam kisan .. wonderful Sib Hassan 👍,2,981,yes,,,,latin,1
no,4,981,yes,,,,latin,1332
PX7Lvjs639U,0,982,no,,,,latin,829
Salam Kissan | Kissan Day 18th Dec | A Tribute to Farmers by Sarsabz Fertilizer,1,982,yes,,,,latin,829
Love from India ❤❤,2,982,yes,,,,latin,1
no,4,982,yes,,,,latin,1332
PX7Lvjs639U,0,983,no,,,,latin,829
Salam Kissan | Kissan Day 18th Dec | A Tribute to Farmers by Sarsabz Fertilizer,1,983,yes,,,,latin,829
salute is to hard,2,983,yes,,,,latin,1
no,4,983,yes,,,,latin,1332
PX7Lvjs639U,0,984,no,,,,latin,829
Salam Kissan | Kissan Day 18th Dec | A Tribute to Farmers by Sarsabz Fertilizer,1,984,yes,,,,latin,829
No farmer no food Respect farmer Provide them facilities,2,984,yes,,,,latin,1
no,4,984,yes,,,,latin,1332
PX7Lvjs639U,0,985,no,,,,latin,829
Salam Kissan | Kissan Day 18th Dec | A Tribute to Farmers by Sarsabz Fertilizer,1,985,yes,,,,latin,829
I love you ❤😊❤😊❤😊❤😊🎉,2,985,yes,,,,latin,1
no,4,985,yes,,,,latin,1332
PX7Lvjs639U,0,986,no,,,,latin,829
Salam Kissan | Kissan Day 18th Dec | A Tribute to Farmers by Sarsabz Fertilizer,1,986,yes,,,,latin,829
Who loves Quran 😊,2,986,yes,,,,latin,1
no,4,986,yes,,,,latin,1332
PX7Lvjs639U,0,987,no,,,,latin,829
Salam Kissan | Kissan Day 18th Dec | A Tribute to Farmers by Sarsabz Fertilizer,1,987,yes,,,,latin,829
Who loves Allah pak,2,987,yes,,,,latin,1
no,4,987,yes,,,,latin,1332
PX7Lvjs639U,0,988,no,,,,latin,829
Salam Kissan | Kissan Day 18th Dec | A Tribute to Farmers by Sarsabz Fertilizer,1,988,yes,,,,latin,829
Thanks❤,2,988,yes,,,,latin,3
no,4,988,yes,,,,latin,1332
PX7Lvjs639U,0,989,no,,,,latin,829
Salam Kissan | Kissan Day 18th Dec | A Tribute to Farmers by Sarsabz Fertilizer,1,989,yes,,,,latin,829
Thank you so so much,2,989,yes,,,,latin,1
no,4,989,yes,,,,latin,1332
PX7Lvjs639U,0,990,no,,,,latin,829
Salam Kissan | Kissan Day 18th Dec | A Tribute to Farmers by Sarsabz Fertilizer,1,990,yes,,,,latin,829
Shukriya,2,990,yes,,,,latin,1
no,4,990,yes,,,,latin,1332
PX7Lvjs639U,0,991,no,,,,latin,829
Salam Kissan | Kissan Day 18th Dec | A Tribute to Farmers by Sarsabz Fertilizer,1,991,yes,,,,latin,829
Love you ❤,2,991,yes,,,,latin,1
no,4,991,yes,,,,latin,1332
PX7Lvjs639U,0,992,no,,,,latin,829
Salam Kissan | Kissan Day 18th Dec | A Tribute to Farmers by Sarsabz Fertilizer,1,992,yes,,,,latin,829
Salute to kisans brothers and sisters our good health and life is just because of your hard work and support . May Allah give you more strength ❤❤,2,992,yes,,,,latin,1
no,4,992,yes,,,,latin,1332
PX7Lvjs639U,0,993,no,,,,latin,829
Salam Kissan | Kissan Day 18th Dec | A Tribute to Farmers by Sarsabz Fertilizer,1,993,yes,,,,latin,829
Yes 🙌 solute to all farmers we appreciate and respect all hard efforts of our farmers❤.very emotional add by sarsabz co I saw it on YouTube and it brings me hear to comment on it. A blend of shown tradition was awesome,2,993,yes,,,,latin,1
no,4,993,yes,,,,latin,1332
PX7Lvjs639U,0,994,no,,,,latin,829
Salam Kissan | Kissan Day 18th Dec | A Tribute to Farmers by Sarsabz Fertilizer,1,994,yes,,,,latin,829
thank you,2,994,yes,,,,latin,2
no,4,994,yes,,,,latin,1332
PX7Lvjs639U,0,995,no,,,,latin,829
Salam Kissan | Kissan Day 18th Dec | A Tribute to Farmers by Sarsabz Fertilizer,1,995,yes,,,,latin,829
thank you so much sarsabz😊🥺,2,995,yes,,,,latin,1
no,4,995,yes,,,,latin,1332
PX7Lvjs639U,0,996,no,,,,latin,829
Salam Kissan | Kissan Day 18th Dec | A Tribute to Farmers by Sarsabz Fertilizer,1,996,yes,,,,latin,829
Good 😂,2,996,yes,,,,latin,1
no,4,996,yes,,,,latin,1332
PX7Lvjs639U,0,997,no,,,,latin,829
Salam Kissan | Kissan Day 18th Dec | A Tribute to Farmers by Sarsabz Fertilizer,1,997,yes,,,,latin,829
Happy Kissan day❤❤,2,997,yes,,,,latin,1
no,4,997,yes,,,,latin,1332
PX7Lvjs639U,0,998,no,,,,latin,829
Salam Kissan | Kissan Day 18th Dec | A Tribute to Farmers by Sarsabz Fertilizer,1,998,yes,,,,latin,829
Salam Kissan,2,998,yes,,,,latin,5
no,4,998,yes,,,,latin,1332
PX7Lvjs639U,0,999,no,,,,latin,829
Salam Kissan | Kissan Day 18th Dec | A Tribute to Farmers by Sarsabz Fertilizer,1,999,yes,,,,latin,829
We support you ❤,2,999,yes,,,,latin,1
no,4,999,yes,,,,latin,1332
PX7Lvjs639U,0,1000,no,,,,latin,829
Salam Kissan | Kissan Day 18th Dec | A Tribute to Farmers by Sarsabz Fertilizer,1,1000,yes,,,,latin,829
Thanks pakistan ❤ 😌,2,1000,yes,,,,latin,1
no,4,1000,yes,,,,latin,1332
PX7Lvjs639U,0,1001,no,,,,latin,829
Salam Kissan | Kissan Day 18th Dec | A Tribute to Farmers by Sarsabz Fertilizer,1,1001,yes,,,,latin,829
Thanks pakistan ❤❤❤😢😢,2,1001,yes,,,,latin,1
no,4,1001,yes,,,,latin,1332
PX7Lvjs639U,0,1002,no,,,,latin,829
Salam Kissan | Kissan Day 18th Dec | A Tribute to Farmers by Sarsabz Fertilizer,1,1002,yes,,,,latin,829
Salam Kisan,2,1002,yes,,,,latin,2
no,4,1002,yes,,,,latin,1332
PX7Lvjs639U,0,1003,no,,,,latin,829
Salam Kissan | Kissan Day 18th Dec | A Tribute to Farmers by Sarsabz Fertilizer,1,1003,yes,,,,latin,829
🎉🎉🎉🎉🎉,2,1003,yes,,,,other,1
no,4,1003,yes,,,,latin,1332
PX7Lvjs639U,0,1004,no,,,,latin,829
Salam Kissan | Kissan Day 18th Dec | A Tribute to Farmers by Sarsabz Fertilizer,1,1004,yes,,,,latin,829
❤❤❤❤,2,1004,yes,,,,other,7
no,4,1004,yes,,,,latin,1332
PX7Lvjs639U,0,1005,no,,,,latin,829
Salam Kissan | Kissan Day 18th Dec | A Tribute to Farmers by Sarsabz Fertilizer,1,1005,yes,,,,latin,829
"I am delighted to learn that Sarsabz Fertilizer maintains dedication to recognizing the commitment of farmers, who are the backbone of our nation. Their unwavering efforts undoubtedly contribute significantly to our prosperity, as exemplified by their celebration of Kissan Day on December 18, 2023. This observance serves as a testament to Sarsabz Fertilizer's commitment to promoting the agricultural community in Pakistan and acknowledging the pivotal role farmers play in fostering the prosperity of our country. #SalamKissan #SarsabzPakistan #KissanDay Hats off to their resilience who combat floods that destroy their crops and they stand up again.",2,1005,yes,,,,latin,1
no,4,1005,yes,,,,latin,1332
PX7Lvjs639U,0,1006,no,,,,latin,829
Salam Kissan | Kissan Day 18th Dec | A Tribute to Farmers by Sarsabz Fertilizer,1,1006,yes,,,,latin,829
Respect,2,1006,yes,,,,latin,1
no,4,1006,yes,,,,latin,1332
PX7Lvjs639U,0,1007,no,,,,latin,829
Salam Kissan | Kissan Day 18th Dec | A Tribute to Farmers by Sarsabz Fertilizer,1,1007,yes,,,,latin,829
proud to be farmers Alhamdulilah❤,2,1007,yes,,,,latin,1
no,4,1007,yes,,,,latin,1332
PX7Lvjs639U,0,1008,no,,,,latin,829
Salam Kissan | Kissan Day 18th Dec | A Tribute to Farmers by Sarsabz Fertilizer,1,1008,yes,,,,latin,829
Nice ❤❤❤,2,1008,yes,,,,latin,2
no,4,1008,yes,,,,latin,1332
PX7Lvjs639U,0,1009,no,,,,latin,829
Salam Kissan | Kissan Day 18th Dec | A Tribute to Farmers by Sarsabz Fertilizer,1,1009,yes,,,,latin,829
Thanks to all our farmers who work hard for us ❤️❤️❤️🫶🏻,2,1009,yes,,,,latin,1
no,4,1009,yes,,,,latin,1332
PX7Lvjs639U,0,1010,no,,,,latin,829
Salam Kissan | Kissan Day 18th Dec | A Tribute to Farmers by Sarsabz Fertilizer,1,1010,yes,,,,latin,829
Salam kissan❤,2,1010,yes,,,,latin,1
no,4,1010,yes,,,,latin,1332
PX7Lvjs639U,0,1011,no,,,,latin,829
Salam Kissan | Kissan Day 18th Dec | A Tribute to Farmers by Sarsabz Fertilizer,1,1011,yes,,,,latin,829
Thanks❤,2,1011,yes,,,,latin,3
no,4,1011,yes,,,,latin,1332
PX7Lvjs639U,0,1012,no,,,,latin,829
Salam Kissan | Kissan Day 18th Dec | A Tribute to Farmers by Sarsabz Fertilizer,1,1012,yes,,,,latin,829
Our pride,2,1012,yes,,,,latin,1
no,4,1012,yes,,,,latin,1332
PX7Lvjs639U,0,1013,no,,,,latin,829
Salam Kissan | Kissan Day 18th Dec | A Tribute to Farmers by Sarsabz Fertilizer,1,1013,yes,,,,latin,829
Slam kissam❤,2,1013,yes,,,,latin,1
no,4,1013,yes,,,,latin,1332
PX7Lvjs639U,0,1014,no,,,,latin,829
Salam Kissan | Kissan Day 18th Dec | A Tribute to Farmers by Sarsabz Fertilizer,1,1014,yes,,,,latin,829
thank you 😘🥰,2,1014,yes,,,,latin,1
no,4,1014,yes,,,,latin,1332
PX7Lvjs639U,0,1015,no,,,,latin,829
Salam Kissan | Kissan Day 18th Dec | A Tribute to Farmers by Sarsabz Fertilizer,1,1015,yes,,,,latin,829
"Watching this tribute to farmers fills me with gratitude for the hands that feed the world, this video is a heartfelt salute to the farmers who toil under the sun to nourish us all, #SalamKissan",2,1015,yes,,,,latin,1
no,4,1015,yes,,,,latin,1332
PX7Lvjs639U,0,1016,no,,,,latin,829
Salam Kissan | Kissan Day 18th Dec | A Tribute to Farmers by Sarsabz Fertilizer,1,1016,yes,,,,latin,829
Thank,2,1016,yes,,,,latin,1
no,4,1016,yes,,,,latin,1332
PX7Lvjs639U,0,1017,no,,,,latin,829
Salam Kissan | Kissan Day 18th Dec | A Tribute to Farmers by Sarsabz Fertilizer,1,1017,yes,,,,latin,829
Thank you kisan❤❤❤,2,1017,yes,,,,latin,1
no,4,1017,yes,,,,latin,1332
PX7Lvjs639U,0,1018,no,,,,latin,829
Salam Kissan | Kissan Day 18th Dec | A Tribute to Farmers by Sarsabz Fertilizer,1,1018,yes,,,,latin,829
❤❤❤❤,2,1018,yes,,,,other,7
no,4,1018,yes,,,,latin,1332
PX7Lvjs639U,0,1019,no,,,,latin,829
Salam Kissan | Kissan Day 18th Dec | A Tribute to Farmers by Sarsabz Fertilizer,1,1019,yes,,,,latin,829
Shukriya aapka sarsabz thank you very very much I love kisan❤❤❤❤,2,1019,yes,,,,latin,1
no,4,1019,yes,,,,latin,1332
PX7Lvjs639U,0,1020,no,,,,latin,829
Salam Kissan | Kissan Day 18th Dec | A Tribute to Farmers by Sarsabz Fertilizer,1,1020,yes,,,,latin,829
Thank you,2,1020,yes,,,,latin,6
no,4,1020,yes,,,,latin,1332
PX7Lvjs639U,0,1021,no,,,,latin,829
Salam Kissan | Kissan Day 18th Dec | A Tribute to Farmers by Sarsabz Fertilizer,1,1021,yes,,,,latin,829
❤❤,2,1021,yes,,,,other,16
no,4,1021,yes,,,,latin,1332
PX7Lvjs639U,0,1022,no,,,,latin,829
Salam Kissan | Kissan Day 18th Dec | A Tribute to Farmers by Sarsabz Fertilizer,1,1022,yes,,,,latin,829
Thank you,2,1022,yes,,,,latin,6
no,4,1022,yes,,,,latin,1332
PX7Lvjs639U,0,1023,no,,,,latin,829
Salam Kissan | Kissan Day 18th Dec | A Tribute to Farmers by Sarsabz Fertilizer,1,1023,yes,,,,latin,829
Salaam Kisaan❤️🇵🇰,2,1023,yes,,,,latin,1
no,4,1023,yes,,,,latin,1332
PX7Lvjs639U,0,1024,no,,,,latin,829
Salam Kissan | Kissan Day 18th Dec | A Tribute to Farmers by Sarsabz Fertilizer,1,1024,yes,,,,latin,829
Thank you,2,1024,yes,,,,latin,6
no,4,1024,yes,,,,latin,1332
PX7Lvjs639U,0,1025,no,,,,latin,829
Salam Kissan | Kissan Day 18th Dec | A Tribute to Farmers by Sarsabz Fertilizer,1,1025,yes,,,,latin,829
thank you,2,1025,yes,,,,latin,2
no,4,1025,yes,,,,latin,1332
PX7Lvjs639U,0,1026,no,,,,latin,829
Salam Kissan | Kissan Day 18th Dec | A Tribute to Farmers by Sarsabz Fertilizer,1,1026,yes,,,,latin,829
Happy 🎉🎉🎉🎉🎉🎉,2,1026,yes,,,,latin,1
no,4,1026,yes,,,,latin,1332
PX7Lvjs639U,0,1027,no,,,,latin,829
Salam Kissan | Kissan Day 18th Dec | A Tribute to Farmers by Sarsabz Fertilizer,1,1027,yes,,,,latin,829
Happy,2,1027,yes,,,,latin,1
no,4,1027,yes,,,,latin,1332
PX7Lvjs639U,0,1028,no,,,,latin,829
Salam Kissan | Kissan Day 18th Dec | A Tribute to Farmers by Sarsabz Fertilizer,1,1028,yes,,,,latin,829
no,4,1028,yes,,,,latin,1332
PX7Lvjs639U,0,1029,no,,,,latin,829
Salam Kissan | Kissan Day 18th Dec | A Tribute to Farmers by Sarsabz Fertilizer,1,1029,yes,,,,latin,829
❤❤❤,2,1029,yes,,,,other,15
no,4,1029,yes,,,,latin,1332
PX7Lvjs639U,0,1030,no,,,,latin,829
Salam Kissan | Kissan Day 18th Dec | A Tribute to Farmers by Sarsabz Fertilizer,1,1030,yes,,,,latin,829
Thanks for all alll all things,2,1030,yes,,,,latin,1
no,4,1030,yes,,,,latin,1332
PX7Lvjs639U,0,1031,no,,,,latin,829
Salam Kissan | Kissan Day 18th Dec | A Tribute to Farmers by Sarsabz Fertilizer,1,1031,yes,,,,latin,829
Our pride kissan❤❤❤❤ appreciate it to all our kissan 🫰🥰🥰🥰happy happy kissan day to all farmers 🥰🫰 in advance,2,1031,yes,,,,latin,1
no,4,1031,yes,,,,latin,1332
PX7Lvjs639U,0,1032,no,,,,latin,829
Salam Kissan | Kissan Day 18th Dec | A Tribute to Farmers by Sarsabz Fertilizer,1,1032,yes,,,,latin,829
Good job 😊,2,1032,yes,,,,latin,1
no,4,1032,yes,,,,latin,1332
PX7Lvjs639U,0,1033,no,,,,latin,829
Salam Kissan | Kissan Day 18th Dec | A Tribute to Farmers by Sarsabz Fertilizer,1,1033,yes,,,,latin,829
😋❤️❤️,2,1033,yes,,,,other,1
no,4,1033,yes,,,,latin,1332
PX7Lvjs639U,0,1034,no,,,,latin,829
Salam Kissan | Kissan Day 18th Dec | A Tribute to Farmers by Sarsabz Fertilizer,1,1034,yes,,,,latin,829
❤❤❤,2,1034,yes,,,,other,15
no,4,1034,yes,,,,latin,1332
PX7Lvjs639U,0,1035,no,,,,latin,829
Salam Kissan | Kissan Day 18th Dec | A Tribute to Farmers by Sarsabz Fertilizer,1,1035,yes,,,,latin,829
no,4,1035,yes,,,,latin,1332
PX7Lvjs639U,0,1036,no,,,,latin,829
Salam Kissan | Kissan Day 18th Dec | A Tribute to Farmers by Sarsabz Fertilizer,1,1036,yes,,,,latin,829
Massalllah ❤❤❤❤❤❤❤❤❤,2,1036,yes,,,,latin,1
no,4,1036,yes,,,,latin,1332
PX7Lvjs639U,0,1037,no,,,,latin,829
Salam Kissan | Kissan Day 18th Dec | A Tribute to Farmers by Sarsabz Fertilizer,1,1037,yes,,,,latin,829
Happy kissan day ♥️🫶🏼,2,1037,yes,,,,latin,1
no,4,1037,yes,,,,latin,1332
PX7Lvjs639U,0,1038,no,,,,latin,829
Salam Kissan | Kissan Day 18th Dec | A Tribute to Farmers by Sarsabz Fertilizer,1,1038,yes,,,,latin,829
I was here I love this thing Happy Kishan day all of u,2,1038,yes,,,,latin,1
no,4,1038,yes,,,,latin,1332
PX7Lvjs639U,0,1039,no,,,,latin,829
Salam Kissan | Kissan Day 18th Dec | A Tribute to Farmers by Sarsabz Fertilizer,1,1039,yes,,,,latin,829
Pakistan ka Kisan hamari shan🎉🎉🎉🎉,2,1039,yes,,,,latin,1
no,4,1039,yes,,,,latin,1332
PX7Lvjs639U,0,1040,no,,,,latin,829
Salam Kissan | Kissan Day 18th Dec | A Tribute to Farmers by Sarsabz Fertilizer,1,1040,yes,,,,latin,829
Thanks sarsabz for supporting farmer community Really Appreciated ❤❤,2,1040,yes,,,,latin,1
no,4,1040,yes,,,,latin,1332
PX7Lvjs639U,0,1041,no,,,,latin,829
Salam Kissan | Kissan Day 18th Dec | A Tribute to Farmers by Sarsabz Fertilizer,1,1041,yes,,,,latin,829
🙏❤️,2,1041,yes,,,,other,1
no,4,1041,yes,,,,latin,1332
PX7Lvjs639U,0,1042,no,,,,latin,829
Salam Kissan | Kissan Day 18th Dec | A Tribute to Farmers by Sarsabz Fertilizer,1,1042,yes,,,,latin,829
🎉🎉🎉,2,1042,yes,,,,other,3
no,4,1042,yes,,,,latin,1332
PX7Lvjs639U,0,1043,no,,,,latin,829
Salam Kissan | Kissan Day 18th Dec | A Tribute to Farmers by Sarsabz Fertilizer,1,1043,yes,,,,latin,829
Pakistan ke kisan hamari shan🎉🎉ALKHAMDULILLAH I AM FARMER❤,2,1043,yes,,,,latin,2
no,4,1043,yes,,,,latin,1332
PX7Lvjs639U,0,1044,no,,,,latin,829
Salam Kissan | Kissan Day 18th Dec | A Tribute to Farmers by Sarsabz Fertilizer,1,1044,yes,,,,latin,829
Appreciate kissan I like you kissan I m support you kissan,2,1044,yes,,,,latin,1
no,4,1044,yes,,,,latin,1332
PX7Lvjs639U,0,1045,no,,,,latin,829
Salam Kissan | Kissan Day 18th Dec | A Tribute to Farmers by Sarsabz Fertilizer,1,1045,yes,,,,latin,829
Salam kissan i am proud for you ❤,2,1045,yes,,,,latin,1
no,4,1045,yes,,,,latin,1332
PX7Lvjs639U,0,1046,no,,,,latin,829
Salam Kissan | Kissan Day 18th Dec | A Tribute to Farmers by Sarsabz Fertilizer,1,1046,yes,,,,latin,829
❤❤,2,1046,yes,,,,other,16
no,4,1046,yes,,,,latin,1332
PX7Lvjs639U,0,1047,no,,,,latin,829
Salam Kissan | Kissan Day 18th Dec | A Tribute to Farmers by Sarsabz Fertilizer,1,1047,yes,,,,latin,829
Thank you,2,1047,yes,,,,latin,6
no,4,1047,yes,,,,latin,1332
PX7Lvjs639U,0,1048,no,,,,latin,829
Salam Kissan | Kissan Day 18th Dec | A Tribute to Farmers by Sarsabz Fertilizer,1,1048,yes,,,,latin,829
SALAM KiSSaN From Ducky Bhai 👇,2,1048,yes,,,,latin,1
no,4,1048,yes,,,,latin,1332
PX7Lvjs639U,0,1049,no,,,,latin,829
Salam Kissan | Kissan Day 18th Dec | A Tribute to Farmers by Sarsabz Fertilizer,1,1049,yes,,,,latin,829
Thanks,2,1049,yes,,,,latin,4
no,4,1049,yes,,,,latin,1332
PX7Lvjs639U,0,1050,no,,,,latin,829
Salam Kissan | Kissan Day 18th Dec | A Tribute to Farmers by Sarsabz Fertilizer,1,1050,yes,,,,latin,829
Thank you sarsabz kissan❤❤❤❤,2,1050,yes,,,,latin,1
no,4,1050,yes,,,,latin,1332
PX7Lvjs639U,0,1051,no,,,,latin,829
Salam Kissan | Kissan Day 18th Dec | A Tribute to Farmers by Sarsabz Fertilizer,1,1051,yes,,,,latin,829
Hum ye kaam bachpan se karte hen Alhumdulillah ❤😊,2,1051,yes,,,,latin,1
no,4,1051,yes,,,,latin,1332
PX7Lvjs639U,0,1052,no,,,,latin,829
Salam Kissan | Kissan Day 18th Dec | A Tribute to Farmers by Sarsabz Fertilizer,1,1052,yes,,,,latin,829
Thanks alot🎉❤,2,1052,yes,,,,latin,1
no,4,1052,yes,,,,latin,1332
PX7Lvjs639U,0,1053,no,,,,latin,829
Salam Kissan | Kissan Day 18th Dec | A Tribute to Farmers by Sarsabz Fertilizer,1,1053,yes,,,,latin,829
🎉🎉🎉🎉🎉🎉,2,1053,yes,,,,other,1
no,4,1053,yes,,,,latin,1332
PX7Lvjs639U,0,1054,no,,,,latin,829
Salam Kissan | Kissan Day 18th Dec | A Tribute to Farmers by Sarsabz Fertilizer,1,1054,yes,,,,latin,829
Tamam mehnatkash kisanon ko Allah tala apni hip Jo Aman mein rakhen,2,1054,yes,,,,latin,1
no,4,1054,yes,,,,latin,1332
PX7Lvjs639U,0,1055,no,,,,latin,829
Salam Kissan | Kissan Day 18th Dec | A Tribute to Farmers by Sarsabz Fertilizer,1,1055,yes,,,,latin,829
This is truly inspirational as everything was lost in floods and some people even became pessimist. Infact they have to go through a sea of hardahips but they never lost hope. This hope together with digital initiatives of Sarsabz created a sigh of relief. Higher yields e.g. 10 ℅ extra plays pivotal role in farmers life and their well being. Hats off to Sarsabz for celebrating a day for Farmers to commemorate their efforts who are back bone of our country's economy.,2,1055,yes,,,,latin,1
no,4,1055,yes,,,,latin,1332
PX7Lvjs639U,0,1056,no,,,,latin,829
Salam Kissan | Kissan Day 18th Dec | A Tribute to Farmers by Sarsabz Fertilizer,1,1056,yes,,,,latin,829
❤❤🙌,2,1056,yes,,,,other,1
yes,4,1056,yes,,,,latin,240
PX7Lvjs639U,0,1057,no,,,,latin,829
Salam Kissan | Kissan Day 18th Dec | A Tribute to Farmers by Sarsabz Fertilizer,1,1057,yes,,,,latin,829
"#Salam Kissan# new salam kissan covers the difficulties faced and struggles of our farmers in crisis situation and tells that ""HAR MUSHKAL K BAAD ASANI hy""...Our farmers are back bone of country s agriculture and economy and with thier untiring efforts we are able to enjoy the food....Keep rising ""Our Kissans & Pakistan"".",2,1057,yes,,,,latin,1
no,4,1057,yes,,,,latin,1332
PX7Lvjs639U,0,1058,no,,,,latin,829
Salam Kissan | Kissan Day 18th Dec | A Tribute to Farmers by Sarsabz Fertilizer,1,1058,yes,,,,latin,829
"Farmers are the backbone of civilization and guardians of our food security. your tireless efforts in face of adversity ensure that 240 Million people of this country are fed and clothed. No country can develop without farmers. Let us salute all the farmers for all the hard work they put in to ensure that we never sleep hungry. A very emotional message for everyone to remain hopeful, positive and determined no matter what the circumstances are.",2,1058,yes,,,,latin,1
no,4,1058,yes,,,,latin,1332
PX7Lvjs639U,0,1059,no,,,,latin,829
Salam Kissan | Kissan Day 18th Dec | A Tribute to Farmers by Sarsabz Fertilizer,1,1059,yes,,,,latin,829
"Congratulations on winning! Please email your complete details (Address, phone number, and city) to sarsabzofficialpk@gmail.com using the same email address associated with your YouTube account.",2,1059,yes,,,,latin,13
yes,4,1059,yes,,,,latin,240
PX7Lvjs639U,0,1060,no,,,,latin,829
Salam Kissan | Kissan Day 18th Dec | A Tribute to Farmers by Sarsabz Fertilizer,1,1060,yes,,,,latin,829
"youtube.com/@muhammadyaquob7268 Please email your complete details (Address, phone number, and city) to sarsabzofficialpk@gmail.com using the same email address associated with your YouTube account.",2,1060,yes,,,,latin,1
yes,4,1060,yes,,,,latin,240
PX7Lvjs639U,0,1061,no,,,,latin,829
Salam Kissan | Kissan Day 18th Dec | A Tribute to Farmers by Sarsabz Fertilizer,1,1061,yes,,,,latin,829
"youtube.com/@muhammadyaquob7268 Time is ticking. Please email your complete details (Address, phone number, and city) to sarsabzofficialpk@gmail.com using the same email address associated with your YouTube account.",2,1061,yes,,,,latin,1
yes,4,1061,yes,,,,latin,240
PX7Lvjs639U,0,1062,no,,,,latin,829
Salam Kissan | Kissan Day 18th Dec | A Tribute to Farmers by Sarsabz Fertilizer,1,1062,yes,,,,latin,829
"youtube.com/@muhammadyaquob7268 Time is ticking! A last but soft reminder, please email your complete details (Address, phone number, and city) to sarsabzofficialpk@gmail.com using the same email address associated with your YouTube account.",2,1062,yes,,,,latin,1
yes,4,1062,yes,,,,latin,240
PX7Lvjs639U,0,1063,no,,,,latin,829
Salam Kissan | Kissan Day 18th Dec | A Tribute to Farmers by Sarsabz Fertilizer,1,1063,yes,,,,latin,829
Salam Kissan ❤❤❤❤❤❤,2,1063,yes,,,,latin,1
no,4,1063,yes,,,,latin,1332
PX7Lvjs639U,0,1064,no,,,,latin,829
Salam Kissan | Kissan Day 18th Dec | A Tribute to Farmers by Sarsabz Fertilizer,1,1064,yes,,,,latin,829
Liked and Shared in groups also,2,1064,yes,,,,latin,1
no,4,1064,yes,,,,latin,1332
PX7Lvjs639U,0,1065,no,,,,latin,829
Salam Kissan | Kissan Day 18th Dec | A Tribute to Farmers by Sarsabz Fertilizer,1,1065,yes,,,,latin,829
Kissan Hamari Shan,2,1065,yes,,,,latin,1
no,4,1065,yes,,,,latin,1332
PX7Lvjs639U,0,1066,no,,,,latin,829
Salam Kissan | Kissan Day 18th Dec | A Tribute to Farmers by Sarsabz Fertilizer,1,1066,yes,,,,latin,829
زمین کے ماٹے میں نہا کے نباتات بڑھوا دئے خوشی ہارے چٹانوں کو، پھولوں کو ادھار دئے افضل فصل کا خواب تھا، نمبردار بناجائیں مزہ زندگی کا تاج ہے، کسان کے ہاتھوں میں چھا جائیں ہمیں اپنے زمینوں کو اچھی طرح نڈ,2,1066,yes,,,,urdu_script,1
no,4,1066,yes,,,,latin,1332
PX7Lvjs639U,0,1067,no,,,,latin,829
Salam Kissan | Kissan Day 18th Dec | A Tribute to Farmers by Sarsabz Fertilizer,1,1067,yes,,,,latin,829
Farmers of pakistan are out pride in ki waja se he hmy kahany k liye cheezain milti hn ye na hoty to shayid hum sabzi cheezain na kha paty insane k liye janwar k liye hr ksi k liye kam krty hn ❤all kisan is very hardworking hum sb ko chaiye k hum in p fakr kry i am proud of all kisan 😊❤ sb kam ye hmry liye krty itni garmi mein itni mehant or sakt se salt sardi mein b 😢 i love all kisan ❤❤,2,1067,yes,,,,latin,1
no,4,1067,yes,,,,latin,1332
PX7Lvjs639U,0,1068,no,,,,latin,829
Salam Kissan | Kissan Day 18th Dec | A Tribute to Farmers by Sarsabz Fertilizer,1,1068,yes,,,,latin,829
Congratulations 100k subscriber,2,1068,yes,,,,latin,1
no,4,1068,yes,,,,latin,1332
PX7Lvjs639U,0,1069,no,,,,latin,829
Salam Kissan | Kissan Day 18th Dec | A Tribute to Farmers by Sarsabz Fertilizer,1,1069,yes,,,,latin,829
حلال رزق کا مطلب کسان سے پوچھو پسینہ بن کے بدن سے لہو نکلتا ہے سرد راتوں میں تپتی دھوپ میں وہ اپنی فصل کا خیال رکھتا ہے جیسے وہ اپنے بچے کو دیتا ہے تحفظ ایسے وہ اپنی فصل کی پوری خوراک رکھتا ہے بارش اندھی اور طوفان سے بچانے کی خاطر وہ اپنی چارپائی کھیتوں میں ڈال رکھتا ہے گندم کپاس چاول یا اگائے وہ گنا انہی سب فصلوں پہ وہ اپنی زندگی کا ملال رکھتا ہے #Sarsabz @sarsabzkisan #sarsabzpakistan,2,1069,yes,,,,mixed,1
no,4,1069,yes,,,,latin,1332
PX7Lvjs639U,0,1070,no,,,,latin,829
Salam Kissan | Kissan Day 18th Dec | A Tribute to Farmers by Sarsabz Fertilizer,1,1070,yes,,,,latin,829
No country can develop without farmers. Let us salute all the farmers for all the hard work they put in to ensure that we never sleep hungry.# Happy Farmers Day. The meaning of halal sustenance is ask the farmer. #HappyFarmersDay #Kisanday #Sarsabz #FatimaFertilizer #agriculture,2,1070,yes,,,,latin,1
no,4,1070,yes,,,,latin,1332
PX7Lvjs639U,0,1071,no,,,,latin,829
Salam Kissan | Kissan Day 18th Dec | A Tribute to Farmers by Sarsabz Fertilizer,1,1071,yes,,,,latin,829
No country can develop without farmers. Let us salute all the farmers for all the hard work they put in to ensure that we never sleep hungry. Happy Farmers Day. The meaning of halal sustenance is ask the farmer. #HappyFarmersDay #Kisanday #Sarsabz #FatimaFertilizer #agriculture #18december2024,2,1071,yes,,,,latin,1
no,4,1071,yes,,,,latin,1332
PX7Lvjs639U,0,1072,no,,,,latin,829
Salam Kissan | Kissan Day 18th Dec | A Tribute to Farmers by Sarsabz Fertilizer,1,1072,yes,,,,latin,829
Pa atha kuj ult A,2,1072,yes,,,,latin,1
yes,4,1072,yes,,,,latin,240
PX7Lvjs639U,0,1073,no,,,,latin,829
Salam Kissan | Kissan Day 18th Dec | A Tribute to Farmers by Sarsabz Fertilizer,1,1073,yes,,,,latin,829
"This video still gives me Goosebumps every time I see this. Superb effort by team Sarsabz! #Heartbroken#Grief#Depression# followed by #Joy#Gratitude#Exuberant# wow, what a range of emotions in a single video. Tons of appreciation to every single farmer who is working so hard to provide all food that we are actually eating today. Kudos to Sarsabz as well for initiating Salam Kissan theme back in 2019 and celebrating it every year with all their hearts.",2,1073,yes,,,,latin,1
no,4,1073,yes,,,,latin,1332
PX7Lvjs639U,0,1074,no,,,,latin,829
Salam Kissan | Kissan Day 18th Dec | A Tribute to Farmers by Sarsabz Fertilizer,1,1074,yes,,,,latin,829
We love kissan because my father is farmer Wo mehnat krta hn or ham aj parh raha hn I appreciate My father and All farmers ❤❤❤❤❤,2,1074,yes,,,,latin,1
no,4,1074,yes,,,,latin,1332
PX7Lvjs639U,0,1075,no,,,,latin,829
Salam Kissan | Kissan Day 18th Dec | A Tribute to Farmers by Sarsabz Fertilizer,1,1075,yes,,,,latin,829
Salam Kissan Kissan Shan hai Pakistan ka Kissan Jan Pakistan ka Hamari har SAS Kissan ke Sath 🎉❤,2,1075,yes,,,,latin,1
no,4,1075,yes,,,,latin,1332
PX7Lvjs639U,0,1076,no,,,,latin,829
Salam Kissan | Kissan Day 18th Dec | A Tribute to Farmers by Sarsabz Fertilizer,1,1076,yes,,,,latin,829
Congratulations for 100 k,2,1076,yes,,,,latin,1
no,4,1076,yes,,,,latin,1332
PX7Lvjs639U,0,1077,no,,,,latin,829
Salam Kissan | Kissan Day 18th Dec | A Tribute to Farmers by Sarsabz Fertilizer,1,1077,yes,,,,latin,829
Shehar ma dihat waly attendance lgwaye❤,2,1077,yes,,,,latin,1
no,4,1077,yes,,,,latin,1332
PX7Lvjs639U,0,1078,no,,,,latin,829
Salam Kissan | Kissan Day 18th Dec | A Tribute to Farmers by Sarsabz Fertilizer,1,1078,yes,,,,latin,829
Salam Kissan. Keep growing Fatima Fertilizer. Masha Allah. Good initiative,2,1078,yes,,,,latin,1
no,4,1078,yes,,,,latin,1332
PX7Lvjs639U,0,1079,no,,,,latin,829
Salam Kissan | Kissan Day 18th Dec | A Tribute to Farmers by Sarsabz Fertilizer,1,1079,yes,,,,latin,829
the best song for kisan ilove my bahikisan 😂😂😂😂😭😭,2,1079,yes,,,,latin,1
no,4,1079,yes,,,,latin,1332
PX7Lvjs639U,0,1080,no,,,,latin,829
Salam Kissan | Kissan Day 18th Dec | A Tribute to Farmers by Sarsabz Fertilizer,1,1080,yes,,,,latin,829
Really inspiring and emotional. This song is really based on reality and naturalization of Farmers. Salute to all Pakistani Kisan and Sasabz Pakistan.,2,1080,yes,,,,latin,1
no,4,1080,yes,,,,latin,1332
PX7Lvjs639U,0,1081,no,,,,latin,829
Salam Kissan | Kissan Day 18th Dec | A Tribute to Farmers by Sarsabz Fertilizer,1,1081,yes,,,,latin,829
🎉🎉🎉🇮🇳🇮🇳🇮🇳,2,1081,yes,,,,other,1
no,4,1081,yes,,,,latin,1332
PX7Lvjs639U,0,1082,no,,,,latin,829
Salam Kissan | Kissan Day 18th Dec | A Tribute to Farmers by Sarsabz Fertilizer,1,1082,yes,,,,latin,829
"Salute to Alla Kisaans 🙋 Life without food, Is like a tree without roots. Life without food, Is like a bad dream come true Food comes from farms, These farms make our country charm, Our country’s pride is hidden in farms, But the growing population rings an alarm",2,1082,yes,,,,latin,1
no,4,1082,yes,,,,latin,1332
PX7Lvjs639U,0,1083,no,,,,latin,829
Salam Kissan | Kissan Day 18th Dec | A Tribute to Farmers by Sarsabz Fertilizer,1,1083,yes,,,,latin,829
Salam kissan ❤,2,1083,yes,,,,latin,4
no,4,1083,yes,,,,latin,1332
PX7Lvjs639U,0,1084,no,,,,latin,829
Salam Kissan | Kissan Day 18th Dec | A Tribute to Farmers by Sarsabz Fertilizer,1,1084,yes,,,,latin,829
Zabardast,2,1084,yes,,,,latin,1
no,4,1084,yes,,,,latin,1332
PX7Lvjs639U,0,1085,no,,,,latin,829
Salam Kissan | Kissan Day 18th Dec | A Tribute to Farmers by Sarsabz Fertilizer,1,1085,yes,,,,latin,829
Kisan zindabad,2,1085,yes,,,,latin,1
no,4,1085,yes,,,,latin,1332
PX7Lvjs639U,0,1086,no,,,,latin,829
Salam Kissan | Kissan Day 18th Dec | A Tribute to Farmers by Sarsabz Fertilizer,1,1086,yes,,,,latin,829
Nice,2,1086,yes,,,,latin,8
no,4,1086,yes,,,,latin,1332
PX7Lvjs639U,0,1087,no,,,,latin,829
Salam Kissan | Kissan Day 18th Dec | A Tribute to Farmers by Sarsabz Fertilizer,1,1087,yes,,,,latin,829
A huge shoutout to our incredible farmers! Your passion for growing our food is nothing short of amazing. Thanks a million for keeping our plates full and our communities thriving! 🌱🚜 #FarmersRock #SalamKissan #KissanDay #SarsabzPakistan,2,1087,yes,,,,latin,1
no,4,1087,yes,,,,latin,1332
PX7Lvjs639U,0,1088,no,,,,latin,829
Salam Kissan | Kissan Day 18th Dec | A Tribute to Farmers by Sarsabz Fertilizer,1,1088,yes,,,,latin,829
"In the vast expanse of the countryside, a silent tribute unfolds daily to the tenacity of hardworking #farmers. #SalamKissan to these unsung heroes who labor tirelessly, their sweat and determination nurturing the fields that sustain us. With the support of #Sarsabz fertilizers, they cultivate life in every furrow, embodying the spirit of resilience. These dedicated souls, rising with the sun, sow the seeds of our collective prosperity and ensure the bounty that graces our tables.",2,1088,yes,,,,latin,1
no,4,1088,yes,,,,latin,1332
PX7Lvjs639U,0,1089,no,,,,latin,829
Salam Kissan | Kissan Day 18th Dec | A Tribute to Farmers by Sarsabz Fertilizer,1,1089,yes,,,,latin,829
I like it ❤,2,1089,yes,,,,latin,1
yes,4,1089,yes,,,,latin,240
PX7Lvjs639U,0,1090,no,,,,latin,829
Salam Kissan | Kissan Day 18th Dec | A Tribute to Farmers by Sarsabz Fertilizer,1,1090,yes,,,,latin,829
Great effort bro... 🎉❤,2,1090,yes,,,,latin,1
yes,4,1090,yes,,,,latin,240
PX7Lvjs639U,0,1091,no,,,,latin,829
Salam Kissan | Kissan Day 18th Dec | A Tribute to Farmers by Sarsabz Fertilizer,1,1091,yes,,,,latin,829
1:52 Pppp,2,1091,yes,,,,latin,1
yes,4,1091,yes,,,,latin,240
PX7Lvjs639U,0,1092,no,,,,latin,829
Salam Kissan | Kissan Day 18th Dec | A Tribute to Farmers by Sarsabz Fertilizer,1,1092,yes,,,,latin,829
You are brilliant bro ❤,2,1092,yes,,,,latin,1
yes,4,1092,yes,,,,latin,240
PX7Lvjs639U,0,1093,no,,,,latin,829
Salam Kissan | Kissan Day 18th Dec | A Tribute to Farmers by Sarsabz Fertilizer,1,1093,yes,,,,latin,829
Nice bro,2,1093,yes,,,,latin,1
yes,4,1093,yes,,,,latin,240
PX7Lvjs639U,0,1094,no,,,,latin,829
Salam Kissan | Kissan Day 18th Dec | A Tribute to Farmers by Sarsabz Fertilizer,1,1094,yes,,,,latin,829
کسان بھائیوں کی محنت و عظمت کو سلام او شکریہ سرسبز ہمیں یہ موقع فراہم کرنے کا ❤,2,1094,yes,,,,urdu_script,1
no,4,1094,yes,,,,latin,1332
PX7Lvjs639U,0,1095,no,,,,latin,829
Salam Kissan | Kissan Day 18th Dec | A Tribute to Farmers by Sarsabz Fertilizer,1,1095,yes,,,,latin,829
Sarsabz is best,2,1095,yes,,,,latin,1
no,4,1095,yes,,,,latin,1332
PX7Lvjs639U,0,1096,no,,,,latin,829
Salam Kissan | Kissan Day 18th Dec | A Tribute to Farmers by Sarsabz Fertilizer,1,1096,yes,,,,latin,829
The farmer in only man in our our economy who buys everthing at retail sells everything at wholesale and pays the freight both ways. The ultimate goal of farming is not the beings. That master eye is the best fertilizer.😢,2,1096,yes,,,,latin,1
no,4,1096,yes,,,,latin,1332
PX7Lvjs639U,0,1097,no,,,,latin,829
Salam Kissan | Kissan Day 18th Dec | A Tribute to Farmers by Sarsabz Fertilizer,1,1097,yes,,,,latin,829
kisan tum ko slam agar tum na ho to hum na ho tum ko slam tum hamari zindagi hamara khana ho 😟😟😟😟😟😟😟😟😟😟😟😟😟🙁🙁🙁🙁🙁🙁🙁🙁🙁🙁🙁🙁🙁🙁🙁🙁🙁🙁🙁🙁🙁🙁🙁🙁🙁🙁🙁🙁🙁❤❤❤❤❤❤❤❤❤❤❤❤❤❤❤❤ khuda tumhari zindagi kare Aamin love you kisan🙁🙁🙁🙁🙁🙁🙁🙁🙁🙁🙁🙁🙁❤❤❤❤❤❤❤💔💔❤❤❤❤❤,2,1097,yes,,,,latin,1
no,4,1097,yes,,,,latin,1332
PX7Lvjs639U,0,1098,no,,,,latin,829
Salam Kissan | Kissan Day 18th Dec | A Tribute to Farmers by Sarsabz Fertilizer,1,1098,yes,,,,latin,829
Sarsabz netrophas Zameen ki jan,2,1098,yes,,,,latin,1
no,4,1098,yes,,,,latin,1332
PX7Lvjs639U,0,1099,no,,,,latin,829
Salam Kissan | Kissan Day 18th Dec | A Tribute to Farmers by Sarsabz Fertilizer,1,1099,yes,,,,latin,829
I am Indian but all World farmer salute 💞💞💞💞💞💞,2,1099,yes,,,,latin,1
no,4,1099,yes,,,,latin,1332
PX7Lvjs639U,0,1100,no,,,,latin,829
Salam Kissan | Kissan Day 18th Dec | A Tribute to Farmers by Sarsabz Fertilizer,1,1100,yes,,,,latin,829
Pakistan KY kahsan hamari jan love you For all khsan❤❤❤❤❤😂😢😮😅 Mubarak to kahsan day😢❤😊😊❤❤❤❤❤,2,1100,yes,,,,latin,1
no,4,1100,yes,,,,latin,1332
PX7Lvjs639U,0,1101,no,,,,latin,829
Salam Kissan | Kissan Day 18th Dec | A Tribute to Farmers by Sarsabz Fertilizer,1,1101,yes,,,,latin,829
Proudly supporting our farmers not only today but everyday. Thank you for the countless hours and acres dedicated to feeding the world. You are a national treasure🤍🌽🌾 Love ❤️ to My beloved Country assets ❣️,2,1101,yes,,,,latin,1
no,4,1101,yes,,,,latin,1332
PX7Lvjs639U,0,1102,no,,,,latin,829
Salam Kissan | Kissan Day 18th Dec | A Tribute to Farmers by Sarsabz Fertilizer,1,1102,yes,,,,latin,829
Superb,2,1102,yes,,,,latin,5
no,4,1102,yes,,,,latin,1332
PX7Lvjs639U,0,1103,no,,,,latin,829
Salam Kissan | Kissan Day 18th Dec | A Tribute to Farmers by Sarsabz Fertilizer,1,1103,yes,,,,latin,829
"kisan boht mahnti hy, fatima ki wja se kafi bahter fasal hoti hy. boht acha kaam kia hy. ma fatima ka worker bhi hun or kisan bhi.",2,1103,yes,,,,latin,1
no,4,1103,yes,,,,latin,1332
PX7Lvjs639U,0,1104,no,,,,latin,829
Salam Kissan | Kissan Day 18th Dec | A Tribute to Farmers by Sarsabz Fertilizer,1,1104,yes,,,,latin,829
"Such a range of emotions while watching this video! Hard to express in words, starting from: Compassion towards our farmers during recent 2010 and 2022 floods, heartfelt scenes of struggles and hardship they had to face as a family. Inspiration : When everything is lost in floods, starting from scratch again and coming up to their feet with scarifies that a normal person can't even imagine. A true motivation in itself. Motivation : Overcoming challenges consistently with their sweat and hard work. Hopefulness : Even during worst of times they were busy in sowing seed of hope for us! Thankfulness : Thank you for ensuring food on our table. #SalamKissan #KissanDay #SarsabzPakistan",2,1104,yes,,,,latin,1
no,4,1104,yes,,,,latin,1332
PX7Lvjs639U,0,1105,no,,,,latin,829
Salam Kissan | Kissan Day 18th Dec | A Tribute to Farmers by Sarsabz Fertilizer,1,1105,yes,,,,latin,829
"The Salam Kisan Project from Fatima Group has emerged as one of the best performance products in Pakistan, specifically targeting farmers. With an understanding of the challenges faced by the agricultural community, this initiative aims to enhance their productivity and improve rural livelihoods. The project offers a holistic approach by providing high-quality seeds, fertilizers, and pesticides that are crucial for crop growth. Fatima Group leverages its expertise in agriculture to not only provide superior products but also support farmers with training programs and knowledge sharing sessions. This customer-centric approach ensures that farmers can make informed decisions and achieve sustainable yields while optimizing their resources effectively. Salam Kisan Project showcases Fatima Group's commitment towards uplifting rural communities and making a significant impact on the agricultural landscape of Pakistan",2,1105,yes,,,,latin,1
no,4,1105,yes,,,,latin,1332
PX7Lvjs639U,0,1106,no,,,,latin,829
Salam Kissan | Kissan Day 18th Dec | A Tribute to Farmers by Sarsabz Fertilizer,1,1106,yes,,,,latin,829
Farmers are the real super heroes who ensure food security and this tribute to farmers by Sarsabz fertilizers is really appreciable. Salam Kissan,2,1106,yes,,,,latin,1
no,4,1106,yes,,,,latin,1332
PX7Lvjs639U,0,1107,no,,,,latin,829
Salam Kissan | Kissan Day 18th Dec | A Tribute to Farmers by Sarsabz Fertilizer,1,1107,yes,,,,latin,829
Pakistan k kisano I LOVE YOU❤❤❤,2,1107,yes,,,,latin,1
no,4,1107,yes,,,,latin,1332
PX7Lvjs639U,0,1108,no,,,,latin,829
Salam Kissan | Kissan Day 18th Dec | A Tribute to Farmers by Sarsabz Fertilizer,1,1108,yes,,,,latin,829
All farmers I proud of you You are our life 🧬 I proud of farmer,2,1108,yes,,,,latin,1
no,4,1108,yes,,,,latin,1332
PX7Lvjs639U,0,1109,no,,,,latin,829
Salam Kissan | Kissan Day 18th Dec | A Tribute to Farmers by Sarsabz Fertilizer,1,1109,yes,,,,latin,829
Love from india,2,1109,yes,,,,latin,2
no,4,1109,yes,,,,latin,1332
PX7Lvjs639U,0,1110,no,,,,latin,829
Salam Kissan | Kissan Day 18th Dec | A Tribute to Farmers by Sarsabz Fertilizer,1,1110,yes,,,,latin,829
Who come when sher main dehat talk about kisan day farmers day......,2,1110,yes,,,,latin,1
no,4,1110,yes,,,,latin,1332
PX7Lvjs639U,0,1111,no,,,,latin,829
Salam Kissan | Kissan Day 18th Dec | A Tribute to Farmers by Sarsabz Fertilizer,1,1111,yes,,,,latin,829
one farmer invest his every thing for provide food to us. he believes on allah that he must returns it in better than he invested. all farmers are our proud.,2,1111,yes,,,,latin,1
no,4,1111,yes,,,,latin,1332
PX7Lvjs639U,0,1112,no,,,,latin,829
Salam Kissan | Kissan Day 18th Dec | A Tribute to Farmers by Sarsabz Fertilizer,1,1112,yes,,,,latin,829
Kon kon direct shar ma deht vlog SA ya aya,2,1112,yes,,,,latin,1
no,4,1112,yes,,,,latin,1332
PX7Lvjs639U,0,1113,no,,,,latin,829
Salam Kissan | Kissan Day 18th Dec | A Tribute to Farmers by Sarsabz Fertilizer,1,1113,yes,,,,latin,829
Nice love you a🎉🎉🎉,2,1113,yes,,,,latin,1
no,4,1113,yes,,,,latin,1332
PX7Lvjs639U,0,1114,no,,,,latin,829
Salam Kissan | Kissan Day 18th Dec | A Tribute to Farmers by Sarsabz Fertilizer,1,1114,yes,,,,latin,829
ماشااللہ,2,1114,yes,,,,urdu_script,2
no,4,1114,yes,,,,latin,1332
PX7Lvjs639U,0,1115,no,,,,latin,829
Salam Kissan | Kissan Day 18th Dec | A Tribute to Farmers by Sarsabz Fertilizer,1,1115,yes,,,,latin,829
Kisan is our pride -🎉🎉🎉🎉🎉❤❤❤ slam kisan sarsabz Pakistan ❤❤❤❤ happy national former day,2,1115,yes,,,,latin,1
no,4,1115,yes,,,,latin,1332
PX7Lvjs639U,0,1116,no,,,,latin,829
Salam Kissan | Kissan Day 18th Dec | A Tribute to Farmers by Sarsabz Fertilizer,1,1116,yes,,,,latin,829
Pakistan Farmers are our Pride......🎉 Salute to hard work of all of you who put your hardworking & soil for better good crop & life Also special Thanks to Fatima Team who culture develop for Kisan Salam & Sarsabz Pakistan Happy National Former Day...🎉🎉🎉🎉❤❤❤❤,2,1116,yes,,,,latin,1
no,4,1116,yes,,,,latin,1332
PX7Lvjs639U,0,1117,no,,,,latin,829
Salam Kissan | Kissan Day 18th Dec | A Tribute to Farmers by Sarsabz Fertilizer,1,1117,yes,,,,latin,829
ll,2,1117,yes,,,,latin,1
yes,4,1117,yes,,,,latin,240
PX7Lvjs639U,0,1118,no,,,,latin,829
Salam Kissan | Kissan Day 18th Dec | A Tribute to Farmers by Sarsabz Fertilizer,1,1118,yes,,,,latin,829
"It is not the farm that makes the farmer,It's the love ,hard work and character. Stay blessed all our country farmers",2,1118,yes,,,,latin,1
no,4,1118,yes,,,,latin,1332
PX7Lvjs639U,0,1119,no,,,,latin,829
Salam Kissan | Kissan Day 18th Dec | A Tribute to Farmers by Sarsabz Fertilizer,1,1119,yes,,,,latin,829
I am becoz of shehar mai dihat,2,1119,yes,,,,latin,1
no,4,1119,yes,,,,latin,1332
PX7Lvjs639U,0,1120,no,,,,latin,829
Salam Kissan | Kissan Day 18th Dec | A Tribute to Farmers by Sarsabz Fertilizer,1,1120,yes,,,,latin,829
MashAllah 🤍🤍🤍,2,1120,yes,,,,latin,1
no,4,1120,yes,,,,latin,1332
PX7Lvjs639U,0,1121,no,,,,latin,829
Salam Kissan | Kissan Day 18th Dec | A Tribute to Farmers by Sarsabz Fertilizer,1,1121,yes,,,,latin,829
Say mashallah Allah kisan ko or sar sabaz ko mazeed kamyabi day Ameen hamari dwa ap ky sath ha ❤❤❤,2,1121,yes,,,,latin,1
no,4,1121,yes,,,,latin,1332
PX7Lvjs639U,0,1122,no,,,,latin,829
Salam Kissan | Kissan Day 18th Dec | A Tribute to Farmers by Sarsabz Fertilizer,1,1122,yes,,,,latin,829
<3,2,1122,yes,,,,other,1
no,4,1122,yes,,,,latin,1332
PX7Lvjs639U,0,1123,no,,,,latin,829
Salam Kissan | Kissan Day 18th Dec | A Tribute to Farmers by Sarsabz Fertilizer,1,1123,yes,,,,latin,829
"Salute to our heroes who face such a terrible flood and lose their homes, crops and all their hard work and still do not give up. In such a difficult time, they decorate our table with different kinds of food with their hard work, sweat and soil. Our formers drop soil from the field behind our, each grains of dirt like a seed revealing who are farmers. They are the backbone and strength of our country. The fatmer is not working from 8 AM to 5 PM they are always 'on stand by. Farming is not just a job, its way of life. Thanks and appreciate 'SARSABZ' for highlights the importance of farmer.",2,1123,yes,,,,latin,1
no,4,1123,yes,,,,latin,1332
PX7Lvjs639U,0,1124,no,,,,latin,829
Salam Kissan | Kissan Day 18th Dec | A Tribute to Farmers by Sarsabz Fertilizer,1,1124,yes,,,,latin,829
"youtube.com/@jawadbaig1357 Congratulations on winning! Please email your complete details (Address, phone number, and city) to sarsabzofficialpk@gmail.com using the same email address associated with your YouTube account.",2,1124,yes,,,,latin,1
yes,4,1124,yes,,,,latin,240
PX7Lvjs639U,0,1125,no,,,,latin,829
Salam Kissan | Kissan Day 18th Dec | A Tribute to Farmers by Sarsabz Fertilizer,1,1125,yes,,,,latin,829
yes,4,1125,yes,,,,latin,240
PX7Lvjs639U,0,1126,no,,,,latin,829
Salam Kissan | Kissan Day 18th Dec | A Tribute to Farmers by Sarsabz Fertilizer,1,1126,yes,,,,latin,829
#SalamKissan #KissanDay #SarsabzPakistan,2,1126,yes,,,,latin,5
yes,4,1126,yes,,,,latin,240
PX7Lvjs639U,0,1127,no,,,,latin,829
Salam Kissan | Kissan Day 18th Dec | A Tribute to Farmers by Sarsabz Fertilizer,1,1127,yes,,,,latin,829
Kisan ke bageer ham kuch bi nhi hai ❤❤❤❤❤❤❤❤,2,1127,yes,,,,latin,1
no,4,1127,yes,,,,latin,1332
PX7Lvjs639U,0,1128,no,,,,latin,829
Salam Kissan | Kissan Day 18th Dec | A Tribute to Farmers by Sarsabz Fertilizer,1,1128,yes,,,,latin,829
❤❤❤❤❤ mashallah i am proud of you❤❤❤❤❤ 😍😘😘😘,2,1128,yes,,,,latin,1
no,4,1128,yes,,,,latin,1332
PX7Lvjs639U,0,1129,no,,,,latin,829
Salam Kissan | Kissan Day 18th Dec | A Tribute to Farmers by Sarsabz Fertilizer,1,1129,yes,,,,latin,829
Sarsabz love you many many more ❤❤❤❤,2,1129,yes,,,,latin,1
no,4,1129,yes,,,,latin,1332
PX7Lvjs639U,0,1130,no,,,,latin,829
Salam Kissan | Kissan Day 18th Dec | A Tribute to Farmers by Sarsabz Fertilizer,1,1130,yes,,,,latin,829
Farmers are very good person he work for person happy kasan day to all my kasan brothers,2,1130,yes,,,,latin,1
no,4,1130,yes,,,,latin,1332
PX7Lvjs639U,0,1131,no,,,,latin,829
Salam Kissan | Kissan Day 18th Dec | A Tribute to Farmers by Sarsabz Fertilizer,1,1131,yes,,,,latin,829
"The weight of despair threatened to shatter their spirit, but in the depths of adversity, a resilient ember of hope refused to be extinguished. To the resilient and hardworking farmers, Your dedication is the heartbeat of our communities, pulsing life into the fields that sustain us all. Through the sun's relentless embrace and the quiet persistence of moonlit nights, you toil with unwavering commitment. سرسبز کسان سرسبز پاکستان",2,1131,yes,,,,mixed,1
no,4,1131,yes,,,,latin,1332
PX7Lvjs639U,0,1132,no,,,,latin,829
Salam Kissan | Kissan Day 18th Dec | A Tribute to Farmers by Sarsabz Fertilizer,1,1132,yes,,,,latin,829
Heart touching...real reflection of Kisans' troubles and feelings after Huge flood and struggles for rehabilitation. Great initiative by FG for Kissan day...Salaam Kissan,2,1132,yes,,,,latin,1
no,4,1132,yes,,,,latin,1332
PX7Lvjs639U,0,1133,no,,,,latin,829
Salam Kissan | Kissan Day 18th Dec | A Tribute to Farmers by Sarsabz Fertilizer,1,1133,yes,,,,latin,829
Love from India ♥️,2,1133,yes,,,,latin,1
no,4,1133,yes,,,,latin,1332
PX7Lvjs639U,0,1134,no,,,,latin,829
Salam Kissan | Kissan Day 18th Dec | A Tribute to Farmers by Sarsabz Fertilizer,1,1134,yes,,,,latin,829
Halal Rizq Ka Matlab KISAN Se Puchho.. Apnay Bachoon Ka Pait Bhartay Hain K Se KISAN Se Puchho.. Pasina Ban Ke Badan Se LAHU Nikaalta Hai... Ghar Main 2 PAISY La K Khushioon Ki Baahaar Lata Hai... #SalamKissan #KissanDay #SarsabzPakistan,2,1134,yes,,,,latin,1
no,4,1134,yes,,,,latin,1332
PX7Lvjs639U,0,1135,no,,,,latin,829
Salam Kissan | Kissan Day 18th Dec | A Tribute to Farmers by Sarsabz Fertilizer,1,1135,yes,,,,latin,829
Love from india ❤,2,1135,yes,,,,latin,1
no,4,1135,yes,,,,latin,1332
PX7Lvjs639U,0,1136,no,,,,latin,829
Salam Kissan | Kissan Day 18th Dec | A Tribute to Farmers by Sarsabz Fertilizer,1,1136,yes,,,,latin,829
"Such a powerful tribute to the Kissans of Pakistan, capturing the various emotions they experience during critical situations, especially in the aftermath of floods. Solute to all Farmers, how Farmers were effected in flood and how bravely revive and started normal life again. This Ad gives us different emotions; hope to dispiritedness, sadness to happiness, demotivation to motivation and resilience. Farmers always have a vital role in our economy and prosperity of our country. Kissan Zindabad, Sarsabz Pakistan Zindabad!!! #SalamKissan #SarsabzPakistan #KissanDay",2,1136,yes,,,,latin,1
no,4,1136,yes,,,,latin,1332
PX7Lvjs639U,0,1137,no,,,,latin,829
Salam Kissan | Kissan Day 18th Dec | A Tribute to Farmers by Sarsabz Fertilizer,1,1137,yes,,,,latin,829
Kissan bhai hmary leay bht kch krty hain hmry leay anaajj ugaty hain sabzia ugaty hain but hum log har jaga unko bhool jaty hain..unko wo respect nai dii jatii jo wo deserve krty hain..bichara kissan itnii mehnat krta ALLAH pak inkii mehnat ka silaa dain inhy zyada sy zyada orr thanks to @SARSABZ to deticate this song for farmer❤ good effort,2,1137,yes,,,,latin,1
no,4,1137,yes,,,,latin,1332
PX7Lvjs639U,0,1138,no,,,,latin,829
Salam Kissan | Kissan Day 18th Dec | A Tribute to Farmers by Sarsabz Fertilizer,1,1138,yes,,,,latin,829
"It was a fantastic video that demonstrated how good things can come after adversity. What we must do is give our all and put our faith in Allah. My message to farmers is as follows: ""I simply want to say thank you to all of my wonderful farmers, who sometimes go to bed hungry themselves but still put up a great deal of work to ensure that we always have access to food"".",2,1138,yes,,,,latin,1
no,4,1138,yes,,,,latin,1332
PX7Lvjs639U,0,1139,no,,,,latin,829
Salam Kissan | Kissan Day 18th Dec | A Tribute to Farmers by Sarsabz Fertilizer,1,1139,yes,,,,latin,829
"Formers are back bone of our country, Advance happy former day😍😍",2,1139,yes,,,,latin,1
no,4,1139,yes,,,,latin,1332
PX7Lvjs639U,0,1140,no,,,,latin,829
Salam Kissan | Kissan Day 18th Dec | A Tribute to Farmers by Sarsabz Fertilizer,1,1140,yes,,,,latin,829
"An incredible story that portrays the part of our Pakistan's agriculture that is the most affected by the farmers, the natural and climatic changes that devastate our lush fields which are the annual, semi-annual prize of our farmer brothers. And in this story, I would like to thank Sarsabz and Fatima Group for greening the fields that have become the eyes of climate change in the agriculture sector with green manure, which has helped our food crops in Pakistan. And it has helped to stabilize the country's economy.And I have a message for my farmer brothers that you guys are a precious asset of us especially Fatima group in which thanks to you we Pakistanis are blessed with good food and in the same way you stay connected with the Sarsabz Fatima group inshallah. The increase in the yield of the crop will light the hearths of many houses and my greetings to the farmer brothers. #SalamKassanDay #FatimaGroup #Sarsabz",2,1140,yes,,,,latin,1
no,4,1140,yes,,,,latin,1332
PX7Lvjs639U,0,1141,no,,,,latin,829
Salam Kissan | Kissan Day 18th Dec | A Tribute to Farmers by Sarsabz Fertilizer,1,1141,yes,,,,latin,829
Love you 💕 kasan,2,1141,yes,,,,latin,1
no,4,1141,yes,,,,latin,1332
PX7Lvjs639U,0,1142,no,,,,latin,829
Salam Kissan | Kissan Day 18th Dec | A Tribute to Farmers by Sarsabz Fertilizer,1,1142,yes,,,,latin,829
Zabrdest ayeshaaa bjii,2,1142,yes,,,,latin,1
no,4,1142,yes,,,,latin,1332
PX7Lvjs639U,0,1143,no,,,,latin,829
Salam Kissan | Kissan Day 18th Dec | A Tribute to Farmers by Sarsabz Fertilizer,1,1143,yes,,,,latin,829
"Hats off to Sarsabz for shining a spotlight on the invaluable contributions of our farmers!This ad beautifully captures the dedication, hard work and essential role farmers play in shaping our society! Thank you for recognizing and celebrating the unsung heroes! #salamkissan 🫡",2,1143,yes,,,,latin,1
no,4,1143,yes,,,,latin,1332
PX7Lvjs639U,0,1144,no,,,,latin,829
Salam Kissan | Kissan Day 18th Dec | A Tribute to Farmers by Sarsabz Fertilizer,1,1144,yes,,,,latin,829
May Allah Pak Make Pakistan Sar Sabz Again.. Ameen ❤,2,1144,yes,,,,latin,1
yes,4,1144,yes,,,,latin,240
PX7Lvjs639U,0,1145,no,,,,latin,829
Salam Kissan | Kissan Day 18th Dec | A Tribute to Farmers by Sarsabz Fertilizer,1,1145,yes,,,,latin,829
yes,4,1145,yes,,,,latin,240
PX7Lvjs639U,0,1146,no,,,,latin,829
Salam Kissan | Kissan Day 18th Dec | A Tribute to Farmers by Sarsabz Fertilizer,1,1146,yes,,,,latin,829
yes,4,1146,yes,,,,latin,240
PX7Lvjs639U,0,1147,no,,,,latin,829
Salam Kissan | Kissan Day 18th Dec | A Tribute to Farmers by Sarsabz Fertilizer,1,1147,yes,,,,latin,829
yes,4,1147,yes,,,,latin,240
PX7Lvjs639U,0,1148,no,,,,latin,829
Salam Kissan | Kissan Day 18th Dec | A Tribute to Farmers by Sarsabz Fertilizer,1,1148,yes,,,,latin,829
Gud👍,2,1148,yes,,,,latin,1
yes,4,1148,yes,,,,latin,240
PX7Lvjs639U,0,1149,no,,,,latin,829
Salam Kissan | Kissan Day 18th Dec | A Tribute to Farmers by Sarsabz Fertilizer,1,1149,yes,,,,latin,829
❤👍,2,1149,yes,,,,other,1
yes,4,1149,yes,,,,latin,240
PX7Lvjs639U,0,1150,no,,,,latin,829
Salam Kissan | Kissan Day 18th Dec | A Tribute to Farmers by Sarsabz Fertilizer,1,1150,yes,,,,latin,829
yes,4,1150,yes,,,,latin,240
PX7Lvjs639U,0,1151,no,,,,latin,829
Salam Kissan | Kissan Day 18th Dec | A Tribute to Farmers by Sarsabz Fertilizer,1,1151,yes,,,,latin,829
Nice awareness message ❤,2,1151,yes,,,,latin,1
yes,4,1151,yes,,,,latin,240
PX7Lvjs639U,0,1152,no,,,,latin,829
Salam Kissan | Kissan Day 18th Dec | A Tribute to Farmers by Sarsabz Fertilizer,1,1152,yes,,,,latin,829
yes,4,1152,yes,,,,latin,240
PX7Lvjs639U,0,1153,no,,,,latin,829
Salam Kissan | Kissan Day 18th Dec | A Tribute to Farmers by Sarsabz Fertilizer,1,1153,yes,,,,latin,829
Wowwww ..,2,1153,yes,,,,latin,1
yes,4,1153,yes,,,,latin,240
PX7Lvjs639U,0,1154,no,,,,latin,829
Salam Kissan | Kissan Day 18th Dec | A Tribute to Farmers by Sarsabz Fertilizer,1,1154,yes,,,,latin,829
Shan,2,1154,yes,,,,latin,1
yes,4,1154,yes,,,,latin,240
PX7Lvjs639U,0,1155,no,,,,latin,829
Salam Kissan | Kissan Day 18th Dec | A Tribute to Farmers by Sarsabz Fertilizer,1,1155,yes,,,,latin,829
❤❤,2,1155,yes,,,,other,16
yes,4,1155,yes,,,,latin,240
PX7Lvjs639U,0,1156,no,,,,latin,829
Salam Kissan | Kissan Day 18th Dec | A Tribute to Farmers by Sarsabz Fertilizer,1,1156,yes,,,,latin,829
yes,4,1156,yes,,,,latin,240
PX7Lvjs639U,0,1157,no,,,,latin,829
Salam Kissan | Kissan Day 18th Dec | A Tribute to Farmers by Sarsabz Fertilizer,1,1157,yes,,,,latin,829
معاشرے میں ہم سب پہ کوئی نا کوئی ذمہ داری ہوتی ہے جسے ہم سب نے احسن طریقے سے نبھانا ہوتا ھے اور اکثر ان ٹاسک کو صحیح طور پہ پرفارم کروانے لیے اک سرویلنس سسٹم ایک ایڈمینسٹریٹیو کنٹرول ہوتا ھے . لیکن ہمارا کسان بغیر کسی سرویلنس سسٹم کے ہر ٹاسک ( بیج ڈالنا ، فصلوں کو پانی لگانا ، یہاں تک کے سرسبز کا صحیح وقت پہ استعمال ) یہ سب ٹاسک ایکوریٹ ٹائم پر پرفارم کرتا ھے . ہر کسان ایک کسان ھونے کے ساتھ ایک کمپلیٹ سسٹم ھے جب وہ ایگزیکیوٹ ہوتا ھے تو نتائج شاندار ہوتے ھیں اور ہمارے دِل سے یہ آواز آتی ھے. کیوں کے سرسبز ھے زمیں کی جان ، فصل کی شان ھمارے دِل سے بھی آئے صدا ، سلام کسان ، سلام کسان,2,1157,yes,,,,urdu_script,1
no,4,1157,yes,,,,latin,1332
PX7Lvjs639U,0,1158,no,,,,latin,829
Salam Kissan | Kissan Day 18th Dec | A Tribute to Farmers by Sarsabz Fertilizer,1,1158,yes,,,,latin,829
No farmer no food,2,1158,yes,,,,latin,1
no,4,1158,yes,,,,latin,1332
PX7Lvjs639U,0,1159,no,,,,latin,829
Salam Kissan | Kissan Day 18th Dec | A Tribute to Farmers by Sarsabz Fertilizer,1,1159,yes,,,,latin,829
Good sarsabz🌲🌳🌴,2,1159,yes,,,,latin,1
no,4,1159,yes,,,,latin,1332
PX7Lvjs639U,0,1160,no,,,,latin,829
Salam Kissan | Kissan Day 18th Dec | A Tribute to Farmers by Sarsabz Fertilizer,1,1160,yes,,,,latin,829
Zindagi mein kameyab wo shaks hota hai Jo mehnat karta hai to kabi b har mat manye. Keep it up ❣️ Formers Inshallah you future is bright 🌞.,2,1160,yes,,,,latin,1
no,4,1160,yes,,,,latin,1332
PX7Lvjs639U,0,1161,no,,,,latin,829
Salam Kissan | Kissan Day 18th Dec | A Tribute to Farmers by Sarsabz Fertilizer,1,1161,yes,,,,latin,829
I love kasan care everything one ❤,2,1161,yes,,,,latin,1
no,4,1161,yes,,,,latin,1332
PX7Lvjs639U,0,1162,no,,,,latin,829
Salam Kissan | Kissan Day 18th Dec | A Tribute to Farmers by Sarsabz Fertilizer,1,1162,yes,,,,latin,829
Shehr main dahit,2,1162,yes,,,,latin,1
no,4,1162,yes,,,,latin,1332
PX7Lvjs639U,0,1163,no,,,,latin,829
Salam Kissan | Kissan Day 18th Dec | A Tribute to Farmers by Sarsabz Fertilizer,1,1163,yes,,,,latin,829
Salute ha in farmers ko Jo din rat mehnat krty ha aur humary Liya work krty na dhop dekhty na Barish humary Lia apny apko miti k Sath miti krty apky Liya jitna bhi bola jaye lafz Salam Kam pr jaye i appreciate you Salam Pakistan k kisano hum sbko ap pr fkhar ha❤,2,1163,yes,,,,latin,1
no,4,1163,yes,,,,latin,1332
PX7Lvjs639U,0,1164,no,,,,latin,829
Salam Kissan | Kissan Day 18th Dec | A Tribute to Farmers by Sarsabz Fertilizer,1,1164,yes,,,,latin,829
Love from shehar me dehat❤,2,1164,yes,,,,latin,1
no,4,1164,yes,,,,latin,1332
PX7Lvjs639U,0,1165,no,,,,latin,829
Salam Kissan | Kissan Day 18th Dec | A Tribute to Farmers by Sarsabz Fertilizer,1,1165,yes,,,,latin,829
Love from shehr main dihat ❤,2,1165,yes,,,,latin,1
no,4,1165,yes,,,,latin,1332
PX7Lvjs639U,0,1166,no,,,,latin,829
Salam Kissan | Kissan Day 18th Dec | A Tribute to Farmers by Sarsabz Fertilizer,1,1166,yes,,,,latin,829
Farmers of Pakistan are our pride i love Farmers ❤,2,1166,yes,,,,latin,1
no,4,1166,yes,,,,latin,1332
PX7Lvjs639U,0,1167,no,,,,latin,829
Salam Kissan | Kissan Day 18th Dec | A Tribute to Farmers by Sarsabz Fertilizer,1,1167,yes,,,,latin,829
Allah inko or tarake fa ameen❤,2,1167,yes,,,,latin,1
no,4,1167,yes,,,,latin,1332
PX7Lvjs639U,0,1168,no,,,,latin,829
Salam Kissan | Kissan Day 18th Dec | A Tribute to Farmers by Sarsabz Fertilizer,1,1168,yes,,,,latin,829
"Dear Farmers In the face of adversities like floods, relentless rains, and challenging economic crises, your unwavering dedication to cultivating the land and contributing to the prosperity of our nation is truly commendable. Thank you for your dedication, hard work, and sacrifices. Your commitment to the growth of our agriculture sector not only feeds the nation but also nourishes the spirit of our entire country. Thank you for being the backbone of progress, cultivating hope with every sunrise and every harvest. I would also like to extend my sincere appreciation to Salam Kissan Channel for tirelessly highlighting and sharing the stories of your hard work and dedication. Your efforts in showcasing the endeavors of our farmers contribute immensely to raising awareness and fostering a deeper appreciation for the vital role they play in our society. Sarsabz Fertilizer has undeniably emerged as the leading fertilizer brand in Pakistan. Its commitment to excellence, innovative agricultural solutions, and steadfast dedication to supporting farmers have positioned it at the forefront of the country's agricultural landscape.",2,1168,yes,,,,latin,1
no,4,1168,yes,,,,latin,1332
PX7Lvjs639U,0,1169,no,,,,latin,829
Salam Kissan | Kissan Day 18th Dec | A Tribute to Farmers by Sarsabz Fertilizer,1,1169,yes,,,,latin,829
Champions ❤,2,1169,yes,,,,latin,1
no,4,1169,yes,,,,latin,1332
PX7Lvjs639U,0,1170,no,,,,latin,829
Salam Kissan | Kissan Day 18th Dec | A Tribute to Farmers by Sarsabz Fertilizer,1,1170,yes,,,,latin,829
Farmers of Pakistan are our pride ❤❤,2,1170,yes,,,,latin,1
no,4,1170,yes,,,,latin,1332
PX7Lvjs639U,0,1171,no,,,,latin,829
Salam Kissan | Kissan Day 18th Dec | A Tribute to Farmers by Sarsabz Fertilizer,1,1171,yes,,,,latin,829
This Love It❤❤❤,2,1171,yes,,,,latin,1
no,4,1171,yes,,,,latin,1332
PX7Lvjs639U,0,1172,no,,,,latin,829
Salam Kissan | Kissan Day 18th Dec | A Tribute to Farmers by Sarsabz Fertilizer,1,1172,yes,,,,latin,829
Farmer's hero of Pakistan ❤❤🇵🇰,2,1172,yes,,,,latin,1
no,4,1172,yes,,,,latin,1332
PX7Lvjs639U,0,1173,no,,,,latin,829
Salam Kissan | Kissan Day 18th Dec | A Tribute to Farmers by Sarsabz Fertilizer,1,1173,yes,,,,latin,829
Team Sherhr Main Dehat,2,1173,yes,,,,latin,1
no,4,1173,yes,,,,latin,1332
PX7Lvjs639U,0,1174,no,,,,latin,829
Salam Kissan | Kissan Day 18th Dec | A Tribute to Farmers by Sarsabz Fertilizer,1,1174,yes,,,,latin,829
LOVE u SARSABZ,2,1174,yes,,,,latin,1
no,4,1174,yes,,,,latin,1332
PX7Lvjs639U,0,1175,no,,,,latin,829
Salam Kissan | Kissan Day 18th Dec | A Tribute to Farmers by Sarsabz Fertilizer,1,1175,yes,,,,latin,829
"Sarsabz once again highlights the importance of farmers to society. Without their untiring efforts, we would be facing an acute shortage of everyday essential foods. Kudos to Sarsabz!",2,1175,yes,,,,latin,2
no,4,1175,yes,,,,latin,1332
PX7Lvjs639U,0,1176,no,,,,latin,829
Salam Kissan | Kissan Day 18th Dec | A Tribute to Farmers by Sarsabz Fertilizer,1,1176,yes,,,,latin,829
Farmers of Pakistan are prid salute,2,1176,yes,,,,latin,1
no,4,1176,yes,,,,latin,1332
PX7Lvjs639U,0,1177,no,,,,latin,829
Salam Kissan | Kissan Day 18th Dec | A Tribute to Farmers by Sarsabz Fertilizer,1,1177,yes,,,,latin,829
farmers are great people they work hard for us but some pepole do not care about their hardwork they are our pride,2,1177,yes,,,,latin,1
no,4,1177,yes,,,,latin,1332
PX7Lvjs639U,0,1178,no,,,,latin,829
Salam Kissan | Kissan Day 18th Dec | A Tribute to Farmers by Sarsabz Fertilizer,1,1178,yes,,,,latin,829
پاکستان کے کسان ہماری شان آپ سب کی محنت کو سلام کہ جنہوں نے اپنے خون اور پسینے کو مٹی میں ڈال کر اسے زندگی بخشی کسانوں کا قومی دن مبارک,2,1178,yes,,,,urdu_script,1
no,4,1178,yes,,,,latin,1332
PX7Lvjs639U,0,1179,no,,,,latin,829
Salam Kissan | Kissan Day 18th Dec | A Tribute to Farmers by Sarsabz Fertilizer,1,1179,yes,,,,latin,829
"Your tireless dedication to the land sustains us all. Through challenges and triumphs, your hard work and resilience never cease to amaze. Your hands cultivate not just crops but also the foundation of our communities. In every seed sown and harvest reaped, you are the unsung heroes, the stewards of our sustenance. Thank you for being the backbone of our society, for the sacrifices made, and for shaping a sustainable future. Your efforts do not go unnoticed, and we are deeply grateful for the essential role you play in nourishing our world.",2,1179,yes,,,,latin,1
no,4,1179,yes,,,,latin,1332
PX7Lvjs639U,0,1180,no,,,,latin,829
Salam Kissan | Kissan Day 18th Dec | A Tribute to Farmers by Sarsabz Fertilizer,1,1180,yes,,,,latin,829
"youtube.com/@muhammadyesrub2622 Please email your complete details (Address, phone number, and city) to sarsabzofficialpk@gmail.com using the same email address associated with your YouTube account.",2,1180,yes,,,,latin,1
yes,4,1180,yes,,,,latin,240
PX7Lvjs639U,0,1181,no,,,,latin,829
Salam Kissan | Kissan Day 18th Dec | A Tribute to Farmers by Sarsabz Fertilizer,1,1181,yes,,,,latin,829
"youtube.com/@muhammadyesrub2622 Time is ticking. Please email your complete details (Address, phone number, and city) to sarsabzofficialpk@gmail.com using the same email address associated with your YouTube account.",2,1181,yes,,,,latin,1
yes,4,1181,yes,,,,latin,240
PX7Lvjs639U,0,1182,no,,,,latin,829
Salam Kissan | Kissan Day 18th Dec | A Tribute to Farmers by Sarsabz Fertilizer,1,1182,yes,,,,latin,829
yes,4,1182,yes,,,,latin,240
PX7Lvjs639U,0,1183,no,,,,latin,829
Salam Kissan | Kissan Day 18th Dec | A Tribute to Farmers by Sarsabz Fertilizer,1,1183,yes,,,,latin,829
"Congratulations on winning! Please email your complete details (Address, phone number, and city) to sarsabzofficialpk@gmail.com using the same email address associated with your YouTube account.",2,1183,yes,,,,latin,13
yes,4,1183,yes,,,,latin,240
PX7Lvjs639U,0,1184,no,,,,latin,829
Salam Kissan | Kissan Day 18th Dec | A Tribute to Farmers by Sarsabz Fertilizer,1,1184,yes,,,,latin,829
Respect all kisan,2,1184,yes,,,,latin,1
no,4,1184,yes,,,,latin,1332
PX7Lvjs639U,0,1185,no,,,,latin,829
Salam Kissan | Kissan Day 18th Dec | A Tribute to Farmers by Sarsabz Fertilizer,1,1185,yes,,,,latin,829
Farmers very very important for life farmers nhi tou ham nhi thanks for farmers and sarsabz salam kissan salam Pakistan sarsabz Pakistan,2,1185,yes,,,,latin,1
no,4,1185,yes,,,,latin,1332
PX7Lvjs639U,0,1186,no,,,,latin,829
Salam Kissan | Kissan Day 18th Dec | A Tribute to Farmers by Sarsabz Fertilizer,1,1186,yes,,,,latin,829
"Salute to Alla Kisaans 🙋 Life without food, Is like a tree without roots. Life without food, Is like a bad dream come true Food comes from farms, These farms make our country charm, Our country’s pride is hidden in farms, But the growing population rings an alarm Farmers try their best to cultivate more, For lost ships to become a sea shore, These efforts will not be in vain, One day the dry land will also have rain! THANKS to farmers for growing food! THANKS to farmers for giving our life tree roots!",2,1186,yes,,,,latin,1
no,4,1186,yes,,,,latin,1332
PX7Lvjs639U,0,1187,no,,,,latin,829
Salam Kissan | Kissan Day 18th Dec | A Tribute to Farmers by Sarsabz Fertilizer,1,1187,yes,,,,latin,829
yes,4,1187,yes,,,,latin,240
PX7Lvjs639U,0,1188,no,,,,latin,829
Salam Kissan | Kissan Day 18th Dec | A Tribute to Farmers by Sarsabz Fertilizer,1,1188,yes,,,,latin,829
Thank you,2,1188,yes,,,,latin,6
no,4,1188,yes,,,,latin,1332
PX7Lvjs639U,0,1189,no,,,,latin,829
Salam Kissan | Kissan Day 18th Dec | A Tribute to Farmers by Sarsabz Fertilizer,1,1189,yes,,,,latin,829
Farmers produce wheat and ather thing for Pakistan,2,1189,yes,,,,latin,1
no,4,1189,yes,,,,latin,1332
PX7Lvjs639U,0,1190,no,,,,latin,829
Salam Kissan | Kissan Day 18th Dec | A Tribute to Farmers by Sarsabz Fertilizer,1,1190,yes,,,,latin,829
Aha kame kara hao Allah tarke da,2,1190,yes,,,,latin,1
no,4,1190,yes,,,,latin,1332
PX7Lvjs639U,0,1191,no,,,,latin,829
Salam Kissan | Kissan Day 18th Dec | A Tribute to Farmers by Sarsabz Fertilizer,1,1191,yes,,,,latin,829
Nice kasin 😢😢,2,1191,yes,,,,latin,1
no,4,1191,yes,,,,latin,1332
PX7Lvjs639U,0,1192,no,,,,latin,829
Salam Kissan | Kissan Day 18th Dec | A Tribute to Farmers by Sarsabz Fertilizer,1,1192,yes,,,,latin,829
A big salute to our farmers 🎉,2,1192,yes,,,,latin,1
no,4,1192,yes,,,,latin,1332
PX7Lvjs639U,0,1193,no,,,,latin,829
Salam Kissan | Kissan Day 18th Dec | A Tribute to Farmers by Sarsabz Fertilizer,1,1193,yes,,,,latin,829
😊❤🇮🇳🙂❤,2,1193,yes,,,,other,1
no,4,1193,yes,,,,latin,1332
PX7Lvjs639U,0,1194,no,,,,latin,829
Salam Kissan | Kissan Day 18th Dec | A Tribute to Farmers by Sarsabz Fertilizer,1,1194,yes,,,,latin,829
Salam.kissan srsbz pakistan,2,1194,yes,,,,latin,1
no,4,1194,yes,,,,latin,1332
PX7Lvjs639U,0,1195,no,,,,latin,829
Salam Kissan | Kissan Day 18th Dec | A Tribute to Farmers by Sarsabz Fertilizer,1,1195,yes,,,,latin,829
Very good 🎉🎉,2,1195,yes,,,,latin,1
no,4,1195,yes,,,,latin,1332
PX7Lvjs639U,0,1196,no,,,,latin,829
Salam Kissan | Kissan Day 18th Dec | A Tribute to Farmers by Sarsabz Fertilizer,1,1196,yes,,,,latin,829
Pakistan ke kisan hamari shan🎉🎉ALKHAMDULILLAH I AM FARMER❤,2,1196,yes,,,,latin,2
no,4,1196,yes,,,,latin,1332
PX7Lvjs639U,0,1197,no,,,,latin,829
Salam Kissan | Kissan Day 18th Dec | A Tribute to Farmers by Sarsabz Fertilizer,1,1197,yes,,,,latin,829
"To watch and realize the simplicity of the lives of farmers, sharing the experiences of our forefathers from Agregarian Society from the very beginning of history and leading country's economy with sheer hardwork, perseverance and resilience is awe-inspiring. Their patience is unmatched, when faced with the calamity of natural disasters like the floods we faced last year. It's hard to even imagine the courage it takes to put in so much effort after you've lost everything from the product, to the land and your home. It is exemplary for all of us. To see them smile after they've made their lands produce grain after the floods is a joyous experience. Our females working hand in hand with males in the fields, showing the same resilience, highlights the important of their role to country's economy. It is a wonderful experience to watch. The efforts of Fatima Group to facilitate farmers is an examplary service to the nation for sustainable development. Best wishes for the team engaged in this service. #SalamKissan #KissanDay #SarsabzPakistan",2,1197,yes,,,,latin,1
yes,4,1197,yes,,,,latin,240
PX7Lvjs639U,0,1198,no,,,,latin,829
Salam Kissan | Kissan Day 18th Dec | A Tribute to Farmers by Sarsabz Fertilizer,1,1198,yes,,,,latin,829
suilet farmar,2,1198,yes,,,,latin,1
no,4,1198,yes,,,,latin,1332
PX7Lvjs639U,0,1199,no,,,,latin,829
Salam Kissan | Kissan Day 18th Dec | A Tribute to Farmers by Sarsabz Fertilizer,1,1199,yes,,,,latin,829
Here on Sheher may Dehat recommendation,2,1199,yes,,,,latin,1
no,4,1199,yes,,,,latin,1332
PX7Lvjs639U,0,1200,no,,,,latin,829
Salam Kissan | Kissan Day 18th Dec | A Tribute to Farmers by Sarsabz Fertilizer,1,1200,yes,,,,latin,829
Mashallah ❤❤❤,2,1200,yes,,,,latin,1
no,4,1200,yes,,,,latin,1332
PX7Lvjs639U,0,1201,no,,,,latin,829
Salam Kissan | Kissan Day 18th Dec | A Tribute to Farmers by Sarsabz Fertilizer,1,1201,yes,,,,latin,829
But I love Pakistan ❤❤❤❤,2,1201,yes,,,,latin,1
no,4,1201,yes,,,,latin,1332
PX7Lvjs639U,0,1202,no,,,,latin,829
Salam Kissan | Kissan Day 18th Dec | A Tribute to Farmers by Sarsabz Fertilizer,1,1202,yes,,,,latin,829
I am Indian ❤❤,2,1202,yes,,,,latin,1
no,4,1202,yes,,,,latin,1332
PX7Lvjs639U,0,1203,no,,,,latin,829
Salam Kissan | Kissan Day 18th Dec | A Tribute to Farmers by Sarsabz Fertilizer,1,1203,yes,,,,latin,829
ਬਹੁਤ ਵਧੀਆ ❤,2,1203,yes,,,,other,1
no,4,1203,yes,,,,latin,1332
PX7Lvjs639U,0,1204,no,,,,latin,829
Salam Kissan | Kissan Day 18th Dec | A Tribute to Farmers by Sarsabz Fertilizer,1,1204,yes,,,,latin,829
Salute to the hard work of all of you who put your blood and sweat in the soil and gave it lifej,2,1204,yes,,,,latin,1
no,4,1204,yes,,,,latin,1332
PX7Lvjs639U,0,1205,no,,,,latin,829
Salam Kissan | Kissan Day 18th Dec | A Tribute to Farmers by Sarsabz Fertilizer,1,1205,yes,,,,latin,829
Congratulations sarsabs kissan 🎉❤❤❤ for his contribution to help and enhance the importance of farmers 👏👏👏👏🌹🌹🌹🌹🌹✔️,2,1205,yes,,,,latin,1
no,4,1205,yes,,,,latin,1332
PX7Lvjs639U,0,1206,no,,,,latin,829
Salam Kissan | Kissan Day 18th Dec | A Tribute to Farmers by Sarsabz Fertilizer,1,1206,yes,,,,latin,829
❤❤,2,1206,yes,,,,other,16
no,4,1206,yes,,,,latin,1332
PX7Lvjs639U,0,1207,no,,,,latin,829
Salam Kissan | Kissan Day 18th Dec | A Tribute to Farmers by Sarsabz Fertilizer,1,1207,yes,,,,latin,829
"The farmers faced really bad floods that destroyed their homes and crops. But they didn't give up. They worked hard to grow even better crops after that. It's amazing how strong and determined they were to make things better after such a tough time. Our Pakistani farmers work really hard, especially when things are tough. They keep our communities going by growing food. Even when things go wrong, they don't give up. It shows how strong they are. We see and appreciate all the work they do. Thank you, farmers, for working so hard to feed everyone. You make a really big difference in our lives. Thanks to Sarsabz Team for showcasing these through an excellent content.",2,1207,yes,,,,latin,1
no,4,1207,yes,,,,latin,1332
PX7Lvjs639U,0,1208,no,,,,latin,829
Salam Kissan | Kissan Day 18th Dec | A Tribute to Farmers by Sarsabz Fertilizer,1,1208,yes,,,,latin,829
Love u ksan dy,2,1208,yes,,,,latin,1
no,4,1208,yes,,,,latin,1332
PX7Lvjs639U,0,1209,no,,,,latin,829
Salam Kissan | Kissan Day 18th Dec | A Tribute to Farmers by Sarsabz Fertilizer,1,1209,yes,,,,latin,829
You give importance of kissan(farmer),2,1209,yes,,,,latin,1
no,4,1209,yes,,,,latin,1332
PX7Lvjs639U,0,1210,no,,,,latin,829
Salam Kissan | Kissan Day 18th Dec | A Tribute to Farmers by Sarsabz Fertilizer,1,1210,yes,,,,latin,829
"We salute all the farmers who quietly and selflessly toil in fields for people they've never known. None of us would be here if it wasn't for farmers. Now, it's time to pay their long due appreciation and heartfelt thanks. #SalamKissan #Sarsabzpakistan",2,1210,yes,,,,latin,1
no,4,1210,yes,,,,latin,1332
PX7Lvjs639U,0,1211,no,,,,latin,829
Salam Kissan | Kissan Day 18th Dec | A Tribute to Farmers by Sarsabz Fertilizer,1,1211,yes,,,,latin,829
"What an impressive effort by the team. Very powerful theme with equally remarkable execution. A very emotional message for everyone to remain hopeful . Positive and determined on matter what the circumstances are. Feeling highly motivated , emotional and thankful to the Kissan who always believe in Allah and their efforts .",2,1211,yes,,,,latin,1
no,4,1211,yes,,,,latin,1332
PX7Lvjs639U,0,1212,no,,,,latin,829
Salam Kissan | Kissan Day 18th Dec | A Tribute to Farmers by Sarsabz Fertilizer,1,1212,yes,,,,latin,829
we are proud to be a Farmer 👩‍🌾 ❤🫀💋,2,1212,yes,,,,latin,1
no,4,1212,yes,,,,latin,1332
PX7Lvjs639U,0,1213,no,,,,latin,829
Salam Kissan | Kissan Day 18th Dec | A Tribute to Farmers by Sarsabz Fertilizer,1,1213,yes,,,,latin,829
I complete my responsibility to listen this song after sher main dehat request ❤❤,2,1213,yes,,,,latin,1
no,4,1213,yes,,,,latin,1332
PX7Lvjs639U,0,1214,no,,,,latin,829
Salam Kissan | Kissan Day 18th Dec | A Tribute to Farmers by Sarsabz Fertilizer,1,1214,yes,,,,latin,829
yes,4,1214,yes,,,,latin,240
PX7Lvjs639U,0,1215,no,,,,latin,829
Salam Kissan | Kissan Day 18th Dec | A Tribute to Farmers by Sarsabz Fertilizer,1,1215,yes,,,,latin,829
yes,4,1215,yes,,,,latin,240
PX7Lvjs639U,0,1216,no,,,,latin,829
Salam Kissan | Kissan Day 18th Dec | A Tribute to Farmers by Sarsabz Fertilizer,1,1216,yes,,,,latin,829
yes,4,1216,yes,,,,latin,240
PX7Lvjs639U,0,1217,no,,,,latin,829
Salam Kissan | Kissan Day 18th Dec | A Tribute to Farmers by Sarsabz Fertilizer,1,1217,yes,,,,latin,829
yes,4,1217,yes,,,,latin,240
PX7Lvjs639U,0,1218,no,,,,latin,829
Salam Kissan | Kissan Day 18th Dec | A Tribute to Farmers by Sarsabz Fertilizer,1,1218,yes,,,,latin,829
yes,4,1218,yes,,,,latin,240
PX7Lvjs639U,0,1219,no,,,,latin,829
Salam Kissan | Kissan Day 18th Dec | A Tribute to Farmers by Sarsabz Fertilizer,1,1219,yes,,,,latin,829
🎉😊,2,1219,yes,,,,other,1
yes,4,1219,yes,,,,latin,240
PX7Lvjs639U,0,1220,no,,,,latin,829
Salam Kissan | Kissan Day 18th Dec | A Tribute to Farmers by Sarsabz Fertilizer,1,1220,yes,,,,latin,829
yes,4,1220,yes,,,,latin,240
PX7Lvjs639U,0,1221,no,,,,latin,829
Salam Kissan | Kissan Day 18th Dec | A Tribute to Farmers by Sarsabz Fertilizer,1,1221,yes,,,,latin,829
yes,4,1221,yes,,,,latin,240
PX7Lvjs639U,0,1222,no,,,,latin,829
Salam Kissan | Kissan Day 18th Dec | A Tribute to Farmers by Sarsabz Fertilizer,1,1222,yes,,,,latin,829
yes,4,1222,yes,,,,latin,240
PX7Lvjs639U,0,1223,no,,,,latin,829
Salam Kissan | Kissan Day 18th Dec | A Tribute to Farmers by Sarsabz Fertilizer,1,1223,yes,,,,latin,829
yes,4,1223,yes,,,,latin,240
PX7Lvjs639U,0,1224,no,,,,latin,829
Salam Kissan | Kissan Day 18th Dec | A Tribute to Farmers by Sarsabz Fertilizer,1,1224,yes,,,,latin,829
yes,4,1224,yes,,,,latin,240
PX7Lvjs639U,0,1225,no,,,,latin,829
Salam Kissan | Kissan Day 18th Dec | A Tribute to Farmers by Sarsabz Fertilizer,1,1225,yes,,,,latin,829
yes,4,1225,yes,,,,latin,240
PX7Lvjs639U,0,1226,no,,,,latin,829
Salam Kissan | Kissan Day 18th Dec | A Tribute to Farmers by Sarsabz Fertilizer,1,1226,yes,,,,latin,829
yes,4,1226,yes,,,,latin,240
PX7Lvjs639U,0,1227,no,,,,latin,829
Salam Kissan | Kissan Day 18th Dec | A Tribute to Farmers by Sarsabz Fertilizer,1,1227,yes,,,,latin,829
yes,4,1227,yes,,,,latin,240
PX7Lvjs639U,0,1228,no,,,,latin,829
Salam Kissan | Kissan Day 18th Dec | A Tribute to Farmers by Sarsabz Fertilizer,1,1228,yes,,,,latin,829
yes,4,1228,yes,,,,latin,240
PX7Lvjs639U,0,1229,no,,,,latin,829
Salam Kissan | Kissan Day 18th Dec | A Tribute to Farmers by Sarsabz Fertilizer,1,1229,yes,,,,latin,829
"🌾💚 Dedication to Our Hardworking Farmers 💚🌾 In the hustle and bustle of our daily lives, it's easy to forget the incredible dedication and hard work that goes into putting food on our tables. Today, I want to take a moment to express my heartfelt gratitude to the unsung heroes of our world - our farmers. 🚜 To the hands that sow the seeds and tend to the fields, thank you for nurturing the land and bringing forth the harvest. 🌱 To the early risers and late workers, your commitment and tireless efforts do not go unnoticed. You are the backbone of our communities. 🌽 Your resilience in the face of challenges, unpredictable weather, and the uncertainties of agriculture is nothing short of inspiring. The fruits of your labor sustain us all. 🌎 Let's not forget the profound impact of your work, reaching far beyond the fields. You are stewards of the Earth, caretakers of nature, and providers for nations. 🙏 Today, I dedicate a moment of gratitude to each farmer out there. Your hard work, dedication, and love for the land ensure that we have sustenance and nourishment. 🌿 Thank you, Farmers, for all that you do. Your labor is the root of our prosperity, and your harvest is a gift to us all. 💖🌾",2,1229,yes,,,,latin,1
no,4,1229,yes,,,,latin,1332
PX7Lvjs639U,0,1230,no,,,,latin,829
Salam Kissan | Kissan Day 18th Dec | A Tribute to Farmers by Sarsabz Fertilizer,1,1230,yes,,,,latin,829
Good farmer are our proud and we are dependent on them ❤❤,2,1230,yes,,,,latin,1
no,4,1230,yes,,,,latin,1332
PX7Lvjs639U,0,1231,no,,,,latin,829
Salam Kissan | Kissan Day 18th Dec | A Tribute to Farmers by Sarsabz Fertilizer,1,1231,yes,,,,latin,829
Very good initiative by Fatima Group for creating awareness and recognising farmers of Pakistan.. Keep it up Fatima Group...,2,1231,yes,,,,latin,1
no,4,1231,yes,,,,latin,1332
PX7Lvjs639U,0,1232,no,,,,latin,829
Salam Kissan | Kissan Day 18th Dec | A Tribute to Farmers by Sarsabz Fertilizer,1,1232,yes,,,,latin,829
سلام کسان، کسان کے عالمی دن پر ان تمام محنتی کسانوں کو سلام جن کی وجہ سے گلشن کی رونق اور چمن میں چہچہاہٹ ہے ۰ جن کی خون پسینے سے لبریز محنت ہمارے دستر خوانوں اور پہناوے کی زینت ہے,2,1232,yes,,,,urdu_script,1
no,4,1232,yes,,,,latin,1332
PX7Lvjs639U,0,1233,no,,,,latin,829
Salam Kissan | Kissan Day 18th Dec | A Tribute to Farmers by Sarsabz Fertilizer,1,1233,yes,,,,latin,829
"I am also belongs to Kissan(Farmer) Family my grandfather and my Uncle mamo is a farmer. I know that what challenges that a farmer is face and loves and care his fields, makes his fields best. That is very hard work efforts for that. So i am says to @Sarsabz thanks for making this song and highlights the importance of farmers to society. Pakistan Zindabad Long live farmers specially Pak Kissan. Salam Kissan.",2,1233,yes,,,,latin,1
no,4,1233,yes,,,,latin,1332
PX7Lvjs639U,0,1234,no,,,,latin,829
Salam Kissan | Kissan Day 18th Dec | A Tribute to Farmers by Sarsabz Fertilizer,1,1234,yes,,,,latin,829
"Congratulations on winning! Please email your complete details (Address, phone number, and city) to sarsabzofficialpk@gmail.com using the same email address associated with your YouTube account.",2,1234,yes,,,,latin,13
yes,4,1234,yes,,,,latin,240
PX7Lvjs639U,0,1235,no,,,,latin,829
Salam Kissan | Kissan Day 18th Dec | A Tribute to Farmers by Sarsabz Fertilizer,1,1235,yes,,,,latin,829
"youtube.com/@asgamers4835 Please email your complete details (Address, phone number, and city) to sarsabzofficialpk@gmail.com using the same email address associated with your YouTube account.",2,1235,yes,,,,latin,1
yes,4,1235,yes,,,,latin,240
PX7Lvjs639U,0,1236,no,,,,latin,829
Salam Kissan | Kissan Day 18th Dec | A Tribute to Farmers by Sarsabz Fertilizer,1,1236,yes,,,,latin,829
"youtube.com/@asgamers4835 Time is ticking. Please email your complete details (Address, phone number, and city) to sarsabzofficialpk@gmail.com using the same email address associated with your YouTube account.",2,1236,yes,,,,latin,1
yes,4,1236,yes,,,,latin,240
PX7Lvjs639U,0,1237,no,,,,latin,829
Salam Kissan | Kissan Day 18th Dec | A Tribute to Farmers by Sarsabz Fertilizer,1,1237,yes,,,,latin,829
yes,4,1237,yes,,,,latin,240
PX7Lvjs639U,0,1238,no,,,,latin,829
Salam Kissan | Kissan Day 18th Dec | A Tribute to Farmers by Sarsabz Fertilizer,1,1238,yes,,,,latin,829
"Hello Azeem, Please reply to the same comment on YouTube with these #Tags (#SalamKissan #KissanDay #SarsabzPakistan) so we can verify the authenticity of your account and participation.",2,1238,yes,,,,latin,1
yes,4,1238,yes,,,,latin,240
PX7Lvjs639U,0,1239,no,,,,latin,829
Salam Kissan | Kissan Day 18th Dec | A Tribute to Farmers by Sarsabz Fertilizer,1,1239,yes,,,,latin,829
Jai javan jai kisan,2,1239,yes,,,,latin,1
no,4,1239,yes,,,,latin,1332
PX7Lvjs639U,0,1240,no,,,,latin,829
Salam Kissan | Kissan Day 18th Dec | A Tribute to Farmers by Sarsabz Fertilizer,1,1240,yes,,,,latin,829
There is nothing more important than farming. It is the backbone of civilization. We are so very proud of all KISSAN's. Your handwork and perseverance have paid off. Thank you to all of the amazing farmers that make it possible for us to eat every day. Thanks to Sarsabz as well. #Salamkissan #SarsabzPakistan.,2,1240,yes,,,,latin,1
no,4,1240,yes,,,,latin,1332
PX7Lvjs639U,0,1241,no,,,,latin,829
Salam Kissan | Kissan Day 18th Dec | A Tribute to Farmers by Sarsabz Fertilizer,1,1241,yes,,,,latin,829
🎉🎉🎉,2,1241,yes,,,,other,3
no,4,1241,yes,,,,latin,1332
PX7Lvjs639U,0,1242,no,,,,latin,829
Salam Kissan | Kissan Day 18th Dec | A Tribute to Farmers by Sarsabz Fertilizer,1,1242,yes,,,,latin,829
So Beautiful apre shad you 🎉,2,1242,yes,,,,latin,1
no,4,1242,yes,,,,latin,1332
PX7Lvjs639U,0,1243,no,,,,latin,829
Salam Kissan | Kissan Day 18th Dec | A Tribute to Farmers by Sarsabz Fertilizer,1,1243,yes,,,,latin,829
Love from India 🇮🇳 kisaan bhai chahe kahi ke ho vo us mulk ki jaan he love you,2,1243,yes,,,,latin,1
no,4,1243,yes,,,,latin,1332
PX7Lvjs639U,0,1244,no,,,,latin,829
Salam Kissan | Kissan Day 18th Dec | A Tribute to Farmers by Sarsabz Fertilizer,1,1244,yes,,,,latin,829
حلال رزق کا مطلب کسان سے پوچھو پسینہ بن کے بدن سے لہو نکلتا ہے سرد راتوں میں تپتی دھوپ میں وہ اپنی فصل کا خیال رکھتا ہے جیسے وہ اپنے بچے کو دیتا ہے تحفظ ایسے وہ اپنی فصل کی پوری خوراک رکھتا ہے بارش اندھی اور طوفان سے بچانے کی خاطر وہ اپنی چارپائی کھیتوں میں ڈال رکھتا ہے گندم کپاس چاول یا اگائے وہ گنا انہی سب فصلوں پہ وہ اپنی زندگی کا ملال رکھتا ہے,2,1244,yes,,,,urdu_script,1
no,4,1244,yes,,,,latin,1332
PX7Lvjs639U,0,1245,no,,,,latin,829
Salam Kissan | Kissan Day 18th Dec | A Tribute to Farmers by Sarsabz Fertilizer,1,1245,yes,,,,latin,829
"Congratulations on winning! Please email your complete details (Address, phone number, and city) to sarsabzofficialpk@gmail.com using the same email address associated with your YouTube account.",2,1245,yes,,,,latin,13
yes,4,1245,yes,,,,latin,240
PX7Lvjs639U,0,1246,no,,,,latin,829
Salam Kissan | Kissan Day 18th Dec | A Tribute to Farmers by Sarsabz Fertilizer,1,1246,yes,,,,latin,829
"youtube.com/@STARxSIGMAYT Please email your complete details (Address, phone number, and city) to sarsabzofficialpk@gmail.com using the same email address associated with your YouTube account.",2,1246,yes,,,,latin,1
yes,4,1246,yes,,,,latin,240
PX7Lvjs639U,0,1247,no,,,,latin,829
Salam Kissan | Kissan Day 18th Dec | A Tribute to Farmers by Sarsabz Fertilizer,1,1247,yes,,,,latin,829
"youtube.com/@STARxSIGMAYT Time is ticking. Please email your complete details (Address, phone number, and city) to sarsabzofficialpk@gmail.com using the same email address associated with your YouTube account.",2,1247,yes,,,,latin,1
yes,4,1247,yes,,,,latin,240
PX7Lvjs639U,0,1248,no,,,,latin,829
Salam Kissan | Kissan Day 18th Dec | A Tribute to Farmers by Sarsabz Fertilizer,1,1248,yes,,,,latin,829
Love from India,2,1248,yes,,,,latin,2
no,4,1248,yes,,,,latin,1332
PX7Lvjs639U,0,1249,no,,,,latin,829
Salam Kissan | Kissan Day 18th Dec | A Tribute to Farmers by Sarsabz Fertilizer,1,1249,yes,,,,latin,829
Maja aya,2,1249,yes,,,,latin,1
no,4,1249,yes,,,,latin,1332
PX7Lvjs639U,0,1250,no,,,,latin,829
Salam Kissan | Kissan Day 18th Dec | A Tribute to Farmers by Sarsabz Fertilizer,1,1250,yes,,,,latin,829
Wow,2,1250,yes,,,,latin,3
no,4,1250,yes,,,,latin,1332
PX7Lvjs639U,0,1251,no,,,,latin,829
Salam Kissan | Kissan Day 18th Dec | A Tribute to Farmers by Sarsabz Fertilizer,1,1251,yes,,,,latin,829
Ma ik kisan hoo or mujy fahker hai ke ma ik kisan hoo or village ma rahta hoo ❤❤❤ this sarsbaz hamy aprsiate Karne ke liye,2,1251,yes,,,,latin,1
no,4,1251,yes,,,,latin,1332
PX7Lvjs639U,0,1252,no,,,,latin,829
Salam Kissan | Kissan Day 18th Dec | A Tribute to Farmers by Sarsabz Fertilizer,1,1252,yes,,,,latin,829
Love you all kisan ❤🎉 from sher main dehat 🎉,2,1252,yes,,,,latin,1
no,4,1252,yes,,,,latin,1332
PX7Lvjs639U,0,1253,no,,,,latin,829
Salam Kissan | Kissan Day 18th Dec | A Tribute to Farmers by Sarsabz Fertilizer,1,1253,yes,,,,latin,829
Sallam kisan you make hard efforts to grow crops❤❤,2,1253,yes,,,,latin,1
no,4,1253,yes,,,,latin,1332
PX7Lvjs639U,0,1254,no,,,,latin,829
Salam Kissan | Kissan Day 18th Dec | A Tribute to Farmers by Sarsabz Fertilizer,1,1254,yes,,,,latin,829
Appreciated to Farmers Very very hard working farmers of pakistan they no see winter or Summer they only hard work for us and our animal salute to u all 🌾🌾🌾🌱☘️,2,1254,yes,,,,latin,1
no,4,1254,yes,,,,latin,1332
PX7Lvjs639U,0,1255,no,,,,latin,829
Salam Kissan | Kissan Day 18th Dec | A Tribute to Farmers by Sarsabz Fertilizer,1,1255,yes,,,,latin,829
Thanks Allha ....here is some1 who feel the pain of farmers....thanks sarsabaz for sweet words for relizing that some1 with us .....,2,1255,yes,,,,latin,1
no,4,1255,yes,,,,latin,1332
PX7Lvjs639U,0,1256,no,,,,latin,829
Salam Kissan | Kissan Day 18th Dec | A Tribute to Farmers by Sarsabz Fertilizer,1,1256,yes,,,,latin,829
Love for shermedhihat,2,1256,yes,,,,latin,1
no,4,1256,yes,,,,latin,1332
PX7Lvjs639U,0,1257,no,,,,latin,829
Salam Kissan | Kissan Day 18th Dec | A Tribute to Farmers by Sarsabz Fertilizer,1,1257,yes,,,,latin,829
salam ha ap ko,2,1257,yes,,,,latin,1
no,4,1257,yes,,,,latin,1332
PX7Lvjs639U,0,1258,no,,,,latin,829
Salam Kissan | Kissan Day 18th Dec | A Tribute to Farmers by Sarsabz Fertilizer,1,1258,yes,,,,latin,829
Who is here after Shahar Mein Dehat vlog,2,1258,yes,,,,latin,1
no,4,1258,yes,,,,latin,1332
PX7Lvjs639U,0,1259,no,,,,latin,829
Salam Kissan | Kissan Day 18th Dec | A Tribute to Farmers by Sarsabz Fertilizer,1,1259,yes,,,,latin,829
Love from khanewal Ghazanfar malik ❤😊😊❤😊❤😊❤😊❤,2,1259,yes,,,,latin,1
no,4,1259,yes,,,,latin,1332
PX7Lvjs639U,0,1260,no,,,,latin,829
Salam Kissan | Kissan Day 18th Dec | A Tribute to Farmers by Sarsabz Fertilizer,1,1260,yes,,,,latin,829
God,2,1260,yes,,,,latin,1
no,4,1260,yes,,,,latin,1332
PX7Lvjs639U,0,1261,no,,,,latin,829
Salam Kissan | Kissan Day 18th Dec | A Tribute to Farmers by Sarsabz Fertilizer,1,1261,yes,,,,latin,829
I am from shehar mein dihat viewer and fan,2,1261,yes,,,,latin,1
no,4,1261,yes,,,,latin,1332
PX7Lvjs639U,0,1262,no,,,,latin,829
Salam Kissan | Kissan Day 18th Dec | A Tribute to Farmers by Sarsabz Fertilizer,1,1262,yes,,,,latin,829
Thanks to kissan for everything ❤,2,1262,yes,,,,latin,1
no,4,1262,yes,,,,latin,1332
PX7Lvjs639U,0,1263,no,,,,latin,829
Salam Kissan | Kissan Day 18th Dec | A Tribute to Farmers by Sarsabz Fertilizer,1,1263,yes,,,,latin,829
Kissan he to hum he kissan nhi to him nhi ek kissan hi to he Jo Hume achi fasal Ker ke ache Fruits and vegetables khelata he jea kissan ❤,2,1263,yes,,,,latin,1
no,4,1263,yes,,,,latin,1332
PX7Lvjs639U,0,1264,no,,,,latin,829
Salam Kissan | Kissan Day 18th Dec | A Tribute to Farmers by Sarsabz Fertilizer,1,1264,yes,,,,latin,829
Salam on kisano ko Jo hamare liye or janwaro kae liye din raat mehnat karte hai mashallah ❤,2,1264,yes,,,,latin,1
no,4,1264,yes,,,,latin,1332
PX7Lvjs639U,0,1265,no,,,,latin,829
Salam Kissan | Kissan Day 18th Dec | A Tribute to Farmers by Sarsabz Fertilizer,1,1265,yes,,,,latin,829
After watching #Shehrmaindehat ❤,2,1265,yes,,,,latin,1
no,4,1265,yes,,,,latin,1332
PX7Lvjs639U,0,1266,no,,,,latin,829
Salam Kissan | Kissan Day 18th Dec | A Tribute to Farmers by Sarsabz Fertilizer,1,1266,yes,,,,latin,829
"We should be thankful for food on our tables, tha cloth on our body and to the farmers who make it all possible.. Thanks kisan Salaam kisan",2,1266,yes,,,,latin,1
no,4,1266,yes,,,,latin,1332
PX7Lvjs639U,0,1267,no,,,,latin,829
Salam Kissan | Kissan Day 18th Dec | A Tribute to Farmers by Sarsabz Fertilizer,1,1267,yes,,,,latin,829
appreciate the efforts for them who put their blood and sweat in the soil to feed not only themselves but to also feed others🥰,2,1267,yes,,,,latin,1
no,4,1267,yes,,,,latin,1332
PX7Lvjs639U,0,1268,no,,,,latin,829
Salam Kissan | Kissan Day 18th Dec | A Tribute to Farmers by Sarsabz Fertilizer,1,1268,yes,,,,latin,829
❤❤ ma ek kasan ho Thank u❤❤,2,1268,yes,,,,latin,1
no,4,1268,yes,,,,latin,1332
PX7Lvjs639U,0,1269,no,,,,latin,829
Salam Kissan | Kissan Day 18th Dec | A Tribute to Farmers by Sarsabz Fertilizer,1,1269,yes,,,,latin,829
Happy kisan Day,2,1269,yes,,,,latin,1
no,4,1269,yes,,,,latin,1332
PX7Lvjs639U,0,1270,no,,,,latin,829
Salam Kissan | Kissan Day 18th Dec | A Tribute to Farmers by Sarsabz Fertilizer,1,1270,yes,,,,latin,829
I proud of you kisan brother,2,1270,yes,,,,latin,1
no,4,1270,yes,,,,latin,1332
PX7Lvjs639U,0,1271,no,,,,latin,829
Salam Kissan | Kissan Day 18th Dec | A Tribute to Farmers by Sarsabz Fertilizer,1,1271,yes,,,,latin,829
😢😢😢😢,2,1271,yes,,,,other,2
no,4,1271,yes,,,,latin,1332
PX7Lvjs639U,0,1272,no,,,,latin,829
Salam Kissan | Kissan Day 18th Dec | A Tribute to Farmers by Sarsabz Fertilizer,1,1272,yes,,,,latin,829
❤❤❤❤❤,2,1272,yes,,,,other,4
no,4,1272,yes,,,,latin,1332
PX7Lvjs639U,0,1273,no,,,,latin,829
Salam Kissan | Kissan Day 18th Dec | A Tribute to Farmers by Sarsabz Fertilizer,1,1273,yes,,,,latin,829
KISSAN ARE VERY HARD WORKING😢AND LOVE YOU ALL KISSAN❤❤❤😢,2,1273,yes,,,,latin,1
no,4,1273,yes,,,,latin,1332
PX7Lvjs639U,0,1274,no,,,,latin,829
Salam Kissan | Kissan Day 18th Dec | A Tribute to Farmers by Sarsabz Fertilizer,1,1274,yes,,,,latin,829
Salam. Pakistan ♥️ Pakistan Zindabad♥️🇵🇰Proud to be pakistan🇵🇰,2,1274,yes,,,,latin,1
no,4,1274,yes,,,,latin,1332
PX7Lvjs639U,0,1275,no,,,,latin,829
Salam Kissan | Kissan Day 18th Dec | A Tribute to Farmers by Sarsabz Fertilizer,1,1275,yes,,,,latin,829
this song is really based on reality of farmers salute to sarsabz and the farmers out there working for the better of our country❤❤❤,2,1275,yes,,,,latin,1
no,4,1275,yes,,,,latin,1332
PX7Lvjs639U,0,1276,no,,,,latin,829
Salam Kissan | Kissan Day 18th Dec | A Tribute to Farmers by Sarsabz Fertilizer,1,1276,yes,,,,latin,829
Soo nice song Allah AP kush rakay😊,2,1276,yes,,,,latin,1
no,4,1276,yes,,,,latin,1332
PX7Lvjs639U,0,1277,no,,,,latin,829
Salam Kissan | Kissan Day 18th Dec | A Tribute to Farmers by Sarsabz Fertilizer,1,1277,yes,,,,latin,829
I love farmers Pakistan and full world 🙋,2,1277,yes,,,,latin,1
no,4,1277,yes,,,,latin,1332
PX7Lvjs639U,0,1278,no,,,,latin,829
Salam Kissan | Kissan Day 18th Dec | A Tribute to Farmers by Sarsabz Fertilizer,1,1278,yes,,,,latin,829
Such a good job❤❤🎉,2,1278,yes,,,,latin,1
no,4,1278,yes,,,,latin,1332
PX7Lvjs639U,0,1279,no,,,,latin,829
Salam Kissan | Kissan Day 18th Dec | A Tribute to Farmers by Sarsabz Fertilizer,1,1279,yes,,,,latin,829
"Without farmers, we would have lacked in our diets and would have to eat processed and unhealthy foods. KISSAN HAMRI SHAN SALAM KISSAN",2,1279,yes,,,,latin,1
no,4,1279,yes,,,,latin,1332
PX7Lvjs639U,0,1280,no,,,,latin,829
Salam Kissan | Kissan Day 18th Dec | A Tribute to Farmers by Sarsabz Fertilizer,1,1280,yes,,,,latin,829
Love from kissan day 18th dec😢😢😢,2,1280,yes,,,,latin,1
no,4,1280,yes,,,,latin,1332
PX7Lvjs639U,0,1281,no,,,,latin,829
Salam Kissan | Kissan Day 18th Dec | A Tribute to Farmers by Sarsabz Fertilizer,1,1281,yes,,,,latin,829
سلام ان کسانوں کو جو کھیتوں میں دن رات محنت کر کے ہمارے دسترخوانوں کو مختلف اقسام کے کھانوں سے سجاتے ہیں اپ کی محنت اور بے لوث لگن ہمارا قیمتی اثاثہ ہے ہمیں اپ پر فخر ہے شکریہ کسان سلام کسان سلام پاکستان,2,1281,yes,,,,urdu_script,1
no,4,1281,yes,,,,latin,1332
PX7Lvjs639U,0,1282,no,,,,latin,829
Salam Kissan | Kissan Day 18th Dec | A Tribute to Farmers by Sarsabz Fertilizer,1,1282,yes,,,,latin,829
تم سےہے وطن کی شان اے میرے کسان pure emotions,2,1282,yes,,,,mixed,1
no,4,1282,yes,,,,latin,1332
PX7Lvjs639U,0,1283,no,,,,latin,829
Salam Kissan | Kissan Day 18th Dec | A Tribute to Farmers by Sarsabz Fertilizer,1,1283,yes,,,,latin,829
"In the Hands of Heroes In the fields where dreams take root, Amidst the soil, where life finds its flute, There toils the heart of our nation, The unsung heroes, our pride's foundation. With calloused hands and sun-kissed faces, They nurture lands, bestow life's graces. From dawn's first light till the setting sun, Their labor tells tales, second to none. Beneath the skies, their spirit unfurls, Tilling the earth, the soul of the world. Sowing hopes in each furrowed line, Their sweat and toil, nature's design. Through seasons of bounty and hardship's reign, They persist, embracing every grain. Guardians of harvest, they stand tall, Heeding the earth's ancestral call. Amidst the orchards, fields, and farms, Their dedication shields us from harm. For every meal upon our plate, They've toiled, ensuring none abate. Sarsabz Fertilizer, in their stride, Stands by these heroes, side by side. Empowering growth, nurturing lands, Enriching earth, extending hands. To the farmers, steadfast and true, This ode of gratitude, a heartfelt view. For without their toil, our world would falter, In the hands of these heroes, lies life's altar.",2,1283,yes,,,,latin,1
no,4,1283,yes,,,,latin,1332
PX7Lvjs639U,0,1284,no,,,,latin,829
Salam Kissan | Kissan Day 18th Dec | A Tribute to Farmers by Sarsabz Fertilizer,1,1284,yes,,,,latin,829
sarsabz as always enlightens our knowledge about farmers.Farmers must be appreciated and helped financially. Great step Sarbabz❤,2,1284,yes,,,,latin,1
no,4,1284,yes,,,,latin,1332
PX7Lvjs639U,0,1285,no,,,,latin,829
Salam Kissan | Kissan Day 18th Dec | A Tribute to Farmers by Sarsabz Fertilizer,1,1285,yes,,,,latin,829
😢❤❤❤❤❤❤❤❤❤❤❤❤❤❤❤❤❤❤❤❤❤❤❤❤❤❤❤❤❤❤❤❤❤❤❤❤❤❤❤❤❤❤❤❤❤❤❤❤❤❤❤❤❤❤❤❤❤❤❤❤❤❤❤❤❤❤❤❤❤❤❤❤❤❤❤❤❤❤❤❤❤❤❤❤❤❤❤❤❤❤❤❤❤❤❤❤❤❤❤❤❤❤❤ ❤❤❤❤❤❤❤❤❤❤❤❤❤❤❤❤❤❤❤❤❤❤❤❤❤❤❤❤❤❤❤❤❤❤❤❤❤❤❤❤❤❤❤❤❤❤❤❤❤❤❤❤❤❤❤❤❤❤❤❤❤❤❤❤❤❤❤❤❤❤❤❤❤❤❤❤❤❤❤❤❤❤❤❤❤❤❤❤❤❤❤❤❤❤❤❤❤❤❤❤❤❤❤❤❤❤❤❤❤❤❤❤❤❤❤❤❤❤❤❤❤❤❤❤❤❤❤❤❤❤❤❤❤❤❤❤❤❤❤❤❤❤❤❤❤❤❤❤❤❤❤❤❤❤❤❤❤❤❤❤❤❤❤❤❤❤❤❤❤❤❤❤❤❤❤❤❤❤❤❤❤❤❤❤❤❤❤❤❤❤❤❤❤❤❤❤❤❤❤❤❤❤❤❤❤❤❤❤❤❤❤❤,2,1285,yes,,,,other,1
no,4,1285,yes,,,,latin,1332
PX7Lvjs639U,0,1286,no,,,,latin,829
Salam Kissan | Kissan Day 18th Dec | A Tribute to Farmers by Sarsabz Fertilizer,1,1286,yes,,,,latin,829
❤❤❤❤ کسانوں کے بغیر، ہمیں خوراک اور دیگر ضروریات تک رسائی حاصل نہیں ہوگی۔ اس پیشے کی واقعی تعریف کرنے کے لیے ایک لمحہ نکالیں۔ جیسے جیسے آبادی بڑھ رہی ہے، کسانوں پر کام کا بوجھ بھی بڑھتا جا رہا ہے۔ سلام کسان سرسبز پاکستان ❤❤❤❤❤,2,1286,yes,,,,urdu_script,1
no,4,1286,yes,,,,latin,1332
PX7Lvjs639U,0,1287,no,,,,latin,829
Salam Kissan | Kissan Day 18th Dec | A Tribute to Farmers by Sarsabz Fertilizer,1,1287,yes,,,,latin,829
P❤ ink p hi k KO ln to oooi,2,1287,yes,,,,latin,1
yes,4,1287,yes,,,,latin,240
PX7Lvjs639U,0,1288,no,,,,latin,829
Salam Kissan | Kissan Day 18th Dec | A Tribute to Farmers by Sarsabz Fertilizer,1,1288,yes,,,,latin,829
❤ nice,2,1288,yes,,,,latin,1
no,4,1288,yes,,,,latin,1332
PX7Lvjs639U,0,1289,no,,,,latin,829
Salam Kissan | Kissan Day 18th Dec | A Tribute to Farmers by Sarsabz Fertilizer,1,1289,yes,,,,latin,829
سلام ہے ان کسانوں کو جو اپنی دن رات کی محنت سے ہمارے لیے اناج کی تیاری کرتے ہیں اور ہماری خوراک کو پورا کرتے ہیں ہمیں چاہئے کہ کسانوں کو ان کا پورا حق دیا کریں۔ ہمیں کسانوں کی ایسے ہی ضرورت ہے جیسے گندم کو سرسبز کی سلام پاکستان سلام کسان,2,1289,yes,,,,urdu_script,1
no,4,1289,yes,,,,latin,1332
PX7Lvjs639U,0,1290,no,,,,latin,829
Salam Kissan | Kissan Day 18th Dec | A Tribute to Farmers by Sarsabz Fertilizer,1,1290,yes,,,,latin,829
Yar kasam saasarsabz bohot acha haa rona gaya yar 😢😢😢😢very good 👍,2,1290,yes,,,,latin,1
no,4,1290,yes,,,,latin,1332
PX7Lvjs639U,0,1291,no,,,,latin,829
Salam Kissan | Kissan Day 18th Dec | A Tribute to Farmers by Sarsabz Fertilizer,1,1291,yes,,,,latin,829
Salam Kissan,2,1291,yes,,,,latin,5
no,4,1291,yes,,,,latin,1332
PX7Lvjs639U,0,1292,no,,,,latin,829
Salam Kissan | Kissan Day 18th Dec | A Tribute to Farmers by Sarsabz Fertilizer,1,1292,yes,,,,latin,829
Kasan teri azamat ko salam😊😊,2,1292,yes,,,,latin,1
no,4,1292,yes,,,,latin,1332
PX7Lvjs639U,0,1293,no,,,,latin,829
Salam Kissan | Kissan Day 18th Dec | A Tribute to Farmers by Sarsabz Fertilizer,1,1293,yes,,,,latin,829
Framer of pakistan 😍😍😍😍,2,1293,yes,,,,latin,1
no,4,1293,yes,,,,latin,1332
PX7Lvjs639U,0,1294,no,,,,latin,829
Salam Kissan | Kissan Day 18th Dec | A Tribute to Farmers by Sarsabz Fertilizer,1,1294,yes,,,,latin,829
Jai johar jai kisan❤❤,2,1294,yes,,,,latin,1
no,4,1294,yes,,,,latin,1332
PX7Lvjs639U,0,1295,no,,,,latin,829
Salam Kissan | Kissan Day 18th Dec | A Tribute to Farmers by Sarsabz Fertilizer,1,1295,yes,,,,latin,829
Allah pak apko hamesha kush rakkha ap buth mahnat karta hai ❤,2,1295,yes,,,,latin,1
no,4,1295,yes,,,,latin,1332
PX7Lvjs639U,0,1296,no,,,,latin,829
Salam Kissan | Kissan Day 18th Dec | A Tribute to Farmers by Sarsabz Fertilizer,1,1296,yes,,,,latin,829
Salute Kissan salute,2,1296,yes,,,,latin,1
no,4,1296,yes,,,,latin,1332
PX7Lvjs639U,0,1297,no,,,,latin,829
Salam Kissan | Kissan Day 18th Dec | A Tribute to Farmers by Sarsabz Fertilizer,1,1297,yes,,,,latin,829
❤️❤️❤️,2,1297,yes,,,,other,1
no,4,1297,yes,,,,latin,1332
PX7Lvjs639U,0,1298,no,,,,latin,829
Salam Kissan | Kissan Day 18th Dec | A Tribute to Farmers by Sarsabz Fertilizer,1,1298,yes,,,,latin,829
"Watching a farmer's hard work instills a profound emotion in a person, something that words can't fully express. Their tireless labor in the sun, love for the land, all reflect on their faces through smiles and a sense of respect. Farmers are empathetic and diligent workers, whose sacrifices provide sustenance for all our lives.",2,1298,yes,,,,latin,1
no,4,1298,yes,,,,latin,1332
PX7Lvjs639U,0,1299,no,,,,latin,829
Salam Kissan | Kissan Day 18th Dec | A Tribute to Farmers by Sarsabz Fertilizer,1,1299,yes,,,,latin,829
"Congratulations on winning! Please email your complete details (Address, phone number, and city) to sarsabzofficialpk@gmail.com using the same email address associated with your YouTube account.",2,1299,yes,,,,latin,13
yes,4,1299,yes,,,,latin,240
PX7Lvjs639U,0,1300,no,,,,latin,829
Salam Kissan | Kissan Day 18th Dec | A Tribute to Farmers by Sarsabz Fertilizer,1,1300,yes,,,,latin,829
"youtube.com/@waqassajid1770 Please email your complete details (Address, phone number, and city) to sarsabzofficialpk@gmail.com using the same email address associated with your YouTube account.",2,1300,yes,,,,latin,1
yes,4,1300,yes,,,,latin,240
PX7Lvjs639U,0,1301,no,,,,latin,829
Salam Kissan | Kissan Day 18th Dec | A Tribute to Farmers by Sarsabz Fertilizer,1,1301,yes,,,,latin,829
"Okay Thanks, I'hv sent",2,1301,yes,,,,latin,1
yes,4,1301,yes,,,,latin,240
PX7Lvjs639U,0,1302,no,,,,latin,829
Salam Kissan | Kissan Day 18th Dec | A Tribute to Farmers by Sarsabz Fertilizer,1,1302,yes,,,,latin,829
Salute to those FARMERS ❤❤❤❤❤ LAJAWAABBBB ♥️,2,1302,yes,,,,latin,1
no,4,1302,yes,,,,latin,1332
PX7Lvjs639U,0,1303,no,,,,latin,829
Salam Kissan | Kissan Day 18th Dec | A Tribute to Farmers by Sarsabz Fertilizer,1,1303,yes,,,,latin,829
"Saluting the dedicated farmers and their families whose hard work and resilience feed the world and sustain our communities. Day to the unsung heroes of agriculture – your passion for the land ensures prosperity and abundance for us all. You are all respected and much appreciated. Our prosperity, as exemplified by their celebration of Kissan Day on December 18, 2023, is due to Sarsabz Fertilizer's commitment to promoting the agricultural community in Pakistan is dedicated to formers.",2,1303,yes,,,,latin,1
no,4,1303,yes,,,,latin,1332
PX7Lvjs639U,0,1304,no,,,,latin,829
Salam Kissan | Kissan Day 18th Dec | A Tribute to Farmers by Sarsabz Fertilizer,1,1304,yes,,,,latin,829
"From the landlord family, I really better know the importance of sarsabz fertilizer in our lives..",2,1304,yes,,,,latin,1
yes,4,1304,yes,,,,latin,240
PX7Lvjs639U,0,1305,no,,,,latin,829
Salam Kissan | Kissan Day 18th Dec | A Tribute to Farmers by Sarsabz Fertilizer,1,1305,yes,,,,latin,829
But hi❤🎉,2,1305,yes,,,,latin,1
yes,4,1305,yes,,,,latin,240
PX7Lvjs639U,0,1306,no,,,,latin,829
Salam Kissan | Kissan Day 18th Dec | A Tribute to Farmers by Sarsabz Fertilizer,1,1306,yes,,,,latin,829
"No food possible without our dedicated hard work of farmer , Salam kissan",2,1306,yes,,,,latin,1
no,4,1306,yes,,,,latin,1332
PX7Lvjs639U,0,1307,no,,,,latin,829
Salam Kissan | Kissan Day 18th Dec | A Tribute to Farmers by Sarsabz Fertilizer,1,1307,yes,,,,latin,829
"I listen in Vlog, Shehr mein Dehaat 💖",2,1307,yes,,,,latin,1
no,4,1307,yes,,,,latin,1332
PX7Lvjs639U,0,1308,no,,,,latin,829
Salam Kissan | Kissan Day 18th Dec | A Tribute to Farmers by Sarsabz Fertilizer,1,1308,yes,,,,latin,829
Mashallah ❤ TURAB baai and SABTAIN baai. Apki wajah se ma is channel pe aya,2,1308,yes,,,,latin,1
no,4,1308,yes,,,,latin,1332
PX7Lvjs639U,0,1309,no,,,,latin,829
Salam Kissan | Kissan Day 18th Dec | A Tribute to Farmers by Sarsabz Fertilizer,1,1309,yes,,,,latin,829
Love you ❤️❤️❤️❤️,2,1309,yes,,,,latin,1
no,4,1309,yes,,,,latin,1332
PX7Lvjs639U,0,1310,no,,,,latin,829
Salam Kissan | Kissan Day 18th Dec | A Tribute to Farmers by Sarsabz Fertilizer,1,1310,yes,,,,latin,829
"What an impressive effort by the team. Very powerful theme with equally remarkable execution. A very emotional message for everyone to remain hopeful . Positive and determined on matter what the circumstances are. Feeling highly motivated , emotional and thankful to the Kissan who always believe in Allah and their efforts . #SalamKissan #KissanDay #SarsabzPakistan",2,1310,yes,,,,latin,4
no,4,1310,yes,,,,latin,1332
PX7Lvjs639U,0,1311,no,,,,latin,829
Salam Kissan | Kissan Day 18th Dec | A Tribute to Farmers by Sarsabz Fertilizer,1,1311,yes,,,,latin,829
"What an impressive effort by the team. Very powerful theme with equally remarkable execution. A very emotional message for everyone to remain hopeful . Positive and determined on matter what the circumstances are. Feeling highly motivated , emotional and thankful to the Kissan who always believe in Allah and their efforts . #SalamKissan #KissanDay #SarsabzPakistan",2,1311,yes,,,,latin,4
no,4,1311,yes,,,,latin,1332
PX7Lvjs639U,0,1312,no,,,,latin,829
Salam Kissan | Kissan Day 18th Dec | A Tribute to Farmers by Sarsabz Fertilizer,1,1312,yes,,,,latin,829
Kon kon meri tara sher me diyat ki video dekh kar aye hai ❤❤,2,1312,yes,,,,latin,1
no,4,1312,yes,,,,latin,1332
PX7Lvjs639U,0,1313,no,,,,latin,829
Salam Kissan | Kissan Day 18th Dec | A Tribute to Farmers by Sarsabz Fertilizer,1,1313,yes,,,,latin,829
سلام ہو ہمارےپیارےکسان بھائیوں کو❤,2,1313,yes,,,,urdu_script,1
no,4,1313,yes,,,,latin,1332
PX7Lvjs639U,0,1314,no,,,,latin,829
Salam Kissan | Kissan Day 18th Dec | A Tribute to Farmers by Sarsabz Fertilizer,1,1314,yes,,,,latin,829
Good effet by kissan Bhaiyo❤❤❤❤,2,1314,yes,,,,latin,1
no,4,1314,yes,,,,latin,1332
PX7Lvjs639U,0,1315,no,,,,latin,829
Salam Kissan | Kissan Day 18th Dec | A Tribute to Farmers by Sarsabz Fertilizer,1,1315,yes,,,,latin,829
حلال رزق کا مطلب کسان سے پوچھو 🥀🌾 پسینہ بن کے لہو کی طرح نکلتا ہے🌋😢,2,1315,yes,,,,urdu_script,1
no,4,1315,yes,,,,latin,1332
PX7Lvjs639U,0,1316,no,,,,latin,829
Salam Kissan | Kissan Day 18th Dec | A Tribute to Farmers by Sarsabz Fertilizer,1,1316,yes,,,,latin,829
I am 🇮🇳🇮🇳 India,2,1316,yes,,,,latin,1
no,4,1316,yes,,,,latin,1332
PX7Lvjs639U,0,1317,no,,,,latin,829
Salam Kissan | Kissan Day 18th Dec | A Tribute to Farmers by Sarsabz Fertilizer,1,1317,yes,,,,latin,829
❤❤❤,2,1317,yes,,,,other,15
no,4,1317,yes,,,,latin,1332
PX7Lvjs639U,0,1318,no,,,,latin,829
Salam Kissan | Kissan Day 18th Dec | A Tribute to Farmers by Sarsabz Fertilizer,1,1318,yes,,,,latin,829
❤❤,2,1318,yes,,,,other,16
no,4,1318,yes,,,,latin,1332
PX7Lvjs639U,0,1319,no,,,,latin,829
Salam Kissan | Kissan Day 18th Dec | A Tribute to Farmers by Sarsabz Fertilizer,1,1319,yes,,,,latin,829
❤❤❤😂❤,2,1319,yes,,,,other,1
no,4,1319,yes,,,,latin,1332
PX7Lvjs639U,0,1320,no,,,,latin,829
Salam Kissan | Kissan Day 18th Dec | A Tribute to Farmers by Sarsabz Fertilizer,1,1320,yes,,,,latin,829
❤❤,2,1320,yes,,,,other,16
no,4,1320,yes,,,,latin,1332
PX7Lvjs639U,0,1321,no,,,,latin,829
Salam Kissan | Kissan Day 18th Dec | A Tribute to Farmers by Sarsabz Fertilizer,1,1321,yes,,,,latin,829
❤❤,2,1321,yes,,,,other,16
no,4,1321,yes,,,,latin,1332
PX7Lvjs639U,0,1322,no,,,,latin,829
Salam Kissan | Kissan Day 18th Dec | A Tribute to Farmers by Sarsabz Fertilizer,1,1322,yes,,,,latin,829
❤❤,2,1322,yes,,,,other,16
no,4,1322,yes,,,,latin,1332
PX7Lvjs639U,0,1323,no,,,,latin,829
Salam Kissan | Kissan Day 18th Dec | A Tribute to Farmers by Sarsabz Fertilizer,1,1323,yes,,,,latin,829
❤❤,2,1323,yes,,,,other,16
no,4,1323,yes,,,,latin,1332
PX7Lvjs639U,0,1324,no,,,,latin,829
Salam Kissan | Kissan Day 18th Dec | A Tribute to Farmers by Sarsabz Fertilizer,1,1324,yes,,,,latin,829
❤❤,2,1324,yes,,,,other,16
no,4,1324,yes,,,,latin,1332
PX7Lvjs639U,0,1325,no,,,,latin,829
Salam Kissan | Kissan Day 18th Dec | A Tribute to Farmers by Sarsabz Fertilizer,1,1325,yes,,,,latin,829
"What an impressive effort by the team. Very powerful theme with equally remarkable execution. A very emotional message for everyone to remain hopeful . Positive and determined on matter what the circumstances are. Feeling highly motivated , emotional and thankful to the Kissan who always believe in Allah and their efforts . #SalamKissan #KissanDay #SarsabzPakistan",2,1325,yes,,,,latin,4
no,4,1325,yes,,,,latin,1332
PX7Lvjs639U,0,1326,no,,,,latin,829
Salam Kissan | Kissan Day 18th Dec | A Tribute to Farmers by Sarsabz Fertilizer,1,1326,yes,,,,latin,829
"What an impressive effort by the team. Very powerful theme with equally remarkable execution. A very emotional message for everyone to remain hopeful . Positive and determined on matter what the circumstances are. Feeling highly motivated , emotional and thankful to the Kissan who always believe in Allah and their efforts . #SalamKissan #KissanDay #SarsabzPakistan",2,1326,yes,,,,latin,4
no,4,1326,yes,,,,latin,1332
PX7Lvjs639U,0,1327,no,,,,latin,829
Salam Kissan | Kissan Day 18th Dec | A Tribute to Farmers by Sarsabz Fertilizer,1,1327,yes,,,,latin,829
Ap sab ki mehnat ko salam ❤ke ap itni mehnat karte ho is ke liye apko salam kisan pree happy kisan day,2,1327,yes,,,,latin,1
no,4,1327,yes,,,,latin,1332
PX7Lvjs639U,0,1328,no,,,,latin,829
Salam Kissan | Kissan Day 18th Dec | A Tribute to Farmers by Sarsabz Fertilizer,1,1328,yes,,,,latin,829
❤❤❤,2,1328,yes,,,,other,15
no,4,1328,yes,,,,latin,1332
PX7Lvjs639U,0,1329,no,,,,latin,829
Salam Kissan | Kissan Day 18th Dec | A Tribute to Farmers by Sarsabz Fertilizer,1,1329,yes,,,,latin,829
No nation can prospar without farmar salute farmar. Love from Bangladesh🇧🇩❤❤,2,1329,yes,,,,latin,1
no,4,1329,yes,,,,latin,1332
PX7Lvjs639U,0,1330,no,,,,latin,829
Salam Kissan | Kissan Day 18th Dec | A Tribute to Farmers by Sarsabz Fertilizer,1,1330,yes,,,,latin,829
Wow 😳 I'm very emotional after lessons this song 😰 we are proud to be kissan and pakistan,2,1330,yes,,,,latin,1
no,4,1330,yes,,,,latin,1332
PX7Lvjs639U,0,1331,no,,,,latin,829
Salam Kissan | Kissan Day 18th Dec | A Tribute to Farmers by Sarsabz Fertilizer,1,1331,yes,,,,latin,829
"Salute to the Farmers, the backbone of our Food security.",2,1331,yes,,,,latin,1
no,4,1331,yes,,,,latin,1332
PX7Lvjs639U,0,1332,no,,,,latin,829
Salam Kissan | Kissan Day 18th Dec | A Tribute to Farmers by Sarsabz Fertilizer,1,1332,yes,,,,latin,829
"Pakistan is an agrarian economy and kissan/farmers are Pakistans backbone. On this Farmers Day, let's honor the stalwarts of our land, whose unwavering determination and tireless toil shape the very essence of our existence. Through relentless hours and weathered seasons, they sow the seeds of sustenance, nurturing the earth with an unparalleled commitment. Their labor isn't just a livelihood; it's a testament to resilience, an unspoken promise to feed nations. Amidst the dawn's first light and the dusk's fading glow, their unwavering spirit remains the backbone of our sustenance, embodying the epitome of dedication that sustains life itself. Today, let us bow in gratitude to these unsung heroes, whose unwavering efforts ripple beyond the fields, nurturing the soul of humanity. #sarsabz #salamkissan",2,1332,yes,,,,latin,1
no,4,1332,yes,,,,latin,1332
PX7Lvjs639U,0,1333,no,,,,latin,829
Salam Kissan | Kissan Day 18th Dec | A Tribute to Farmers by Sarsabz Fertilizer,1,1333,yes,,,,latin,829
Kon kon shahr ma dihat ka link sa aya ha 😅❤,2,1333,yes,,,,latin,1
no,4,1333,yes,,,,latin,1332
PX7Lvjs639U,0,1334,no,,,,latin,829
Salam Kissan | Kissan Day 18th Dec | A Tribute to Farmers by Sarsabz Fertilizer,1,1334,yes,,,,latin,829
In ki hamat hai😢😢😢😢❤❤❤❤,2,1334,yes,,,,latin,1
no,4,1334,yes,,,,latin,1332
PX7Lvjs639U,0,1335,no,,,,latin,829
Salam Kissan | Kissan Day 18th Dec | A Tribute to Farmers by Sarsabz Fertilizer,1,1335,yes,,,,latin,829
Farmers are the future of Pakistan,2,1335,yes,,,,latin,1
no,4,1335,yes,,,,latin,1332
PX7Lvjs639U,0,1336,no,,,,latin,829
Salam Kissan | Kissan Day 18th Dec | A Tribute to Farmers by Sarsabz Fertilizer,1,1336,yes,,,,latin,829
"On this Farmers Day, let's express heartfelt appreciation to the backbone of our society—the farmers. Their unwavering dedication, hard work, and resilience ensure the sustenance of nations. Thank you for Fatima Group for recognizing and depiction of the hardship farmers faces due environmental changes causing heavy rains.",2,1336,yes,,,,latin,1
no,4,1336,yes,,,,latin,1332
PX7Lvjs639U,0,1337,no,,,,latin,829
Salam Kissan | Kissan Day 18th Dec | A Tribute to Farmers by Sarsabz Fertilizer,1,1337,yes,,,,latin,829
Farmers are the backbone of civilization and guardians of our food security. Their hard work may often go unnoticed but its impact reverberates through every meal enjoyed. Salam kissan,2,1337,yes,,,,latin,1
no,4,1337,yes,,,,latin,1332
PX7Lvjs639U,0,1338,no,,,,latin,829
Salam Kissan | Kissan Day 18th Dec | A Tribute to Farmers by Sarsabz Fertilizer,1,1338,yes,,,,latin,829
Kon kon Sheher me dihat se. Yaha aaya he❤,2,1338,yes,,,,latin,1
no,4,1338,yes,,,,latin,1332
PX7Lvjs639U,0,1339,no,,,,latin,829
Salam Kissan | Kissan Day 18th Dec | A Tribute to Farmers by Sarsabz Fertilizer,1,1339,yes,,,,latin,829
❤❤,2,1339,yes,,,,other,16
no,4,1339,yes,,,,latin,1332
PX7Lvjs639U,0,1340,no,,,,latin,829
Salam Kissan | Kissan Day 18th Dec | A Tribute to Farmers by Sarsabz Fertilizer,1,1340,yes,,,,latin,829
"We should acknowledge the efforts, hardworking & resilience. Message for the Farmers “ your unwavering dedication & tireless efforts sustain us all. Your commitment to cultivating crops is the cornerstone of our existence & more nourished future for generation to come”",2,1340,yes,,,,latin,1
no,4,1340,yes,,,,latin,1332
PX7Lvjs639U,0,1341,no,,,,latin,829
Salam Kissan | Kissan Day 18th Dec | A Tribute to Farmers by Sarsabz Fertilizer,1,1341,yes,,,,latin,829
Best ❤ from India 🇮🇳❤❤,2,1341,yes,,,,latin,1
no,4,1341,yes,,,,latin,1332
PX7Lvjs639U,0,1342,no,,,,latin,829
Salam Kissan | Kissan Day 18th Dec | A Tribute to Farmers by Sarsabz Fertilizer,1,1342,yes,,,,latin,829
Salam Hai kisan per,2,1342,yes,,,,latin,1
no,4,1342,yes,,,,latin,1332
PX7Lvjs639U,0,1343,no,,,,latin,829
Salam Kissan | Kissan Day 18th Dec | A Tribute to Farmers by Sarsabz Fertilizer,1,1343,yes,,,,latin,829
Farmers are incredible! They work tirelessly to provide us with the food we eat every day. Their hard work and dedication help keep us all nourished and healthy. We owe them a big thank you for all that they do! 🌾🚜🥦,2,1343,yes,,,,latin,1
no,4,1343,yes,,,,latin,1332
PX7Lvjs639U,0,1344,no,,,,latin,829
Salam Kissan | Kissan Day 18th Dec | A Tribute to Farmers by Sarsabz Fertilizer,1,1344,yes,,,,latin,829
Thank you farmers ♥️,2,1344,yes,,,,latin,1
no,4,1344,yes,,,,latin,1332
PX7Lvjs639U,0,1345,no,,,,latin,829
Salam Kissan | Kissan Day 18th Dec | A Tribute to Farmers by Sarsabz Fertilizer,1,1345,yes,,,,latin,829
"Farmers' Day reminds us to thank each and every farmer of the nation for their unconditional dedication. Best wishes on Farmers Day to you. - Wishing all the farmers a plentiful harvest. - To the extremely hardworking farmers, we appreciate all of you.",2,1345,yes,,,,latin,1
no,4,1345,yes,,,,latin,1332
PX7Lvjs639U,0,1346,no,,,,latin,829
Salam Kissan | Kissan Day 18th Dec | A Tribute to Farmers by Sarsabz Fertilizer,1,1346,yes,,,,latin,829
"زرعی کارکنوں کو سراہا جانا چاہئے، چونکہ وہہمارے معیشت کے دل ہیں اور ہمارے ہر روز کے خواہشات کو حقیقت میں تبدیل کرتے ہیں۔ زرعی کارکنوں کی محنت اور قربانیوں کا ذکر ہر زمانے میں ہمیں یاد رہنے چاہئے۔ جنوب ایشیائی مصطلح ہے: ""کھیتی بھلا کرنے والے ہمیشہ ہمارے دلوں میں رہتے ہیں۔"" یہ ہمیشہ زرعی کارکنوں کی قدر کرنے کا ذہانت اور قربانی کا پیشگوئی کرتا ہے۔",2,1346,yes,,,,urdu_script,1
no,4,1346,yes,,,,latin,1332
PX7Lvjs639U,0,1347,no,,,,latin,829
Salam Kissan | Kissan Day 18th Dec | A Tribute to Farmers by Sarsabz Fertilizer,1,1347,yes,,,,latin,829
"Take a moment to really appreciate the Farmer and all the hard work and dedication the agricultural life requires. As the population continues to grow, the workload of farmers also expands. The best quotes about farming and agriculture will: Make you respect the difficult labor that goes into every harvest.",2,1347,yes,,,,latin,1
no,4,1347,yes,,,,latin,1332
PX7Lvjs639U,0,1348,no,,,,latin,829
Salam Kissan | Kissan Day 18th Dec | A Tribute to Farmers by Sarsabz Fertilizer,1,1348,yes,,,,latin,829
And I believe that k kissan na Hotay tuo ham zaenda na ho Tay,2,1348,yes,,,,latin,1
no,4,1348,yes,,,,latin,1332
PX7Lvjs639U,0,1349,no,,,,latin,829
Salam Kissan | Kissan Day 18th Dec | A Tribute to Farmers by Sarsabz Fertilizer,1,1349,yes,,,,latin,829
no i😅jj 0:16 k9z❤❤,2,1349,yes,,,,latin,1
yes,4,1349,yes,,,,latin,240
PX7Lvjs639U,0,1350,no,,,,latin,829
Salam Kissan | Kissan Day 18th Dec | A Tribute to Farmers by Sarsabz Fertilizer,1,1350,yes,,,,latin,829
0:22 I love kissan,2,1350,yes,,,,latin,1
no,4,1350,yes,,,,latin,1332
PX7Lvjs639U,0,1351,no,,,,latin,829
Salam Kissan | Kissan Day 18th Dec | A Tribute to Farmers by Sarsabz Fertilizer,1,1351,yes,,,,latin,829
پاکستان کے کسان بھائی ہمارے ملک کی شان ہیں,2,1351,yes,,,,urdu_script,1
no,4,1351,yes,,,,latin,1332
PX7Lvjs639U,0,1352,no,,,,latin,829
Salam Kissan | Kissan Day 18th Dec | A Tribute to Farmers by Sarsabz Fertilizer,1,1352,yes,,,,latin,829
"Such an inspiring video! It's incredible to witness the tireless efforts of farmers and the invaluable support provided by Sarsabz. This collaboration truly demonstrates the strength and resilience of communities. Kudos to Sarsabz for their impactful contribution, uplifting the lives of farmers and fostering prosperity in Pakistan's agricultural sector. ❤",2,1352,yes,,,,latin,1
no,4,1352,yes,,,,latin,1332
PX7Lvjs639U,0,1353,no,,,,latin,829
Salam Kissan | Kissan Day 18th Dec | A Tribute to Farmers by Sarsabz Fertilizer,1,1353,yes,,,,latin,829
"The resilience of this beautiful nation is exemplary. Salute to the nation, especially the farmers who had to bear the brunt of impacts from global warming. Thank you, Sarsabz and Fatima Group, for honouring our farmers and their effort on Farmers Day.",2,1353,yes,,,,latin,1
no,4,1353,yes,,,,latin,1332
PX7Lvjs639U,0,1354,no,,,,latin,829
Salam Kissan | Kissan Day 18th Dec | A Tribute to Farmers by Sarsabz Fertilizer,1,1354,yes,,,,latin,829
Really inspiring and emotional.. Best wishes to all the farmers around the world. Good job MKT team,2,1354,yes,,,,latin,1
no,4,1354,yes,,,,latin,1332
PX7Lvjs639U,0,1355,no,,,,latin,829
Salam Kissan | Kissan Day 18th Dec | A Tribute to Farmers by Sarsabz Fertilizer,1,1355,yes,,,,latin,829
"Dear Farmers, In the vast expanse where dreams meet soil, your sweat cultivates more than crops—it grows the heartbeat of a nation. Your resilience tills fields of hope, and in every sunrise and sunset, your unwavering spirit paints the canvas of sustenance. Thank you for being the silent architects of abundance.❤",2,1355,yes,,,,latin,1
no,4,1355,yes,,,,latin,1332
PX7Lvjs639U,0,1356,no,,,,latin,829
Salam Kissan | Kissan Day 18th Dec | A Tribute to Farmers by Sarsabz Fertilizer,1,1356,yes,,,,latin,829
"Congratulations on winning! Please email your complete details (Address, phone number, and city) to sarsabzofficialpk@gmail.com using the same email address associated with your YouTube account.",2,1356,yes,,,,latin,13
yes,4,1356,yes,,,,latin,240
PX7Lvjs639U,0,1357,no,,,,latin,829
Salam Kissan | Kissan Day 18th Dec | A Tribute to Farmers by Sarsabz Fertilizer,1,1357,yes,,,,latin,829
"youtube.com/@taimoorhussain357 Please email your complete details (Address, phone number, and city) to sarsabzofficialpk@gmail.com using the same email address associated with your YouTube account.",2,1357,yes,,,,latin,1
yes,4,1357,yes,,,,latin,240
PX7Lvjs639U,0,1358,no,,,,latin,829
Salam Kissan | Kissan Day 18th Dec | A Tribute to Farmers by Sarsabz Fertilizer,1,1358,yes,,,,latin,829
#SalamKissan #KissanDay #SarsabzPakistan @sarsabz Done,2,1358,yes,,,,latin,1
yes,4,1358,yes,,,,latin,240
PX7Lvjs639U,0,1359,no,,,,latin,829
Salam Kissan | Kissan Day 18th Dec | A Tribute to Farmers by Sarsabz Fertilizer,1,1359,yes,,,,latin,829
😢 کسان ہمارا رزق کا وسیلہ۔ اللہ کسانوں کو برکت دیں۔,2,1359,yes,,,,urdu_script,1
no,4,1359,yes,,,,latin,1332
PX7Lvjs639U,0,1360,no,,,,latin,829
Salam Kissan | Kissan Day 18th Dec | A Tribute to Farmers by Sarsabz Fertilizer,1,1360,yes,,,,latin,829
"😢 Really Inspiring and emotional... Thanks to all our ""Kisaan"" Brothers and Sisters, your tireless efforts in face of adversity ensure that 240 Million people of this country are fed and clothed. Salute to all Kisaans!!!!",2,1360,yes,,,,latin,1
no,4,1360,yes,,,,latin,1332
PX7Lvjs639U,0,1361,no,,,,latin,829
Salam Kissan | Kissan Day 18th Dec | A Tribute to Farmers by Sarsabz Fertilizer,1,1361,yes,,,,latin,829
"Once again Fatima Group , tribute to remember , the Soul , who work hard day and night in field , make this nation farming community proud , with Soofi touch to embark the inner beauty of divine and farming community of Pakistan . How Sarsabz team have depicted true essence of deprived via producing and acknowledging the efforts of very backward area ( Umerkot ) young singer Nirmala Maghani .for sinning this soofi song on Pakistan Kissan Day . This shows the highest level of CSR on both level of farming community as well as promoting emerging minority talent . Salam Kissan & Sarsabz Pakistan.",2,1361,yes,,,,latin,1
no,4,1361,yes,,,,latin,1332
PX7Lvjs639U,0,1362,no,,,,latin,829
Salam Kissan | Kissan Day 18th Dec | A Tribute to Farmers by Sarsabz Fertilizer,1,1362,yes,,,,latin,829
"Agriculture is the most healthful, most useful and most noble employment of humans! Salam Kissan",2,1362,yes,,,,latin,1
no,4,1362,yes,,,,latin,1332
PX7Lvjs639U,0,1363,no,,,,latin,829
Salam Kissan | Kissan Day 18th Dec | A Tribute to Farmers by Sarsabz Fertilizer,1,1363,yes,,,,latin,829
"What an effort by the Fatima group to present the heroes of our economy who buys everything at retail and sells everything at wholesale..... the add is touching the hearts of every individual and I bet, you will have tear once you see and feel the essence...Sarsabz Zindabad.",2,1363,yes,,,,latin,1
no,4,1363,yes,,,,latin,1332
PX7Lvjs639U,0,1364,no,,,,latin,829
Salam Kissan | Kissan Day 18th Dec | A Tribute to Farmers by Sarsabz Fertilizer,1,1364,yes,,,,latin,829
Salam Kissan...Salam Sarsabz ka Pakistan. Farmers are real Hero of Pakistan.,2,1364,yes,,,,latin,1
no,4,1364,yes,,,,latin,1332
PX7Lvjs639U,0,1365,no,,,,latin,829
Salam Kissan | Kissan Day 18th Dec | A Tribute to Farmers by Sarsabz Fertilizer,1,1365,yes,,,,latin,829
"What an impressive effort by the team. Very powerful theme with equally remarkable execution. A very emotional message for everyone to remain hopeful, positive and determined no matter what the circumstances are. Feeling highly motivated, emotional and thankful to the Kissan who always believe in Allah and their efforts. Thumbs up for the whole team ❤",2,1365,yes,,,,latin,1
no,4,1365,yes,,,,latin,1332
PX7Lvjs639U,0,1366,no,,,,latin,829
Salam Kissan | Kissan Day 18th Dec | A Tribute to Farmers by Sarsabz Fertilizer,1,1366,yes,,,,latin,829
ہمارا کسان ہماری شان❤,2,1366,yes,,,,urdu_script,1
no,4,1366,yes,,,,latin,1332
PX7Lvjs639U,0,1367,no,,,,latin,829
Salam Kissan | Kissan Day 18th Dec | A Tribute to Farmers by Sarsabz Fertilizer,1,1367,yes,,,,latin,829
Thank you for the hard workI just wanted to thank all the farmers out there for gracing our tables with food year round.,2,1367,yes,,,,latin,1
no,4,1367,yes,,,,latin,1332
PX7Lvjs639U,0,1368,no,,,,latin,829
Salam Kissan | Kissan Day 18th Dec | A Tribute to Farmers by Sarsabz Fertilizer,1,1368,yes,,,,latin,829
"Farmers are the backbone of a country due to their vital role in food production, sustenance of the population, and contribution to the economy. You can demonstrate this by highlighting their contribution to ensuring food security, generating employment opportunities, supporting rural economies, and providing the necessary resources for various industries. Additionally, showcasing their resilience in the face of challenges like weather fluctuations, market uncertainties, and technological advancements emphasizes their crucial role in the stability and growth of a nation.",2,1368,yes,,,,latin,1
no,4,1368,yes,,,,latin,1332
PX7Lvjs639U,0,1369,no,,,,latin,829
Salam Kissan | Kissan Day 18th Dec | A Tribute to Farmers by Sarsabz Fertilizer,1,1369,yes,,,,latin,829
Great 👍,2,1369,yes,,,,latin,4
no,4,1369,yes,,,,latin,1332
PX7Lvjs639U,0,1370,no,,,,latin,829
Salam Kissan | Kissan Day 18th Dec | A Tribute to Farmers by Sarsabz Fertilizer,1,1370,yes,,,,latin,829
As always Fatima Group remains in the front line to highlight the Struggle of farmers for Nation. Salam Kissan Sarsabz Pakistan. Appreciated 👍,2,1370,yes,,,,latin,1
no,4,1370,yes,,,,latin,1332
PX7Lvjs639U,0,1371,no,,,,latin,829
Salam Kissan | Kissan Day 18th Dec | A Tribute to Farmers by Sarsabz Fertilizer,1,1371,yes,,,,latin,829
"Firstly, it was very heartbreaking to see our Kissan brothers and families in such a pain and worry for their Zameen (Land) in such changing climate and adverse weather conditions. Secondly, there comes the helping hand and contribution of SARSABZ that supports the true cause of food security for the living. Very beautifully filmed and conveyed the emotion filled pictures of Kissan community.",2,1371,yes,,,,latin,1
no,4,1371,yes,,,,latin,1332
PX7Lvjs639U,0,1372,no,,,,latin,829
Salam Kissan | Kissan Day 18th Dec | A Tribute to Farmers by Sarsabz Fertilizer,1,1372,yes,,,,latin,829
This video made me tear up as I realized that the presence of farmers can be felt everywhere in our daily lives. Their commitment and bravery on working in remote areas while ensuring that the best crop is available for the nation even during harsh weather makes me proud to call myself a Pakistani :') Salute to these farmers and their bravery. Salute to their families who are supporting these farmers. You are all respected and appreciated. 😊,2,1372,yes,,,,latin,1
no,4,1372,yes,,,,latin,1332
PX7Lvjs639U,0,1373,no,,,,latin,829
Salam Kissan | Kissan Day 18th Dec | A Tribute to Farmers by Sarsabz Fertilizer,1,1373,yes,,,,latin,829
Agriculture is the most noble employment of man.salam Kasan &fatima group.❤,2,1373,yes,,,,latin,1
no,4,1373,yes,,,,latin,1332
PX7Lvjs639U,0,1374,no,,,,latin,829
Salam Kissan | Kissan Day 18th Dec | A Tribute to Farmers by Sarsabz Fertilizer,1,1374,yes,,,,latin,829
Farmers are the backbone of our country. Salute to the hardwork of the farmers who put their blood and sweat in the soil. Kudos to the SARSABZ.,2,1374,yes,,,,latin,1
no,4,1374,yes,,,,latin,1332
PX7Lvjs639U,0,1375,no,,,,latin,829
Salam Kissan | Kissan Day 18th Dec | A Tribute to Farmers by Sarsabz Fertilizer,1,1375,yes,,,,latin,829
Once again great initiative to pay tribute to our unsung heros,2,1375,yes,,,,latin,1
no,4,1375,yes,,,,latin,1332
PX7Lvjs639U,0,1376,no,,,,latin,829
Salam Kissan | Kissan Day 18th Dec | A Tribute to Farmers by Sarsabz Fertilizer,1,1376,yes,,,,latin,829
Very inspirational,2,1376,yes,,,,latin,1
no,4,1376,yes,,,,latin,1332
PX7Lvjs639U,0,1377,no,,,,latin,829
Salam Kissan | Kissan Day 18th Dec | A Tribute to Farmers by Sarsabz Fertilizer,1,1377,yes,,,,latin,829
سلام ان کسانوں کو جو کھیتوں میں دن رات محنت کر کے ہمارے دسترخوانوں کو انواع و اقسام کے کھانوں سے سجاتے ہیں۔ آپ کی محنت اور بے لوث لگن ہمارا قیمتی اثاثہ ہیں. ہمیں آپ پر فخر ہے. ‏#sarsabz #kissanday‏,2,1377,yes,,,,mixed,1
no,4,1377,yes,,,,latin,1332
PX7Lvjs639U,0,1378,no,,,,latin,829
Salam Kissan | Kissan Day 18th Dec | A Tribute to Farmers by Sarsabz Fertilizer,1,1378,yes,,,,latin,829
سرسبز نے ایک بار پھر معاشرے میں کسانوں کی اہمیت کو اجاگر کیا۔ ان کی انتھک کوششوں کے بغیر، ہمیں روزمرہ کی ضروری اشیاء کی شدید قلت کا سامنا کرنا پڑے گا۔ سرسبز کو شاباش!#sarsabz #sarsabzofficial,2,1378,yes,,,,mixed,1
no,4,1378,yes,,,,latin,1332
PX7Lvjs639U,0,1379,no,,,,latin,829
Salam Kissan | Kissan Day 18th Dec | A Tribute to Farmers by Sarsabz Fertilizer,1,1379,yes,,,,latin,829
سلام ان کسانوں کو جو کھیتوں میں دن رات محنت کر کے ہمارے دسترخوانوں کو انواع و اقسام کے کھانوں سے سجاتے ہیں۔ آپ کی محنت اور بے لوث لگن ہمارا قیمتی اثاثہ ہیں. ہمیں آپ پر فخر ہے. #شکریہ کسان. ‏#sarsabz #kissanday‏,2,1379,yes,,,,mixed,4
no,4,1379,yes,,,,latin,1332
PX7Lvjs639U,0,1380,no,,,,latin,829
Salam Kissan | Kissan Day 18th Dec | A Tribute to Farmers by Sarsabz Fertilizer,1,1380,yes,,,,latin,829
"A very inspirational video on the life of Pakistan's cricketer Shahnawaz Dahani. It is a fact that talent can never hide. The impressive part of this video is when Shahnawaz Dhani went to give a cricket trial and he did not have shoes, So the coach provided shoes for the trial. It means that you try again & again and Allah will help you in every difficulty. The lack of father is felt by a person at every age. This story will be inspiring to many people. Such motivational stories are what our children need. #Sarsabzkahani #FatimaGroup",2,1380,yes,,,,latin,1
no,4,1380,yes,,,,latin,1332
PX7Lvjs639U,0,1381,no,,,,latin,829
Salam Kissan | Kissan Day 18th Dec | A Tribute to Farmers by Sarsabz Fertilizer,1,1381,yes,,,,latin,829
سلام ان کسانوں کو جو کھیتوں میں دن رات محنت کر کے ہمارے دسترخوانوں کو انواع و اقسام کے کھانوں سے سجاتے ہیں۔ آپ کی محنت اور بے لوث لگن ہمارا قیمتی اثاثہ ہیں. ہمیں آپ پر فخر ہے. #شکریہ کسان. ‏#sarsabz #kissanday‏,2,1381,yes,,,,mixed,4
no,4,1381,yes,,,,latin,1332
PX7Lvjs639U,0,1382,no,,,,latin,829
Salam Kissan | Kissan Day 18th Dec | A Tribute to Farmers by Sarsabz Fertilizer,1,1382,yes,,,,latin,829
😢😮😊 2:50 😊,2,1382,yes,,,,other,1
yes,4,1382,yes,,,,latin,240
PX7Lvjs639U,0,1383,no,,,,latin,829
Salam Kissan | Kissan Day 18th Dec | A Tribute to Farmers by Sarsabz Fertilizer,1,1383,yes,,,,latin,829
سلام ان کسانوں کو جو کھیتوں میں دن رات محنت کر کے ہمارے دسترخوانوں کو انواع و اقسام کے کھانوں سے سجاتے ہیں۔ آپ کی محنت اور بے لوث لگن ہمارا قیمتی اثاثہ ہیں. ہمیں آپ پر فخر ہے. #شکریہ کسان. ‏#sarsabz #kissanday‏,2,1383,yes,,,,mixed,4
no,4,1383,yes,,,,latin,1332
PX7Lvjs639U,0,1384,no,,,,latin,829
Salam Kissan | Kissan Day 18th Dec | A Tribute to Farmers by Sarsabz Fertilizer,1,1384,yes,,,,latin,829
Kissan bhai tum ho to hum hai.,2,1384,yes,,,,latin,1
no,4,1384,yes,,,,latin,1332
PX7Lvjs639U,0,1385,no,,,,latin,829
Salam Kissan | Kissan Day 18th Dec | A Tribute to Farmers by Sarsabz Fertilizer,1,1385,yes,,,,latin,829
"My message for my beloved farmers is: ""Dear Pakistani Farmers, your dedication to cultivating the land is the bedrock of the nation's sustenance. Your tireless efforts, resilience, and commitment contribute immeasurably to the country's growth. Embrace each sunrise as a new opportunity, for your hard work not only feeds the nation but nourishes hope for a brighter future. Your perseverance amid challenges inspires us all. Keep sowing the seeds of progress, for your harvest is not just food, but a testament to your strength and determination. You are the backbone of Pakistan's prosperity, and your unwavering spirit is a beacon of inspiration to us all. Keep using Sarsabz and keep supporting Pakistan Hats off to you! #sarsabz #sarsabzpakistan",2,1385,yes,,,,latin,1
no,4,1385,yes,,,,latin,1332
PX7Lvjs639U,0,1386,no,,,,latin,829
Salam Kissan | Kissan Day 18th Dec | A Tribute to Farmers by Sarsabz Fertilizer,1,1386,yes,,,,latin,829
"Congratulations on winning! Please email your complete details (Address, phone number, and city) to sarsabzofficialpk@gmail.com using the same email address associated with your YouTube account.",2,1386,yes,,,,latin,13
yes,4,1386,yes,,,,latin,240
PX7Lvjs639U,0,1387,no,,,,latin,829
Salam Kissan | Kissan Day 18th Dec | A Tribute to Farmers by Sarsabz Fertilizer,1,1387,yes,,,,latin,829
yes,4,1387,yes,,,,latin,240
PX7Lvjs639U,0,1388,no,,,,latin,829
Salam Kissan | Kissan Day 18th Dec | A Tribute to Farmers by Sarsabz Fertilizer,1,1388,yes,,,,latin,829
#SalamKissan #KissanDay #SarsabzPakistan @Sarsabz,2,1388,yes,,,,latin,1
yes,4,1388,yes,,,,latin,240
PX7Lvjs639U,0,1389,no,,,,latin,829
Salam Kissan | Kissan Day 18th Dec | A Tribute to Farmers by Sarsabz Fertilizer,1,1389,yes,,,,latin,829
#SalamKissan #KissanDay #SarsabzPakistan,2,1389,yes,,,,latin,5
yes,4,1389,yes,,,,latin,240
PX7Lvjs639U,0,1390,no,,,,latin,829
Salam Kissan | Kissan Day 18th Dec | A Tribute to Farmers by Sarsabz Fertilizer,1,1390,yes,,,,latin,829
#SalamKissan #KissanDay #SarsabzPakistan,2,1390,yes,,,,latin,5
yes,4,1390,yes,,,,latin,240
PX7Lvjs639U,0,1391,no,,,,latin,829
Salam Kissan | Kissan Day 18th Dec | A Tribute to Farmers by Sarsabz Fertilizer,1,1391,yes,,,,latin,829
پاکستان کے کسان ہماری شان آپ سب کی محنت کو سلام کہ جنہوں نے اپنے خون اور پسینے کو مٹی میں ڈال کر اسے زندگی بخشی..... کسانوں کا قومی دن مبارک X #Pakistan #Kisaan #Fatima #Fertilizers Pakistan #Sarsabz,2,1391,yes,,,,mixed,1
no,4,1391,yes,,,,latin,1332
PX7Lvjs639U,0,1392,no,,,,latin,829
Salam Kissan | Kissan Day 18th Dec | A Tribute to Farmers by Sarsabz Fertilizer,1,1392,yes,,,,latin,829
Farmers of Pakistan are our pride Salute to the hard work of all of you who put your blood and sweat in the soil and gave it life... Happy National Farmers Day ❤❤❤ #Pakistan #Kisaan #Fatima #Fertilizers Pakistan #Sarsabz,2,1392,yes,,,,latin,1
no,4,1392,yes,,,,latin,1332
PX7Lvjs639U,0,1393,no,,,,latin,829
Salam Kissan | Kissan Day 18th Dec | A Tribute to Farmers by Sarsabz Fertilizer,1,1393,yes,,,,latin,829
Who is here after ducky Bahi vlog,2,1393,yes,,,,latin,1
yes,4,1393,yes,,,,latin,240
PX7Lvjs639U,0,1394,no,,,,latin,829
Salam Kissan | Kissan Day 18th Dec | A Tribute to Farmers by Sarsabz Fertilizer,1,1394,yes,,,,latin,829
کسان ہمارے معاشرے کی ریڑھ کی ہڈی ہیں۔ وہی ہیں جو ہمیں وہ تمام کھانا مہیا کرتے ہیں جو ہم کھاتے ہیں۔ نتیجتاً ملک کی پوری آبادی کا انحصار کسانوں پر ہے۔ چاہے وہ سب سے چھوٹا ملک ہو یا بڑا ملک۔ ان کی وجہ سے ہی ہم کرہ ارض پر رہنے کے قابل ہیں۔ اس طرح کسان دنیا کے اہم ترین لوگ ہیں۔ کسانوں کی اتنی اہمیت کے باوجود ان کے پاس مناسب زندگی نہیں ہے۔ #sarsabz #Sarsabzkissan,2,1394,yes,,,,mixed,1
no,4,1394,yes,,,,latin,1332
PX7Lvjs639U,0,1395,no,,,,latin,829
Salam Kissan | Kissan Day 18th Dec | A Tribute to Farmers by Sarsabz Fertilizer,1,1395,yes,,,,latin,829
کسانوں کے بغیر کوئی بھی ملک ترقی نہیں کر سکتا۔ آئیے ہم تمام کسانوں کو ان تمام محنت کے لیے سلام پیش کرتے ہیں جو انہوں نے اس بات کو یقینی بنانے کے لیے کی کہ ہم کبھی بھوکے نہیں سوئیں گے۔ کسانوں کا دن مبارک ہو۔ حلال رزق کا مطلب کسان سے پوچھو پسینا بن کر بدن سے لہو نکلتا ہے۔ #HappyFarmersDay #Kisanday #Sarsabz#FatimaFertilizer #agriculture,2,1395,yes,,,,mixed,1
no,4,1395,yes,,,,latin,1332
PX7Lvjs639U,0,1396,no,,,,latin,829
Salam Kissan | Kissan Day 18th Dec | A Tribute to Farmers by Sarsabz Fertilizer,1,1396,yes,,,,latin,829
bashk,2,1396,yes,,,,latin,1
yes,4,1396,yes,,,,latin,240
PX7Lvjs639U,0,1397,no,,,,latin,829
Salam Kissan | Kissan Day 18th Dec | A Tribute to Farmers by Sarsabz Fertilizer,1,1397,yes,,,,latin,829
Hahhha gallat,2,1397,yes,,,,latin,1
yes,4,1397,yes,,,,latin,240
PX7Lvjs639U,0,1398,no,,,,latin,829
Salam Kissan | Kissan Day 18th Dec | A Tribute to Farmers by Sarsabz Fertilizer,1,1398,yes,,,,latin,829
"(SALAM KISAN) KISAN ki zindagi nihayat kathin, dushwaar, sakht aur masroof tareen zindagi hoti hai kyun ke shehar mein jab insan mazay ki neend soo raha hota hai to us waqt gaon ka kisan apne kheeton mein poori lagan ke sath kaam kar raha hota hai jo ke subah saweray se le kar shaam suraj ke dhalnay tak apna kaam karta rehta hai aur isi doraan us ke ghar ka koi fard khaiton mein hi us ka khana lata hai. Kisanon ki zindagi mein chhutti naam ki koi cheez nahi hoti dhoop ho ya barish, sardi ho ya garmi, ye poori mehnat ke sath apne kaam mein laga rehta hai.",2,1398,yes,,,,latin,1
no,4,1398,yes,,,,latin,1332
PX7Lvjs639U,0,1399,no,,,,latin,829
Salam Kissan | Kissan Day 18th Dec | A Tribute to Farmers by Sarsabz Fertilizer,1,1399,yes,,,,latin,829
"میرے پیارے کسانوں کے لیے میرا پیغام ہے: ""پیارے پاکستانی کسانوں، زمین پر کاشت کرنے کے لیے آپ کی لگن ملک کے رزق کی بنیاد ہے۔ آپ کی انتھک کوششیں، لچک اور عزم ملک کی ترقی میں بے پناہ حصہ ڈالتے ہیں۔ ہر طلوع آفتاب کو ایک نئے موقع کے طور پر گلے لگائیں، کیونکہ آپ کی محنت نہ صرف قوم کو پالتی ہے بلکہ ایک روشن مستقبل کی امید کو پروان چڑھاتی ہے۔ چیلنجوں کے درمیان آپ کی ثابت قدمی ہم سب کو متاثر کرتی ہے۔ ترقی کے بیج بوتے رہیں، کیونکہ آپ کی فصل صرف خوراک ہی نہیں بلکہ آپ کی طاقت اور عزم کا ثبوت ہے۔ پاکستان کی خوشحالی کی ریڑھ کی ہڈی ہیں، اور آپ کا غیر متزلزل جذبہ ہم سب کے لیے مشعل راہ ہے۔ سرسبز کا استعمال جاری رکھیں اور پاکستان کو سپورٹ کرتے رہیں۔#sarsabz #sarsabzpakistan #sarsabzkissan",2,1399,yes,,,,mixed,1
no,4,1399,yes,,,,latin,1332
PX7Lvjs639U,0,1400,no,,,,latin,829
Salam Kissan | Kissan Day 18th Dec | A Tribute to Farmers by Sarsabz Fertilizer,1,1400,yes,,,,latin,829
"Congratulations on winning! Please email your complete details (Address, phone number, and city) to sarsabzofficialpk@gmail.com using the same email address associated with your YouTube account.",2,1400,yes,,,,latin,13
yes,4,1400,yes,,,,latin,240
PX7Lvjs639U,0,1401,no,,,,latin,829
Salam Kissan | Kissan Day 18th Dec | A Tribute to Farmers by Sarsabz Fertilizer,1,1401,yes,,,,latin,829
yes,4,1401,yes,,,,latin,240
PX7Lvjs639U,0,1402,no,,,,latin,829
Salam Kissan | Kissan Day 18th Dec | A Tribute to Farmers by Sarsabz Fertilizer,1,1402,yes,,,,latin,829
#SalamKissan #KissanDay #SarsabzPakistan,2,1402,yes,,,,latin,5
yes,4,1402,yes,,,,latin,240
PX7Lvjs639U,0,1403,no,,,,latin,829
Salam Kissan | Kissan Day 18th Dec | A Tribute to Farmers by Sarsabz Fertilizer,1,1403,yes,,,,latin,829
#SalamKissan #KissanDay #SarsabzPakistan,2,1403,yes,,,,latin,5
yes,4,1403,yes,,,,latin,240
PX7Lvjs639U,0,1404,no,,,,latin,829
Salam Kissan | Kissan Day 18th Dec | A Tribute to Farmers by Sarsabz Fertilizer,1,1404,yes,,,,latin,829
Absolutely amazing,2,1404,yes,,,,latin,1
no,4,1404,yes,,,,latin,1332
PX7Lvjs639U,0,1405,no,,,,latin,829
Salam Kissan | Kissan Day 18th Dec | A Tribute to Farmers by Sarsabz Fertilizer,1,1405,yes,,,,latin,829
SALAM KEHSAN✨💞🐚,2,1405,yes,,,,latin,1
no,4,1405,yes,,,,latin,1332
PX7Lvjs639U,0,1406,no,,,,latin,829
Salam Kissan | Kissan Day 18th Dec | A Tribute to Farmers by Sarsabz Fertilizer,1,1406,yes,,,,latin,829
"MY MESSAGE TO FARMERS ❤Best wishes to all the farmers around the world who work on acres to eat happily in our home. Without our farmers, we would have woefully lacked in our diets and would be forced to eat numerous processed and unhealthy foods. Working outside for long periods in all kinds of climates ignoring the scorching heat or the stormy rain and the bending and crouching needed for harvesting. The best way to respect a farmer is to respect his produce by not wasting it!! Let us take inspiration from Pakistani farmers who put their sweat and soul into their land and crop.. #SalamKissan #SarsabzPakistan 💚 My grandfather used to say that once in your life you need a doctor, a lawyer, a policeman, and a preacher. But every day, three times a day, you need a farmer."" - Brenda Schoepp",2,1406,yes,,,,latin,1
no,4,1406,yes,,,,latin,1332
PX7Lvjs639U,0,1407,no,,,,latin,829
Salam Kissan | Kissan Day 18th Dec | A Tribute to Farmers by Sarsabz Fertilizer,1,1407,yes,,,,latin,829
"Congratulations on winning! Please email your complete details (Address, phone number, and city) to sarsabzofficialpk@gmail.com using the same email address associated with your YouTube account.",2,1407,yes,,,,latin,13
yes,4,1407,yes,,,,latin,240
PX7Lvjs639U,0,1408,no,,,,latin,829
Salam Kissan | Kissan Day 18th Dec | A Tribute to Farmers by Sarsabz Fertilizer,1,1408,yes,,,,latin,829
yes,4,1408,yes,,,,latin,240
PX7Lvjs639U,0,1409,no,,,,latin,829
Salam Kissan | Kissan Day 18th Dec | A Tribute to Farmers by Sarsabz Fertilizer,1,1409,yes,,,,latin,829
Salam kissan ❤,2,1409,yes,,,,latin,4
no,4,1409,yes,,,,latin,1332
PX7Lvjs639U,0,1410,no,,,,latin,829
Salam Kissan | Kissan Day 18th Dec | A Tribute to Farmers by Sarsabz Fertilizer,1,1410,yes,,,,latin,829
"Farmers are the backbone of our country, SALAM KISSAN SARSABAZ PAKISTAN",2,1410,yes,,,,latin,1
no,4,1410,yes,,,,latin,1332
PX7Lvjs639U,0,1411,no,,,,latin,829
Salam Kissan | Kissan Day 18th Dec | A Tribute to Farmers by Sarsabz Fertilizer,1,1411,yes,,,,latin,829
"No doubt, Pakistan is one of the biggest agricultural lands in the world and one of the famous in rice, cotton and grain because of farmers 'day and night struggle to grow it and make it possible. Hats 🎩 off kissan.",2,1411,yes,,,,latin,1
no,4,1411,yes,,,,latin,1332
PX7Lvjs639U,0,1412,no,,,,latin,829
Salam Kissan | Kissan Day 18th Dec | A Tribute to Farmers by Sarsabz Fertilizer,1,1412,yes,,,,latin,829
میراکسانوں کیلیے پیغام ھے اپنی فصلوں کا عشر لازمی دیا کریں,2,1412,yes,,,,urdu_script,1
no,4,1412,yes,,,,latin,1332
PX7Lvjs639U,0,1413,no,,,,latin,829
Salam Kissan | Kissan Day 18th Dec | A Tribute to Farmers by Sarsabz Fertilizer,1,1413,yes,,,,latin,829
Thanks sarsarz for giving importance to us!,2,1413,yes,,,,latin,1
no,4,1413,yes,,,,latin,1332
PX7Lvjs639U,0,1414,no,,,,latin,829
Salam Kissan | Kissan Day 18th Dec | A Tribute to Farmers by Sarsabz Fertilizer,1,1414,yes,,,,latin,829
Our farmers are strength of our society,2,1414,yes,,,,latin,1
no,4,1414,yes,,,,latin,1332
PX7Lvjs639U,0,1415,no,,,,latin,829
Salam Kissan | Kissan Day 18th Dec | A Tribute to Farmers by Sarsabz Fertilizer,1,1415,yes,,,,latin,829
Done hope to win,2,1415,yes,,,,latin,1
no,4,1415,yes,,,,latin,1332
PX7Lvjs639U,0,1416,no,,,,latin,829
Salam Kissan | Kissan Day 18th Dec | A Tribute to Farmers by Sarsabz Fertilizer,1,1416,yes,,,,latin,829
Great,2,1416,yes,,,,latin,9
no,4,1416,yes,,,,latin,1332
PX7Lvjs639U,0,1417,no,,,,latin,829
Salam Kissan | Kissan Day 18th Dec | A Tribute to Farmers by Sarsabz Fertilizer,1,1417,yes,,,,latin,829
Mashallah,2,1417,yes,,,,latin,3
no,4,1417,yes,,,,latin,1332
PX7Lvjs639U,0,1418,no,,,,latin,829
Salam Kissan | Kissan Day 18th Dec | A Tribute to Farmers by Sarsabz Fertilizer,1,1418,yes,,,,latin,829
"Farmers are the backbone of our country, SALAM KISSAN SARSABAZ PAKISTAN by Maher Amir",2,1418,yes,,,,latin,1
no,4,1418,yes,,,,latin,1332
PX7Lvjs639U,0,1419,no,,,,latin,829
Salam Kissan | Kissan Day 18th Dec | A Tribute to Farmers by Sarsabz Fertilizer,1,1419,yes,,,,latin,829
Our farmers are strength of our society Sarsabz Kisan Salam Pakistan ❤️❤️,2,1419,yes,,,,latin,1
no,4,1419,yes,,,,latin,1332
PX7Lvjs639U,0,1420,no,,,,latin,829
Salam Kissan | Kissan Day 18th Dec | A Tribute to Farmers by Sarsabz Fertilizer,1,1420,yes,,,,latin,829
"Farmers are the backbone of our society. They are the ones who provide us all the food that we eat. As a result, the entire population of the country depends upon farmers. Be it the smallest or the largest country. Because of them only we are able to live on the planet. Thus Farmers are the most important people in the world. Though farmers have so much importance still they do not have proper living.",2,1420,yes,,,,latin,1
no,4,1420,yes,,,,latin,1332
PX7Lvjs639U,0,1421,no,,,,latin,829
Salam Kissan | Kissan Day 18th Dec | A Tribute to Farmers by Sarsabz Fertilizer,1,1421,yes,,,,latin,829
"Jeo Jawan Jeo kisan. I salute to all our farmers. Because of you our stomach is full , we are healthy and hearty. I wish we can do in return. Thank you for your devotion towards giving us the food.",2,1421,yes,,,,latin,1
no,4,1421,yes,,,,latin,1332
PX7Lvjs639U,0,1422,no,,,,latin,829
Salam Kissan | Kissan Day 18th Dec | A Tribute to Farmers by Sarsabz Fertilizer,1,1422,yes,,,,latin,829
"Happy Farmers, Happy pakistan Backbone is strength of every human being that's how Farmers are the backbone of our nation. Our every drop blood is thanks your sweat. I pray for all of you. Hope every farmers will get all they wish.",2,1422,yes,,,,latin,1
no,4,1422,yes,,,,latin,1332
PX7Lvjs639U,0,1423,no,,,,latin,829
Salam Kissan | Kissan Day 18th Dec | A Tribute to Farmers by Sarsabz Fertilizer,1,1423,yes,,,,latin,829
کسان میکش حیدرآبادی برہنہ جسم پسینہ میں غرق ننگے پاؤں مگر سکون ہے یوں دل میں جیسے ٹھنڈی چھاؤں گیوں کے کمیت سے کٹیا میں اپنی آیا ہے تصورات کی دنیا میں ساتھ لایا ہے ہے اک پھٹی ہوئی کمیل غریب کاندھوں پر سیاد ابر پر رہ رہ کے اٹھ رہی ہے نظر پڑا ہے کھیت کا سامان ایک کونے میں میں اس کی زیست کے اسرار پا کے کھونے نیفیس ہے پھولی ہوئی جیسے پھونک بھٹے کی بھی ہے کان پر بیزی بنا کے پتے کی لہو کی لہر سی ہے موج زن پسینے میں بقائے دہر کا ہے راز اس کے جینے میں ایک سانس ہے اس کی بہار آزادی غلام کا دل ہے دیار آزادی که میکه مالت,2,1423,yes,,,,urdu_script,1
no,4,1423,yes,,,,latin,1332
PX7Lvjs639U,0,1424,no,,,,latin,829
Salam Kissan | Kissan Day 18th Dec | A Tribute to Farmers by Sarsabz Fertilizer,1,1424,yes,,,,latin,829
HAPPY FARMERS DAY,2,1424,yes,,,,latin,1
no,4,1424,yes,,,,latin,1332
PX7Lvjs639U,0,1425,no,,,,latin,829
Salam Kissan | Kissan Day 18th Dec | A Tribute to Farmers by Sarsabz Fertilizer,1,1425,yes,,,,latin,829
GREAT MASHALLAH,2,1425,yes,,,,latin,1
no,4,1425,yes,,,,latin,1332
PX7Lvjs639U,0,1426,no,,,,latin,829
Salam Kissan | Kissan Day 18th Dec | A Tribute to Farmers by Sarsabz Fertilizer,1,1426,yes,,,,latin,829
"God bless every farmer that is adding up to the food chain and the food security of our beloved country, they truly are our heroes in disguise.",2,1426,yes,,,,latin,1
no,4,1426,yes,,,,latin,1332
PX7Lvjs639U,0,1427,no,,,,latin,829
Salam Kissan | Kissan Day 18th Dec | A Tribute to Farmers by Sarsabz Fertilizer,1,1427,yes,,,,latin,829
"On Farmers’ Day, we celebrate the backbone of our society: the farmers. Feeding the world is no easy task, but farmers do it with dedication, hard work, and resilience. They work tirelessly to produce the food we eat, and they deserve our deepest gratitude. In honor of Farmers’ Day, we have compiled a collection of quotes from leaders, and other notable figures about the importance of agriculture and the farmers who make it possible. These farmers’ day quotes are a reminder of the essential role that farmers play in our society, and they inspire us to appreciate their hard work and dedication. We have also compiled some wishes for this occasion.",2,1427,yes,,,,latin,1
no,4,1427,yes,,,,latin,1332
PX7Lvjs639U,0,1428,no,,,,latin,829
Salam Kissan | Kissan Day 18th Dec | A Tribute to Farmers by Sarsabz Fertilizer,1,1428,yes,,,,latin,829
Farmers are considered the backbone of the country and 18th December is dedicated to farmers. It is not a surprise that one day is celebrated and dedicated to farmers.,2,1428,yes,,,,latin,1
no,4,1428,yes,,,,latin,1332
PX7Lvjs639U,0,1429,no,,,,latin,829
Salam Kissan | Kissan Day 18th Dec | A Tribute to Farmers by Sarsabz Fertilizer,1,1429,yes,,,,latin,829
Salaam kissan,2,1429,yes,,,,latin,3
no,4,1429,yes,,,,latin,1332
PX7Lvjs639U,0,1430,no,,,,latin,829
Salam Kissan | Kissan Day 18th Dec | A Tribute to Farmers by Sarsabz Fertilizer,1,1430,yes,,,,latin,829
"🌾🚜 On Farmer's Day, we salute the heroes of the soil, whose hands cultivate life and whose sweat feeds nations. Thank you, farmers, for your tireless dedication to sustaining our world. Happy Farmer's Day! 🌾🌱✨ #SalamKisaan #Sarsabz",2,1430,yes,,,,latin,1
no,4,1430,yes,,,,latin,1332
PX7Lvjs639U,0,1431,no,,,,latin,829
Salam Kissan | Kissan Day 18th Dec | A Tribute to Farmers by Sarsabz Fertilizer,1,1431,yes,,,,latin,829
Salaam kisaan (Zouja Fazal),2,1431,yes,,,,latin,1
no,4,1431,yes,,,,latin,1332
PX7Lvjs639U,0,1432,no,,,,latin,829
Salam Kissan | Kissan Day 18th Dec | A Tribute to Farmers by Sarsabz Fertilizer,1,1432,yes,,,,latin,829
Sarsabz best fertilizer company,2,1432,yes,,,,latin,1
no,4,1432,yes,,,,latin,1332
PX7Lvjs639U,0,1433,no,,,,latin,829
Salam Kissan | Kissan Day 18th Dec | A Tribute to Farmers by Sarsabz Fertilizer,1,1433,yes,,,,latin,829
"My message for farmers 🙏 is that, amidst the fields of adversity, your perseverance blooms like a resilient crop. Your unwavering dedication nurtures the soil and our nation's future. Remember, every seed you sow carries the promise of growth, every dawn heralds a new opportunity, and every harvest embodies your unwavering spirit. Your hard work doesn't just cultivate crops; it plants seeds of hope for a thriving Pakistan. Keep tilling the land with determination, for your toil is the cornerstone of our prosperity. Your resilience inspires us all to strive for greatness. Saluting your hard work and unwavering commitment!"" Thank you 🙏 and i am proud that i belong to a zameendar family ❤ and my father is a farmer ❤ i am thankful to Sarsabz for highlighting farmers stay blessed 🙏",2,1433,yes,,,,latin,1
no,4,1433,yes,,,,latin,1332
PX7Lvjs639U,0,1434,no,,,,latin,829
Salam Kissan | Kissan Day 18th Dec | A Tribute to Farmers by Sarsabz Fertilizer,1,1434,yes,,,,latin,829
"Congratulations on winning! Please email your complete details (Address, phone number, and city) to sarsabzofficialpk@gmail.com using the same email address associated with your YouTube account.",2,1434,yes,,,,latin,13
yes,4,1434,yes,,,,latin,240
PX7Lvjs639U,0,1435,no,,,,latin,829
Salam Kissan | Kissan Day 18th Dec | A Tribute to Farmers by Sarsabz Fertilizer,1,1435,yes,,,,latin,829
yes,4,1435,yes,,,,latin,240
PX7Lvjs639U,0,1436,no,,,,latin,829
Salam Kissan | Kissan Day 18th Dec | A Tribute to Farmers by Sarsabz Fertilizer,1,1436,yes,,,,latin,829
yes,4,1436,yes,,,,latin,240
PX7Lvjs639U,0,1437,no,,,,latin,829
Salam Kissan | Kissan Day 18th Dec | A Tribute to Farmers by Sarsabz Fertilizer,1,1437,yes,,,,latin,829
#Tags (#SalamKissan #KissanDay #SarsabzPakistan,2,1437,yes,,,,latin,2
yes,4,1437,yes,,,,latin,240
PX7Lvjs639U,0,1438,no,,,,latin,829
Salam Kissan | Kissan Day 18th Dec | A Tribute to Farmers by Sarsabz Fertilizer,1,1438,yes,,,,latin,829
"""My Dear hardworking Farmers, your commitment and dedication to nurturing the land with Sarsabz fertilizer paint a vivid tapestry of growth and prosperity. Like the earth, you enrich our lives with abundance and vitality through your tireless efforts. Your partnership with Sarsabz fertilizer not only cultivates crops but also fosters dreams, turning barren lands into flourishing fields of opportunity. Together, you sow the seeds of a bountiful future, where every harvest tells a tale of perseverance and success. Your unwavering spirit, combined with the nourishment of Sarsabz fertilizer, is a testament to your unwavering commitment towards a thriving Pakistan. Keep growing, keep nurturing, and keep thriving - for your hard work and dedication inspire a nation."" Salam Kissan 🇵🇰 Sarsabz Pakistan 🇵🇰 Ao mil k barhayen watan ki shaan Q k yhi hai hmari jaan aan shaan ❤",2,1438,yes,,,,latin,1
no,4,1438,yes,,,,latin,1332
PX7Lvjs639U,0,1439,no,,,,latin,829
Salam Kissan | Kissan Day 18th Dec | A Tribute to Farmers by Sarsabz Fertilizer,1,1439,yes,,,,latin,829
Great work 😮,2,1439,yes,,,,latin,1
no,4,1439,yes,,,,latin,1332
PX7Lvjs639U,0,1440,no,,,,latin,829
Salam Kissan | Kissan Day 18th Dec | A Tribute to Farmers by Sarsabz Fertilizer,1,1440,yes,,,,latin,829
Good,2,1440,yes,,,,latin,6
no,4,1440,yes,,,,latin,1332
PX7Lvjs639U,0,1441,no,,,,latin,829
Salam Kissan | Kissan Day 18th Dec | A Tribute to Farmers by Sarsabz Fertilizer,1,1441,yes,,,,latin,829
Salam kisan.great work sarsabz,2,1441,yes,,,,latin,1
no,4,1441,yes,,,,latin,1332
PX7Lvjs639U,0,1442,no,,,,latin,829
Salam Kissan | Kissan Day 18th Dec | A Tribute to Farmers by Sarsabz Fertilizer,1,1442,yes,,,,latin,829
"My message for my beloved farmers is: ""Dear Pakistani Farmers, your dedication to cultivating the land is the bedrock of the nation's sustenance. Your tireless efforts, resilience, and commitment contribute immeasurably to the country's growth. Embrace each sunrise as a new opportunity, for your hard work not only feeds the nation but nourishes hope for a brighter future. Your perseverance amid challenges inspires us all. Keep sowing the seeds of progress, for your harvest is not just food, but a testament to your strength and determination. You are the backbone of Pakistan's prosperity, and your unwavering spirit is a beacon of inspiration to us all. Keep using Sarsabz and keep supporting Pakistan 🇵🇰 ❤ Hats off to you!",2,1442,yes,,,,latin,1
no,4,1442,yes,,,,latin,1332
PX7Lvjs639U,0,1443,no,,,,latin,829
Salam Kissan | Kissan Day 18th Dec | A Tribute to Farmers by Sarsabz Fertilizer,1,1443,yes,,,,latin,829
"Congratulations on winning! Please email your complete details (Address, phone number, and city) to sarsabzofficialpk@gmail.com using the same email address associated with your YouTube account.",2,1443,yes,,,,latin,13
yes,4,1443,yes,,,,latin,240
PX7Lvjs639U,0,1444,no,,,,latin,829
Salam Kissan | Kissan Day 18th Dec | A Tribute to Farmers by Sarsabz Fertilizer,1,1444,yes,,,,latin,829
#Tags (#SalamKissan #KissanDay #SarsabzPakistan,2,1444,yes,,,,latin,2
yes,4,1444,yes,,,,latin,240
PX7Lvjs639U,0,1445,no,,,,latin,829
Salam Kissan | Kissan Day 18th Dec | A Tribute to Farmers by Sarsabz Fertilizer,1,1445,yes,,,,latin,829
Done,2,1445,yes,,,,latin,1
yes,4,1445,yes,,,,latin,240
PX7Lvjs639U,0,1446,no,,,,latin,829
Salam Kissan | Kissan Day 18th Dec | A Tribute to Farmers by Sarsabz Fertilizer,1,1446,yes,,,,latin,829
Our bread and butter hero's.,2,1446,yes,,,,latin,1
no,4,1446,yes,,,,latin,1332
PX7Lvjs639U,0,1447,no,,,,latin,829
Salam Kissan | Kissan Day 18th Dec | A Tribute to Farmers by Sarsabz Fertilizer,1,1447,yes,,,,latin,829
"Farmers are real heroes becuase, With their dedication and effort, They turn barren land into a land that produces food and vegetable ❤",2,1447,yes,,,,latin,1
no,4,1447,yes,,,,latin,1332
PX7Lvjs639U,0,1448,no,,,,latin,829
Salam Kissan | Kissan Day 18th Dec | A Tribute to Farmers by Sarsabz Fertilizer,1,1448,yes,,,,latin,829
Farmers are heroes we proud of them.,2,1448,yes,,,,latin,1
no,4,1448,yes,,,,latin,1332
PX7Lvjs639U,0,1449,no,,,,latin,829
Salam Kissan | Kissan Day 18th Dec | A Tribute to Farmers by Sarsabz Fertilizer,1,1449,yes,,,,latin,829
Best,2,1449,yes,,,,latin,1
no,4,1449,yes,,,,latin,1332
PX7Lvjs639U,0,1450,no,,,,latin,829
Salam Kissan | Kissan Day 18th Dec | A Tribute to Farmers by Sarsabz Fertilizer,1,1450,yes,,,,latin,829
Salam,2,1450,yes,,,,latin,1
no,4,1450,yes,,,,latin,1332
PX7Lvjs639U,0,1451,no,,,,latin,829
Salam Kissan | Kissan Day 18th Dec | A Tribute to Farmers by Sarsabz Fertilizer,1,1451,yes,,,,latin,829
سلام کسان سرسبز پاکستان 🍀🌹🍀🌹🌹🌹🍀🍀,2,1451,yes,,,,urdu_script,1
no,4,1451,yes,,,,latin,1332
PX7Lvjs639U,0,1452,no,,,,latin,829
Salam Kissan | Kissan Day 18th Dec | A Tribute to Farmers by Sarsabz Fertilizer,1,1452,yes,,,,latin,829
"SALAM kissan , SARSABZ Pakistan great work keep it up",2,1452,yes,,,,latin,1
no,4,1452,yes,,,,latin,1332
PX7Lvjs639U,0,1453,no,,,,latin,829
Salam Kissan | Kissan Day 18th Dec | A Tribute to Farmers by Sarsabz Fertilizer,1,1453,yes,,,,latin,829
"Salute to the farmers, the silent hero’s of the lands.",2,1453,yes,,,,latin,1
no,4,1453,yes,,,,latin,1332
PX7Lvjs639U,0,1454,no,,,,latin,829
Salam Kissan | Kissan Day 18th Dec | A Tribute to Farmers by Sarsabz Fertilizer,1,1454,yes,,,,latin,829
"Sarsabz Fertilizer proudly continues its tradition of honoring the relentless dedication of farmers, the backbone of our nation, who tirelessly fuel our prosperity. Join us in saluting the resilience and spirit of these farming heroes as we celebrate Kissan Day on December 18, 2023. We recognize and stand by our farmers, commemorating their hard work and unwavering commitment that drives our nation forward. #SalamKissan #SarsabzPakistan #KissanDay",2,1454,yes,,,,latin,1
no,4,1454,yes,,,,latin,1332
PX7Lvjs639U,0,1455,no,,,,latin,829
Salam Kissan | Kissan Day 18th Dec | A Tribute to Farmers by Sarsabz Fertilizer,1,1455,yes,,,,latin,829
We should be thankful for the food on our tables.. The clothes on our back... And to the farmers who make it all possible.. Salaaam Kisan❤,2,1455,yes,,,,latin,1
no,4,1455,yes,,,,latin,1332
PX7Lvjs639U,0,1456,no,,,,latin,829
Salam Kissan | Kissan Day 18th Dec | A Tribute to Farmers by Sarsabz Fertilizer,1,1456,yes,,,,latin,829
"youtube.com/@MuhammadAhmadNisar-vf7li Please email your complete details (Address, phone number, and city) to sarsabzofficialpk@gmail.com using the same email address associated with your YouTube account.",2,1456,yes,,,,latin,1
yes,4,1456,yes,,,,latin,240
PX7Lvjs639U,0,1457,no,,,,latin,829
Salam Kissan | Kissan Day 18th Dec | A Tribute to Farmers by Sarsabz Fertilizer,1,1457,yes,,,,latin,829
"youtube.com/@MuhammadAhmadNisar-vf7li Time is ticking. Please email your complete details (Address, phone number, and city) to sarsabzofficialpk@gmail.com using the same email address associated with your YouTube account.",2,1457,yes,,,,latin,1
yes,4,1457,yes,,,,latin,240
PX7Lvjs639U,0,1458,no,,,,latin,829
Salam Kissan | Kissan Day 18th Dec | A Tribute to Farmers by Sarsabz Fertilizer,1,1458,yes,,,,latin,829
"Congratulations on winning! Please email your complete details (Address, phone number, and city) to sarsabzofficialpk@gmail.com using the same email address associated with your YouTube account.",2,1458,yes,,,,latin,13
yes,4,1458,yes,,,,latin,240
PX7Lvjs639U,0,1459,no,,,,latin,829
Salam Kissan | Kissan Day 18th Dec | A Tribute to Farmers by Sarsabz Fertilizer,1,1459,yes,,,,latin,829
"youtube.com/@MuhammadAhmadNisar-vf7li Time is ticking! A last but soft reminder, please email your complete details (Address, phone number, and city) to sarsabzofficialpk@gmail.com using the same email address associated with your YouTube account.",2,1459,yes,,,,latin,1
yes,4,1459,yes,,,,latin,240
PX7Lvjs639U,0,1460,no,,,,latin,829
Salam Kissan | Kissan Day 18th Dec | A Tribute to Farmers by Sarsabz Fertilizer,1,1460,yes,,,,latin,829
Superb. Farmers are backbone of this country. We salute them from the bottom of my heart ❤️. Subscribed to your YouTube channel. Biggest wish to win 😊 ! 4:04,2,1460,yes,,,,latin,1
no,4,1460,yes,,,,latin,1332
PX7Lvjs639U,0,1461,no,,,,latin,829
Salam Kissan | Kissan Day 18th Dec | A Tribute to Farmers by Sarsabz Fertilizer,1,1461,yes,,,,latin,829
😊😊😊😊😊😊😊😊😊😊😊😊😊😊😊😊😊😊😊😊😊😊😊😊😊😊😊😊😊😊😊😊😊😊😊😊😊😊😊😊😊😊😊😊😊😊😊,2,1461,yes,,,,other,1
yes,4,1461,yes,,,,latin,240
PX7Lvjs639U,0,1462,no,,,,latin,829
Salam Kissan | Kissan Day 18th Dec | A Tribute to Farmers by Sarsabz Fertilizer,1,1462,yes,,,,latin,829
Our farmers are our strength. They work very hard and play key role in growth of our economy.,2,1462,yes,,,,latin,1
no,4,1462,yes,,,,latin,1332
PX7Lvjs639U,0,1463,no,,,,latin,829
Salam Kissan | Kissan Day 18th Dec | A Tribute to Farmers by Sarsabz Fertilizer,1,1463,yes,,,,latin,829
Nice,2,1463,yes,,,,latin,8
no,4,1463,yes,,,,latin,1332
PX7Lvjs639U,0,1464,no,,,,latin,829
Salam Kissan | Kissan Day 18th Dec | A Tribute to Farmers by Sarsabz Fertilizer,1,1464,yes,,,,latin,829
Great,2,1464,yes,,,,latin,9
no,4,1464,yes,,,,latin,1332
PX7Lvjs639U,0,1465,no,,,,latin,829
Salam Kissan | Kissan Day 18th Dec | A Tribute to Farmers by Sarsabz Fertilizer,1,1465,yes,,,,latin,829
Excellent,2,1465,yes,,,,latin,2
no,4,1465,yes,,,,latin,1332
PX7Lvjs639U,0,1466,no,,,,latin,829
Salam Kissan | Kissan Day 18th Dec | A Tribute to Farmers by Sarsabz Fertilizer,1,1466,yes,,,,latin,829
Salam kisan pakistan,2,1466,yes,,,,latin,1
no,4,1466,yes,,,,latin,1332
PX7Lvjs639U,0,1467,no,,,,latin,829
Salam Kissan | Kissan Day 18th Dec | A Tribute to Farmers by Sarsabz Fertilizer,1,1467,yes,,,,latin,829
"Farmers are the backbone of our country, SALAM KISSAN SARSABAZ PAKISTAN❤",2,1467,yes,,,,latin,1
no,4,1467,yes,,,,latin,1332
PX7Lvjs639U,0,1468,no,,,,latin,829
Salam Kissan | Kissan Day 18th Dec | A Tribute to Farmers by Sarsabz Fertilizer,1,1468,yes,,,,latin,829
"Farmers are the backbone of our communities, toiling tirelessly to cultivate the land and ensure a steady food supply. Their dedication and hard work deserve our heartfelt appreciation. Thank you, farmers, for your essential role in sustaining us all.",2,1468,yes,,,,latin,1
no,4,1468,yes,,,,latin,1332
PX7Lvjs639U,0,1469,no,,,,latin,829
Salam Kissan | Kissan Day 18th Dec | A Tribute to Farmers by Sarsabz Fertilizer,1,1469,yes,,,,latin,829
Nice,2,1469,yes,,,,latin,8
no,4,1469,yes,,,,latin,1332
PX7Lvjs639U,0,1470,no,,,,latin,829
Salam Kissan | Kissan Day 18th Dec | A Tribute to Farmers by Sarsabz Fertilizer,1,1470,yes,,,,latin,829
great,2,1470,yes,,,,latin,1
no,4,1470,yes,,,,latin,1332
PX7Lvjs639U,0,1471,no,,,,latin,829
Salam Kissan | Kissan Day 18th Dec | A Tribute to Farmers by Sarsabz Fertilizer,1,1471,yes,,,,latin,829
Excellent. In reality only farmers produce food for us from soil to out fork,2,1471,yes,,,,latin,1
no,4,1471,yes,,,,latin,1332
PX7Lvjs639U,0,1472,no,,,,latin,829
Salam Kissan | Kissan Day 18th Dec | A Tribute to Farmers by Sarsabz Fertilizer,1,1472,yes,,,,latin,829
خوشحال کسان خوشحال پاکستان سر سبز پاکستان 👍 great work,2,1472,yes,,,,mixed,1
no,4,1472,yes,,,,latin,1332
PX7Lvjs639U,0,1473,no,,,,latin,829
Salam Kissan | Kissan Day 18th Dec | A Tribute to Farmers by Sarsabz Fertilizer,1,1473,yes,,,,latin,829
Great MashaAllah. ❤❤❤❤❤❤❤❤❤❤❤❤ #SalamKissan Salam Pakistan #SarsabzPakistan Zindabad #kissanDay,2,1473,yes,,,,latin,2
no,4,1473,yes,,,,latin,1332
PX7Lvjs639U,0,1474,no,,,,latin,829
Salam Kissan | Kissan Day 18th Dec | A Tribute to Farmers by Sarsabz Fertilizer,1,1474,yes,,,,latin,829
Great MashaAllah. ❤❤❤❤❤❤❤❤❤❤❤❤ #SalamKissan Salam Pakistan #SarsabzPakistan Zindabad #kissanDay,2,1474,yes,,,,latin,2
no,4,1474,yes,,,,latin,1332
PX7Lvjs639U,0,1475,no,,,,latin,829
Salam Kissan | Kissan Day 18th Dec | A Tribute to Farmers by Sarsabz Fertilizer,1,1475,yes,,,,latin,829
"I am delighted to learn that Sarsabz Fertilizer maintains dedication to recognizing the commitment of farmers, who are the backbone of our nation. Their unwavering efforts undoubtedly contribute significantly to our prosperity, as exemplified by their celebration of Kissan Day on December 18, 2023. This observance serves as a testament to Sarsabz Fertilizer's commitment to promoting the agricultural community in Pakistan and acknowledging the pivotal role farmers play in fostering the prosperity of our country. #SalamKissan #SarsabzPakistan #KissanDay",2,1475,yes,,,,latin,1
no,4,1475,yes,,,,latin,1332
PX7Lvjs639U,0,1476,no,,,,latin,829
Salam Kissan | Kissan Day 18th Dec | A Tribute to Farmers by Sarsabz Fertilizer,1,1476,yes,,,,latin,829
Great 👍,2,1476,yes,,,,latin,4
no,4,1476,yes,,,,latin,1332
PX7Lvjs639U,0,1477,no,,,,latin,829
Salam Kissan | Kissan Day 18th Dec | A Tribute to Farmers by Sarsabz Fertilizer,1,1477,yes,,,,latin,829
Very nice,2,1477,yes,,,,latin,3
no,4,1477,yes,,,,latin,1332
PX7Lvjs639U,0,1478,no,,,,latin,829
Salam Kissan | Kissan Day 18th Dec | A Tribute to Farmers by Sarsabz Fertilizer,1,1478,yes,,,,latin,829
MashaAllah,2,1478,yes,,,,latin,1
no,4,1478,yes,,,,latin,1332
PX7Lvjs639U,0,1479,no,,,,latin,829
Salam Kissan | Kissan Day 18th Dec | A Tribute to Farmers by Sarsabz Fertilizer,1,1479,yes,,,,latin,829
❤❤❤,2,1479,yes,,,,other,15
no,4,1479,yes,,,,latin,1332
PX7Lvjs639U,0,1480,no,,,,latin,829
Salam Kissan | Kissan Day 18th Dec | A Tribute to Farmers by Sarsabz Fertilizer,1,1480,yes,,,,latin,829
Great work,2,1480,yes,,,,latin,1
no,4,1480,yes,,,,latin,1332
PX7Lvjs639U,0,1481,no,,,,latin,829
Salam Kissan | Kissan Day 18th Dec | A Tribute to Farmers by Sarsabz Fertilizer,1,1481,yes,,,,latin,829
Very nice,2,1481,yes,,,,latin,3
no,4,1481,yes,,,,latin,1332
PX7Lvjs639U,0,1482,no,,,,latin,829
Salam Kissan | Kissan Day 18th Dec | A Tribute to Farmers by Sarsabz Fertilizer,1,1482,yes,,,,latin,829
Very❤❤❤❤❤❤❤Best,2,1482,yes,,,,latin,1
no,4,1482,yes,,,,latin,1332
PX7Lvjs639U,0,1483,no,,,,latin,829
Salam Kissan | Kissan Day 18th Dec | A Tribute to Farmers by Sarsabz Fertilizer,1,1483,yes,,,,latin,829
Zabar 10❤❤❤❤❤❤❤❤❤❤❤❤❤❤❤❤❤,2,1483,yes,,,,latin,1
no,4,1483,yes,,,,latin,1332
PX7Lvjs639U,0,1484,no,,,,latin,829
Salam Kissan | Kissan Day 18th Dec | A Tribute to Farmers by Sarsabz Fertilizer,1,1484,yes,,,,latin,829
Amazing Amazing Amazing Amazing Amazing Amazing,2,1484,yes,,,,latin,1
no,4,1484,yes,,,,latin,1332
PX7Lvjs639U,0,1485,no,,,,latin,829
Salam Kissan | Kissan Day 18th Dec | A Tribute to Farmers by Sarsabz Fertilizer,1,1485,yes,,,,latin,829
Superrr❤❤❤❤❤❤doparrr,2,1485,yes,,,,latin,1
no,4,1485,yes,,,,latin,1332
PX7Lvjs639U,0,1486,no,,,,latin,829
Salam Kissan | Kissan Day 18th Dec | A Tribute to Farmers by Sarsabz Fertilizer,1,1486,yes,,,,latin,829
Nice❤❤❤❤❤❤❤Good,2,1486,yes,,,,latin,1
no,4,1486,yes,,,,latin,1332
PX7Lvjs639U,0,1487,no,,,,latin,829
Salam Kissan | Kissan Day 18th Dec | A Tribute to Farmers by Sarsabz Fertilizer,1,1487,yes,,,,latin,829
Thank you 😊,2,1487,yes,,,,latin,8
yes,4,1487,yes,,,,latin,240
PX7Lvjs639U,0,1488,no,,,,latin,829
Salam Kissan | Kissan Day 18th Dec | A Tribute to Farmers by Sarsabz Fertilizer,1,1488,yes,,,,latin,829
MashAllah,2,1488,yes,,,,latin,1
no,4,1488,yes,,,,latin,1332
PX7Lvjs639U,0,1489,no,,,,latin,829
Salam Kissan | Kissan Day 18th Dec | A Tribute to Farmers by Sarsabz Fertilizer,1,1489,yes,,,,latin,829
Good,2,1489,yes,,,,latin,6
no,4,1489,yes,,,,latin,1332
PX7Lvjs639U,0,1490,no,,,,latin,829
Salam Kissan | Kissan Day 18th Dec | A Tribute to Farmers by Sarsabz Fertilizer,1,1490,yes,,,,latin,829
اللہ تعالیٰ تمام کسانوں کی مدد فرمائے آمین,2,1490,yes,,,,urdu_script,1
no,4,1490,yes,,,,latin,1332
PX7Lvjs639U,0,1491,no,,,,latin,829
Salam Kissan | Kissan Day 18th Dec | A Tribute to Farmers by Sarsabz Fertilizer,1,1491,yes,,,,latin,829
"Alhumdulilah, Proudly work by Fatima Fertilizer",2,1491,yes,,,,latin,1
no,4,1491,yes,,,,latin,1332
PX7Lvjs639U,0,1492,no,,,,latin,829
Salam Kissan | Kissan Day 18th Dec | A Tribute to Farmers by Sarsabz Fertilizer,1,1492,yes,,,,latin,829
🥰🥰🥰🥰,2,1492,yes,,,,other,1
no,4,1492,yes,,,,latin,1332
PX7Lvjs639U,0,1493,no,,,,latin,829
Salam Kissan | Kissan Day 18th Dec | A Tribute to Farmers by Sarsabz Fertilizer,1,1493,yes,,,,latin,829
Absolutely Best ♥️,2,1493,yes,,,,latin,1
no,4,1493,yes,,,,latin,1332
PX7Lvjs639U,0,1494,no,,,,latin,829
Salam Kissan | Kissan Day 18th Dec | A Tribute to Farmers by Sarsabz Fertilizer,1,1494,yes,,,,latin,829
Allah Pak Reham farmaye Ameen,2,1494,yes,,,,latin,1
no,4,1494,yes,,,,latin,1332
PX7Lvjs639U,0,1495,no,,,,latin,829
Salam Kissan | Kissan Day 18th Dec | A Tribute to Farmers by Sarsabz Fertilizer,1,1495,yes,,,,latin,829
Very informative,2,1495,yes,,,,latin,1
no,4,1495,yes,,,,latin,1332
PX7Lvjs639U,0,1496,no,,,,latin,829
Salam Kissan | Kissan Day 18th Dec | A Tribute to Farmers by Sarsabz Fertilizer,1,1496,yes,,,,latin,829
Very Best,2,1496,yes,,,,latin,2
no,4,1496,yes,,,,latin,1332
PX7Lvjs639U,0,1497,no,,,,latin,829
Salam Kissan | Kissan Day 18th Dec | A Tribute to Farmers by Sarsabz Fertilizer,1,1497,yes,,,,latin,829
Excellent❤❤❤❤,2,1497,yes,,,,latin,1
no,4,1497,yes,,,,latin,1332
PX7Lvjs639U,0,1498,no,,,,latin,829
Salam Kissan | Kissan Day 18th Dec | A Tribute to Farmers by Sarsabz Fertilizer,1,1498,yes,,,,latin,829
"Sarsabz once again highlights the importance of farmers to society. Without their untiring efforts, we would be facing an acute shortage of everyday essential foods. Kudos to Sarsabz!",2,1498,yes,,,,latin,2
no,4,1498,yes,,,,latin,1332
PX7Lvjs639U,0,1499,no,,,,latin,829
Salam Kissan | Kissan Day 18th Dec | A Tribute to Farmers by Sarsabz Fertilizer,1,1499,yes,,,,latin,829
Allah pak hamry kisano ko salmat rakhya ya Allah ameen,2,1499,yes,,,,latin,1
yes,4,1499,yes,,,,latin,240
PX7Lvjs639U,0,1500,no,,,,latin,829
Salam Kissan | Kissan Day 18th Dec | A Tribute to Farmers by Sarsabz Fertilizer,1,1500,yes,,,,latin,829
yes,4,1500,yes,,,,latin,240
PX7Lvjs639U,0,1501,no,,,,latin,829
Salam Kissan | Kissan Day 18th Dec | A Tribute to Farmers by Sarsabz Fertilizer,1,1501,yes,,,,latin,829
😮😢,2,1501,yes,,,,other,1
yes,4,1501,yes,,,,latin,240
PX7Lvjs639U,0,1502,no,,,,latin,829
Salam Kissan | Kissan Day 18th Dec | A Tribute to Farmers by Sarsabz Fertilizer,1,1502,yes,,,,latin,829
Great,2,1502,yes,,,,latin,9
no,4,1502,yes,,,,latin,1332
PX7Lvjs639U,0,1503,no,,,,latin,829
Salam Kissan | Kissan Day 18th Dec | A Tribute to Farmers by Sarsabz Fertilizer,1,1503,yes,,,,latin,829
❤❤❤,2,1503,yes,,,,other,15
no,4,1503,yes,,,,latin,1332
QfR5uPqdmjo,0,1504,no,,,,latin,8
"Salam Kissan, Sarsabz Pakistan",1,1504,yes,,,,latin,15
great thought ❤,2,1504,yes,,,,latin,1
no,4,1504,yes,,,,latin,1332
QfR5uPqdmjo,0,1505,no,,,,latin,8
"Salam Kissan, Sarsabz Pakistan",1,1505,yes,,,,latin,15
❤️❤❤❤❤❤❤,2,1505,yes,,,,other,1
no,4,1505,yes,,,,latin,1332
QfR5uPqdmjo,0,1506,no,,,,latin,8
"Salam Kissan, Sarsabz Pakistan",1,1506,yes,,,,latin,15
Keep it up the best work 👍,2,1506,yes,,,,latin,2
no,4,1506,yes,,,,latin,1332
QfR5uPqdmjo,0,1507,no,,,,latin,8
"Salam Kissan, Sarsabz Pakistan",1,1507,yes,,,,latin,15
no,4,1507,yes,,,,latin,1332
QfR5uPqdmjo,0,1508,no,,,,latin,8
"Salam Kissan, Sarsabz Pakistan",1,1508,yes,,,,latin,15
duafatima,2,1508,yes,,,,latin,1
no,4,1508,yes,,,,latin,1332
QfR5uPqdmjo,0,1509,no,,,,latin,8
"Salam Kissan, Sarsabz Pakistan",1,1509,yes,,,,latin,15
🎉Igui,2,1509,yes,,,,latin,1
no,4,1509,yes,,,,latin,1332
QfR5uPqdmjo,0,1510,no,,,,latin,8
"Salam Kissan, Sarsabz Pakistan",1,1510,yes,,,,latin,15
#SalamKissan #SarsabzPakistan,2,1510,yes,,,,latin,2
no,4,1510,yes,,,,latin,1332
QfR5uPqdmjo,0,1511,no,,,,latin,8
"Salam Kissan, Sarsabz Pakistan",1,1511,yes,,,,latin,15
"Salam Kissan Sarsabz Pakistan 🇵🇰🌾 Dil se shukriya Pakistan ke mehnati kisanón ko aap hi hamari zameen ki rooh aur mulk ki taqat ho. Aap ki mehnat se hamare gharon tak rozi pohanchti hai aur Pakistan sarsabz rehta hai. Saath hi Sarsabz Fertilizer management ka bhi tahe-dil se shukriya, jo Kissan ko empower karne ke liye Kissan Day (18 Dec) jaise meaningful events ke zariye rehnumai, himmat aur support faraham kar rahe hain. Aap ki koshishen kisani ko mazid behtar aur mustahkam bana rahi hain. Allah aap sab ki mehnat ko qabool kare aur Pakistan ko hamesha sarsabz o shaadab rakhe. 🌱🤲 #SalamKissan #SarsabzPakistan",2,1511,yes,,,,latin,6
no,4,1511,yes,,,,latin,1332
t2JC0sCMAUk,0,1512,no,,,,latin,8
Sarsabz Fertilizers Celebrating Kissan Day on 18th December!,1,1512,yes,,,,latin,8
Sarsabz Pakistan 🇵🇰 Salam Kissan is a great initiative,2,1512,yes,,,,latin,1
no,4,1512,yes,,,,latin,1332
t2JC0sCMAUk,0,1513,no,,,,latin,8
Sarsabz Fertilizers Celebrating Kissan Day on 18th December!,1,1513,yes,,,,latin,8
Keep up the good work,2,1513,yes,,,,latin,1
no,4,1513,yes,,,,latin,1332
t2JC0sCMAUk,0,1514,no,,,,latin,8
Sarsabz Fertilizers Celebrating Kissan Day on 18th December!,1,1514,yes,,,,latin,8
Keep it up the best work 👍,2,1514,yes,,,,latin,2
no,4,1514,yes,,,,latin,1332
t2JC0sCMAUk,0,1515,no,,,,latin,8
Sarsabz Fertilizers Celebrating Kissan Day on 18th December!,1,1515,yes,,,,latin,8
no,4,1515,yes,,,,latin,1332
t2JC0sCMAUk,0,1516,no,,,,latin,8
Sarsabz Fertilizers Celebrating Kissan Day on 18th December!,1,1516,yes,,,,latin,8
Job ka tarika,2,1516,yes,,,,latin,1
no,4,1516,yes,,,,latin,1332
t2JC0sCMAUk,0,1517,no,,,,latin,8
Sarsabz Fertilizers Celebrating Kissan Day on 18th December!,1,1517,yes,,,,latin,8
سلام کسان، سرسبز پاکستان 🇵🇰🌾 دل سے سلام اور شکریہ پاکستان کے اُن کسانوں کو جو خاموشی سے دن رات محنت کر کے ہماری زمین کو زرخیز اور قوم کو خودکفیل بناتے ہیں۔ آپ کی محنت صرف فصل نہیں اُگاتی بلکہ پاکستان کے روشن مستقبل کی بنیاد رکھتی ہے۔ کسان واقعی اس ملک کی اصل طاقت ہیں۔ ساتھ ہی سرسبز فرٹیلائزر مینجمنٹ کو خراجِ تحسین، جو کسانوں کے ساتھ قدم سے قدم ملا کر چل رہے ہیں۔ کسان ڈے (18 دسمبر) جیسے باوقار اور بامقصد پروگرامز کے ذریعے کسانوں کو نہ صرف سراہا جا رہا ہے بلکہ جدید زرعی رہنمائی اور اعتماد بھی دیا جا رہا ہے۔ یہ کاوشیں کسان کی زندگی میں مثبت تبدیلی لا رہی ہیں۔ دعا ہے کہ اللہ تعالیٰ ہمارے کسانوں کی محنت کو قبول فرمائے، ان کی پیداوار میں برکت دے اور پاکستان کو ہمیشہ سرسبز اور خوشحال رکھے۔ 🌱🤲 #SalamKissan #SarsabzPakistan,2,1517,yes,,,,mixed,1
no,4,1517,yes,,,,latin,1332
t2JC0sCMAUk,0,1518,no,,,,latin,8
Sarsabz Fertilizers Celebrating Kissan Day on 18th December!,1,1518,yes,,,,latin,8
"Salam Kissan Sarsabz Pakistan 🇵🇰🌾 Dil se shukriya Pakistan ke mehnati kisanón ko aap hi hamari zameen ki rooh aur mulk ki taqat ho. Aap ki mehnat se hamare gharon tak rozi pohanchti hai aur Pakistan sarsabz rehta hai. Saath hi Sarsabz Fertilizer management ka bhi tahe-dil se shukriya, jo Kissan ko empower karne ke liye Kissan Day (18 Dec) jaise meaningful events ke zariye rehnumai, himmat aur support faraham kar rahe hain. Aap ki koshishen kisani ko mazid behtar aur mustahkam bana rahi hain. Allah aap sab ki mehnat ko qabool kare aur Pakistan ko hamesha sarsabz o shaadab rakhe. 🌱🤲 #SalamKissan #SarsabzPakistan",2,1518,yes,,,,latin,6
no,4,1518,yes,,,,latin,1332
t2JC0sCMAUk,0,1519,no,,,,latin,8
Sarsabz Fertilizers Celebrating Kissan Day on 18th December!,1,1519,yes,,,,latin,8
"From sunrise to sunset, through heat, cold, and rain, farmers work tirelessly so that the world never sleeps hungry. Every seed you plant carries hope, Every harvest you reap brings life, And every drop of sweat you shed feeds millions. Farmers teach us patience, hard work, and faith in the future. Your sacrifices often go unseen, but your contribution can never be replaced. 🙏 Salam to our farmers — your dedication, resilience, and love for the land inspire generations. May your fields always stay green, your efforts be rewarded, and your lives be filled with respect, prosperity, and peace. #salamkissan #sarsabzpakistan #kissanday",2,1519,yes,,,,latin,1
no,4,1519,yes,,,,latin,1332
VhEivknE98w,0,1520,no,,,,latin,30
Ahtesham Qureshi | Wheat | Gujranwala | Sarsabz Fertilizer,1,1520,yes,,,,latin,30
Making life easy ❤,2,1520,yes,,,,latin,1
no,4,1520,yes,,,,latin,1332
VhEivknE98w,0,1521,no,,,,latin,30
Ahtesham Qureshi | Wheat | Gujranwala | Sarsabz Fertilizer,1,1521,yes,,,,latin,30
Kissan ki mehnat ko salam peish karna tou banta hai! Manayiye Sarsabz Fertilizer ke saath 18th December ko Kissan Day! #SalamKissan #KissanDay #SarsabzPakistan,2,1521,yes,,,,latin,1
no,4,1521,yes,,,,latin,1332
VhEivknE98w,0,1522,no,,,,latin,30
Ahtesham Qureshi | Wheat | Gujranwala | Sarsabz Fertilizer,1,1522,yes,,,,latin,30
Ma Sha Allah Great,2,1522,yes,,,,latin,1
no,4,1522,yes,,,,latin,1332
VhEivknE98w,0,1523,no,,,,latin,30
Ahtesham Qureshi | Wheat | Gujranwala | Sarsabz Fertilizer,1,1523,yes,,,,latin,30
Excellent 🎉🎉🎉,2,1523,yes,,,,latin,1
no,4,1523,yes,,,,latin,1332
VhEivknE98w,0,1524,no,,,,latin,30
Ahtesham Qureshi | Wheat | Gujranwala | Sarsabz Fertilizer,1,1524,yes,,,,latin,30
So amazing ❤❤❤,2,1524,yes,,,,latin,1
no,4,1524,yes,,,,latin,1332
VhEivknE98w,0,1525,no,,,,latin,30
Ahtesham Qureshi | Wheat | Gujranwala | Sarsabz Fertilizer,1,1525,yes,,,,latin,30
MashaAllah nice 👍👍👍,2,1525,yes,,,,latin,1
no,4,1525,yes,,,,latin,1332
VhEivknE98w,0,1526,no,,,,latin,30
Ahtesham Qureshi | Wheat | Gujranwala | Sarsabz Fertilizer,1,1526,yes,,,,latin,30
Superb,2,1526,yes,,,,latin,5
no,4,1526,yes,,,,latin,1332
VhEivknE98w,0,1527,no,,,,latin,30
Ahtesham Qureshi | Wheat | Gujranwala | Sarsabz Fertilizer,1,1527,yes,,,,latin,30
no,4,1527,yes,,,,latin,1332
VhEivknE98w,0,1528,no,,,,latin,30
Ahtesham Qureshi | Wheat | Gujranwala | Sarsabz Fertilizer,1,1528,yes,,,,latin,30
Great,2,1528,yes,,,,latin,9
no,4,1528,yes,,,,latin,1332
VhEivknE98w,0,1529,no,,,,latin,30
Ahtesham Qureshi | Wheat | Gujranwala | Sarsabz Fertilizer,1,1529,yes,,,,latin,30
Amazing,2,1529,yes,,,,latin,4
no,4,1529,yes,,,,latin,1332
VhEivknE98w,0,1530,no,,,,latin,30
Ahtesham Qureshi | Wheat | Gujranwala | Sarsabz Fertilizer,1,1530,yes,,,,latin,30
Great initiative,2,1530,yes,,,,latin,1
no,4,1530,yes,,,,latin,1332
VhEivknE98w,0,1531,no,,,,latin,30
Ahtesham Qureshi | Wheat | Gujranwala | Sarsabz Fertilizer,1,1531,yes,,,,latin,30
Great 👍,2,1531,yes,,,,latin,4
no,4,1531,yes,,,,latin,1332
VhEivknE98w,0,1532,no,,,,latin,30
Ahtesham Qureshi | Wheat | Gujranwala | Sarsabz Fertilizer,1,1532,yes,,,,latin,30
Superb ❤️😊,2,1532,yes,,,,latin,1
no,4,1532,yes,,,,latin,1332
VhEivknE98w,0,1533,no,,,,latin,30
Ahtesham Qureshi | Wheat | Gujranwala | Sarsabz Fertilizer,1,1533,yes,,,,latin,30
Thank you 😊,2,1533,yes,,,,latin,8
yes,4,1533,yes,,,,latin,240
VhEivknE98w,0,1534,no,,,,latin,30
Ahtesham Qureshi | Wheat | Gujranwala | Sarsabz Fertilizer,1,1534,yes,,,,latin,30
Super,2,1534,yes,,,,latin,2
no,4,1534,yes,,,,latin,1332
VhEivknE98w,0,1535,no,,,,latin,30
Ahtesham Qureshi | Wheat | Gujranwala | Sarsabz Fertilizer,1,1535,yes,,,,latin,30
Amazing,2,1535,yes,,,,latin,4
no,4,1535,yes,,,,latin,1332
VhEivknE98w,0,1536,no,,,,latin,30
Ahtesham Qureshi | Wheat | Gujranwala | Sarsabz Fertilizer,1,1536,yes,,,,latin,30
Amazing 😍🤩,2,1536,yes,,,,latin,1
no,4,1536,yes,,,,latin,1332
VhEivknE98w,0,1537,no,,,,latin,30
Ahtesham Qureshi | Wheat | Gujranwala | Sarsabz Fertilizer,1,1537,yes,,,,latin,30
Amazing,2,1537,yes,,,,latin,4
no,4,1537,yes,,,,latin,1332
VhEivknE98w,0,1538,no,,,,latin,30
Ahtesham Qureshi | Wheat | Gujranwala | Sarsabz Fertilizer,1,1538,yes,,,,latin,30
Good to know,2,1538,yes,,,,latin,1
no,4,1538,yes,,,,latin,1332
VhEivknE98w,0,1539,no,,,,latin,30
Ahtesham Qureshi | Wheat | Gujranwala | Sarsabz Fertilizer,1,1539,yes,,,,latin,30
Excellent 👌👌😊,2,1539,yes,,,,latin,1
no,4,1539,yes,,,,latin,1332
VhEivknE98w,0,1540,no,,,,latin,30
Ahtesham Qureshi | Wheat | Gujranwala | Sarsabz Fertilizer,1,1540,yes,,,,latin,30
Best Video 📷,2,1540,yes,,,,latin,1
no,4,1540,yes,,,,latin,1332
VhEivknE98w,0,1541,no,,,,latin,30
Ahtesham Qureshi | Wheat | Gujranwala | Sarsabz Fertilizer,1,1541,yes,,,,latin,30
Awesome,2,1541,yes,,,,latin,3
no,4,1541,yes,,,,latin,1332
VhEivknE98w,0,1542,no,,,,latin,30
Ahtesham Qureshi | Wheat | Gujranwala | Sarsabz Fertilizer,1,1542,yes,,,,latin,30
Informative,2,1542,yes,,,,latin,1
no,4,1542,yes,,,,latin,1332
VhEivknE98w,0,1543,no,,,,latin,30
Ahtesham Qureshi | Wheat | Gujranwala | Sarsabz Fertilizer,1,1543,yes,,,,latin,30
Nice,2,1543,yes,,,,latin,8
no,4,1543,yes,,,,latin,1332
VhEivknE98w,0,1544,no,,,,latin,30
Ahtesham Qureshi | Wheat | Gujranwala | Sarsabz Fertilizer,1,1544,yes,,,,latin,30
Superb,2,1544,yes,,,,latin,5
no,4,1544,yes,,,,latin,1332
VhEivknE98w,0,1545,no,,,,latin,30
Ahtesham Qureshi | Wheat | Gujranwala | Sarsabz Fertilizer,1,1545,yes,,,,latin,30
Very Best,2,1545,yes,,,,latin,2
no,4,1545,yes,,,,latin,1332
VhEivknE98w,0,1546,no,,,,latin,30
Ahtesham Qureshi | Wheat | Gujranwala | Sarsabz Fertilizer,1,1546,yes,,,,latin,30
👍👍👍,2,1546,yes,,,,other,1
no,4,1546,yes,,,,latin,1332
VhEivknE98w,0,1547,no,,,,latin,30
Ahtesham Qureshi | Wheat | Gujranwala | Sarsabz Fertilizer,1,1547,yes,,,,latin,30
Superb,2,1547,yes,,,,latin,5
no,4,1547,yes,,,,latin,1332
VhEivknE98w,0,1548,no,,,,latin,30
Ahtesham Qureshi | Wheat | Gujranwala | Sarsabz Fertilizer,1,1548,yes,,,,latin,30
Nice Video,2,1548,yes,,,,latin,1
no,4,1548,yes,,,,latin,1332
VhEivknE98w,0,1549,no,,,,latin,30
Ahtesham Qureshi | Wheat | Gujranwala | Sarsabz Fertilizer,1,1549,yes,,,,latin,30
Brilliant ❤❤❤,2,1549,yes,,,,latin,1
no,4,1549,yes,,,,latin,1332
wt_rH3e-ORY,0,1550,no,,,,latin,7
Let's Pledge Not To Waste Food | Kissan Day 18th December | Sarsabz Fertilizers,1,1550,yes,,,,latin,7
Great,2,1550,yes,,,,latin,9
no,4,1550,yes,,,,latin,1332
wt_rH3e-ORY,0,1551,no,,,,latin,7
Let's Pledge Not To Waste Food | Kissan Day 18th December | Sarsabz Fertilizers,1,1551,yes,,,,latin,7
Finally someone talking about farmers nd giving them tribute.... Doing great job..... ♥️♥️♥️Isi trhan in mehnatkash kissano ko appreciate krte rahe.... Well done #Sarsabz ❤️,2,1551,yes,,,,latin,1
no,4,1551,yes,,,,latin,1332
wt_rH3e-ORY,0,1552,no,,,,latin,7
Let's Pledge Not To Waste Food | Kissan Day 18th December | Sarsabz Fertilizers,1,1552,yes,,,,latin,7
Thank you :) let’s celebrate Kissan Day on 18th December & pay a tribute to our hardworking farmers of Pakistan!,2,1552,yes,,,,latin,3
yes,4,1552,yes,,,,latin,240
wt_rH3e-ORY,0,1553,no,,,,latin,7
Let's Pledge Not To Waste Food | Kissan Day 18th December | Sarsabz Fertilizers,1,1553,yes,,,,latin,7
beautiful message and wonderful how sarsabz is paying tribute to the unsung heroes!,2,1553,yes,,,,latin,1
no,4,1553,yes,,,,latin,1332
wt_rH3e-ORY,0,1554,no,,,,latin,7
Let's Pledge Not To Waste Food | Kissan Day 18th December | Sarsabz Fertilizers,1,1554,yes,,,,latin,7
Thank you :) let’s celebrate Kissan Day on 18th December & pay a tribute to our hardworking farmers of Pakistan!,2,1554,yes,,,,latin,3
yes,4,1554,yes,,,,latin,240
wt_rH3e-ORY,0,1555,no,,,,latin,7
Let's Pledge Not To Waste Food | Kissan Day 18th December | Sarsabz Fertilizers,1,1555,yes,,,,latin,7
What a beautiful message from Sarsabz! 👏👏,2,1555,yes,,,,latin,1
no,4,1555,yes,,,,latin,1332
wt_rH3e-ORY,0,1556,no,,,,latin,7
Let's Pledge Not To Waste Food | Kissan Day 18th December | Sarsabz Fertilizers,1,1556,yes,,,,latin,7
Thank you :) let’s celebrate Kissan Day on 18th December & pay a tribute to our hardworking farmers of Pakistan!,2,1556,yes,,,,latin,3
yes,4,1556,yes,,,,latin,240
XzpUJvQMPHc,0,1557,no,,,,latin,11
"Salam Kissan, Sarsabz Pakistan!",1,1557,yes,,,,latin,11
best brand,2,1557,yes,,,,latin,1
no,4,1557,yes,,,,latin,1332
XzpUJvQMPHc,0,1558,no,,,,latin,11
"Salam Kissan, Sarsabz Pakistan!",1,1558,yes,,,,latin,11
"HI Syngenta Team! I really Appreciated your videos. I'm the creator of Ads Nest, where I make professional AI-powered commercials, cinematic videos, and animated content. I've worked with Sarsabz (Fatima Fertilizer), Syngenta Pakistan, Agrolix International, and Kissan Ghar. If you're looking to make your stories even more engaging, I'd love to create a FREE sample for your channel.",2,1558,yes,,,,latin,1
no,4,1558,yes,,,,latin,1332
XzpUJvQMPHc,0,1559,no,,,,latin,11
"Salam Kissan, Sarsabz Pakistan!",1,1559,yes,,,,latin,11
Best brand,2,1559,yes,,,,latin,1
no,4,1559,yes,,,,latin,1332
XzpUJvQMPHc,0,1560,no,,,,latin,11
"Salam Kissan, Sarsabz Pakistan!",1,1560,yes,,,,latin,11
💚 #Sarsabz,2,1560,yes,,,,latin,1
no,4,1560,yes,,,,latin,1332
XzpUJvQMPHc,0,1561,no,,,,latin,11
"Salam Kissan, Sarsabz Pakistan!",1,1561,yes,,,,latin,11
👍🏻👍🏻👍🏻👍🏻👍🏻,2,1561,yes,,,,other,1
no,4,1561,yes,,,,latin,1332
XzpUJvQMPHc,0,1562,no,,,,latin,11
"Salam Kissan, Sarsabz Pakistan!",1,1562,yes,,,,latin,11
❤❤,2,1562,yes,,,,other,16
no,4,1562,yes,,,,latin,1332
XzpUJvQMPHc,0,1563,no,,,,latin,11
"Salam Kissan, Sarsabz Pakistan!",1,1563,yes,,,,latin,11
❤️,2,1563,yes,,,,other,2
no,4,1563,yes,,,,latin,1332
XzpUJvQMPHc,0,1564,no,,,,latin,11
"Salam Kissan, Sarsabz Pakistan!",1,1564,yes,,,,latin,11
Good,2,1564,yes,,,,latin,6
no,4,1564,yes,,,,latin,1332
XzpUJvQMPHc,0,1565,no,,,,latin,11
"Salam Kissan, Sarsabz Pakistan!",1,1565,yes,,,,latin,11
سلام کسان، سرسبز پاکستان 🇵🇰🌾 دل سے سلام اور شکریہ پاکستان کے اُن کسانوں کو جو خاموشی سے دن رات محنت کر کے ہماری زمین کو زرخیز اور قوم کو خودکفیل بناتے ہیں۔ آپ کی محنت صرف فصل نہیں اُگاتی بلکہ پاکستان کے روشن مستقبل کی بنیاد رکھتی ہے۔ کسان واقعی اس ملک کی اصل طاقت ہیں۔ #SalamKissan #SarsabzPakistan,2,1565,yes,,,,mixed,1
no,4,1565,yes,,,,latin,1332
XzpUJvQMPHc,0,1566,no,,,,latin,11
"Salam Kissan, Sarsabz Pakistan!",1,1566,yes,,,,latin,11
"Salam Kissan Sarsabz Pakistan 🇵🇰🌾 Dil se shukriya Pakistan ke mehnati kisanón ko aap hi hamari zameen ki rooh aur mulk ki taqat ho. Aap ki mehnat se hamare gharon tak rozi pohanchti hai aur Pakistan sarsabz rehta hai. Saath hi Sarsabz Fertilizer management ka bhi tahe-dil se shukriya, jo Kissan ko empower karne ke liye Kissan Day (18 Dec) jaise meaningful events ke zariye rehnumai, himmat aur support faraham kar rahe hain. Aap ki koshishen kisani ko mazid behtar aur mustahkam bana rahi hain. Allah aap sab ki mehnat ko qabool kare aur Pakistan ko hamesha sarsabz o shaadab rakhe. 🌱🤲 #SalamKissan #SarsabzPakistan",2,1566,yes,,,,latin,6
no,4,1566,yes,,,,latin,1332
XzpUJvQMPHc,0,1567,no,,,,latin,11
"Salam Kissan, Sarsabz Pakistan!",1,1567,yes,,,,latin,11
Nice 👍❤,2,1567,yes,,,,latin,1
no,4,1567,yes,,,,latin,1332
yITH0i--5Fo,0,1568,no,,,,latin,6
"Thank you, Kissan! | Salam Kissan, Sarsabz Pakistan | Celebrating Kissan Day on 18th Dec",1,1568,yes,,,,latin,6
Wese الحمدللہ Ulma ki rehnumai k bgair ye na mumkin ha islam me bhi rizq k zyah se mana or iski qaddar ki trgeeb dilai gaii ha ... Ye baat mene apne peer ilyas Attar qadri se sekkhi or الحمدللہ me aik aik lehsan k joye se le kr bri se bri sbzi k zyyah se bachti hon.... Or jb kachra nikalty wqt koii aik tukra bhi sbzi ka ya annaj ka ajaye to use sanbhal kr rkh leti k is aik dany pr ptta nahii kitnoo ki mehnat ha hmmary liye ..or Allah ki bnai hwi chez ki na qadrii ha hm apni chez ko aise zaya kren gy kia.... So i always respect of my food.... Don't waste food....just suply to the poor if u have extra.... don't pour in your dustbins... Just keep remembering while pouring it might be enough for others needy persons....,2,1568,yes,,,,mixed,1
no,4,1568,yes,,,,latin,1332
yITH0i--5Fo,0,1569,no,,,,latin,6
"Thank you, Kissan! | Salam Kissan, Sarsabz Pakistan | Celebrating Kissan Day on 18th Dec",1,1569,yes,,,,latin,6
♥️♥️♥️,2,1569,yes,,,,other,1
no,4,1569,yes,,,,latin,1332
yITH0i--5Fo,0,1570,no,,,,latin,6
"Thank you, Kissan! | Salam Kissan, Sarsabz Pakistan | Celebrating Kissan Day on 18th Dec",1,1570,yes,,,,latin,6
:),2,1570,yes,,,,other,1
yes,4,1570,yes,,,,latin,240
yITH0i--5Fo,0,1571,no,,,,latin,6
"Thank you, Kissan! | Salam Kissan, Sarsabz Pakistan | Celebrating Kissan Day on 18th Dec",1,1571,yes,,,,latin,6
AoA Mare zamin kalrathe ha Man already zabrdast uriya lay aya hun or us k 7 ammonium sulfate dall skta hun ? Pahly pani k 7 Plz rahnumi kary shukriya,2,1571,yes,,,,latin,1
no,4,1571,yes,,,,latin,1332
yITH0i--5Fo,0,1572,no,,,,latin,6
"Thank you, Kissan! | Salam Kissan, Sarsabz Pakistan | Celebrating Kissan Day on 18th Dec",1,1572,yes,,,,latin,6
njmu,2,1572,yes,,,,latin,1
no,4,1572,yes,,,,latin,1332
yITH0i--5Fo,0,1573,no,,,,latin,6
"Thank you, Kissan! | Salam Kissan, Sarsabz Pakistan | Celebrating Kissan Day on 18th Dec",1,1573,yes,,,,latin,6
👍👍,2,1573,yes,,,,other,1
no,4,1573,yes,,,,latin,1332
