brand,ring,handle,shortcode,kind,date,date_source,grid_position,pinned_guess,caption,source_url,image_file,alt_text,reposted_from
State Life Insurance Corporation of Pakistan,client,statelifeofficialpakistan,Dcd2vnBE2WW,p,2026-08-25,post_page,0,yes,"On this blessed occasion of Eid Milad-un-Nabi, may the teachings of the Holy Prophet (PBUH) fill your life with peace, compassion, and endless blessings. State Life Insurance wishes you and your family a blessed Eid Milad-un-Nabi Mubarak. Let us walk the path of care and responsibility today and always. 🌙✨ #statelife #stateLifepakistan No comments yet. Start the conversation. 32 1 day ago",https://www.instagram.com/statelifeofficialpakistan/p/Dcd2vnBE2WW/,media/statelifeofficialpakistan/Dcd2vnBE2WW.jpg,"Photo by State Life Insurance Corporation of Pakistan on August 25, 2026. May be an image of ‎poster and ‎text that says '‎عید جشن میلادالنبى ميلاد البى 1 STATE STATELIFE LIFE INSURANCE CORPORATIONO INSURANCE.CORPORATIONOFPAKISTAN O PAKISTAN OF www.statelife.com.pk‎'‎‎.",
State Life Insurance Corporation of Pakistan,client,statelifeofficialpakistan,DcdSRaYDJgx,p,2026-08-25,post_page,1,yes,"State Life — Investing in Youth, Investing in Pakistan 🇵🇰 Today, Qimam Fellowship Pakistan students visited the State Life Principal Office to learn about State Life’s remarkable Five-Year Success Story. Executive Director Abdul Shakoor Sheikh, Divisional Head Marketing Mian Rizwan Majeed, Chief Engineer Imran Usmani, DH HR Dr. Nisar Shah, and CEO Shoaib Javed Hussain shared insights into the Corporation’s transformation, achievements, and future vision. Under CEO Shoaib Javed Hussain’s visionary leadership, State Life’s journey continues to earn recognition in Pakistan and beyond. #StateLife #QimamFellowship #YouthEmpowerment #TransformingLives #Pakistan #Leadership No comments yet. Start the conversation. 30 2 days ago",https://www.instagram.com/statelifeofficialpakistan/p/DcdSRaYDJgx/,media/statelifeofficialpakistan/DcdSRaYDJgx.jpg,"Photo by State Life Insurance Corporation of Pakistan on August 25, 2026.",
State Life Insurance Corporation of Pakistan,client,statelifeofficialpakistan,DcK3NfajCKE,p,2026-08-18,post_page,2,yes,"At Elevate 2026, Muhammad Ashar, Divisional Head, Health at State Life, joined an influential panel of leaders from technology, infrastructure, finance, and business to explore the opportunities and priorities shaping Pakistan’s future. As Pakistan looks towards the next decade, conversations like these are essential to building stronger institutions, enabling sustainable growth and creating a more resilient future. State Life is committed to being part of conversations that strengthen and improve Pakistan. #StateLife #Elevate2026 #Pakistan #Leadership #SustainableGrowth No comments yet. Start the conversation. 14 August 17",https://www.instagram.com/statelifeofficialpakistan/p/DcK3NfajCKE/,media/statelifeofficialpakistan/DcK3NfajCKE.jpg,"Photo by State Life Insurance Corporation of Pakistan on August 17, 2026.",
State Life Insurance Corporation of Pakistan,client,statelifeofficialpakistan,DcByD4DDwQZ,p,2026-08-14,post_page,3,no,"🇵🇰 79th Independence Day — Celebrating Pakistan’s Progress & State Life’s Transformation On the occasion of Pakistan’s 79th Independence Day, State Life Insurance Corporation of Pakistan extends its heartfelt congratulations and best wishes to the nation. Over the past 79 years, Pakistan has witnessed remarkable progress across various sectors. Among the institutions contributing to the country’s economic and social development, State Life holds a distinguished position. The magnificent Independence Day celebrations at State Life Principal Office reflected our national pride, institutional commitment and determination to play an even greater role in the progress and prosperity of Pakistan. 🇵🇰 Pakistan is our pride. State Life is our commitment. Progress is our mission. Let us renew our commitment to serve Pakistan with integrity, excellence, innovation and unity. Pakistan Zindabad! 🇵🇰 #P",https://www.instagram.com/statelifeofficialpakistan/p/DcByD4DDwQZ/,media/statelifeofficialpakistan/DcByD4DDwQZ.jpg,"Photo by State Life Insurance Corporation of Pakistan on August 14, 2026.",
State Life Insurance Corporation of Pakistan,client,statelifeofficialpakistan,Db_cOMoDCos,p,2026-08-13,post_page,4,no,"May every child dream without limits, every family move with confidence, and every tomorrow remain protected. Together, we look forward to a future where every dream has the freedom to grow. Happy Independence Day! 🇵🇰 #PakistanIndependenceDay No comments yet. Start the conversation. 18 August 13",https://www.instagram.com/statelifeofficialpakistan/p/Db_cOMoDCos/,media/statelifeofficialpakistan/Db_cOMoDCos.jpg,"Photo by State Life Insurance Corporation of Pakistan on August 13, 2026. May be an image of ‎poster, flag, magazine and ‎text that says '‎AM ByжиETEP T OFPAKISTAN איר AAA MI通E Har Khwab Rahe Azaad May every child dream without limits, every family move forward with confidence, and every tomorrow remain protected. Together, we look toward a future where every dream has the freedom to grow. Celebrating 79 Years of Freedom STATE LIFE NSURANCE CORPORATION NSLRANCE.CORPORATIONOFPAKISTA OF PAKISTAN w",
State Life Insurance Corporation of Pakistan,client,statelifeofficialpakistan,Db5AI2Joex3,reel,2026-08-11,post_page,5,no,"“There’s a lot more for the insurance industry to do. Insurers can work with governments to invest in long-term infrastructure projects. Not flashy, but essential to be the real cornerstone that drives growth.” Shoaib Javed Hussain, Chairman of the Insurance Association of Pakistan and CEO of State Life, discusses the often-overlooked role of insurance in driving long-term economic growth. @statelifeofficialpakistan dabang_ak 1w ❤️❤️❤️ Like Reply lashari1970 1w ❤️❤️❤️❤️ Like Reply 52 2 August 11",https://www.instagram.com/vcastonline/reel/Db5AI2Joex3/,media/statelifeofficialpakistan/Db5AI2Joex3.jpg,"Video by VCast Online on August 11, 2026. May be an image of standing and text.",vcastonline
State Life Insurance Corporation of Pakistan,client,statelifeofficialpakistan,Db40vJeDIdE,p,2026-08-11,post_page,6,no,"Join us for E-Kachehri, a virtual event designed to address policyholder concerns in real-time. You'll have the chance to interact live with our CEO, Mr Shoaib Javed Hussain. Date: 13 August, 2026 Time: 3:00 PM to 5:00 PM Location: Head Office, Karachi Zoom Link: https://zoom.us/j/4664111438?pwd=c4C9tXZZu8o0BH5TwiYWlRfbA1bZbu.1 Meeting ID: 466 411 1438 Passcode: 649356 #StateLifeInsurance #EKacheri #LiveWithCEO #PolicyholderSupport No comments yet. Start the conversation. 5 August 10",https://www.instagram.com/statelifeofficialpakistan/p/Db40vJeDIdE/,media/statelifeofficialpakistan/Db40vJeDIdE.jpg,"Photo by State Life Insurance Corporation of Pakistan on August 10, 2026. May be an image of ‎map, poster and ‎text that says '‎E-Kachehri ای-کچہری Shoaib Javed Hussain CEO 13 August, 2026 3:00 PM- 5:00 PM سیائیاو Head Office, Karachi 2026 2026 3ااگست رث:3گت،62 تاریخ سےشام00:جتک 00:3 دھہ:3م0:کچنک دوپہر 5:00lc 3:00."" بیڈآفس،کراچی 744 Complaints Resolved 745 Total Complaints Received STATE STATELIFE LIFE NSURANCE CORPORATION NSLRANCE.CORPORATION.OFPAKISTAN OF PAKISTAN www.statelife.com.pk‎'‎‎.",
State Life Insurance Corporation of Pakistan,client,statelifeofficialpakistan,DbzJUzCgQRC,p,2026-08-09,post_page,7,no,"You can't always predict when you'll need care, but you can prepare for it. Plan ahead with State Life, because worrying about healthcare should not stop you from enjoying life to the fullest. Learn more: https://www.statelife.com.pk/en/productlist/protect-your-health Follow State Life’s official pages 📍 LinkedIn: https://lnkd.in/d58Y37Gn 📍 Facebook: https://lnkd.in/dkUD4idi 📍 Instagram: https://lnkd.in/dNi_kTqA #StateLife #FollowStateLife #Insurance #FinancialSecurity #Pakistan No comments yet. Start the conversation. 10 August 8",https://www.instagram.com/statelifeofficialpakistan/p/DbzJUzCgQRC/,media/statelifeofficialpakistan/DbzJUzCgQRC.jpg,"Photo by State Life Insurance Corporation of Pakistan on August 08, 2026. May be an image of magazine, stethoscope, poster, hospital, office and text that says 'HEALTHCARE PLANNING STARTS BEFORE YOU EVER NEED CARE. PLAN AHEAD WITH STATE LIFE in @statelifeofficial FOLLOW TO LEARN MORE f @statelifeofficialpakistan d STATE LIFE INSURANCE CORPORATION NSURANCE.CORPORATIONOFPAKISTAN OF PAKISTAN @slicpakistanofficial Pakistan's Largest Life and Health Insurer'.",
State Life Insurance Corporation of Pakistan,client,statelifeofficialpakistan,DbygIFcEQfj,p,2026-08-08,post_page,8,no,"The best opportunities are easier to seize when you're prepared. At State Life, we believe that planning ahead gives you the confidence to take on life's biggest adventures. Follow our official pages for insurance insights and practical tips to help you stay future-ready. 📍 LinkedIn: https://lnkd.in/d58Y37Gn 📍 Facebook: https://lnkd.in/dkUD4idi 📍 Instagram: https://lnkd.in/dNi_kTqA #StateLife #FollowStateLife #Insurance #FinancialSecurity #Pakistan No comments yet. Start the conversation. 6 August 8",https://www.instagram.com/statelifeofficialpakistan/p/DbygIFcEQfj/,media/statelifeofficialpakistan/DbygIFcEQfj.jpg,"Photo by State Life Insurance Corporation of Pakistan on August 08, 2026. May be an image of ‎skydiving, parasail, parachute and ‎text that says '‎THE OPPORTUNITIES ARE EASIER TO SEIZE WHEN YOU'RE PREPARED. PLAN AHEAD WITH STATE LIFE 政 ر ណឈប្ in @statelifeofficial FOLLOW to LEARN MORE f @statelifeofficialpakistan STATE LIFE INSURANCE CORPORATION INSURANCE.CORPORATIONOFPAKISTA OF PAKISTAN @slicpakistanofficial Pakistan's Largest Life and Health Insurer‎'‎‎.",
State Life Insurance Corporation of Pakistan,client,statelifeofficialpakistan,Dbx2qijjH7a,p,2026-08-08,post_page,9,no,"Back-to-school season comes with long shopping lists and even longer bills. Now imagine those expenses 10 years from now, when your child is preparing for higher education. The best time to plan for their future isn't when the admission form arrives. It's today. Learn more: https://www.statelife.com.pk/en/product/secure-your-family/child-education-marriage-plan-table-76 Follow State Life’s official pages: 📍 LinkedIn: https://lnkd.in/d58Y37Gn 📍 Facebook: https://lnkd.in/dkUD4idi 📍 Instagram: https://lnkd.in/dNi_kTqA #StateLife #FollowStateLife #Insurance #FinancialSecurity #Pakistan No comments yet. Start the conversation. 18 August 8",https://www.instagram.com/statelifeofficialpakistan/p/Dbx2qijjH7a/,media/statelifeofficialpakistan/Dbx2qijjH7a.jpg,"Photo by State Life Insurance Corporation of Pakistan on August 08, 2026. May be an image of poster, magazine, card and text that says 'Education Planning Starts Years Before the Admission Form Plan ahead with State Life HAUAN in @statelifeofficial FOLLOW to LEARN MORE f @statelifeofficialpakistan 0 STATE LIFE INSURANCE CORPORATIONO NSURANCE.CORPORATIONOFPAKISTAN OF PAKISTAN @slicpakistanofficial Pakistan's Largest Life and Health Insurer'.",
State Life Insurance Corporation of Pakistan,client,statelifeofficialpakistan,DbfQOFYn5_V,p,2026-08-01,post_page,10,no,"Mr. Shoaib Javed Hussain, CEO, State Life Insurance Corporation of Pakistan, called on Rana Tanveer Hussain, Federal Minister for National Food Security and Research. During the meeting, both sides discussed matters of mutual interest and explored opportunities for collaboration in support of national development priorities. #StateLife #SLIC #NationalDevelopment #Pakistan #Insurance #MinistryofNationalFoodSecurityandResearch amjad.majeed.3304 3w Nice meeting ❤️ congratulations sir🙌 Like Reply sytish_2911 3w Congratulations Like Reply 40 2 August 1",https://www.instagram.com/statelifeofficialpakistan/p/DbfQOFYn5_V/,media/statelifeofficialpakistan/DbfQOFYn5_V.jpg,"Photo by State Life Insurance Corporation of Pakistan on August 01, 2026. May be an image of standing, magazine, office and text that says '리용 MR. SHOAIB JAVED HUSSAIN, CEO, STATE LIFE INSURANCE CORPORATION OF PAKISTAN (SLIC) CALLED ON RANA TANVEER HUSSAIN, FEDERAL MINISTER FOR NATIONAL FOOD SECURITY AND RESEARCH. During the meeting, both sides discussed matters of mutual interest and explored opportunities for collaboration in support of national development priorities. STATE LIFE NSURANCE CORP",
State Life Insurance Corporation of Pakistan,client,statelifeofficialpakistan,DbOTNzjlDXw,reel,2026-07-25,post_page,11,no,"What does five decades of purpose look like? It looks like trust earned, promises kept, and millions of futures protected. Watch the corporate film unveiled at the IAP Conference and discover the scale, strength, and impact of State Life Insurance Corporation of Pakistan—from empowering over 150,000 livelihoods to delivering sustained growth and financial security for millions across the nation. @psoa.official #StateLife #Pakistan #Insurance #FinancialSecurity #CorporateExcellence #IAP #PSOA No comments yet. Start the conversation. 20 July 25",https://www.instagram.com/statelifeofficialpakistan/reel/DbOTNzjlDXw/,media/statelifeofficialpakistan/DbOTNzjlDXw.jpg,"Video by State Life Insurance Corporation of Pakistan on July 25, 2026. May be an image of magazine, poster, office and text that says 'STATE LIFE INSURANCE CORPORATIONO INSUJRANCECOPRPCRATIONOFPAKSTA OF PAKISTAN Protecting Every Life Journey Corporate CorporateGroup+ Group Retirement Plans Individual Life + Health GeneralInsurance General Insurance Through Alpha Bancassurance Wealth Management Digital Insurance + Micro Insurance Takaful + Gulf Products'.",
State Life Insurance Corporation of Pakistan,client,statelifeofficialpakistan,DbAP0luDFI3,p,2026-07-20,post_page,12,no,"Join us for E-Kachehri, a virtual forum where policyholders can have their concerns and queries addressed in real time. This is your chance to interact live with our CEO, Mr Shoaib Javed Hussain, and stay informed about the progress of complaint resolution efforts. Date: 22 June, 2026 Time: 3:00 PM to 5:00 PM Location: Head Office, Karachi Zoom Link: https://zoom.us/j/4664111438?pwd=c4C9tXZZu8o0BH5TwiYWlRfbA1bZbu.1 Meeting ID: 466 411 1438 Passcode: 649356 Host: State Life No comments yet. Start the conversation. 17 July 19",https://www.instagram.com/statelifeofficialpakistan/p/DbAP0luDFI3/,media/statelifeofficialpakistan/DbAP0luDFI3.jpg,"Photo by State Life Insurance Corporation of Pakistan on July 19, 2026. May be an image of ‎map, poster and ‎text that says '‎E-Kachehri ای-کچہری Shoaib Javed Hussain CEO :: 22 July, 2026 3:00 PM- 5:00 PM سیایاو تارنخ:22جوائی،6202 تاریخ 2026 جولائی 22 سےشاہ00:5ےتک ودیہ:3ےم0:ن5کئےنک 5:00～じと دوپہراا:یے 3:00 Head Office, Karachi بیڈافسہراچی 730 730~729 729 Total Complaints Complaints Received Resolved STATE LIFE NSURANCE CORPORATION NSLRAWCE.CORPORATIONGOFPAKISTAN OF OF PAKISTAN www.statelife.com.p",
State Life Insurance Corporation of Pakistan,client,statelifeofficialpakistan,DaN96unAJTQ,p,2026-06-30,post_page,13,no,"Every individual, family, and organisation has its own responsibilities to protect and its own stage of life to plan for. That is why State Life’s Tayyab Takaful offers six distinct Shariah-compliant plans, each built around a different need. For individuals and families: the Endowment Plan, Golden Endowment Plan, Child Education and Marriage Plan, and Savings Plan. For organisations: Group Life Takaful and Group Health Takaful, extending the same protection to entire teams. All six plans are built on the principles of mutual cooperation and Shariah compliance because protection should be available for everyone, at every stage. Learn more at www.statelife.com.pk or call: 051-111-777-542 #StateLife #StateLifePakistan #SLIC #TayyabTakaful #GoldenEndowment #SavingsPlan #GroupLifeTakaful #GroupHealthTakaful No comments yet. Start the conversation. 13 June 30",https://www.instagram.com/statelifeofficialpakistan/p/DaN96unAJTQ/,media/statelifeofficialpakistan/DaN96unAJTQ.jpg,"Photo by State Life Insurance Corporation of Pakistan on June 30, 2026. May be an image of poster, magazine, office and text that says 'Shariah Compliant protection for everyone, at every stage. Takaful Platinum Plus OpO Takaful Endowment Plan የዩ Takaful Golden Endowment Plan Takaful Child Education and Marriage Plan Takaful Savings Plan Group Life Takaful Plan Group Health Takaful Plan * STATE LIFE TAYYABTAKAFUL ΤΑΥΓΑΒ TAKAFUL www.statelife.com.pk'.",
State Life Insurance Corporation of Pakistan,client,statelifeofficialpakistan,DaN3DkOE97v,p,2026-06-30,post_page,14,no,"Takaful Platinum Plus is a Shariah-compliant savings and protection plan that asks for just 3 years of contributions, while keeping your family protected for a full 10. In the event of death, your family receives twice the Face Value, plus declared bonuses at rates 50% higher than a standard endowment plan. A short commitment. A decade of protection. Fully Shariah-compliant, and guaranteed by the Government of Pakistan. Learn more at www.statelife.com.pk or call: 051-111-777-542 #StateLife #StateLifePakistan #SLIC #TayyabTakaful #TakafulPlatinumPlus #ShariahCompliant No comments yet. Start the conversation. 13 June 30",https://www.instagram.com/statelifeofficialpakistan/p/DaN3DkOE97v/,media/statelifeofficialpakistan/DaN3DkOE97v.jpg,"Photo by State Life Insurance Corporation of Pakistan on June 30, 2026. May be an image of money, card, poster, magazine and text that says 'Takaful Platinum Plus A short payment term. A long-term plan for your family's future. 03 10 Years Premium % Years Coverage 50% Higher Bonuses Face Value on Death Renefit AM1 EMY នេគើយ AAA BRLNTEED HNNIEY বাাল AИPИ OEDUCSTAM FPAKISTAN STATEL LIFE TAYYABTAKAFUL ΤΑΥΨΑΒ TAKAFUL www.statelife.com.pk'.",
State Life Insurance Corporation of Pakistan,client,statelifeofficialpakistan,DaNwNCSCkON,p,2026-06-30,post_page,15,no,"Build lasting wealth with Shariah-compliant protection—because your family's future deserves both security and growth. Key Benefits: 1. 100% Shariah-Compliant savings, protection, and investment. 2. Long-term wealth creation through savings with bonus potential and investment growth. 3. Comprehensive family financial protection with death benefit throughout the coverage term. 4. Flexible financial planning with partial withdrawals and additional investment (Fund Acceleration) options. To learn more, call our helpline at 051-111-777-542 or visit our website at https://www.statelife.com.pk/en #StateLife #StateLifePakistan #SLIC #TayyabTakaful #TakafulPlatinumPlus #ShariahCompliant No comments yet. Start the conversation. 18 June 30",https://www.instagram.com/statelifeofficialpakistan/p/DaNwNCSCkON/,media/statelifeofficialpakistan/DaNwNCSCkON.jpg,"Photo by State Life Insurance Corporation of Pakistan on June 30, 2026. May be an image of card, poster, magazine, outdoors and text.",
State Life Insurance Corporation of Pakistan,client,statelifeofficialpakistan,DaZaH_dCOwP,p,2026-07-05,post_page,16,no,"State Life Insurance Corporation of Pakistan is inviting applications for career opportunities in the Law Division. If you are a qualified Law Professional looking to build your career in a high-impact environment that values performance, integrity, and innovation, explore the available positions and apply through the online advertisement within 15 days of its publication. These are Karachi-based positions offered on a three-year contract, extendable upon satisfactory performance. Applicants must apply for each post separately if applying for multiple positions. View the online advertisement and apply here: https://www.statelife.com.pk/en/page/career http://career.primehr.com.pk/ #StateLife #StateLifePakistan #Careers #CareerOpportunity #LawDivision #LegalProfessionals #InsuranceSector #KarachiJobs #HiringNow No comments yet. Start the conversation. 12 July 5",https://www.instagram.com/statelifeofficialpakistan/p/DaZaH_dCOwP/,media/statelifeofficialpakistan/DaZaH_dCOwP.jpg,"Photo by State Life Insurance Corporation of Pakistan on July 04, 2026. May be a graphic of poster, office and text that says 'WE'RE HIRING LAW DIVISION Positions: Deputy Manager Assistant Manager CTC Karachi-based positions Contractual (3 years, extendable) Apply at: career. career.primehr.com.pk STATE STATELIFE LIFE INSURANCE NSURANCE.CORPCRATONCF.PAKISTAN CORPORATION OF PAKISTAN www.statelife.com.pk'.",
State Life Insurance Corporation of Pakistan,client,statelifeofficialpakistan,DaNdg5liNxv,p,2026-06-30,post_page,17,no,"Workforce protection isn’t a benefit. We see it as a responsibility. That’s why State Life’s Corporate Group Plans focus on continuity of income, support, and security for employees’ families. Learn more. 051-11-77-7542(SLIC) https://www.statelife.com.pk/en No comments yet. Start the conversation. 15 June 30",https://www.instagram.com/statelifeofficialpakistan/p/DaNdg5liNxv/,media/statelifeofficialpakistan/DaNdg5liNxv.jpg,"Photo by State Life Insurance Corporation of Pakistan on June 30, 2026.",
State Life Insurance Corporation of Pakistan,client,statelifeofficialpakistan,DaHmSIiiXoX,p,2026-06-28,post_page,18,no,,https://www.instagram.com/statelifeofficialpakistan/p/DaHmSIiiXoX/,media/statelifeofficialpakistan/DaHmSIiiXoX.jpg,"Photo by State Life Insurance Corporation of Pakistan on June 27, 2026. May be an image of ‎screen, card, office and ‎text that says '‎Claim your matured policies and secure your benefits now! לל STATE STATELIFE LIFE NSURANCE CORPORATIONO NSLRAWCECORPORATIONOFPAKISTA OF PAKISTAN www.statelife.com.pk 051-111-777-542‎'‎‎.",
State Life Insurance Corporation of Pakistan,client,statelifeofficialpakistan,DZ4Jg4XjFCw,p,2026-06-22,post_page,19,no,"Retirement is more than the end of a career—it’s the beginning of a new chapter. Whether your plans include pursuing passions, spending more time with family, traveling, or simply enjoying the lifestyle you’ve worked hard to build, having the right financial plan can help you look ahead with confidence. State Life’s Retirement Plans are designed to help you prepare for tomorrow while making the most of today. Benefits include: * Regular income after retirement * Lump sum or annuity payout options * Voluntary Pension Scheme (VPS) with tax deduction benefits under Pakistan’s Income Tax Ordinance * Flexible contribution options to match your goals * Guaranteed income for life The future you envision starts with the choices you make today. To learn more, call our helpline at 051-111-777-542 or visit our website. No comments yet. Start the conversation. 16 June 21",https://www.instagram.com/statelifeofficialpakistan/p/DZ4Jg4XjFCw/,media/statelifeofficialpakistan/DZ4Jg4XjFCw.jpg,"Photo by State Life Insurance Corporation of Pakistan on June 21, 2026. May be an image of calculator, card, poster, office and text.",
State Life Insurance Corporation of Pakistan,client,statelifeofficialpakistan,DZyyQKsghhI,reel,2026-06-21,post_page,20,no,"For over five decades, “Aye Khuda Meray Abu Salamat Rahain” has echoed through Pakistani homes, becoming far more than a jingle—it became a heartfelt prayer shared across generations. Decades after appearing in State Life’s most memorable campaigns, Ashraf Khan reflects on the enduring role of fathers in our lives. This Father’s Day, we celebrate the men whose quiet strength shapes our futures and whose legacy continues long after the moment has passed. What is your earliest memory of hearing the iconic State Life jingle? Share it with us in the comments below. #StateLifePakistan #FathersDay #AyeKhudaMerayAbuSalamatRahain #AshrafKhanPuranaPakistanPtv #Brandlegacy naseemfouzia 9w Sahi Like Reply fozia.zahoor_ 9w My childhood song Like Reply aliayeshanasir 9w 😢😢😢 Like Reply sheikh670559 9w ❤️❤️❤️❤️❤️",https://www.instagram.com/statelifeofficialpakistan/reel/DZyyQKsghhI/,media/statelifeofficialpakistan/DZyyQKsghhI.jpg,"Video by State Life Insurance Corporation of Pakistan on June 19, 2026. May be an image of one or more people, poster, card and text that says 'STATE LIFE INSURANCE CORPORATION OF PAKISTAN AYE KHUDA MERAY ABBU SALAMAT RAHAIN HAPPY FATHER'S DAY 情は'.",
State Life Insurance Corporation of Pakistan,client,statelifeofficialpakistan,DZwbHd5nyp8,p,2026-06-19,post_page,21,no,"For over 50 years, we have built a legacy of service and trust. State Life has been the name Pakistani families turn to from one generation to the next, and our commitment to financial security, dignity, and protection has never wavered. Pakistan's largest life and health insurer. AAA-rated. Trusted since 1972. #StateLife #StateLifePakistan #SLIC #Legacy No comments yet. Start the conversation. 39 June 19",https://www.instagram.com/statelifeofficialpakistan/p/DZwbHd5nyp8/,media/statelifeofficialpakistan/DZwbHd5nyp8.jpg,"Photo by State Life Insurance Corporation of Pakistan on June 18, 2026. May be an image of child, card, poster and text that says 'Trusted by Your Parents. There for Your Children. Securing Pakistanis Future Since 1972 บ AM1 Cignide នេគក AAA GEARANTEEDE ELNTEED CePAMAT CRRSTAN FPAISTAN STATE STATELIFE LIFE NSURANCE.CORPORATION.OFPAKISTA NSURANCE CORPORATION OF PAKISTAN www.statelife.com.pk'.",
State Life Insurance Corporation of Pakistan,client,statelifeofficialpakistan,DZUGhuZAsgz,reel,2026-06-08,post_page,22,no,"Hear Sahibzadi Mahin Khan’s story. At a young age, with young dreams, she made the decision to buy a life insurance policy for herself. Twenty years later, at a turning point in her life, that decision matured into something far greater than financial value—it became financial freedom. It gave her the confidence to start a new chapter of her life on her own terms. Her journey reflects the strength of a decision made early, where financial freedom is not just preparation—it is power. Thank you, Mahin Khan, for sharing your inspiring story. #StateLife #ProtectingFutures #FinancialProtection #WomenEmpowerment #RealStories rafiquealvari 9w Great lines Like Reply shakildhingra 11w 😍 looking Nice & good Message ❤️ Like Reply 64 2 June 8",https://www.instagram.com/statelifeofficialpakistan/reel/DZUGhuZAsgz/,media/statelifeofficialpakistan/DZUGhuZAsgz.jpg,"Video by State Life Insurance Corporation of Pakistan on June 07, 2026. May be an image of one or more people, card, poster, magazine and office.",
State Life Insurance Corporation of Pakistan,client,statelifeofficialpakistan,DZRhsaCj9X3,reel,2026-06-07,post_page,23,no,"Hear Sara Rizvi’s story. A thoughtful decision made by the head of her family, years ago, became the foundation of financial security for Sara and her children. Her journey is a reminder that life insurance is more than a financial product. It is a way to protect the people we care about, ensuring they have the support to move forward when it matters most. Thank you, Sara, for sharing your story. #StateLife #ProtectingFutures #FinancialProtection #WomenEmpowerment #RealStories hassaan.cheema697 11w السلام علیکم! اگر آپ کی اسٹیٹ لائف انشورنس کی قسط جمع کروانی ہے تو مجھ سے رابطہ کریں۔ میری سروس کے ذریعے اپنی انشورنس کی ادائیگی کروانے پر آپ کو 15٪ تک رعایت فراہم کی جائے گی۔ تیز، محفوظ اور قابلِ اعتماد سروس کے لیے آج ہی رابطہ کریں۔ مزید معلومات کے لیے ان باکس کریں یا whatsapp py rabta karin +923035774154 Like Reply bazighaahmed 11w Wish you all the best Madam.May you lou live long Ameen .",https://www.instagram.com/statelifeofficialpakistan/reel/DZRhsaCj9X3/,media/statelifeofficialpakistan/DZRhsaCj9X3.jpg,"Video by State Life Insurance Corporation of Pakistan on June 06, 2026. May be an image of one or more people, poster, card, magazine and office.",
EFU Life Assurance,direct,efu_life,DVdIMC4DE8k,p,2026-03-04,post_page,0,yes,"At EFU Life, our foremost commitment is to safeguard your financial wellbeing, protect your investments, and secure your future. In these uncertain times, we remain steadfast in ensuring stability and long-term growth, so you can be confident that your protection and financial goals are in safe hands. Read more: https://www.efulife.com/assets/documents/Geopolitical-Conditions-and-Their-Impact-on-your-EFU-Life-policy.pdf #EFULife #EFUHemayahTakaful #Takaful #Market #Investment #Funds #AssetManager #LifeInsurance #MiddleEast #GeoPolitics #GlobalEconomy #Protection #Security No comments yet. Start the conversation. 37 March 4",https://www.instagram.com/efu_life/p/DVdIMC4DE8k/,media/efu_life/DVdIMC4DE8k.jpg,"Photo by EFU Life on March 04, 2026.",
EFU Life Assurance,direct,efu_life,DciavMlFF7k,reel,2026-08-27,post_page,1,yes,"Freshly made patties, soft buns, and flavors crafted to satisfy every craving. Avail 25% Discount at Big Bash (Karachi) with PRIMUS. This offer is exclusively for #EFULife #PRIMUS clients. Visit our PRIMUS Loyalty Program stories for more details. No comments yet. Start the conversation. 4 hours ago",https://www.instagram.com/efu_life/reel/DciavMlFF7k/,media/efu_life/DciavMlFF7k.jpg,"Video by EFU Life on August 27, 2026. May be an image of burger, french fries, meat and text that says 'efu LIFE PRIMUS Bissn 監 iG Dash PUzaZ DURGER. TO PERFECTION 25% OFF Planit Google Googk Plary AppStore App'.",
EFU Life Assurance,direct,efu_life,Dca_LdWEWTe,reel,2026-08-24,post_page,2,yes,"Financial learning just got more rewarding. Complete quizzes, level up, and earn rewards on Thrive. Download the app and start earning today. #EFULife #Thrive #FinancialLiteracy #LearnAndEarn #Rewards #Digital No comments yet. Start the conversation. 105 3 days ago",https://www.instagram.com/efu_life/reel/Dca_LdWEWTe/,media/efu_life/Dca_LdWEWTe.jpg,"Video by EFU Life on August 24, 2026. May be an image of card, poster and text that says 'thrive Inspiring Possibilities LEARN, EARN AND THRIVE. VIDEOS DEKHEIN, QUIZ COMPLETE KAREIN JEETAIN 1000 EFU COINS BITESIZE BITE SIZE CONTENT 대체종 Inaa UNDERSTAND YOUR MONEY 050 二 LEARN & GET REWARDED GROW GROWYOUR YOUR FINANCIAL KNOWLEDGE LEARN SMARTER SAVE SAVEBETTER BETTER Build financial knowedge your money wisely while being rewarded. Next A Store DOWNLOAD NOW GEITO OEITGN GoogleP Play'.",
EFU Life Assurance,direct,efu_life,DcazN3EASRP,reel,2026-08-24,post_page,3,no,"Some wins don’t come with a big celebration. Sometimes, they’re as simple as drinking enough water, taking a five-minute walk, choosing a healthier option, or finally giving yourself a much-needed break. This is your reminder to pause, take care of yourself, and celebrate the small choices that move you towards a healthier you. So, what’s your one WIN for today? Share it with us in the comments and let’s WIN at life together! #EFULifeWIN #LetsWINAtLifeTogether #EverydayWins #Wellness #SmallWinsBigImpact No comments yet. Start the conversation. 21 3 days ago",https://www.instagram.com/win.efulife/reel/DcazN3EASRP/,media/efu_life/DcazN3EASRP.jpg,"Video by WIN by EFU Life on August 24, 2026. May be an image of poster, card, crossword puzzle, sports equipment and text that says 'WIN LIFE What is your one WIN for today?'.",win.efulife
EFU Life Assurance,direct,efu_life,DcVip3mjbwg,reel,2026-08-22,post_page,4,no,"Let your confidence glow by availing Upto 20% Discount at Le Lotus Clinique (Karachi, Lahore, Islamabad, Rawalpindi, Peshawar, Multan). This offer is exclusively for #EFULife #PRIMUS clients. Visit our PRIMUS Loyalty Program stories for more details. No comments yet. Start the conversation. 5 5 days ago",https://www.instagram.com/efu_life/reel/DcVip3mjbwg/,media/efu_life/DcVip3mjbwg.jpg,"Video by EFU Life on August 22, 2026. May be an image of furniture and text that says 'efu LIFE PRIMUS LELOTUS LE LOTUS CLINIQUE CONFIDENCE STARTS HERE UP TO 20% 20 OFF Planil GooglePlay Google lay AppStore'.",
EFU Life Assurance,direct,efu_life,DcQZIsPGrnn,reel,2026-08-20,post_page,5,no,"Prioritize your health with timely check-ups at Nayab Labs & Diagnostic Center (Islamabad, Rawalpindi, Mardan, Abbotabad, Swabi, AJK, Multan, Chakwal, Peshawar, Nowshera, Mianwali) with Upto 30% Discount. This offer is exclusively for #EFULife #PRIMUS clients. Visit our PRIMUS Loyalty Program stories for more details. No comments yet. Start the conversation. 3 7 days ago",https://www.instagram.com/efu_life/reel/DcQZIsPGrnn/,media/efu_life/DcQZIsPGrnn.jpg,"Video by EFU Life on August 20, 2026. May be an image of magazine, microscope, screen, poster, hospital and text that says 'efu LIFE PRIMUS ··· NL N Disgnogis Citagnasiswithparfecion withp perfection YOUR HEALTH MATTERS UP ΤΟ 30% 30 /0 OFF Planil GooglePlay AppStore'.",
EFU Life Assurance,direct,efu_life,DcN7TnYjVis,reel,2026-08-19,post_page,6,no,"Leadership development aur people development ki baat achi lagti hai, lekin ground reality bhi leadership ka ek important hissa hai. Unfortunately, mera EFU Life ke saath experience is ke bilkul opposite raha. Apni assigned area ki performance ko 13% se 50%+ tak improve karne ke bawajood mujhe resignation dene ke liye pressure face karna pada. Maine apne concerns aur poore matter ke hawale se email bhi ki, lekin unfortunately meri email ka ab tak koi response nahi diya gaya. I sincerely hope you will personally look into this matter and see what is happening at the ground level with employees. Leadership ka asal maqsad sirf managers ko develop karna nahi, balki employees ke concerns ko sunna, unke saath fair treatment karna aur accountability ensure karna bhi hai. I still hope that you will look into my case personally and ensure a fair and transparent review of what happened. Like Reply",https://www.instagram.com/efu_life/reel/DcN7TnYjVis/,media/efu_life/DcN7TnYjVis.jpg,"Video by EFU Life on August 19, 2026. May be a graphic of magazine, sports equipment, screen, poster, card and text that says 'efu Nexus LIFE LIFE MANAGEMENT DEVELOPMENT PROGRAM pro'.",
EFU Life Assurance,direct,efu_life,DcNp6fnjfJU,p,2026-08-19,post_page,7,no,"EFU Life’s mHealth is expanding its network of PMDC-certified specialists through a scalable and technology-enabled healthcare platform. Through mHealth, specialists can benefit from: * Seamless appointment management * Teleconsultation support * Increased patient accessibility * Exposure to insured and corporate patient populations Be part of a platform focused on the future of connected healthcare. Email your resumes at: wellbeing@efulife.com Stay connected to your health with complete mHealth access on the EFU Life WIN app. #EFULife #EFULifeWIN #mHealth #Telemedicine #HealthcareInnovation No comments yet. Start the conversation. 10 August 19",https://www.instagram.com/efu_life/p/DcNp6fnjfJU/,media/efu_life/DcNp6fnjfJU.jpg,"Photo by EFU Life on August 19, 2026.",
EFU Life Assurance,direct,efu_life,DcLWVP1DdZh,reel,2026-08-18,post_page,8,no,"We’re pleased to welcome KraveMart as our new partner on the EFU Life WIN App! Now, every wellness challenge you complete can take you one step closer to a reward. Complete your goals and challenges, earn Reward Points, and redeem them for KraveMart discount vouchers worth up to Rs. 500! 🎁 Download the EFU Life WIN App and start earning your rewards! Play Store: https://play.google.com/store/apps/details?id=com.efulife.win App Store: https://apps.apple.com/pk/app/efu-life-win/id6474309362 #EFULifeWIN #EmbraceWellness #LetsWinAtLifeTogether #KraveMart No comments yet. Start the conversation. 9 August 18",https://www.instagram.com/win.efulife/reel/DcLWVP1DdZh/,media/efu_life/DcLWVP1DdZh.jpg,"Video by WIN by EFU Life on August 18, 2026. May be an image of ‎card, poster and ‎text that says '‎אוזד EFU EFULIFE Krave Mart GOT A KRAVE? FIRST, EARN YOUR WIN! Complete your challenges, earn reward points & gain KraveMart vouchers worth Rs. 500! VOUCHER Rs. 500 Krave Mart א ALL THROUGH EFU LIFE WIN APP! Amailableur AppStore Store App Google Play‎'‎‎.",win.efulife
EFU Life Assurance,direct,efu_life,DcK-QqLHBqA,p,2026-08-18,post_page,9,no,"EFU Life is proud to join the Champions of Change Coalition Pakistan, becoming part of a growing network of organizations across the country committed to advancing more inclusive and equitable workplaces. Jalal Curmally, Head of Human Resource, and Rajaa Bokhari, Senior Manager, Sustainability & Social Impact, represented EFU Life at an exclusive two-day training session hosted by the Champions of Change Coalition Pakistan. This membership reflects our belief that progress comes from continuous learning, action and creating opportunities for people to grow and lead. At EFU Life, this commitment is reflected through initiatives focused on inclusion, accessibility, DEI and leadership development, including our inclusive internship and future leaders programs. As a member of the Coalition, we look forward to exchanging insights, sharing our experiences and turning collective learning into a",https://www.instagram.com/efu_life/p/DcK-QqLHBqA/,media/efu_life/DcK-QqLHBqA.jpg,"Photo by EFU Life on August 17, 2026.",
EFU Life Assurance,direct,efu_life,DcI9D_fEq-g,reel,2026-08-17,post_page,10,no,"Sometimes, it’s not the struggle that holds us back, it’s the fear of being judged for admitting we’re struggling. Conversations around mental health are often shaped by stigma, societal expectations, and the fear of being misunderstood. From “men don’t cry” to hesitating to seek therapy at home or at work, the pressure to appear “fine” can make it harder to reach out for the support we need. In this episode of WinSights podcast, mental health expert Falak Zehra, Senior Lecturer & Director, talks about breaking the stigma around mental health, creating safe spaces, recognizing when we need support, and why asking for help is never a sign of weakness. Because sometimes, the first step towards feeling better is simply finding someone safe to talk to. Watch full episode: https://youtu.be/rTByhQSV-3U?si=WlDEJEZJVoaZ3_0B #EFULifeWIN #MindMattersPakistan #FromStigmaToStrength #MentalHealthMatt",https://www.instagram.com/win.efulife/reel/DcI9D_fEq-g/,media/efu_life/DcI9D_fEq-g.jpg,"Video by WIN by EFU Life on August 17, 2026. May be an image of one or more people, poster, magazine and text that says 'FALAK ZEHRA Senior Lecturer & Director, Wellness Center -KSBL'.",win.efulife
EFU Life Assurance,direct,efu_life,DcI7gFrAP1p,reel,2026-08-17,post_page,11,no,"Download Thrive, sign up, and earn 2,000 EFU Life Coins to start your journey. Your future, your goals, all in one place. Start today! #EFULife #Thrive #Savings #Rewards #EFUCoins #Digital No comments yet. Start the conversation. 343 August 17",https://www.instagram.com/efu_life/reel/DcI7gFrAP1p/,media/efu_life/DcI7gFrAP1p.jpg,"Video by EFU Life on August 17, 2026. May be an image of card and text that says 'thrive Inspiring Possibilities SIGN-UP KAREIN AUR REWARDS EARN KAREIN! GET 2000 EFU COINS 9:41 Get Started Seanch For Pages. Tah Setttnga- NO PAPER WORK Sign Up Get 500 EFU Coins แขน t00my reaarids ۲ SIGN-UP IN MINUTES Insurance InsurancePlans San Muaamnal PAAn ป้งฟริมณ Saver Plan Goals unad &Maroa BONUS COINS 一 Iwite&Eam2000Coins Dul Inite Earn 2000 Colns จพชิง Venduy gave EASY WITHDRAWAL Redeem RedeemVoucher Vouc",
EFU Life Assurance,direct,efu_life,DcIxm8TilfP,reel,2026-08-17,post_page,12,no,"A journey where different abilities came together, connections found their own language, and learning went both ways. Equinox - Chapter 1 brought interns together through a unique buddy programme, creating an opportunity to learn, collaborate and grow alongside one another. As the journey came to a close, jade plants were gifted as a symbol of health and prosperity, reflecting the spirit of growth that defined the experience. Equinox - Chapter 1 reflects EFU Life as a workplace where different perspectives are valued, meaningful connections are created, and every individual has the opportunity to contribute, grow and excel. Equinox - Chapter 1. Empowering Every Ability. #EFULife #Equinox #Internship #FutureLeaders #Diversity #Equity #Inclusion #Empowerment #Growth #Careers #EmployerBrand No comments yet. Start the conversation. 50 August 17",https://www.instagram.com/efu_life/reel/DcIxm8TilfP/,media/efu_life/DcIxm8TilfP.jpg,"Video by EFU Life on August 17, 2026. May be a doodle of emu, poster and text that says 'efu LIFE 2026 HERE'S TO CONNECTION, MEMORIE MERE'STOCONNECTION,MEMOTE MEN &GROWTH. & POTR W'.",
EFU Life Assurance,direct,efu_life,DcDWvDrDXQm,p,2026-08-15,post_page,13,no,EFU Life’s mHealth is onboarding PMDC-certified specialists across multiple disciplines to become part of its growing digital healthcare ecosystem. Specialists onboarded through mHealth can benefit from: • Hybrid consultation support • Increased professional visibility • Simplified scheduling • Broader patient accessibility • Enhanced professional visibility through EFU Life's digital healthcare ecosystem Join a platform designed to support the future of healthcare delivery. Email your resumes at: wellbeing@efulife.com Stay connected to your health with complete mHealth access on the EFU Life WIN app. #EFULife #EFULifeWIN #mHealth #HealthcareProfessionals #MedicalSpecialists No comments yet. Start the conversation. 14 August 15,https://www.instagram.com/efu_life/p/DcDWvDrDXQm/,media/efu_life/DcDWvDrDXQm.jpg,"Photo by EFU Life on August 15, 2026.",
EFU Life Assurance,direct,efu_life,DcBQJ2rmsBa,p,2026-08-14,post_page,14,no,"Here’s a glimpse from EFU Life’s celebration of Independence Day with the flavours of the nation! From the pride of the flag hoisting ceremony to games, activities and a whole lot of mangoes, Aamverse brought together the spirit of Pakistan and the joy of celebrating as one. A day filled with patriotism, team spirit and the flavour of the season. 💚 Pakistan Zindabad! #EFULife #IndependenceDay #Aamverse #79Years #Celebration zuhaibkhanglt123 1w ❤️ Like Reply little.hope_a 1w Happy independence day Like Reply 150 2 August 14",https://www.instagram.com/efu_life/p/DcBQJ2rmsBa/,media/efu_life/DcBQJ2rmsBa.jpg,"Photo by EFU Life on August 14, 2026.",
EFU Life Assurance,direct,efu_life,DcAN_76jGFd,reel,2026-08-14,post_page,15,no,"A nation born from a dream continues to move forward with the same spirit that shaped its journey. This Independence Day, EFU Life celebrates Pakistan, its people, and the enduring spirit that keeps us united and moving towards a brighter tomorrow. Happy 79th Independence Day! 🇵🇰 #EFULife #IndependenceDay #Celebration #Pakistan #79Years No comments yet. Start the conversation. 27 August 14",https://www.instagram.com/efu_life/reel/DcAN_76jGFd/,media/efu_life/DcAN_76jGFd.jpg,"Video by EFU Life on August 13, 2026. May be an image of flag, poster and text that says 'efu LIFE 代 EFU Life proudly celebrates the nation we call home. 97 th HAPPY INDEPENDENCE DAY'.",
EFU Life Assurance,direct,efu_life,Db-4Iu8D7oQ,reel,2026-08-13,post_page,16,no,"This Independence Day, we tuned into the songs of the nation. Our teams put their patriotic music knowledge to the test in a fun Guess the Independence Day Song challenge. From iconic tunes and quick guesses to everyone singing along, it was all about celebrating the spirit of Pakistan. Here’s how it went. 💚 #EFULife #IndependenceDay #Celebration #Pakistan #79Years #GuessTheSong tastytee_on 1w 👏👏 Like Reply 72 1 August 13",https://www.instagram.com/efu_life/reel/Db-4Iu8D7oQ/,media/efu_life/Db-4Iu8D7oQ.jpg,"Video by EFU Life on August 13, 2026. May be a doodle of magazine, poster, banner, card and text that says 'efu LIFE GUESS THE PATRIOTIC TUNE AND JOIN THE CELEBRATION SPIRIT!'.",
EFU Life Assurance,direct,efu_life,Db-p92yDBPQ,reel,2026-08-13,post_page,17,no,"This Independence Day, make every moment count! Celebrate the long weekend with exciting offers from your favorite brands and enjoy Upto47% Off exclusively with PRIMUS. T&Cs apply. This offer is exclusively for #EFULife #PRIMUS clients. Visit our PRIMUS Loyalty Program stories for more details. No comments yet. Start the conversation. 26 August 13",https://www.instagram.com/efu_life/reel/Db-p92yDBPQ/,media/efu_life/Db-p92yDBPQ.jpg,"Video by EFU Life on August 13, 2026. May be a graphic of banner, card, poster and text that says 'efu LIFE PRIMUS ·· AVAIL 47% % OFF ABMBJEES FRIEDCHICKEN JEES California FRIED CHICKEN m WPIZZA PIZZA SUPER SPACE ANINDOORTHEMEPAAK AN INDDOR THEME PARK S GiggleTown JUMBO JUMP NEWYORKPIZZA PIZZA'.",
EFU Life Assurance,direct,efu_life,Db9_DHbANqi,p,2026-08-13,post_page,18,no,"A day of conversations, perspectives, and possibilities. Our QUEST 2026 finalists came together for the Leadership Panel, marking the final stage of their journey and an opportunity to showcase not just what they’ve achieved, but the potential they carry for the future. With our leaders bringing their experience and perspective to the table, the finalists took one step closer to what comes next. Here’s a look at the moments that made this stage of the QUEST journey memorable. #QUEST2026 #Leadership #FutureLeaders #EFULife #TalentDevelopment raoshahid752 6d Lodhran me office ha Like Reply 98 2 August 12",https://www.instagram.com/efu_life/p/Db9_DHbANqi/,media/efu_life/Db9_DHbANqi.jpg,"Photo by EFU Life on August 12, 2026.",
EFU Life Assurance,direct,efu_life,Db71KbnDxR-,reel,2026-08-12,post_page,19,no,"EFU Life's mHealth is built to support the evolving needs of healthcare professionals through a digitally enabled care ecosystem. With opportunities to enhance professional visibility, grow their digital practice, and engage with patients more flexibly, specialists can expand their professional reach and deliver care through a platform designed for today's healthcare landscape. Email your resumes at: wellbeing@efulife.com Stay connected to your health with complete mHealth access on the EFU Life WIN app. #EFULife #EFULifeWIN #mHealth #DigitalCare #HealthcareInnovation #MedicalSpecialists No comments yet. Start the conversation. 5 August 12",https://www.instagram.com/efu_life/reel/Db71KbnDxR-/,media/efu_life/Db71KbnDxR-.jpg,"Video by EFU Life on August 12, 2026. May be an image of screen, stethoscope, tablet, hospital, office and text that says 'EFU LIFE SIN O mHealth mH Supporting the future of specialist-led healthcare. One platform Flexible digital practice A trusted healthcare ecosystem Greater opportunities to reach patients mHealth by EFU Life.'.",
EFU Life Assurance,direct,efu_life,Db2zm21Dzl_,reel,2026-08-10,post_page,20,no,"EFU Life Mukammal Sehat Plan offers comprehensive health coverage for you and your loved ones, helping you stay prepared for the healthcare needs that matter most. Enjoy valuable benefits including: - Additional accidental coverage - Maternity coverage for both normal and Caesarean deliveries - Coverage for pre-existing conditions - Parental coverage for parents up to 80 years of age* - 300+ Network Hospitals Kyun ke sehat sab se pehle. #EFULife #MukammalSehat #Health #Protection #Maternity #PreExistingConditions #AccidentalCoverage farahfarooq9378 3d P Like Reply noorfatimamfiaz 4d E",https://www.instagram.com/efu_life/reel/Db2zm21Dzl_/,media/efu_life/Db2zm21Dzl_.jpg,"Video by EFU Life on August 10, 2026. May be an image of ‎one or more people, poster, pie and ‎text that says '‎efu LIFE مكهل مكم Sehat‎'‎‎.",
EFU Life Assurance,direct,efu_life,DbxRxBED7FR,p,2026-08-11,post_page,21,no,"EFU Life’s mHealth is inviting PMDC-certified specialists to become part of a modern healthcare platform designed for today’s evolving patient needs. From appointment facilitation to broader patient accessibility, mHealth enables specialists to expand their practice through a seamless digital experience. Stay connected to your health with complete mHealth access on the EFU Life WIN app. Email your resumes at: wellbeing@efulife.com #EFULife #EFULifeWIN #mHealth #HealthcareProfessionals #MedicalSpecialists No comments yet. Start the conversation. 13 August 8",https://www.instagram.com/efu_life/p/DbxRxBED7FR/,media/efu_life/DbxRxBED7FR.jpg,"Photo by EFU Life on August 08, 2026. May be an image of ‎stethoscope, hospital, office and ‎text that says '‎אוץו mHealth Your expertise deserves wider access. Join a growing healthcare network through mHealth. wmi‎'‎‎.",
EFU Life Assurance,direct,efu_life,DbuzLkOAYyN,reel,2026-08-07,post_page,22,no,"Hear from Mr. Ali Ather, Head of Investments, EFU Life, as he shares the Investment Outlook for July 2026. In this edition, he covers the latest developments across global and local markets, highlights the key macroeconomic trends impacting Pakistan, and shares his perspective on the outlook for investors. Watch complete video: https://youtu.be/tKyIy02znPE #EFULife #InvestmentOutlook #Geopolitics #Investment #Global #Investment #Pakistan #Impact _bashir030_di3g0 1w 🌄🧕🇸🇦🏁💎 Like Reply 33 August 7",https://www.instagram.com/efu_life/reel/DbuzLkOAYyN/,media/efu_life/DbuzLkOAYyN.jpg,"Video by EFU Life on August 07, 2026. May be an image of poster, signboard, magazine and text that says 'CFu LIFE INVESTMENT OUTLOOK JULY 2026'.",
EFU Life Assurance,direct,efu_life,DbumKrTFPH8,reel,2026-08-07,post_page,23,no,"At EFU Life WIN, we believe building a culture of wellbeing starts with empowering our people. As part of our commitment to expanding Pakistan's wellness ecosystem, we partner with organizations that share our vision. In collaboration with C3 Fitness, we recently hosted a wellness session in our in-house gym, WINFIT - where expert trainers provided personalized one-on-one guidance on fitness, nutrition, and overall wellbeing, helping our employees take meaningful steps toward better health. Here's to creating healthier habits, happier workplaces, and a culture where every individual has the opportunity to thrive. #EFULifeWIN #EFULife #WINFIT #LetsWinAtLifeTogether #WorkplaceWellbeing #EmployeeWellness #C3Fitness No comments yet. Start the conversation. 32 August 6",https://www.instagram.com/win.efulife/reel/DbumKrTFPH8/,media/efu_life/DbumKrTFPH8.jpg,"Video by WIN by EFU Life on August 06, 2026. May be a graphic of poster, crossword puzzle and text that says 'efu LIFE WIN X C3'.",win.efulife
Jubilee Life Insurance,direct,jubileelife,DaKLEGSh1X5,reel,2026-06-29,post_page,0,yes,"Every claim tells a story of trust. In 2025, we paid PKR 54 billion in claims, helping families navigate life's most important moments with confidence. #JubileeLife #Insurance #ClaimsPaid2025 #BefikerMustaqbil No comments yet. Start the conversation. 10 June 28",https://www.instagram.com/jubileelife/reel/DaKLEGSh1X5/,media/jubileelife/DaKLEGSh1X5.jpg,"Video by Jubilee Life Insurance on June 28, 2026. May be an image of text that says 'Jubilee LIFE INSURANCE PKR 54 BILLION CLAIMS PAID IN 2025 Behind every claim is α promise fulfilled'.",
Jubilee Life Insurance,direct,jubileelife,Dci1jIliBMs,p,2026-08-27,post_page,1,yes,"Play. Rally. Repeat. Get 20% OFF at Maidaan, available on all Jubilee Active cards. Simply stay active, earn points, and enjoy exclusive rewards through the Jubilee Active app. Download Now: Google Play: https://play.google.com/store/apps/details?id=com.ozoneddigital.jubileeactive&hl=en-GB App Store: https://apps.apple.com/pk/app/jubilee-active/id1668586294 #JubileeLife #Maidaan #ExclusiveRewards #ActiveLifestyle No comments yet. Start the conversation. 1 58 minutes ago",https://www.instagram.com/jubileelife/p/Dci1jIliBMs/,media/jubileelife/Dci1jIliBMs.jpg,"Photo by Jubilee Life Insurance on August 27, 2026. May be an image of tennis, sports equipment, racket and text.",
Jubilee Life Insurance,direct,jubileelife,DciVEastwvH,reel,2026-08-27,post_page,2,yes,Bhae waah😍😍 Like Reply ramsha._.rehman 3h 😍😍😍 Like Reply vibingwithanum 3h 😍😍 Like Reply vibingwithanum 3h Editing ❤️❤️ Like Reply vibingwithanum 3h Wohoo 😍 Like Reply fatima.siddiqi91 3h 😍😍😍 Like Reply fashion_pakistan20 4h 😍😍👏👏 Like Reply fashion_pakistan20 4h Wah zabardast 😍 Like Reply malaika_rana85 4h 😮😮😮 Like Reply malaika_rana85 4h Zbr10👏🔥🙌 Like Reply iqraahmedkhatri 4h 😍😍😍 Like Reply iqraahmedkhatri 4h That's great Like Reply fatimaa_danish 5h 👍🏻👍🏻 Like Reply fatimaa_danish 5h Good❤️ Like Reply fatimaa_danish 5h Bht acha❤️ Like Reply 26 5 hours ago,https://www.instagram.com/_its_duha20/reel/DciVEastwvH/,media/jubileelife/DciVEastwvH.jpg,"Video by Duaa Ansari 💎 on August 27, 2026. May be an image of headscarf, turban and text that says 'Jubilee JubileeActive Active'.",_its_duha20
Jubilee Life Insurance,direct,jubileelife,DceHneNo1lK,reel,2026-08-25,post_page,3,no,"Fitness and health should be about more than just hitting your daily step goal 💪💙 With Jubilee Active, a free health and wellness app by Jubilee Life Insurance, staying active can help you earn points, unlock up to 50% off at exciting brands and enjoy rewards for your healthy habits. From discounted health services through Oladoc and free online consultations via Sehat Kahani, to wellness challenges, digital access to your Jubilee Health Card and Saffron Loyalty Card, rewards and affordable insurance plans, Jubilee Active is designed to make your wellness journey even more rewarding. Stay healthy. Keep moving. Get rewarded 👟 Download the Jubilee Active App now! Google Play: https://play.google.com/store/apps/details?id=com.ozoneddigital.jubileeactive App Store: https://apps.apple.com/pk/app/jubilee-active/id1668586294 #JubileeActive #JubileeLifeInsurance #EveryStepCounts #HealthAndWellne",https://www.instagram.com/fitellect/reel/DceHneNo1lK/,media/jubileelife/DceHneNo1lK.jpg,"Video by Fahad Raza | Mindset | Awareness on August 25, 2026. May be an image of one or more people, beard, phone, timer, tablet, screen and text that says 'Steps Health Log > Points Redeem Now 1,600 +Add Goal 248,421'.",fitellect
Jubilee Life Insurance,direct,jubileelife,DcdnGakiGqB,p,2026-08-25,post_page,4,no,"We are coming to Iqra University on August 27th to connect with top tech talent for our Technology Graduate Program! We are on the lookout for ambitious, driven, and innovative minds to join our team and kickstart their careers through our high-impact opportunities. Mark your calendars! #JubileeLife #Insurance #IqraUniversity #JobFair2026 No comments yet. Start the conversation. 5 2 days ago",https://www.instagram.com/jubileelife/p/DcdnGakiGqB/,media/jubileelife/DcdnGakiGqB.jpg,"Photo by Jubilee Life Insurance on August 25, 2026. May be an image of poster, magazine, calendar, tower and text that says 'Jubilee LIFE INSURANCE Jubilee EMERGING LEADERS LEADERSPROGRAM PROGRAM Mark Your Calendars Jubilee Life is coming to Iqra University Job Fair 2026 27th August, 2026 IQRA UNIVERSITY'.",
Jubilee Life Insurance,direct,jubileelife,Dcdf27ktk9U,reel,2026-08-25,post_page,5,no,"Your steps can do more than just keep you moving! With the Jubilee Active App by Jubilee Life Insurance, turn your daily steps into points, unlock up to 50% off at your favourite brands, access free online consultations, and enjoy discounted health services. Move more. Earn more. Live better. Download Jubilee Active and discover a more rewarding way to stay healthy! #JubileeActive #JubileeLife #EveryStepCounts #StayActive #HealthAndWellness Rewards tabeer_128 1d 🔥🔥 Like Reply tabeer_128 1d 👏😍 Like Reply ariusmoiz 1d 😍😍😍👏🏼",https://www.instagram.com/kiranashfaquehusseindar/reel/Dcdf27ktk9U/,media/jubileelife/Dcdf27ktk9U.jpg,"Video by Kiran Ashfaque Hussein Dar on August 25, 2026. May be an image of activewear, sweatpants, juice, sportswear and text that says 'Food Health c2. ONLY FOM 18 再本'.",kiranashfaquehusseindar
Jubilee Life Insurance,direct,jubileelife,DcdXP-dJM0H,reel,2026-08-25,post_page,6,no,😍😍😍 Like Reply reviewthatthingwithushna 19h So cool😍 Like Reply _rabeazahid 1d My gorggggggg😍 Like Reply _rabeazahid 1d Superrrrrrr❤️ Like Reply _rabeazahid 1d Amazing content❤️ Like Reply _rabeazahid 1d Wow i love this❤️❤️❤️ Like Reply huraina09 1d Wah bhaee ❤️❤️😍😍,https://www.instagram.com/anum_nadeemm/reel/DcdXP-dJM0H/,media/jubileelife/DcdXP-dJM0H.jpg,"Video by Anum Nadeem on August 25, 2026. May be an image of one or more people, people playing tennis, people playing basketball, people playing racquetball, activewear, sportswear, racket, sports equipment and text.",anum_nadeemm
Jubilee Life Insurance,direct,jubileelife,DcdGTrliAY6,p,2026-08-25,post_page,7,no,"Grill. Chill. Repeat. Get 40% OFF at Cafe D Grill, available only on Jubilee Active Saffron card. Simply stay active, earn points, and enjoy exclusive rewards through the Jubilee Active app. Download Now: Google Play: https://play.google.com/store/apps/details?id=com.ozoneddigital.jubileeactive&hl=en-US&pli=1 App Store: https://apps.apple.com/pk/app/jubilee-active/id1668586294 #JubileeLife #CafeDGrill #ExclusiveRewards #ActiveLifestyle No comments yet. Start the conversation. 24 2 days ago",https://www.instagram.com/jubileelife/p/DcdGTrliAY6/,media/jubileelife/DcdGTrliAY6.jpg,"Photo by Jubilee Life Insurance on August 25, 2026. May be an image of burger, french fries, tablet and text.",
Jubilee Life Insurance,direct,jubileelife,Dcc1kliCaRT,reel,2026-08-25,post_page,8,no,"Your insurance journey begins now on WhatsApp, say ‘Hi’ and get started! From policy details to fund performance reports to tax certificates, everything is just a few taps away! Message us on our WhatsApp Number +92 21-111-111-554 and sign up today! #JubileeLife #Insurance #JubileeLifeWhatsApp No comments yet. Start the conversation. 1 2 days ago",https://www.instagram.com/jubileelife/reel/Dcc1kliCaRT/,media/jubileelife/Dcc1kliCaRT.jpg,"Video by Jubilee Life Insurance on August 24, 2026. May be a cartoon of lighting, carpet, chaise lounge, curtains and text that says 'Jubilee LIFE INSURANCE'.",
Jubilee Life Insurance,direct,jubileelife,Dcc1kfVAQlg,reel,2026-08-25,post_page,9,no,"Avail up to 10% exclusive discount at Shifa International Hospital on all Lab, Radiology and consultation with your Jubilee Health card. Valid #Islamabad. T&C's apply. Please note: Valid Jubilee Health Card must be shown at the facility in order to avail the discount. The discount is applicable on cash payments only. #JubileeLife #Insurance #ShifaInternationalHospital #JubileeHealthCard No comments yet. Start the conversation. 9 2 days ago",https://www.instagram.com/jubileelife/reel/Dcc1kfVAQlg/,media/jubileelife/Dcc1kfVAQlg.jpg,"Video by Jubilee Life Insurance on August 24, 2026. May be an image of outdoors and text.",
Jubilee Life Insurance,direct,jubileelife,Dcbi4YpNL_0,reel,2026-08-24,post_page,10,no,❤️🙌 Like Reply saimister_ 1d Will check 👏 Like Reply anam123yunus 1d That's great 😃 Like Reply trendblendprs 1d Great one😍 Like Reply adilarsdhad 1d Great video 🔥👏 Like Reply doc_without_labcoat 1d Gonna download 🙌 Like Reply makeupreviews.aksa 1d Great💖💖love to try Like Reply yoursmishi 1d Kiya bat hai ❤️ Like Reply najiya_riyan_ 1d Bht Kamal 😍 Like Reply ugcreatorr_ 1d Looks good ❤️ Like Reply june.aysha 1d Thats great🙌 Like Reply meharu78nisa 1d Wow amazing I will try❤️❤️ Like Reply tahas.expresss 1d 👏👏 nice Like Reply zaras_tales 2d Sounds interesting Like Reply khadija_world_19 2d Will definitely try it 😍😍 Like Reply 31 2 days ago,https://www.instagram.com/glamandlights/reel/Dcbi4YpNL_0/,media/jubileelife/Dcbi4YpNL_0.jpg,"Video by Ayesha Lakhani on August 24, 2026. May be a selfie of one or more people, people smiling, phone, mirror and text.",glamandlights
Jubilee Life Insurance,direct,jubileelife,DcbbO6GsuM_,reel,2026-08-24,post_page,11,no,"Walk more, earn points, and enjoy exciting rewards! 🚶‍♀️✨ With the Jubilee Active App, every step can bring you closer to amazing discounts and health benefits. 💙📱 Download Jubilee Active App by Jubilee Life Insurance today and make every step count! #JubileeActive #JubileeLife #StayActive #EarnRewards #Wellness anzaywednesday_ 1d 😍😍😍😍 Like Reply maryamsoomro._ 1d 😍 Like Reply madihafarooq02 1d Great initiative by jubilee Like Reply talkvaultt 1d Fantastic content😍 Like Reply emaanali_shaikh 1d Truly amazing 👏 Like Reply emaanali_shaikh 1d Great 👏 Like Reply rabiamukhtarali 1d Interesting 😍 Like Reply fadeslnsilence__ 1d Thanks for sharing Like Reply realticdreamydiary 1d Thanks for sharing 🙌 Like Reply meharu78nisa 1d Wow good app❤️ Like Reply glowingwithgraceful 1d Wow amazing 😍😍 Like Reply adilarsdhad 1d Yes it’s amazing 🔥 Like Reply june.aysha 1d Divine😍 Like Reply queen.blogar 1d Wo",https://www.instagram.com/maryamsoomro._/reel/DcbbO6GsuM_/,media/jubileelife/DcbbO6GsuM_.jpg,"Video by Mariam on August 24, 2026. May be a selfie of smiling, picnic and text that says 'ACTIVE'.",maryamsoomro._
Jubilee Life Insurance,direct,jubileelife,DcaZMaQiguj,reel,2026-08-24,post_page,12,no,Avail up to 40% exclusive discount at Iqra Labs & Diagnostic Centre on Laboratory with your Jubilee Health card. Valid #Nationwide. T&C's apply. Please note: Valid Jubilee Health Card must be shown at the facility in order to avail the discount. The discount is applicable on cash payments only. #JubileeLife #Insurance #IqraLabs #JubileeHealthCard No comments yet. Start the conversation. 7 3 days ago,https://www.instagram.com/jubileelife/reel/DcaZMaQiguj/,media/jubileelife/DcaZMaQiguj.jpg,"Video by Jubilee Life Insurance on August 23, 2026. May be an image of beaker, microscope and text.",
Jubilee Life Insurance,direct,jubileelife,DcYIw3xkt7M,reel,2026-08-23,post_page,13,no,"Some stories remind us that strength can take many forms. Let’s listen to Mantahaa and Saima Aasim as they continue their heartfelt conversation, sharing the experiences, choices, and mindset that helped shape her journey. Because every new day is another opportunity to find your strength and move forward. #JubileeLife #Insurance #MantahaaLifestyle #WellnessJourney #CancerSurvivor #StrengthInEveryStep No comments yet. Start the conversation. 1 4 days ago",https://www.instagram.com/jubileelife/reel/DcYIw3xkt7M/,media/jubileelife/DcYIw3xkt7M.jpg,"Video by Jubilee Life Insurance on August 23, 2026. May be an image of one or more people, people standing and text.",
Jubilee Life Insurance,direct,jubileelife,DcXr9rfIIMf,reel,2026-08-23,post_page,14,no,"Avail up to 15% exclusive discount at Mujahid Hospital on all Lab, Radiology and consultation with your Jubilee Health card. Valid #Faisalabad. T&C's apply. Please note: Valid Jubilee Health Card must be shown at the facility in order to avail the discount. The discount is applicable on cash payments only. #JubileeLife #Insurance #MujahidHospital #JubileeHealthCard No comments yet. Start the conversation. 16 4 days ago",https://www.instagram.com/jubileelife/reel/DcXr9rfIIMf/,media/jubileelife/DcXr9rfIIMf.jpg,"Video by Jubilee Life Insurance on August 22, 2026. May be an image of ‎text that says '‎Jubilee LIFE INSURANCE E BeЛoлR FNRALASAD الهَا MUJAHID HOSPITAL هسپتال مجاهل محامدهسینال محاهد بع.لب.س مجاجدهسیتال شسيتال مجاب ابم.لي.اس Jublee Jubilee IdentineationCord+ Card+ 15% Discount Labs, Radiology & Consultation ובסיירותי 544 300 ま1 Da‎'‎.",
Jubilee Life Insurance,direct,jubileelife,DcVHL_GAcQf,reel,2026-08-22,post_page,15,no,Track your fund performance with ease! Get your fund performance report on WhatsApp. Message us on our WhatsApp Number +92 21-111-111-554 and sign up today! #JubileeLife #Insurance #JubileeLifeWhatsApp No comments yet. Start the conversation. 13 5 days ago,https://www.instagram.com/jubileelife/reel/DcVHL_GAcQf/,media/jubileelife/DcVHL_GAcQf.jpg,"Video by Jubilee Life Insurance on August 21, 2026. May be a doodle of phone, screen, tablet, crossword puzzle, telephone and text that says '12:31 Jubilee LIFE INSURANCE il JubileeL Life Insurance Compamy Hi Jubilee Life WhatsApp Self Service. desired information, reply with number. SAY ""H"" ON WHATSAPP option Policy Information UnitS Statement 3 Renewal 4 axc Certificate 5 Wealth Stetement Fund Performance Report 7 Request equestTracker Tracker For Pollcy Information reply หย่งว II Forfurther a",
Jubilee Life Insurance,direct,jubileelife,DcVHLCjDldy,p,2026-08-22,post_page,16,no,"Quality healthcare is now just a tap away. Consult qualified doctors through OlaDoc from the comfort of your home via Jubilee Active App and get the care you need, whenever you need it. Download now: Google Play: https://play.google.com/store/apps/details?id=com.ozoneddigital.jubileeactive&hl=en App Store: https://apps.apple.com/pk/app/jubilee-active/id1668586294 #JubileeActive #ActivateYourself No comments yet. Start the conversation. 4 5 days ago",https://www.instagram.com/jubileelife/p/DcVHLCjDldy/,media/jubileelife/DcVHLCjDldy.jpg,"Photo by Jubilee Life Insurance on August 21, 2026. May be a graphic of magazine, poster and text that says 'Jubilee JubileeT パ LIFEINSURANCE oladoc you can CONSULT FROM Why go to the doctor when HOME? Redeem discount consult with 1,000+ doctors E DOWNLOAD NOW GooglePlay Play Google Downiced donthe AppS App Store #LevelUpYourLifestyle'.",
Jubilee Life Insurance,direct,jubileelife,DcTPQ1JiEiA,reel,2026-08-21,post_page,17,no,"What does it mean to truly live with strength? Let’s hear Mantahaa and Saima Aasim, as they explore the mindset, movement, and moments that have shaped Saima’s journey beyond cancer. A conversation about finding your inner strength, staying active, and making every step count. #JubileeLife #Insurance #MantahaaLifestyle #WellnessJourney #CancerSurvivor No comments yet. Start the conversation. 2 6 days ago",https://www.instagram.com/jubileelife/reel/DcTPQ1JiEiA/,media/jubileelife/DcTPQ1JiEiA.jpg,"Video by Jubilee Life Insurance on August 21, 2026. May be an image of one or more people, people standing, magazine, microphone, suit, chair and text that says 'ness cast ith α Tareen rship with ЛCT Whachappened? WI Whathappened? hat hap nappened?'.",
Jubilee Life Insurance,direct,jubileelife,DcTDGODiLo5,p,2026-08-21,post_page,18,no,"Sip fresh, feel good! Get 30% OFF at GreenO, available on Jubilee Active Saffron card. Simply stay active, earn points, and enjoy exclusive rewards through the Jubilee Active app. Download Now: Google Play: https://play.google.com/store/apps/details?id=com.ozoneddigital.jubileeactive&hl=en-US App Store: https://apps.apple.com/pk/app/jubilee-active/id1668586294 #JubileeLife #GreenO #ExclusiveRewards #ActiveLifestyle No comments yet. Start the conversation. 16 6 days ago",https://www.instagram.com/jubileelife/p/DcTDGODiLo5/,media/jubileelife/DcTDGODiLo5.jpg,"Photo by Jubilee Life Insurance on August 21, 2026. May be an image of ‎phone, juice, water bottle, smoothie and ‎text that says '‎Jubilee Jubilee| LIFE EINSURANCE ACTIVE greeno 120 dgAtnty C 223,70 * LPntine H P Hypиypa SAt هلااد 30%FF OFF % Available only on Jubilee Active Saffron card :2 *Terms Conditions *Terms&ConditonsAppy Apply *TaxesApplicable Taxes pplicable‎'‎‎.",
Jubilee Life Insurance,direct,jubileelife,DcSiXBUlYEK,reel,2026-08-21,post_page,19,no,"Avail up to 25% exclusive discount at OMI Hospital on Laboratory, Radiology services and pharmacy with your Jubilee Health card. Valid in #Karachi. T&C's apply. Please note: Valid Jubilee Health Card must be shown at the facility in order to avail the discount. The discount is applicable on cash payments only. #JubileeLife #Insurance #OMIHospital #JubileeHealthCard No comments yet. Start the conversation. 5 6 days ago",https://www.instagram.com/jubileelife/reel/DcSiXBUlYEK/,media/jubileelife/DcSiXBUlYEK.jpg,"Video by Jubilee Life Insurance on August 20, 2026. May be an image of text.",
Jubilee Life Insurance,direct,jubileelife,DcSiWJICCg7,p,2026-08-21,post_page,20,no,"Pizza cravings just got a whole lot better! Get 40% OFF at Pizza Max, available on all Jubilee Active cards. Simply stay active, earn points, and enjoy exclusive rewards through the Jubilee Active app. Download Now: Google Play: https://play.google.com/store/apps/details?id=com.ozoneddigital.jubileeactive&hl=en-US&pli=1 App Store: https://apps.apple.com/pk/app/jubilee-active/id1668586294 #JubileeLife #PizzaMax #ExclusiveRewards #ActiveLifestyle No comments yet. Start the conversation. 20 6 days ago",https://www.instagram.com/jubileelife/p/DcSiWJICCg7/,media/jubileelife/DcSiWJICCg7.jpg,"Photo by Jubilee Life Insurance on August 20, 2026. May be an image of pizza and text.",
Jubilee Life Insurance,direct,jubileelife,DcQrpObDbW6,p,2026-08-20,post_page,21,no,"Get exclusive discounts at hospitals, diagnostic labs, and pharmacies with your Jubilee Health Card, all through the Jubilee Active App. Download now: Google Play: https://play.google.com/store/apps/details?id=com.ozoneddigital.jubileeactive&hl=en App Store: https://apps.apple.com/pk/app/jubilee-active/id1668586294 #JubileeActive #ActivateYourself No comments yet. Start the conversation. 2 7 days ago",https://www.instagram.com/jubileelife/p/DcQrpObDbW6/,media/jubileelife/DcQrpObDbW6.jpg,"Photo by Jubilee Life Insurance on August 20, 2026. May be an image of phone, digital audio player, card, stethoscope, tablet, thermostat and text.",
Jubilee Life Insurance,direct,jubileelife,DcQRaEwiGF5,p,2026-08-20,post_page,22,no,"Malaria or Chikungunya? Know the Difference. 🦟 Don't wait to connect with a specialist today, download the Jubilee Active app now and access Sehat Kahani for free! PlayStore: https://play.google.com/store/apps/details?id=com.ozoneddigital.jubileeactive&hl=en-US&pli=1 App Store: https://apps.apple.com/pk/app/jubilee-active/id1668586294 -With this collaboration, you can consult a doctor from the comfort of your home. -Free unlimited OPD consultations -24/7 Doctors availability #JubileeLife #SehatKahani No comments yet. Start the conversation. 2 7 days ago",https://www.instagram.com/jubileelife/p/DcQRaEwiGF5/,media/jubileelife/DcQRaEwiGF5.jpg,"Photo by Jubilee Life Insurance on August 20, 2026. May be an image of text that says 'Jubilee LIFE INSURANCE sehat kahani ROVERIEI POVINION าห சல്ഷர ของปนมกชตตะ MALARIA OR CHIKUNGUNYA? Learn the Difference MALARIA Spread by Anopheles mosquito S Vs Fever with chills CHIKUNGUNYA Spread by Aedes mosquito 8 Sweating episodes Sudden fever Headache Severe joint pain Body weakness Joint swelling Body aches Experiencing fever or joint pain? Consult α doctor on the Jubilee Active app'.",
Jubilee Life Insurance,direct,jubileelife,DcQOu4tEkF2,reel,2026-08-20,post_page,23,no,"Every journey has moments that stay with you. Listen to Mantahaa’s heartfelt conversation with Saima, a cancer survivor, as she shares her story of resilience, strength, fitness, and finding power in every step of her journey. A reminder that strength isn’t just about overcoming challenges, it’s about choosing to keep moving forward. #JubileeLife #Insurance #MantahaaLifestyle #WellnessJourney #CancerSurvivor No comments yet. Start the conversation. 4 7 days ago",https://www.instagram.com/jubileelife/reel/DcQOu4tEkF2/,media/jubileelife/DcQOu4tEkF2.jpg,"Video by Jubilee Life Insurance on August 20, 2026. May be an image of one or more people, chair, microphone and text that says 'uness cast ith α Tareen rship with ACTIV But to begin Vith, Saima, tell telmealijrlebirandtheaudience me litt lebit and the audience'.",
Adamjee Life Assurance,direct,adamjeelifeassurance,DVN44h_ABrE,reel,2026-05-06,post_page,0,yes,"Managing your claims and policy is now easier than ever. Download Adamjee Life’s new Customer App and stay in control 24/7, anytime, anywhere. • Policy Management • Online Appointment • Online Claim Filing • Online Payment • 24/7 Policy Update Download the app now! https://l.ead.me/AdamjeeLifeDigitalApp #AdamjeeLife #KabhiBhiKahinBhi asif.shahzad810 25w sir❤️ rocking ⭐",https://www.instagram.com/adamjeelifeassurance/reel/DVN44h_ABrE/,media/adamjeelifeassurance/DVN44h_ABrE.jpg,"Video by Adamjee Life Assurance on February 26, 2026.",
Adamjee Life Assurance,direct,adamjeelifeassurance,DU-cDpIgMZ1,reel,2026-02-20,post_page,1,yes,"Adamjee Life's new Customer Care App enables you to check, update, and manage your policies directly from your desk. - Policy Management - Online Appointment - Online Claim Filing - Online Payment - 24/7 Policy Update Download the app now! https://l.ead.me/AdamjeeLifeDigitalApp #AdamjeeLife #KabhiBhiKahinBhi No comments yet. Start the conversation. 20 February 20",https://www.instagram.com/adamjeelifeassurance/reel/DU-cDpIgMZ1/,media/adamjeelifeassurance/DU-cDpIgMZ1.jpg,"Video by Adamjee Life Assurance on February 20, 2026.",
Adamjee Life Assurance,direct,adamjeelifeassurance,DUvXTlGAams,reel,2026-05-06,post_page,2,yes,"Missed appointments are a thing of the past. With Adamjee Life's new Customer App, manage your life insurance policy with just one tap. * Policy Management * Online Appointment * Online Claim Filing * Online Payment * 24/7 Policy Update Download the app now! https://l.ead.me/AdamjeeLifeDigitalApp #AdamjeeLife #KabhiBhiKahinBhi No comments yet. Start the conversation. 34 February 14",https://www.instagram.com/adamjeelifeassurance/reel/DUvXTlGAams/,media/adamjeelifeassurance/DUvXTlGAams.jpg,"Video by Adamjee Life Assurance on February 14, 2026.",
Adamjee Life Assurance,direct,adamjeelifeassurance,DcajWyjje2Z,p,2026-08-24,post_page,3,no,"Skip the queues and pay with ease!​ With the Adamjee Life Digital App, you can make secure digital payments in just a few taps; no branch visits, no paperwork, just a faster, and more convenient way to pay.​ ​ Get the app now: https://l.ead.me/AdamjeeLifeDigitalApp​ #AdamjeeLife #KabhiBhiKahinBhi​ No comments yet. Start the conversation. 6 3 days ago",https://www.instagram.com/adamjeelifeassurance/p/DcajWyjje2Z/,media/adamjeelifeassurance/DcajWyjje2Z.jpg,"Photo by Adamjee Life Assurance on August 24, 2026. May be an image of screen, poster, tablet, card, phone and text.",
Adamjee Life Assurance,direct,adamjeelifeassurance,DcVULHvFxlK,p,2026-08-21,alt_text,4,no,,https://www.instagram.com/adamjeelifeassurance/p/DcVULHvFxlK/,,"Photo by Adamjee Life Assurance on August 21, 2026.",
Adamjee Life Assurance,direct,adamjeelifeassurance,DcTWqQPDa_e,p,2026-08-21,alt_text,5,no,,https://www.instagram.com/adamjeelifeassurance/p/DcTWqQPDa_e/,media/adamjeelifeassurance/DcTWqQPDa_e.jpg,"Photo by Adamjee Life Assurance on August 21, 2026.",
Adamjee Life Assurance,direct,adamjeelifeassurance,DcQg_ZWDSdB,p,2026-08-20,alt_text,6,no,,https://www.instagram.com/adamjeelifeassurance/p/DcQg_ZWDSdB/,,"Photo by Adamjee Life Assurance on August 20, 2026. May be an image of water heater, phone, thermostat, timer and text that says 'adamjeelife Kabhi bhi Kahin ち Calculate coverage. Compare smarter. Stay informed with Online Calculator! Coverage Calculator ዲጊኛ パー 9:41 BMI Calorle Calculator wil Hi! 목콩 Comparative Calculator Proposala 600046176 Mode 100.000/An 62567.47 Product Date IWant: Let's et ou insured Proceed Online IndividualLife CorporateLife Bancassurance Quick Services 01% PieCia FleClai",
Adamjee Life Assurance,direct,adamjeelifeassurance,DcEXyLqIlf9,reel,2026-08-15,alt_text,7,no,,https://www.instagram.com/thehunarfoundation/reel/DcEXyLqIlf9/,,"Video by The Hunar Foundation on August 15, 2026. May be an image of one or more people, hospital, wedding, office and text.",thehunarfoundation
Adamjee Life Assurance,direct,adamjeelifeassurance,DcAxZVCjv1L,reel,2026-08-14,alt_text,8,no,,https://www.instagram.com/adamjeelifeassurance/reel/DcAxZVCjv1L/,,"Video by Adamjee Life Assurance on August 14, 2026. May be an image of balloon, flag, banner, office and text that says 'ራ adamjeelife adarcie adaracen ife'.",
Adamjee Life Assurance,direct,adamjeelifeassurance,DcAaAdSDE4I,p,2026-08-13,alt_text,9,no,,https://www.instagram.com/adamjeelifeassurance/p/DcAaAdSDE4I/,,"Photo by Adamjee Life Assurance on August 13, 2026.",
Adamjee Life Assurance,direct,adamjeelifeassurance,Db_kUlJjaX7,reel,2026-08-13,alt_text,10,no,,https://www.instagram.com/adamjeelifeassurance/reel/Db_kUlJjaX7/,,"Video by Adamjee Life Assurance on August 13, 2026. May be an image of ‎one or more people, dais and ‎text that says '‎adamjeelife life ا nigehbaan adam THEHИHAR UMAR FOUNDATION EDUNDATION INSTITUTES OODO‎'‎‎.",
Adamjee Life Assurance,direct,adamjeelifeassurance,Db_cNbHD-Xo,reel,2026-08-13,alt_text,11,no,,https://www.instagram.com/adamjeelifeassurance/reel/Db_cNbHD-Xo/,,"Video by Adamjee Life Assurance on August 13, 2026. May be a doodle of ‎map, book, magazine, poster and ‎text that says '‎ل adamjeelife The Home to to Every Life áno‎'‎‎.",
Adamjee Life Assurance,direct,adamjeelifeassurance,Db-53BaDMy8,p,2026-08-13,alt_text,12,no,,https://www.instagram.com/adamjeelifeassurance/p/Db-53BaDMy8/,,"Photo by Adamjee Life Assurance on August 13, 2026.",
Adamjee Life Assurance,direct,adamjeelifeassurance,Db-s2QxFIHc,reel,2026-08-13,alt_text,13,no,,https://www.instagram.com/adamjeelifeassurance/reel/Db-s2QxFIHc/,,"Video by Adamjee Life Assurance on August 13, 2026. May be an image of ‎magazine, poster, banner and ‎text that says '‎adamjeelife تب nigehbaan adamjeelife csr THEHUNAR FOUNDATIO TECHNCAL INSTITUTES کا بڑھے بژ سے آگاہی بُنراورمالی PAKIST Dr. Para Butt SReltcn eCoAdec Adeel Anwer Rals w Feerc Specle Allas Ab Amber Shamim Sperce Pearcal ន០ Famukh Kidwai Drdrelng Financial Literacy Initiative ""Hunar Aur Maali Aagahi Say Barhega Pakistan.""‎'‎‎.",
Adamjee Life Assurance,direct,adamjeelifeassurance,Db8D0AIjPX6,p,2026-08-12,alt_text,14,no,,https://www.instagram.com/adamjeelifeassurance/p/Db8D0AIjPX6/,,"Photo by Adamjee Life Assurance on August 12, 2026. May be a graphic of poster, card, magazine and text that says 'adamjeelife Happy International QU頭円 Day We begin differently. We dream of a better tomorrow. #DifferentContexts #CommonAspirations 021-111-11-5433 www.adamjcclite.com'.",
Adamjee Life Assurance,direct,adamjeelifeassurance,Db789MeDMdn,p,2026-08-12,alt_text,15,no,,https://www.instagram.com/adamjeelifeassurance/p/Db789MeDMdn/,,"Photo by Adamjee Life Assurance on August 12, 2026.",
Adamjee Life Assurance,direct,adamjeelifeassurance,DbvZTKGs5HY,p,2026-08-07,alt_text,16,no,,https://www.instagram.com/adamjeelifeassurance/p/DbvZTKGs5HY/,,"Photo by Adamjee Life Assurance on August 07, 2026. May be an image of tablet and text that says 'adamjeelife Kabhi bhi Kahin らん、 Online Plan Finder say Sahi Plan ka intikhaab karo asaani say! 9:41 wll 三 Hi! የጦ Fondar Proposal# 60034817 IssueD Date 27-03-2024 Premium Mode GODAnnual Afntual Cash 62557.47 山にま Produci Save &Agaure Dabe 202G ViowD Dotads Wantto: Let's ety yo ou insured Proceed Onlne IndividualLi Life Carparase Baneasaurance Quick QuickServices Craa ains/Tenefit Cakularons Branch Gra",
Adamjee Life Assurance,direct,adamjeelifeassurance,DbsQ3oODhT5,reel,2026-08-06,alt_text,17,no,,https://www.instagram.com/adamjeelifeassurance/reel/DbsQ3oODhT5/,,"Video by Adamjee Life Assurance on August 06, 2026. May be an image of poster and text.",
Adamjee Life Assurance,direct,adamjeelifeassurance,Dbp9hzqkVb1,reel,2026-08-05,post_page,18,no,"Better decisions begin with better insights. The Adamjee Life Digital App brings together coverage estimates, plan comparisons, and health tracking tools to help you make every choice with certainty. Get the app now: https://l.ead.me/AdamjeeLifeDigitalApp #AdamjeeLife #KabhiBhiKahinBhi No comments yet. Start the conversation. 10 August 5",https://www.instagram.com/adamjeelifeassurance/reel/Dbp9hzqkVb1/,media/adamjeelifeassurance/Dbp9hzqkVb1.jpg,"Video by Adamjee Life Assurance on August 05, 2026. May be an image of text.",
Adamjee Life Assurance,direct,adamjeelifeassurance,Dbk7E16jZXX,reel,2026-08-03,post_page,19,no,"Your favourite places, now with even more value!​ From shopping and dining to fitness and more, Orbis brings exclusive savings to the places you love.​ Get the app now: https://l.ead.me/AdamjeeLifeDigitalApp​ #AdamjeeLife #KabhiBhiKahinBhi​ No comments yet. Start the conversation. 7 August 3",https://www.instagram.com/adamjeelifeassurance/reel/Dbk7E16jZXX/,media/adamjeelifeassurance/Dbk7E16jZXX.jpg,"Video by Adamjee Life Assurance on August 03, 2026. May be an image of ‎phone, tablet, card and ‎text that says '‎تبا adamjeelife From everyday needs to everyday Fromeverydaynedsteverydayrewar rewards. More benefits, now within reach. OTDIS adarjcohte KABIR KABIRKHAN 3906 0016 3672 KHAN 9072 KBR0163672 90723906 12/28 천득 01/24 021-111-11-5433 www.adamnjeelfe.com‎'‎‎.",
Adamjee Life Assurance,direct,adamjeelifeassurance,DbkdTheEl4i,reel,2026-08-03,post_page,20,no,"Your routine does not need pauses for paperwork anymore. Access updates, stay informed, and manage your insurance policy more smoothly with Adamjee Life Digital App. Get the app now: https://l.ead.me/AdamjeeLifeDigitalApp #AdamjeeLife #KabhiBhiKahinBhi No comments yet. Start the conversation. 12 August 3",https://www.instagram.com/adamjeelifeassurance/reel/DbkdTheEl4i/,media/adamjeelifeassurance/DbkdTheEl4i.jpg,"Video by Adamjee Life Assurance on August 03, 2026. May be an image of poster and text.",
Adamjee Life Assurance,direct,adamjeelifeassurance,Dbav0BHjcBy,p,2026-07-30,post_page,21,no,"One app. Every policy solution!​ Whether you are making a payment, exploring plans, submitting a claim, or checking your policy details, the Adamjee Life Digital App helps you manage it all with ease.​ Get the app now: https://l.ead.me/AdamjeeLifeDigitalApp​ #AdamjeeLife #KabhiBhiKahinBhi No comments yet. Start the conversation. 10 July 30",https://www.instagram.com/adamjeelifeassurance/p/Dbav0BHjcBy/,media/adamjeelifeassurance/Dbav0BHjcBy.jpg,"Photo by Adamjee Life Assurance on July 30, 2026. May be an image of text.",
Adamjee Life Assurance,direct,adamjeelifeassurance,Dbae-urjTf2,p,2026-07-30,post_page,22,no,"Assurance begins with knowing that someone cares enough to help. Through our Blood Donation Drive, we celebrate the individuals whose simple act of giving creates hope, strengthens trust, and helps protect the gift of life. #AdamjeeLife #YourTrustedPartner #DonateBlood No comments yet. Start the conversation. 14 July 30",https://www.instagram.com/adamjeelifeassurance/p/Dbae-urjTf2/,media/adamjeelifeassurance/Dbae-urjTf2.jpg,"Photo by Adamjee Life Assurance on July 30, 2026.",
Adamjee Life Assurance,direct,adamjeelifeassurance,DbYLEwFIKk5,reel,2026-07-29,post_page,23,no,"Every blood donation is a reminder that humanity is at its strongest when we show up for one another. This World Blood Donor Day, let's celebrate the people who give selflessly and inspire more lives to be changed through a simple act of kindness. #AdamjeeLife #YourTrustedPartner #DonateBlood No comments yet. Start the conversation. 12 July 29",https://www.instagram.com/adamjeelifeassurance/reel/DbYLEwFIKk5/,media/adamjeelifeassurance/DbYLEwFIKk5.jpg,"Video by Adamjee Life Assurance on July 29, 2026. May be an illustration of ‎poster, water bottle and ‎text that says '‎ن nigehbaan adamjeelife adam jeelife csr adamjeelife u INDUSHOSPITAL HEALTH ETWORK INDUS HOSPITAL Every drop can help protect a life. ONE DROP OF HUMANITY GIVE BLOOD. SAVE LIVES.‎'‎‎.",
IGI Life Insurance,direct,igilifevitality,DciNdoxjbDG,reel,2026-08-27,alt_text,0,yes,,https://www.instagram.com/igilifevitality/reel/DciNdoxjbDG/,media/igilifevitality/DciNdoxjbDG.jpg,"Video by IGI Life Insurance Limited on August 27, 2026. May be an image of studying, computer keyboard, bureau, office and text that says 'IGI Vitality Life P caGMGN CETINTOUCH FOR FORMOREINFORMATION MORE INFORMATION D +(92)-21-111-171-711 2- igilife.com.pk'.",
IGI Life Insurance,direct,igilifevitality,Dcdab3GFWHn,p,2026-08-25,alt_text,1,yes,,https://www.instagram.com/igigeneralinsurance/p/Dcdab3GFWHn/,media/igilifevitality/Dcdab3GFWHn.jpg,"Photo by IGI General Insurance on August 25, 2026.",igigeneralinsurance
IGI Life Insurance,direct,igilifevitality,DcasP2TjOGX,p,2026-08-24,post_page,2,yes,"Life doesn’t stay the same — and neither do the things that matter most to you. From starting your career to building a family and planning for the future, every stage brings new responsibilities and priorities. The right protection is one that grows with you. Which stage of life are you planning for right now? #IGILife #FinancialWellbeing #PlanForTomorrow No comments yet. Start the conversation. 4 3 days ago",https://www.instagram.com/igilifevitality/p/DcasP2TjOGX/,media/igilifevitality/DcasP2TjOGX.jpg,"Photo by IGI Life Insurance Limited on August 24, 2026.",
IGI Life Insurance,direct,igilifevitality,DcN-s7Moy5R,reel,2026-08-19,post_page,3,no,We asked our MTOs who’s most likely to… and the answers were quick! Looks like they know each other pretty well already! A fun little glimpse into their time together as a team. #PackagesGroup #IGI No comments yet. Start the conversation. 24 August 19,https://www.instagram.com/igigeneralinsurance/reel/DcN-s7Moy5R/,media/igilifevitality/DcN-s7Moy5R.jpg,"Video by IGI General Insurance on August 19, 2026. May be an image of one or more people, people smiling, people standing, poster, office and text.",igigeneralinsurance
IGI Life Insurance,direct,igilifevitality,DcN0QDWCNxB,reel,2026-08-19,post_page,4,no,"A little break can go a long way. If screen time is taking a toll, try the 20-20-20 rule: every 20 minutes, look at something 20 feet away for 20 seconds. Give your eyes a moment to reset. #IGILifeVitality #WellnessTip #HealthyHabits No comments yet. Start the conversation. 6 August 19",https://www.instagram.com/igilifevitality/reel/DcN0QDWCNxB/,media/igilifevitality/DcN0QDWCNxB.jpg,"Video by IGI Life Insurance Limited on August 19, 2026. May be an image of poster, tablet, screen, office and text that says 'IGIV Life Life IGI Vitality Screen Screentime time P PackagesGraunpCompary Group Company FEINFORMATION GET TOUCH FOR MORE INFORMATION +192)-21-I71-11-711'.",
IGI Life Insurance,direct,igilifevitality,DcLPa5CD6T0,p,2026-08-18,post_page,5,no,"Planning for your child’s education doesn’t have to wait until the expenses are right around the corner. Starting early gives you more time to build a fund gradually and prepare for their future with greater confidence. Because when it comes to their education, it’s never too early to start planning. #IGILife #PlanForTheirFuture #ChildEducation #FinancialPlanning #LifeInsurance No comments yet. Start the conversation. 4 August 18",https://www.instagram.com/igilifevitality/p/DcLPa5CD6T0/,media/igilifevitality/DcLPa5CD6T0.jpg,"Photo by IGI Life Insurance Limited on August 18, 2026.",
IGI Life Insurance,direct,igilifevitality,DcBMHQKo-v6,reel,2026-08-14,post_page,6,no,Different faces. Different stories. Different journeys. But one identity that brings us together. 🇵🇰 Meri Pehchaan Pakistan. #14August #IndependenceDay #MeriPehchaanPakistan #IGI No comments yet. Start the conversation. 48 August 14,https://www.instagram.com/igigeneralinsurance/reel/DcBMHQKo-v6/,media/igilifevitality/DcBMHQKo-v6.jpg,"Video by IGI General Insurance on August 14, 2026. May be an image of poster, outdoors and text that says 'IGI Haldings Insurance nvestments Securiios| HdngIaresce/resiments FSI| ife Ha MeriPehchaanPakistan Meri Pehchaan Pakistan packages.com.pk packages'.",igigeneralinsurance
IGI Life Insurance,direct,igilifevitality,DcATDr3j3PY,p,2026-08-14,post_page,7,no,"Celebrating the spirit, strength and pride of our nation. Happy Independence Day, Pakistan! #IndependenceDay #Pakistan #14thAugust #IGI No comments yet. Start the conversation. 12 August 14",https://www.instagram.com/igilifevitality/p/DcATDr3j3PY/,media/igilifevitality/DcATDr3j3PY.jpg,"Photo by IGI Life Insurance Limited on August 13, 2026. May be an image of poster, flag and text.",
IGI Life Insurance,direct,igilifevitality,Db-Jv0bDaPD,reel,2026-08-13,post_page,8,no,Hot weather can make food spoil faster than you think. Keep your meals fresh and safe by refrigerating perishable foods promptly and being mindful of how long they’ve been sitting out. Small habits. Better health. #IGILifeVitality #HealthyLiving #FoodSafety #SummerHealth #HealthyHabits No comments yet. Start the conversation. 2 August 13,https://www.instagram.com/igilifevitality/reel/Db-Jv0bDaPD/,media/igilifevitality/Db-Jv0bDaPD.jpg,"Video by IGI Life Insurance Limited on August 13, 2026. May be an image of placemat, platter, cutlery, plate, kitchenware and text.",
IGI Life Insurance,direct,igilifevitality,Db7rzY9AVzh,p,2026-08-12,alt_text,9,no,,https://www.instagram.com/igilifevitality/p/Db7rzY9AVzh/,media/igilifevitality/Db7rzY9AVzh.jpg,"Photo by IGI Life Insurance Limited on August 12, 2026.",
IGI Life Insurance,direct,igilifevitality,Db2v7eQDbqi,p,2026-08-10,post_page,10,no,"Small, healthy choices can add up to something rewarding. With IGI Life Vitality, your everyday habits can take you one step closer to feeling your best, and enjoying a little extra along the way. #IGILifeVitality #HealthyChoices #HealthyHabits No comments yet. Start the conversation. 1 August 10",https://www.instagram.com/igilifevitality/p/Db2v7eQDbqi/,media/igilifevitality/Db2v7eQDbqi.jpg,"Photo by IGI Life Insurance Limited on August 10, 2026. May be an image of ‎card and ‎text that says '‎P tegnCaNo Oaиe Pockogn IGI Vitality Life Your healthier choices could make your next meal more rewarding Your daily habits may tell different story. foodpanda PKR PKR500 500 WEEKLY REWARD 口ロ Downk load he IcILifeVitalityApp LifeVitalityA GooglePla/S1or 'יובם AppleScore GET TOUCHFOR MORE ΟΝ (021)111111711 (021) 11.111 www. ww.igilife.com.pk gilte.com.pl‎'‎‎.",
IGI Life Insurance,direct,igilifevitality,DbvBkKNihue,reel,2026-08-07,alt_text,11,no,,https://www.instagram.com/igilifevitality/reel/DbvBkKNihue/,media/igilifevitality/DbvBkKNihue.jpg,"Video by IGI Life Insurance Limited on August 07, 2026. May be an image of text that says 'LIFE INSURANCE MYTH'.",
IGI Life Insurance,direct,igilifevitality,DbsPH-gIKns,reel,2026-08-06,alt_text,12,no,,https://www.instagram.com/igilifevitality/reel/DbsPH-gIKns/,media/igilifevitality/DbsPH-gIKns.jpg,"Video by IGI Life Insurance Limited on August 06, 2026. May be an image of poster, sports equipment, treadmill and text that says 'IGI IGIvitality Life Vitality HOW HEALTHY IS YOUR DAY? P Packages APackagesGro.pCempary Group CcTpary ""> GET UCH FOR MORE INFORMATION +크과-21-171-711-711 32-2 B gilifu.com.pk'.",
IGI Life Insurance,direct,igilifevitality,Dbkuc9agYUY,p,2026-08-03,alt_text,13,no,,https://www.instagram.com/igilifevitality/p/Dbkuc9agYUY/,media/igilifevitality/Dbkuc9agYUY.jpg,"Photo by IGI Life Insurance Limited on August 03, 2026.",
IGI Life Insurance,direct,igilifevitality,DbcyYJcDY7V,reel,2026-07-31,post_page,14,no,Your age tells you how long you’ve been living. But what does your lifestyle say? Your Vitality Age gives you another way to look at your health and lifestyle. So… what do you think your Vitality Age would be? Tell us your guess in the comments 👇 #IGILifeVitality #VitalityAge #HealthyLiving #AddLifeToYourYears No comments yet. Start the conversation. 6 July 31,https://www.instagram.com/igilifevitality/reel/DbcyYJcDY7V/,media/igilifevitality/DbcyYJcDY7V.jpg,"Video by IGI Life Insurance Limited on July 31, 2026. May be a graphic of magazine, card, poster and text that says 'IGI IGIVitality Vitality Life YOU KNOW YOUR REAL AGE P Packagea APackagesGrupCompany Group Campany ORFORMATION + ETINTOUCH +92-21-101-111-711 +192) 1-111-111-711 FOR MORE INFORMATION'.",
IGI Life Insurance,direct,igilifevitality,DbVEB-hjSRY,reel,2026-07-30,post_page,15,no,How many times do you take the lift each day? What if you replaced just one of those trips with the stairs? It's a simple habit that gets you moving and adds more activity to your day—one step at a time. Will you take the stairs today? #IGILifeVitality #TakeTheStairs #HealthyChoices #SkipTheLiftChallenge #Wellbeing No comments yet. Start the conversation. 5 July 28,https://www.instagram.com/igilifevitality/reel/DbVEB-hjSRY/,media/igilifevitality/DbVEB-hjSRY.jpg,"Video by IGI Life Insurance Limited on July 28, 2026. May be an image of poster and text that says 'IGIVtalty Vitality IGI Life SKIP THE LIFT TAKE THE TAKETHESTAIRS STAIRS INSTEAD. P APackages Group APackagesGroupCorpa Cumpary TINTOUCH NTOU FOR MORE INFORMATION +2-21-1.-111-711 n-m +192) -21 ገዝ1 igilife.com.pk'.",
IGI Life Insurance,direct,igilifevitality,DbSfFcZE_fo,reel,2026-07-27,post_page,16,no,"Rainy days are here. Don’t let standing water stay. Check pots, trays, buckets and coolers—and empty them regularly to help keep mosquitoes away. Small steps. Safer homes. Healthier families. #IGILife #MonsoonSafety #MosquitoPrevention #HealthyLiving No comments yet. Start the conversation. 5 July 27",https://www.instagram.com/igilifevitality/reel/DbSfFcZE_fo/,media/igilifevitality/DbSfFcZE_fo.jpg,"Video by IGI Life Insurance Limited on July 27, 2026. May be an image of ‎thermostat, plant, body of water and ‎text that says '‎IGIy) Life IGI Vitality Monsoon is here P APackages Group APackagesGospCompary تات Compary TINTOUCH FOR MORE INFORMATION +9과-21-111-71-711 +1921- igilife.com.pk‎'‎‎.",
IGI Life Insurance,direct,igilifevitality,DbKcHaJiKv_,p,2026-07-24,post_page,17,no,"Know your health. Improve your health. Enjoy the rewards. IGI Life Vitality brings protection and wellness together by encouraging members to understand their health, stay active and work towards their next Vitality status. Which part of the journey would motivate you most? #HealthyHabits #MoveMore #WellnessJourney #ActiveLiving No comments yet. Start the conversation. 1 July 23",https://www.instagram.com/igilifevitality/p/DbKcHaJiKv_/,media/igilifevitality/DbKcHaJiKv_.jpg,"Photo by IGI Life Insurance Limited on July 23, 2026.",
IGI Life Insurance,direct,igilifevitality,DbFZ6fPol-J,reel,2026-07-22,post_page,18,no,"IGI Insurance was proud to participate in the 1st IAP & PSOA International Insurance Conference 2026, Pakistan’s largest international insurance conference, held under the theme, “Reimagining Pakistan’s Resilience: Building a Sustainable Future through Insurance.” Bringing together more than 500 insurance executives, actuaries, regulators, policymakers, and international experts, the conference served as a platform for insightful discussions on the future of the insurance industry and its role in building a more resilient and sustainable Pakistan. No comments yet. Start the conversation. 15 July 21",https://www.instagram.com/igigeneralinsurance/reel/DbFZ6fPol-J/,media/igilifevitality/DbFZ6fPol-J.jpg,"Video by IGI General Insurance on July 21, 2026. May be an image of poster, magazine and text that says 'IGI 1st IAP & PSOA International Insurance Conference 2026 AP Together TogetherWeAssure We Assure The Insurance AssociationatPaklata & PSOA PAKISTANSCOETYCF PAKISTANSOCIETYCFACTUUES ACTUARES T BИTEBиTH Tμ. CONFERENCE wc CONFTRENCT IMSURANCE INSISIOMAL iiC nter tional Insanci Ins anc fer EK packages.com.pk'.",igigeneralinsurance
IGI Life Insurance,direct,igilifevitality,DbC7dRutgMR,reel,2026-07-21,post_page,19,no,"Sweet moments, vibrant celebrations, and plenty of mangoes. Here’s a glimpse of Mango Day at IGI Holdings. #IGIHoldings #MangoDay #LifeAtIGI #WorkplaceCulture No comments yet. Start the conversation. 40 July 21",https://www.instagram.com/igigeneralinsurance/reel/DbC7dRutgMR/,media/igilifevitality/DbC7dRutgMR.jpg,"Video by IGI General Insurance on July 21, 2026. May be an image of one or more people, mango, balloon, banner, flag, poster, office and text.",igigeneralinsurance
IGI Life Insurance,direct,igilifevitality,DbAkbVIJ4Ah,reel,2026-07-20,alt_text,20,no,,https://www.instagram.com/igilifevitality/reel/DbAkbVIJ4Ah/,media/igilifevitality/DbAkbVIJ4Ah.jpg,"Video by IGI Life Insurance Limited on July 20, 2026. May be an image of card and text that says 'E WHAT IF YOUR LIFE INSURANCE REWARDED YOU FOR LIVING BETTER TODAY? >>>>>'.",
IGI Life Insurance,direct,igilifevitality,Da4veSAkTBr,reel,2026-07-17,post_page,21,no,Healthy choices begin with informed decisions. Take a moment to read the nutrition label before adding an item to your cart. It's a simple habit that can help you make smarter food choices every day. #IGILifeVitality #HealthyHabits #Nutrition #HealthyLiving #WellnessJourney No comments yet. Start the conversation. 1 July 17,https://www.instagram.com/igilifevitality/reel/Da4veSAkTBr/,media/igilifevitality/Da4veSAkTBr.jpg,"Video by IGI Life Insurance Limited on July 17, 2026. May be a meme of water bottle and text that says 'READ BEFORE YOU EAT IGI IGIVitality Vitality Life Understanding nutrition labels can help you make informed food choices. Take a moment to check the ingredients, serving size, and key nutrients before adding an item to your cart. +(92)-21-111-111-711 711 (92) orvisit.igilife.com.pk visit or p PackogesGroup Group'.",
IGI Life Insurance,direct,igilifevitality,Da2XgG7FZTV,reel,2026-07-16,post_page,22,no,A reminder to get up and move. Even a few minutes of movement during the day can help you feel more energized and refreshed. Small habits lead to lasting wellness. #IGILifeVitality #MoveMore #Wellness #HealthyLiving No comments yet. Start the conversation. 3 July 16,https://www.instagram.com/igilifevitality/reel/Da2XgG7FZTV/,media/igilifevitality/Da2XgG7FZTV.jpg,"Video by IGI Life Insurance Limited on July 16, 2026. May be an image of yoga, sports equipment, treadmill, poster and text that says 'IGI Vitalih Life MOVE MORE. SIT LESS. A few minutes of stretching or walking every hour can improve circulation, reduce stiffness, and boost productivity. လဒါ +(92)-21-111-111-711 711 (92) orvisit.igilife.com.pk gilife 白 P PackogeGroup Packoge Group'.",
IGI Life Insurance,direct,igilifevitality,Daw9WsSjx-U,reel,2026-07-14,alt_text,23,no,,https://www.instagram.com/igilifevitality/reel/Daw9WsSjx-U/,media/igilifevitality/Daw9WsSjx-U.jpg,"Video by IGI Life Insurance Limited on July 14, 2026. May be an image of water bottle, water filter, sparkling water, body of water and text that says 'HYDRATION FUELS YOUR DAY IGRatly IGY Vitality Life Even mild dehydration can affect your energy and concentration. Keep a water bottle nearby and sip throughout the day. +(92) +(92)-21-111-111-711 711 orvisitigilife.com.pk it Packoges Group'.",
Askari Life Assurance,direct,askari_life,DKymkdrNBgN,p,2025-06-12,post_page,0,yes,"One decision today can make every moment meaningful. Start your journey toward a peaceful tomorrow with Askari Life. #AskariLife #JeeLoHarGhari #IraadaKaro No comments yet. Start the conversation. 12 June 11, 2025",https://www.instagram.com/askari_life/p/DKymkdrNBgN/,media/askari_life/DKymkdrNBgN.jpg,"Photo by Askari Life Assurance Company on June 11, 2025.",
Askari Life Assurance,direct,askari_life,DKymitONopz,p,2025-06-12,post_page,1,yes,"One decision today can make every moment meaningful. Start your journey toward a peaceful tomorrow with Askari Life. #AskariLife #JeeLoHarGhari #IraadaKaro No comments yet. Start the conversation. 8 June 11, 2025",https://www.instagram.com/askari_life/p/DKymitONopz/,media/askari_life/DKymitONopz.jpg,"Photo by Askari Life Assurance Company on June 11, 2025.",
Askari Life Assurance,direct,askari_life,DKymg91NZ_o,p,2025-06-12,post_page,2,yes,"One decision today can make every moment meaningful. Start your journey toward a peaceful tomorrow with Askari Life. #AskariLife #JeeLoHarGhari #IraadaKaro No comments yet. Start the conversation. 5 June 11, 2025",https://www.instagram.com/askari_life/p/DKymg91NZ_o/,media/askari_life/DKymg91NZ_o.jpg,"Photo by Askari Life Assurance Company on June 11, 2025.",
Askari Life Assurance,direct,askari_life,DcdED9xHHlD,p,2026-08-25,alt_text,3,no,,https://www.instagram.com/askari_life/p/DcdED9xHHlD/,media/askari_life/DcdED9xHHlD.jpg,"Photo by Askari Life Assurance Company on August 25, 2026.",
Askari Life Assurance,direct,askari_life,DcS3gNbErb4,reel,2026-08-21,post_page,4,no,"Turn your future plans into lasting financial confidence with Askari Life’s Golden Path Family Takaful Plan which brings savings, protection and added value together for you and your loved ones. Take a step towards a more secure tomorrow. Visit: askarilife.com or call 111-225-275. #AskariLife #JeeloHarGhari #GoldenPath #FamilyTakaful #IraadaKaro No comments yet. Start the conversation. 3 6 days ago",https://www.instagram.com/askari_life/reel/DcS3gNbErb4/,media/askari_life/DcS3gNbErb4.jpg,"Video by Askari Life Assurance Company on August 21, 2026. May be a graphic of ‎magazine, poster and ‎text that says '‎소 askarilife JeeLo Har Ghari YOUR FUTURE DESERVES MORE THAN JUST A PLAN د‎'‎‎.",
Askari Life Assurance,direct,askari_life,DcIqpNlnO6e,p,2026-08-17,post_page,5,no,"Har khwab ki apni ek kahani hoti hai. ✨ Kisi ke liye apna ghar, kisi ke liye bachon ka behtar mustaqbil, aur kisi ke liye apna karobar. Aapke khwab kaunsa hai? Uska Irada aaj se karein. Askari Life, Irada Karo. #AskariLife #IradaKaro #FamilyTakaful #FuturePlanning No comments yet. Start the conversation. 4 August 17",https://www.instagram.com/askari_life/p/DcIqpNlnO6e/,media/askari_life/DcIqpNlnO6e.jpg,"Photo by Askari Life Assurance Company on August 17, 2026. May be a doodle of ‎poster, window and ‎text that says '‎Α askarilife Jeelo Har Ghari AAPKI WINDOW MEIN KAUNSA KHWAB HAI? ""Budhape mein sukoon chahiye."" ""Uski shaadi dhoom se karni hai."" و ""Kab apna ghar hoga?"" ""Bachon ko behtar behtartaleem taleem deni hai. askarilife.com ostkaifi.com|mH-25-2751#ro 111-225-275| #IraadaKaro‎'‎‎.",
Askari Life Assurance,direct,askari_life,Db-rn1YNn8B,reel,2026-08-13,post_page,6,no,"Every big dream begins with a small intention and grows through effort, belief and the right support. This Independence Day, aaj ke iraadon ko kal ka yaqeen banayein, and together, build a future worthy of Pakistan’s dreams. 🇵🇰 Askari Life - Iraada Karo. #AskariLife #IraadaKaro #IndependenceDay #PakistanZindabad No comments yet. Start the conversation. 3 August 13",https://www.instagram.com/askari_life/reel/Db-rn1YNn8B/,media/askari_life/Db-rn1YNn8B.jpg,"Video by Askari Life Assurance Company on August 13, 2026. May be a meme of poster and text that says 'askarilife JeeLo Har Ghari EK CHHOTAY SE IRAADE SE SH SHURU HOTA HA WAV A ミ'.",
Askari Life Assurance,direct,askari_life,Db2YMNtk5rg,reel,2026-08-10,post_page,7,no,Your future goals deserve a plan today. Start your journey with Askari Life Family Takaful. Learn more: https://askarilife.com/pursukoon-kal-family-takaful/ #AskariLife #IraadaKaro #FamilyTakaful No comments yet. Start the conversation. 3 August 9,https://www.instagram.com/askari_life/reel/Db2YMNtk5rg/,media/askari_life/Db2YMNtk5rg.jpg,"Video by Askari Life Assurance Company on August 09, 2026. May be a Twitter screenshot of ‎bread, phone and ‎text that says '‎ח askarilife JeeLoHarGhari JeeLo Har Ghari 08:15 My Future Online … You added a dream home You added your child's future You added peace of mind Uncertainty: Removed from chat askarilife.com askarii.com/1-2-2751#rad 111-225-275 #IraadaKaro‎'‎‎.",
Askari Life Assurance,direct,askari_life,Dbk1r-mnNNk,p,2026-08-03,post_page,8,no,"Smart choices today, bring rewards tomorrow. ✨ Grow towards your goals with Golden Path Family Takaful. Learn more: https://askarilife.com/golden-path-family-takaful/ #AskariLife #IraadaKaro #GoldenPathFamilyTakaful No comments yet. Start the conversation. 2 August 3",https://www.instagram.com/askari_life/p/Dbk1r-mnNNk/,media/askari_life/Dbk1r-mnNNk.jpg,"Photo by Askari Life Assurance Company on August 03, 2026. May be an image of poster, card, magazine and text that says 'A askarilife Jeelo Har Ghari Insurance notification you don't : BONUS ADDED Bonus rewards in the first 2 years + future bonuses added to investment account with Golden Bonus Rewards SHARIAH COMPLIANT ANT FAMILY FAMILY FAMILY PROTECTION EXTRAS SAFETY COVERS askarilife.com 111-225-275| askiri.cm/1-2-2751#radak 275 #IraadaKaro'.",
Askari Life Assurance,direct,askari_life,DbYIN_GnLR2,p,2026-07-29,alt_text,9,no,,https://www.instagram.com/askari_life/p/DbYIN_GnLR2/,media/askari_life/DbYIN_GnLR2.jpg,"Photo by Askari Life Assurance Company on July 29, 2026.",
Askari Life Assurance,direct,askari_life,DbH_qeKnBPu,p,2026-07-22,alt_text,10,no,,https://www.instagram.com/askari_life/p/DbH_qeKnBPu/,media/askari_life/DbH_qeKnBPu.jpg,"Photo by Askari Life Assurance Company on July 22, 2026.",
Askari Life Assurance,direct,askari_life,DawwI8XlG62,reel,2026-07-13,alt_text,11,no,,https://www.instagram.com/askari_life/reel/DawwI8XlG62/,media/askari_life/DawwI8XlG62.jpg,"Video by Askari Life Assurance Company on July 13, 2026. May be an image of poster, magazine and text.",
Askari Life Assurance,direct,askari_life,DanBD1xnMgI,p,2026-07-10,post_page,12,no,"If you can understand life’s complicated moments, you can definitely understand insurance with Askari Life. Simple plans. Secure future. #AskariLife #IraadaKaro #FinancialSecurity No comments yet. Start the conversation. 3 July 10",https://www.instagram.com/askari_life/p/DanBD1xnMgI/,media/askari_life/DanBD1xnMgI.jpg,"Photo by Askari Life Assurance Company on July 10, 2026.",
Askari Life Assurance,direct,askari_life,DaUqbdBHI8L,p,2026-07-03,alt_text,13,no,,https://www.instagram.com/askari_life/p/DaUqbdBHI8L/,media/askari_life/DaUqbdBHI8L.jpg,"Photo by Askari Life Assurance Company on July 03, 2026. May be an image of poster, card, magazine and text that says 'A askarilife JecLoHarGhari JeeLo Har Ghari GOLDEN PAT FAMILY TAKAFUL Build long-term savings with Shariah Compliant family protection askarilife.com csteri.cm/1-2-271#rada 111-225-275 #IraadaKaro'.",
Askari Life Assurance,direct,askari_life,DaFQ6L_J11p,reel,2026-06-27,post_page,14,no,"The future is built with the choices we make today! This Insurance Awareness Day, take a step towards protecting your loved ones, your dreams, and everything that matters most. #AskariLife #InsuranceAwarenessDay #LifeInsurance #ProtectionPlanning #SecureTomorrow IraadaKaro No comments yet. Start the conversation. 3 June 27",https://www.instagram.com/askari_life/reel/DaFQ6L_J11p/,media/askari_life/DaFQ6L_J11p.jpg,"Video by Askari Life Assurance Company on June 27, 2026. May be an image of one or more people, poster, card, magazine, umbrella and text that says '٨ askarilife Jeelo Har Ghari TAKE THE FIRST STEP FIRSTSTEPTODAY TODAY to keep your loved ones safe through life's uncertainties'.",
Askari Life Assurance,direct,askari_life,DZ1d8G3gURz,reel,2026-06-21,post_page,15,no,"Behind every dream is a father’s promise to make it possible. This Father’s Day, Askari Life celebrates every father who plans, protects, and works towards a better tomorrow for his loved ones. #AskariLife #IraadaKaro #HappyFathersDay shahzadkhan47 9w ❤️❤️❤️ Like Reply 3 1 June 20",https://www.instagram.com/askari_life/reel/DZ1d8G3gURz/,media/askari_life/DZ1d8G3gURz.jpg,"Video by Askari Life Assurance Company on June 20, 2026. May be an image of one or more people, poster and text that says 'ሊ askarilife JeeLoHarGhari JeeLo Har Ghari Iraaday badalte rehte hain LEKIN KUCH SAATH kabhi nahi badalte'.",
Askari Life Assurance,direct,askari_life,DZuXeVCgNh6,reel,2026-06-18,alt_text,16,no,,https://www.instagram.com/askari_life/reel/DZuXeVCgNh6/,media/askari_life/DZuXeVCgNh6.jpg,"Video by Askari Life Assurance Company on June 18, 2026. May be an image of child.",
Askari Life Assurance,direct,askari_life,DZmcIMajR0N,p,2026-06-15,post_page,17,no,"Saving money is important, but saving alone may not be enough. A strong financial plan looks at both future goals and the protection your loved ones may need along the way. #Savings #FinancialProtection #IraadaKaro #AskariLife No comments yet. Start the conversation. June 15",https://www.instagram.com/askari_life/p/DZmcIMajR0N/,media/askari_life/DZmcIMajR0N.jpg,"Photo by Askari Life Assurance Company on June 15, 2026.",
Askari Life Assurance,direct,askari_life,DZU5Z89jY3q,p,2026-06-08,alt_text,18,no,,https://www.instagram.com/askari_life/p/DZU5Z89jY3q/,media/askari_life/DZU5Z89jY3q.jpg,"Photo by Askari Life Assurance Company on June 08, 2026.",
Askari Life Assurance,direct,askari_life,DZEsVcVDvRl,p,2026-06-02,post_page,19,no,"Marriage is one of life’s biggest milestones, and one of the moments that deserves thoughtful planning. With the right financial support in place, you can move toward that special day with greater peace of mind and purpose. #WeddingPlan #IraadKaro #AskariLife #JeeeloHarGhari No comments yet. Start the conversation. 5 June 1",https://www.instagram.com/askari_life/p/DZEsVcVDvRl/,media/askari_life/DZEsVcVDvRl.jpg,"Photo by Askari Life Assurance Company on June 01, 2026. May be an image of poster, card, magazine and screen.",
Askari Life Assurance,direct,askari_life,DY6rlyuDlU2,p,2026-05-29,post_page,20,no,"One of the biggest financial mistakes is believing there is always more time to plan. The truth is, a secure future is built through decisions made today, not delayed for tomorrow. Start planning early for the life you want and the family you want to protect. Choose peace of mind with Askari Life Assurance. #IraadaKaro #AskariLife #JeeloHarGhari No comments yet. Start the conversation. 4 May 29",https://www.instagram.com/askari_life/p/DY6rlyuDlU2/,media/askari_life/DY6rlyuDlU2.jpg,"Photo by Askari Life Assurance Company on May 29, 2026.",
Askari Life Assurance,direct,askari_life,DY0xcf8jBqJ,reel,2026-05-27,post_page,21,no,"Celebrating the spirit of sacrifice, gratitude, and togetherness. May your Eid be filled with peace, blessings, and moments that bring hearts closer. Eid ul Azha Mubarak! #EidUlAzhaMubarak #AskariLife #jeeloHarGhari No comments yet. Start the conversation. 5 May 26",https://www.instagram.com/askari_life/reel/DY0xcf8jBqJ/,media/askari_life/DY0xcf8jBqJ.jpg,"Video by Askari Life Assurance Company on May 26, 2026.",
Askari Life Assurance,direct,askari_life,DYyaa3uCKND,reel,2026-05-25,alt_text,22,no,,https://www.instagram.com/askari_life/reel/DYyaa3uCKND/,media/askari_life/DYyaa3uCKND.jpg,"Video by Askari Life Assurance Company on May 25, 2026.",
Askari Life Assurance,direct,askari_life,DYocT4HDkZs,p,2026-05-22,post_page,23,no,"Every parent dreams of giving their child the best possible future. An education plan helps turn that dream into a practical step, so when the time comes, their ambitions are met with preparation, not pressure. #IraadaKaro #EducationPlan #AskariLife #JeeloHarGhari No comments yet. Start the conversation. 3 May 22",https://www.instagram.com/askari_life/p/DYocT4HDkZs/,media/askari_life/DYocT4HDkZs.jpg,"Photo by Askari Life Assurance Company on May 22, 2026.",
TPL Life Insurance,direct,tpllife,DcK1y_ngGU4,p,2026-08-18,post_page,0,yes,"From Dubai to London and beyond, Globewell keeps you protected with access to medical providers in 185+ countries. -T&C Apply 👉 Visit https://tpllife.com/international-health-insurance-plan-globewell/ for more information. #TPL #TPLLife #Globewell #GlobalHealthInsurance #WorldwideInsurance No comments yet. Start the conversation. 3 August 17",https://www.instagram.com/tpllife/p/DcK1y_ngGU4/,media/tpllife/DcK1y_ngGU4.jpg,"Photo by TPL Life on August 17, 2026. May be an image of phone, poster, screen, globe, magazine and text that says 'TPLLife Access Worldwide Healthcare with Globewell FROM DUBAI to LONDON, GLOBEWELL HAS GOT YOUR BACK. Access to medical providers Acestomediclodrsin185 in 185+ countries GET GETAQUOTE A QUOTE www.tpllife.com'.",
TPL Life Insurance,direct,tpllife,DcAifPGiqQj,p,2026-08-14,post_page,1,yes,"From the vibrant hues of our cultural heritage to the spirit of unity that brings us together, Pakistan’s story is one of remarkable strength, diversity, and pride. At TPL, we believe our greatest strength lies in standing together, embracing our differences, celebrating what unites us, and playing our part in building a stronger, more prosperous Pakistan for generations to come. Happy 79th Independence Day! #TPL #TPLLife #14August2026 #PakistanZindabad #PakistanIndependenceDay No comments yet. Start the conversation. 2 August 13",https://www.instagram.com/tpllife/p/DcAifPGiqQj/,media/tpllife/DcAifPGiqQj.jpg,"Photo by TPL Life on August 13, 2026. May be an illustration of map, poster and text that says '$7b 79 Jear, Diverse in Culture. United in Pride for Pakistan. Happy Independence Day! TPLLife www.tpllife.com www.tp'.",
TPL Life Insurance,direct,tpllife,Db7pvpIFvNs,p,2026-08-12,post_page,2,yes,"We are pleased to announce the strategic partnership between TPL Life Insurance and Mobilink Bank, bringing life insurance solutions closer to customers across Pakistan. By combining Mobilink Bank’s extensive reach with TPL Life’s expertise in Micro Life Protection, this partnership marks another step towards making insurance more accessible and advancing financial inclusion. Together, we’re making protection more convenient, one community at a time. #TPLLife #MobilinkBank #LifeInsurance #Pakistan Saad Nissar | Atta Ur Rehman | Abbas Dosten Hote | Rubab Kazmi | Muhammad Hassan Warraich | Muhammad Sabih Ul Haque | Mohsin Raza | Mobilink Bank No comments yet. Start the conversation. 2 August 12",https://www.instagram.com/tpllife/p/Db7pvpIFvNs/,media/tpllife/Db7pvpIFvNs.jpg,"Photo by TPL Life on August 12, 2026. May be an image of one or more people, people standing, hamper, office and text.",
TPL Life Insurance,direct,tpllife,Db2NdLgCO4g,p,2026-08-09,alt_text,3,no,,https://www.instagram.com/tpllife/p/Db2NdLgCO4g/,media/tpllife/Db2NdLgCO4g.jpg,"Photo by TPL Life on August 09, 2026. May be an image of text that says 'TPLLife Access Warldwide Healthcare with HealthcarewithGlobewell Globewell YOUR HEALTH, INSURED WORLDWIDE. 24/7 Medical Assistance Worldwide GET A QUOTE www.tpllife.com'.",
TPL Life Insurance,direct,tpllife,DbpYV5UDu4L,p,2026-08-05,post_page,4,no,"A successful first half is built on strong partnerships and a shared commitment to delivering value. TPL Life was pleased to host the Dubai Islamic Bank team for an H1 2026 celebration lunch and presentation, providing an opportunity to reflect on our shared achievements, strengthen our collaboration, and look ahead to the opportunities that lie ahead. Here’s to continued partnership, greater impact, and an even stronger second half of the year. #TPLLife #DubaiIslamicBank #Partnership #BusinessGrowth Sarmad Ijaz| Syed Wajahat Ahmed | Farhan Asif | Khan Shaban | Mohsin Ali | Saad Nissar | Syed Kazim Hasan | Muhammad Sabih | DIB Pakistan No comments yet. Start the conversation. 2 August 4",https://www.instagram.com/tpllife/p/DbpYV5UDu4L/,media/tpllife/DbpYV5UDu4L.jpg,"Photo by TPL Life on August 04, 2026. May be an image of ‎banner, magazine, poster, office and ‎text that says '‎TPLLIfe الإسلامي دبي DIB Celebrating a Successful H1 2026 A journey defined by collaboration, trust, and shared achievements. H1 Pb 판면 ALSAN 420 4B0 CEOTOA KLCI เรซม Here's to stronger partnerships, greater impact, and an even stronger H2.‎'‎‎.",
TPL Life Insurance,direct,tpllife,DbSMK7XCNHi,p,2026-07-27,post_page,5,no,"Quality healthcare should be accessible no matter where you are in the world. Globewell connects you to trusted medical care internationally, helping you stay prepared for the unexpected. -T&C Apply 👉 Visit https://tpllife.com/international-health-insurance-plan-globewell/ for more information. #TPL #TPLLife #Globewell #GlobalHealthInsurance #WorldwideInsurance No comments yet. Start the conversation. 4 July 27",https://www.instagram.com/tpllife/p/DbSMK7XCNHi/,media/tpllife/DbSMK7XCNHi.jpg,"Photo by TPL Life on July 26, 2026. May be an image of screen, poster, magazine, hospital, office and text that says 'TPLLife → Access Worldwide Healthcare Heahncarwtobwe with Globewell WORLD-CLASS CLASS WORLD- HOSPITALS. ONE INTERNATIONAL PLAN. Coverage of up to $500 $500,000 GET A QUOTE www.tpllife.com www.tpll'.",
TPL Life Insurance,direct,tpllife,DbAO2HPgPVi,p,2026-07-20,post_page,6,no,"Planning your next getaway? Make sure your health is covered too. With extensive international coverage, Globewell helps you travel with greater confidence and peace of mind. -T&C Apply 👉 Visit https://tpllife.com/international-health-insurance-plan-globewell/ for more information. #TPL #TPLLife #Globewell #GlobalHealthInsurance #WorldwideInsurance No comments yet. Start the conversation. 2 July 19",https://www.instagram.com/tpllife/p/DbAO2HPgPVi/,media/tpllife/DbAO2HPgPVi.jpg,"Photo by TPL Life on July 19, 2026. May be an image of suitcase, magazine, poster and text that says 'TPLLIfe Access HeaAo Warldwide Healthcare with Globewell VACATIONING ABROAD? GLOBEWELL TRAVELS WITH YOU! Coverage of up to $500,000 $500, GET A QUOTE www.tpllife.com'.",
TPL Life Insurance,direct,tpllife,DauMnaKgFfh,p,2026-07-13,post_page,7,no,"Whether you're travelling for work or leisure, your health deserves global protection. Globewell gives you access to a wide network of medical providers across the world. -T&C Apply 👉 Visit https://tpllife.com/international-health-insurance-plan-globewell/ for more information. #TPL #TPLLife #Globewell #GlobalHealthInsurance #WorldwideInsurance No comments yet. Start the conversation. 3 July 12",https://www.instagram.com/tpllife/p/DauMnaKgFfh/,media/tpllife/DauMnaKgFfh.jpg,"Photo by TPL Life on July 12, 2026. May be an image of poster and text that says 'TPLLIfe Access Worldwide Healthcare with HsAe Globewell GLOBAL ADVENTURES DESERVE GLOBAL PROTECTION Access to medical providers in 185+ countries GET A QUOTE www.tpllife.com'.",
TPL Life Insurance,direct,tpllife,DZUBKHvCK9b,p,2026-06-07,alt_text,8,no,,https://www.instagram.com/tpllife/p/DZUBKHvCK9b/,media/tpllife/DZUBKHvCK9b.jpg,"Photo by TPL Life on June 07, 2026. May be an image of screen, poster and office.",
TPL Life Insurance,direct,tpllife,DZHJYUpgGo4,p,2026-06-03,post_page,9,no,"Quality healthcare doesn’t have to be expensive. Sehat Zindagi Individual & Family Plans offer coverage of up to PKR 1,250,000. -T&C Apply 👉 Visit, for more information: https://tpllife.com/sehat-zindagi/ #TPL #TPLLife #SehatZindagi #HealthInsurance #IndividualHealth #FamilyHealth No comments yet. Start the conversation. 2 June 3",https://www.instagram.com/tpllife/p/DZHJYUpgGo4/,media/tpllife/DZHJYUpgGo4.jpg,"Photo by TPL Life on June 02, 2026. May be an image of poster.",
TPL Life Insurance,direct,tpllife,DY04PKAiNdu,p,2026-05-27,post_page,10,no,"May this Eid bring peace to our homes, barakah to our lives, and happiness to everyone around us. Eid ul Adha Mubarak! #TPL #TPLLife #EidUlAdha #BakraEid #Eid2026 No comments yet. Start the conversation. 1 May 27",https://www.instagram.com/tpllife/p/DY04PKAiNdu/,media/tpllife/DY04PKAiNdu.jpg,"Photo by TPL Life on May 26, 2026.",
TPL Life Insurance,direct,tpllife,DYWPP3_ACKa,p,2026-05-15,post_page,11,no,"A world of care in one plan, delivering reliable protection and global medical access with coverage of up to $500,000. -T&C Apply 👉 Visit https://tpllife.com/international-health-insurance-plan-globewell/ for more information. #TPL #TPLLife #Globewell #GlobalHealthInsurance #WorldwideInsurance No comments yet. Start the conversation. 2 May 14",https://www.instagram.com/tpllife/p/DYWPP3_ACKa/,media/tpllife/DYWPP3_ACKa.jpg,"Photo by TPL Life on May 14, 2026.",
TPL Life Insurance,direct,tpllife,DYOdeXrAKcs,p,2026-05-12,post_page,12,no,"Wherever you are in the world, care is never far, with global health coverage and access to trusted medical providers across 185+ countries. -T&C Apply 👉 Visit https://tpllife.com/international-health-insurance-plan-globewell/ for more information. #TPL #TPLLife #Globewell #GlobalHealthInsurance #WorldwideInsurance No comments yet. Start the conversation. 3 May 12",https://www.instagram.com/tpllife/p/DYOdeXrAKcs/,media/tpllife/DYOdeXrAKcs.jpg,"Photo by TPL Life on May 11, 2026.",
TPL Life Insurance,direct,tpllife,DX_FT8ZAEla,p,2026-05-06,post_page,13,no,"No matter where you go, Globewell goes with you, offering up to $500,000 in coverage every step of the way. -T&C Apply 👉 Visit https://tpllife.com/international-health-insurance-plan-globewell/ for more information. #TPL #TPLLife #Globewell #GlobalHealthInsurance #WorldwideInsurance No comments yet. Start the conversation. 3 May 5",https://www.instagram.com/tpllife/p/DX_FT8ZAEla/,media/tpllife/DX_FT8ZAEla.jpg,"Photo by TPL Life on May 05, 2026.",
TPL Life Insurance,direct,tpllife,DXs_t1FABQ4,p,2026-04-29,post_page,14,no,"Move freely, live confidently, with access to emergency in-patient and out-patient care you can depend on anywhere in the world. -T&C Apply 👉 Visit https://tpllife.com/international-health-insurance-plan-globewell/ for more information. #TPL #TPLLife #Globewell #GlobalHealthInsurance #WorldwideInsurance No comments yet. Start the conversation. 3 April 28",https://www.instagram.com/tpllife/p/DXs_t1FABQ4/,media/tpllife/DXs_t1FABQ4.jpg,"Photo by TPL Life on April 28, 2026.",
TPL Life Insurance,direct,tpllife,DXdk-VIgFI8,p,2026-04-23,post_page,15,no,"Experience the confidence of premium protection with worldwide access to 24/7 medical assistance, because healthcare should never have limits. -T&C Apply 👉 Visit https://tpllife.com/international-health-insurance-plan-globewell/ for more information. #TPL #TPLLife #Globewell #GlobalHealthInsurance #WorldwideInsurance No comments yet. Start the conversation. 4 April 22",https://www.instagram.com/tpllife/p/DXdk-VIgFI8/,media/tpllife/DXdk-VIgFI8.jpg,"Photo by TPL Life on April 22, 2026.",
TPL Life Insurance,direct,tpllife,DWNuXNHj75W,p,2026-03-23,post_page,16,no,"This Pakistan Resolution Day, we honor the vision and courage of those who dared to dream of a nation, and the dedication it takes to keep building it, every day. At TPL Life, we take pride in contributing to Pakistan’s progress by safeguarding health, protecting families, and ensuring a healthier tomorrow for all. Pakistan Zindabad! #TPL #TPLLife #PakistanResolutionDay #23March #PakistanZindabad #ProudToBePakistani No comments yet. Start the conversation. 2 March 22",https://www.instagram.com/tpllife/p/DWNuXNHj75W/,media/tpllife/DWNuXNHj75W.jpg,"Photo by TPL Life on March 22, 2026.",
TPL Life Insurance,direct,tpllife,DWId6amDG2j,p,2026-03-20,alt_text,17,no,,https://www.instagram.com/tpllife/p/DWId6amDG2j/,media/tpllife/DWId6amDG2j.jpg,"Photo by TPL Life on March 20, 2026.",
TPL Life Insurance,direct,tpllife,DV7sHTPDvTQ,p,2026-03-16,post_page,18,no,"Your health, your choice, take charge with Sehat Zindagi. Our affordable Individual Health Insurance Plans put you in control, giving you access to quality care across Pakistan. 👉 Visit, for more information: https://tpllife.com/sehat-zindagi/ #TPL #TPLLife #SehatZindagi #HealthInsurance #IndividualHealth #FamilyHealth No comments yet. Start the conversation. 3 March 15",https://www.instagram.com/tpllife/p/DV7sHTPDvTQ/,media/tpllife/DV7sHTPDvTQ.jpg,"Photo by TPL Life on March 15, 2026.",
TPL Life Insurance,direct,tpllife,DVsPzeoiKTN,p,2026-03-09,alt_text,19,no,,https://www.instagram.com/tpllife/p/DVsPzeoiKTN/,media/tpllife/DVsPzeoiKTN.jpg,"Photo by TPL Life on March 09, 2026.",
TPL Life Insurance,direct,tpllife,DVaQG4agDC4,p,2026-03-03,post_page,20,no,"Health is your greatest wealth, and it deserves the best protection. With Sehat Zindagi, you can secure your future and your family’s well-being through reliable Individual and Family Plans designed to support you at every stage of life. 👉 Visit, for more information: https://tpllife.com/sehat-zindagi/ #TPL #TPLLife #SehatZindagi #HealthInsurance #IndividualHealth #FamilyHealth No comments yet. Start the conversation. 4 March 3",https://www.instagram.com/tpllife/p/DVaQG4agDC4/,media/tpllife/DVaQG4agDC4.jpg,"Photo by TPL Life on March 02, 2026.",
TPL Life Insurance,direct,tpllife,DVFqxuBgPVL,p,2026-02-23,post_page,21,no,"A good life starts with good health, and Sehat Zindagi by TPL Life makes sure you’re always in safe hands. With coverage at 300+ hospitals nationwide, you get easy access to quality medical care whenever you need it. 👉 Visit, for more information: https://tpllife.com/sehat-zindagi/ #TPL #TPLLife #SehatZindagi #HealthInsurance #IndividualHealth #FamilyHealth No comments yet. Start the conversation. 2 February 22",https://www.instagram.com/tpllife/p/DVFqxuBgPVL/,media/tpllife/DVFqxuBgPVL.jpg,"Photo by TPL Life on February 22, 2026.",
TPL Life Insurance,direct,tpllife,DUhnJSBjwnG,p,2026-02-09,post_page,22,no,"From important business trips to meaningful family stays, Globewell is with you every step of the way, offering coverage of up to $500,000. 👉 Visit, for more information: https://tpllife.com/international-health-insurance-plan-globewell/ #TPL #TPLLife #Globewell #GlobalHealthInsurance #WorldwideInsurance No comments yet. Start the conversation. 2 February 8",https://www.instagram.com/tpllife/p/DUhnJSBjwnG/,media/tpllife/DUhnJSBjwnG.jpg,"Photo by TPL Life on February 08, 2026.",
TPL Life Insurance,direct,tpllife,DUXRwi6jS6x,p,2026-02-05,post_page,23,no,"In every breeze, a story. In every mountain, a prayer. We stand in solidarity with the people of Kashmir! #TPL #TPLLife #KashmirDay #Solidarity No comments yet. Start the conversation. 3 February 4",https://www.instagram.com/tpllife/p/DUXRwi6jS6x/,media/tpllife/DUXRwi6jS6x.jpg,"Photo by TPL Life on February 04, 2026.",
Pak-Qatar Family Takaful,adjacent,pqftl_official,DciELVJiOxw,p,2026-08-26,alt_text,0,yes,,https://www.instagram.com/pqftl_official/p/DciELVJiOxw/,media/pqftl_official/DciELVJiOxw.jpg,"Photo by @pqftl_official on August 26, 2026. May be an image of ‎one or more people, phone, poster, telephone, magazine, office and ‎text that says '‎AA/AM2+ AA AM2+ + RatedbyVIS& Rated byV byVI PACRA Rated byPACRA with with Stable Stable outook oudook - FAMILY TAKAFUL IN UNCERTAIN MOMENTS, SUPPORT MATTERS MOST. Be there for the families behind your workforce. SE GROUP HEALTH TAKAFUL W1/ မူောပေ قحن C EMPLOYEE IDCARD (+9221)111725728| 111 (+92 11172572 21)111 info@pakqatar.com.pk www.pqftl.com.pk",
Pak-Qatar Family Takaful,adjacent,pqftl_official,DcdG-TJiCOi,p,2026-08-25,post_page,1,yes,,https://www.instagram.com/pqftl_official/p/DcdG-TJiCOi/,media/pqftl_official/DcdG-TJiCOi.jpg,"Photo by @pqftl_official on August 25, 2026.",
Pak-Qatar Family Takaful,adjacent,pqftl_official,DcaX5R-CNB3,p,2026-08-23,alt_text,2,yes,,https://www.instagram.com/pqftl_official/p/DcaX5R-CNB3/,media/pqftl_official/DcaX5R-CNB3.jpg,"Photo by @pqftl_official on August 23, 2026. May be an image of poster, magazine, outdoors and text that says 'AA /AM2+ + dbyV RatedbyVis& PACRA RstndbyPACRAwth byPACRA with Ratedby Stable Stable oudook Scahle oudook - FAMILY TAKAFUL RETIREMENT DESERVES CERTAINTY LIFETIME KAFALAT PLAN A guaranteed halaal pension for life, so tomorrow feels secure. Long- Term Security Protection for Loved Ones (+92 (+9221)111725728| 21)1 111 nfo@pakqatar.com.pk Shariah Compliant Pak-Qatar Family TakafulLimited Ta",
Pak-Qatar Family Takaful,adjacent,pqftl_official,DcQs_BUjKCa,p,2026-08-20,post_page,3,no,"𝑺𝒎𝒂𝒍𝒍 𝒔𝒕𝒆𝒑𝒔 𝒕𝒐𝒅𝒂𝒚. 𝑨 𝒃𝒊𝒈𝒈𝒆𝒓, 𝒎𝒐𝒓𝒆 𝒔𝒆𝒄𝒖𝒓𝒆 𝒇𝒖𝒕𝒖𝒓𝒆 𝒕𝒐𝒎𝒐𝒓𝒓𝒐𝒘. With 𝐌𝐚𝐡𝐧𝐚 𝐁𝐚𝐜𝐡𝐚𝐭 & 𝐓𝐚𝐤𝐚𝐟𝐮𝐥 𝐅𝐥𝐞𝐱𝐢 𝐏𝐥𝐚𝐧 , you can build your savings with flexibility while enjoying monthly Halaal profit and complimentary Takaful coverage. * Start from PKR 25,000 * Top up from PKR 1,000 * Complimentary Takaful Because every small saving can become a big future. Start saving. Start securing. Start building your tomorrow. For more information visit our website: https://lnkd.in/dHgyn_P8 #PakQatar #FamilyTakaful #MahnaBachat #TakafulFlexiPlan #HalaalSavings #SmartSavings #FinancialPlanning #SecureYourFuture No comments yet. Start the conversation. 4 7 days ago",https://www.instagram.com/pqftl_official/p/DcQs_BUjKCa/,media/pqftl_official/DcQs_BUjKCa.jpg,"Photo by @pqftl_official on August 20, 2026. May be an image of ‎poster, magazine and ‎text that says '‎AA/AM2+ AA AM2+ + RatedbyVIis Rated byV byVI PACRA RatndbyPACRAwith PACRA with Ratedby with Stablle Stahlle outook Scable oudook W/ ယ MONTHLY 7 ፓስች VIN PAK-QATAR FAMILY TAKAFUL 11 15 W1/ م SMALL STEPS. BIG FUTURE. MAHANA BACHAT & TAKAFUL FLEXI PLAN A flexible savings plan with monthly Halaal profit. Start from PKR 25,000 Top up from PKR 1,000 Complimentary Takaful (+92 (+9221)111725728| 27)11 ",
Pak-Qatar Family Takaful,adjacent,pqftl_official,DcOOz4CjJ_4,p,2026-08-19,alt_text,4,no,,https://www.instagram.com/pqftl_official/p/DcOOz4CjJ_4/,media/pqftl_official/DcOOz4CjJ_4.jpg,"Photo by @pqftl_official on August 19, 2026. May be a graphic of magazine, poster, plant and text that says 'AA AM2+ Rated by byVI PACRA PACRA with with Stablle Stable sudlock Stable ableoudook oudook ATN - FAMILY TAKAFUL BUILD TOMORROW FROM FROMTODAY. VOLUNTARY PENSION SCHEME Plan for a financially secure retirement with disciplined long-term savings. Up to *20% Tax Credit Retirement Planning Long- Long-Term Savings (+92 가ㄲ 171 1725 Pak-Qatar Family Takaful Limited info@pakqatar.com.pk neame1 I",
Pak-Qatar Family Takaful,adjacent,pqftl_official,Db-9UNvjBoR,p,2026-08-13,post_page,5,no,"Shaping the Future of Takaful At the ICMA Pakistan Future of Finance 2026 in Karachi, Mr. Waqas Ahmad, CEO – Pak-Qatar Family Takaful Limited, shared his insights as a panelist on the future of Pakistan’s financial landscape. He highlighted three key enablers for the next phase of Takaful growth: Product Innovation, Digital Processes, and Phygital Distribution. With a focus on innovation, technology and financial inclusion, Pak-Qatar Family Takaful Limited continues to contribute towards building a stronger and more future-ready Takaful ecosystem in Pakistan. #PakQatar #PQFTL #FutureOfFinance #ICMAPakistan #Takaful #FinancialInnovation #DigitalTransformatio No comments yet. Start the conversation. 6 August 13",https://www.instagram.com/pqftl_official/p/Db-9UNvjBoR/,media/pqftl_official/Db-9UNvjBoR.jpg,"Photo by @pqftl_official on August 13, 2026.",
Pak-Qatar Family Takaful,adjacent,pqftl_official,Db5B8ZcDDwK,p,2026-08-11,alt_text,6,no,,https://www.instagram.com/pqftl_official/p/Db5B8ZcDDwK/,media/pqftl_official/Db5B8ZcDDwK.jpg,"Photo by @pqftl_official on August 11, 2026. May be an image of poster and text that says 'AA/AM2+ Rated byviss PACRA Rated PACRAW utlook PAK-QATAR FAMILY TAKAFUL Following the successful appointments, being the FIRST Takaful Operator, as Authorized Pension Fund Manager by Khyber Pakhtunkhwa, Punjab & Balochistan We are proud to announce Pak-Qatar Family Takaful has now been appointed by the Federal Government of Pakistan to manage defined pension funds. Lifelong pension with Pak-Qatar Pak only ",
Pak-Qatar Family Takaful,adjacent,pqftl_official,DbvX7bhPajD,reel,2026-08-07,post_page,7,no,"تنخواہ آتے ہی سارے خرچے سامنے آ جاتے ہیں، لیکن کیا ہو اگر آپ کی حلال بچت ہر ماہ آپ کی آمدنی کا سہارا بن جائے؟ پاک-قطر فیملی تکافل کا ماہانہ بچت اینڈ تکافل فلیکسی پلان اپنائیں اور صرف 25,000 روپے سے باقاعدہ ماہانہ آمدنی اور مفت تکافل کوریج کا فائدہ اٹھائیں۔ امکانات کو حقیقت بنائیں اور اپنے بچوں کے روشن مستقبل کو محفوظ کریں! ✨ مزید معلومات کے لیے ہماری ویب سائٹ وزٹ کریں: https://pqftl.com.pk/mahana-bachat-takaful-flexi-plan-3/ ابھی رابطہ کریں: UAN +92 21 111 725 728 No comments yet. Start the conversation. 4 August 7",https://www.instagram.com/pqftl_official/reel/DbvX7bhPajD/,media/pqftl_official/DbvX7bhPajD.jpg,"Video by @pqftl_official on August 07, 2026. May be an illustration of ‎magazine, poster and ‎text that says '‎AA/ AM2 AA/AM2+ + FaACA Rated byM byMI5& PACRA Raedb Ratedby RanedbyPACRA ลีปา KE ahe outlook Statle Stableudoo P ahlae cudook ساتق PAK-QATAR FAMILY FAMILYTAKAFUL TAKAFUL A APak-Qatar Group Company: Pakistan's Premier and Pioneer Islamic Financial Services Group‎'‎‎.",
Pak-Qatar Family Takaful,adjacent,pqftl_official,DbUy7M5DMow,p,2026-07-28,post_page,8,no,"Hepatitis is silent, but awareness can make all the difference. This World Hepatitis Day, take a step toward protecting yourself and your loved ones. Get tested, stay informed, and encourage others to do the same. Early detection saves lives. #WorldHepatitisDay #KnowYourStatus #GetTested #HealthAwareness #PakQatarGroup No comments yet. Start the conversation. 2 July 27",https://www.instagram.com/pqftl_official/p/DbUy7M5DMow/,media/pqftl_official/DbUy7M5DMow.jpg,"Photo by @pqftl_official on July 27, 2026. May be an image of ‎poster and ‎text that says '‎- پاقظر PAK-QATAR OATAR - FAMILY TAKATUL پالقظر PAK-QATAR GROUP PAK-QATAR GENERALT GENERAI TAKAFUL WORLD HEPATITIS DAY The Silent Disease Needs a Loud Voice Don't Wait for Symptoms, Get Tested Today Early Detection Saves Lives Pakistan's Premier and Pioneer Islamic Financial ervices Group‎'‎‎.",
Pak-Qatar Family Takaful,adjacent,pqftl_official,DbKhUFcPC8Z,reel,2026-07-24,post_page,9,no,,https://www.instagram.com/pqftl_official/reel/DbKhUFcPC8Z/,media/pqftl_official/DbKhUFcPC8Z.jpg,"Video by @pqftl_official on July 23, 2026. May be an image of one or more people, thermostat, screen, poster and text that says 'AA/ AA/AM2+ AM2+ Fotad lNoyBNCEAW LyVIS& &PACRA RatadyP R atadry PACRA with tbke Stbkou outlok rlock cablecutook - PAK- FAMILY AMILYTAKAFUL TAKAFUL Pak-Qatar Family Jakafull mitedi Pak-Gata Group Company Pakistan's Premier& slamic inancial Group'.",
Pak-Qatar Family Takaful,adjacent,pqftl_official,DbDTAzQDIBc,p,2026-07-21,post_page,10,no,"Congratulations to our valued Bancatakaful partner, DIB, on being recognized with the Best Bancassurance/Bancatakaful Initiative Award. At Pak-Qatar Family Takaful Limited, we are proud to partner with an institution that continues to set new benchmarks in innovation, customer excellence, and Shariah-compliant financial solutions. This well-deserved recognition reflects DIB Pakistan's consistent commitment to delivering exceptional value and advancing the growth of the bancatakaful industry in Pakistan. We look forward to strengthening our partnership and achieving many more milestones together. Congratulations to the entire Dubai Islamic Bank Pakistan team on this remarkable achievement! #PakQatarFamilyTakaful #DubaiIslamicBankPakistan #Bancatakaful #IIC2026 #IAP #PSOA #Insurance #Takaful #Partnership #ShariahCompliant #FinancialProtection No comments yet. Start the conversation. 3 July",https://www.instagram.com/pqftl_official/p/DbDTAzQDIBc/,media/pqftl_official/DbDTAzQDIBc.jpg,"Photo by @pqftl_official on July 21, 2026. May be a graphic of ‎one or more people, beard, suit, magazine, dinner jacket, poster, blazer and ‎text that says '‎AA AA/AM2+ Raced byvis& PACRA Ratod with Stable rlock stable audlock PSOA SOA CONPERENICE IIC بافظار TERHATIONAL CONFERENCE INTERHATIONAL IIC PSOA P .. - PAK- INTER FAMILY TAKAFUL मैी な IAP IIC INTERNATIONAL KTERHaTЮMAb CONFERENCE P BONAL RANCE COM PS C PSC am Ne JA Congratulationg Congratu to our esteemed Bancatakaful partner, Dubai Islam",
Pak-Qatar Family Takaful,adjacent,pqftl_official,DbAYGZ1DF0h,p,2026-07-20,post_page,11,no,What if your savings paid you every month? Turn your monthly savings into a second pay cheque with Mahana Bachat & Takaful Flexi Plan. Enjoy regular monthly benefits while securing your family's financial future through Shariah-compliant protection. 📈 Save Smart. Earn Monthly. Stay Protected. 📞For more information visit our website: https://pqftl.com.pk/mahana-bachat-takaful-flexi-plan-3/ #PakQatarFamilyTakaful #MahanaBachat #SecondPayCheque #MonthlyIncome #SmartSavings #FinancialSecurity #Takaful #ShariahCompliant #InvestInYourFuture No comments yet. Start the conversation. 3 July 20,https://www.instagram.com/pqftl_official/p/DbAYGZ1DF0h/,media/pqftl_official/DbAYGZ1DF0h.jpg,"Photo by @pqftl_official on July 20, 2026. May be an image of poster, cash machine, magazine, office and text that says 'AM2+ AA/AM2+ + RatedbyViS by yVIS& PACRA Rated with Stableou Stahlle oudook ableoudook oudook PAK-QATAR FAMILY TAKAFUL THE SECOND PAYCHEQUE Extra monthly support with added protection with MHN BACHAT & TAKAFUL FLEXI PLAN now 2も Mahana Bachat Monthly Profit Received PKR 2,000 now Salary Received PKR 85,000 Get Started Today! (+9221)1725728| 7) 111 (+92 21)111 info@pakqatar.com.",
Pak-Qatar Family Takaful,adjacent,pqftl_official,DarcmKtiGeJ,p,2026-07-11,alt_text,12,no,,https://www.instagram.com/pqftl_official/p/DarcmKtiGeJ/,media/pqftl_official/DarcmKtiGeJ.jpg,"Photo by @pqftl_official on July 11, 2026. May be an image of poster, magazine, dais and text that says 'AA/AM2+ AM2+ Raced byMIS 有 &PACRA Panedby with able oatlak outlok lel Awarded for surpas Laron PAK-QATAR FAMILY TAKAFUL Pak- ak-Qatar Family Takaful Limited honored with prestigious award at the 14th International Takaful Summit 2026, London, United Kingdom. 진용우수 109 Awards Ceren ዞ TAKAFUL Jume. -Inedkty2838 าก Ka PO 떡골드o Sarlalo C peBaю る 福ー Pak-Qatar Family Limited: Pak-Qatar Group Company,",
Pak-Qatar Family Takaful,adjacent,pqftl_official,DanDYFvDL2-,p,2026-07-10,alt_text,13,no,,https://www.instagram.com/pqftl_official/p/DanDYFvDL2-/,media/pqftl_official/DanDYFvDL2-.jpg,"Photo by @pqftl_official on July 10, 2026. May be an image of ‎money, poster, card, magazine and ‎text that says '‎AA/ AA/AM2+ AM2+ Racedby Raced dbyVIs VIS& PACRA Rateby PACRA RabedbyPACRAWith PACRAW พยา tStablout tablu outlook -cutlook بافم - FAMILY TAKAFUL YOUR SALARY MAY STOP, YOUR INCOME SHOULDN'T Plan today for guaranteed Shariah compliant income for life with LIFETIME KAFALAT PLAN (+922 (+9221)111725728 111 info@pakqatar.com.pk www.pqftl.com.pk Pak-Qatar Group Company: Pakistan's Premier ",
Pak-Qatar Family Takaful,adjacent,pqftl_official,DahxcHLjPlC,p,2026-07-08,alt_text,14,no,,https://www.instagram.com/pqftl_official/p/DahxcHLjPlC/,media/pqftl_official/DahxcHLjPlC.jpg,"Photo by @pqftl_official on July 08, 2026. May be an image of poster and text that says 'AA AA/AM2+ AM2 Raned dbyV yVIS RanedbyVIS PACRA Rabed PACRA with ascbl sebl udook outlock PAK-QATAR FAMILY TAKAFUL SMART PLANNING TODAY. SECURE TOMORROW. Build a strong financial foundation for your family's future with HN BACHAT & TAKAFUL FLEXI PLAN FUTURE SECURITY SAVINGS GROWTH TAKAFUL PROTECTION (+92 21) 111 17 725 728 MONTHLY INCOME info@pakqatar.com.pk info@ .com.pk A Pak- Qatar Group Company: Pakistan",
Pak-Qatar Family Takaful,adjacent,pqftl_official,DacoAXLDNrF,p,2026-07-06,post_page,15,no,"Your child's dreams deserve a future that's protected. 🎓✨ School fees don't wait—and neither should your planning. With Pak-Qatar Family Takaful's ABC Education Takaful Plan, you can build a secure financial foundation for your child's education while staying prepared for life's uncertainties. ✅ Start Early 📚 Support Every Milestone 🛡️ Protect Their Future Invest in their education today, so they can achieve their dreams tomorrow. #PakQatarFamilyTakaful #ABCEducationTakafulPlan #EducationPlanning #SecureTheirFuture #ChildEducation #FinancialPlanning No comments yet. Start the conversation. 2 1 July 6",https://www.instagram.com/pqftl_official/p/DacoAXLDNrF/,media/pqftl_official/DacoAXLDNrF.jpg,"Photo by @pqftl_official on July 06, 2026. May be an image of poster and text that says 'AA/ AA/AM2+ AM2 Rated byI PACRA Raced PANCRA with ช่า Stable oudook oudlook PAK-QATAR FAMILY TAKAFUL SCHOOL FEES WON'T WAIT FOR LIFE TO SETTLE! ABC EDUCATION TAKAFUL PLAN secures your child's education journey, today and tomorrow. MATHEMATICS Start Early Education Support Future Protection A Qatar Group Company: Pakistan's Premler and Ploneer Islamic Financlal Services Group'.",
Pak-Qatar Family Takaful,adjacent,pqftl_official,DaNfi65DD1C,p,2026-06-30,alt_text,16,no,,https://www.instagram.com/pqftl_official/p/DaNfi65DD1C/,media/pqftl_official/DaNfi65DD1C.jpg,"Photo by @pqftl_official on June 30, 2026. May be an image of poster, magazine and text that says 'AA AM2- AA/AM2+ + Raned dbyv VIS& PACRA wiath with rbl aSable sudook Stable outlook -T FAMILY TAKAFUL WV/I BILLS DON'T RETIRE WHEN YOU DO. LIFETIME KAFALAT PLAN helps you prepare for a more certain tomorrow. Lifetime Guarantee Complimentary Takaful coverage Contribution starts PKR 500 only Shariah Compliant nECnHyPyBиE 成. sceFTN MИЛИ 20FAL JNEA0 AMLODIPIN A Pak-Qatar Group CoTpany: Pakistan's Premi",
Pak-Qatar Family Takaful,adjacent,pqftl_official,DaKodESPbya,reel,2026-06-29,post_page,17,no,"Build your savings with confidence through the Mahana Bachat & Takaful Flexi Plan and enjoy superior monthly returns, complimentary Takaful cover, and a range of exclusive value-added services—all starting from just Rs. 25,000. ✨ Shariah-compliant savings 📈 Superior monthly returns 🛡️ Complimentary Takaful protection 💼 Flexible and rewarding investment Take the first step towards a financially secure future today. 📞 Call: 111-725-728 📲 Open your digital account now: https://pqfs.pakqatar.com.pk/customer #PakQatar #PakQatarFamilyTakaful #MahanaBachatPlan #ShariahCompliant #Takaful #IslamicFinance #SmartSavings #FinancialSecurity #MonthlyReturns #WealthCreation #InvestSmart No comments yet. Start the conversation. 3 June 29",https://www.instagram.com/pqftl_official/reel/DaKodESPbya/,media/pqftl_official/DaKodESPbya.jpg,"Video by @pqftl_official on June 29, 2026. May be an illustration of magazine, poster and text that says 'AA/AM2+ Raned yA6 AA! PACRA Ratedby AM2 sa d พลรัม outlook Stabla Stable Guddook JML a - FAMILY FAMILYTAKAFUL TAKAFUL A APak-Qatar Group Company: Pakistan's Premier and Ploneer Islamic Financlal Services Group'.",
Pak-Qatar Family Takaful,adjacent,pqftl_official,DZ93kryDMWJ,p,2026-06-24,post_page,18,no,"Because every employee’s wellbeing is connected to the wellbeing of their loved ones. A caring organization looks beyond the workplace and recognizes the families who depend on its people. With Group Family Takaful, employers can provide valuable financial protection against accidental death, disability, and accidental medical expenses, helping employees face life's uncertainties with greater confidence and peace of mind. Group Family Takaful is designed to support employees and their dependents when they need it most. Protect your people. Strengthen your organization. To explore how Group Family Takaful can be aligned with your organization’s needs, please visit: https://pqftl.com.pk/group-family/ #PakQatarFamilyTakaful #GroupFamilyTakaful #EmployeeBenefits #FinancialProtection #ShariahCompliant #Takaful #WorkforceWellbeing #CorporateSolutions #ProtectingFamilies #PakQatarGroup No comme",https://www.instagram.com/pqftl_official/p/DZ93kryDMWJ/,media/pqftl_official/DZ93kryDMWJ.jpg,"Photo by @pqftl_official on June 24, 2026. May be an image of one or more people, poster, card, magazine and text that says 'A AM2+ RaredbyVI5 dbpVI bpVI5 FACRA Raredhy hyPACRA ท่า tScbko abl udook outlook PAK-QATAR FAMILY TAKAFUL BEHIND EVERY EMPLOYEE ISA FAMILY THAT COUNTS ON THEM Be the reason their future stays secure with Group Family Takaful ርህሮ Natural Death Accidental Death Accidental/ Natura Disability Accidental Medical Expense A Pak-Qatar Group CoTpany: Pakistan's Premier and Pioneer ",
Pak-Qatar Family Takaful,adjacent,pqftl_official,DZ6wOC8DJQd,p,2026-06-23,post_page,19,no,"Enjoy Shariah-Compliant Monthly Returns with Complimentary Takaful Coverage. Secure your financial future with Pak-Qatar’s Mahana Bachat & Takaful Flexi Plan, offering the dual benefit of regular monthly income and built-in Takaful protection. With an annualized return of 9.51% generated in June 2026, your savings have the potential to grow while supporting your financial goals. Start investing with as little as PKR 25,000 and benefit from a flexible savings solution designed to provide steady monthly returns and added peace of mind through complimentary Takaful coverage. Invest smarter, earn regularly, and stay protected; all in a Shariah-compliant way. #PakQatar #PakQatarFamilyTakaful #MahanaBachatPlan #FlexiPlan #ShariahCompliant #MonthlyReturns #SmartSavings #FinancialGrowth #Takaful No comments yet. Start the conversation. 2 June 22",https://www.instagram.com/pqftl_official/p/DZ6wOC8DJQd/,media/pqftl_official/DZ6wOC8DJQd.jpg,"Photo by @pqftl_official on June 22, 2026. May be an image of text that says 'AA/AM2+ Ratad PACRA RabedyPACRA Ratedtr with oudook Scablle oudoo MAHANA BACHAT TAKAFUL FLEXI PLAN PAK-QATAR FAMILY TAKAFUL 9.51% month to date return* *till June 19, 2026 Complimentary Takaful Coverage Up to 10 times of your balance and p to PKR 50 million Value Added Discounts Discount % 40% Discount on Term Takaful Discounted (Individual Hospitalization Takaful) 25% Discount Motor Takaful (Travel Takaful) 25% Discou",
Pak-Qatar Family Takaful,adjacent,pqftl_official,DZzevsqDPnF,p,2026-06-20,post_page,20,no,"شرعی اصولوں کے مطابق ماہانہ منافع، تکافل تحفظ کے ساتھ پاک قطر کے ماہانہ بچت اینڈ تکافل فلیکسی پلان کے ذریعے اپنی بچت پر شرعی اصولوں کے مطابق ماہانہ منافع حاصل کریں اور ساتھ ہی اعزازی تکافل کوریج سے بھی مستفید ہوں۔ مئی 2026 میں حاصل ہونے والی 9.01% سالانہ متوقع منافع کی شرح کے ساتھ، آپ کی بچت آپ کے مالی اہداف کے حصول میں مؤثر کردار ادا کر سکتی ہے۔ صرف 25,000 روپے سے آغاز کریں اور باقاعدہ ماہانہ آمدن کے ساتھ وہ اطمینان حاصل کریں جو تکافل تحفظ فراہم کرتا ہے۔ مزید معلومات کے لئے ویب سائٹ لنک پر کلک کریں: https://pqftl.com.pk/mahana-bachat-takaful-flexi-plan-3/ #PakQatar #PakQatarFamilyTakaful #MahanaBachatPlan #FlexiPlan #ShariahCompliant #MonthlyReturns #SmartSavings #FinancialGrowth #Takaful No comments yet. Start the conversation. 3 June 20",https://www.instagram.com/pqftl_official/p/DZzevsqDPnF/,media/pqftl_official/DZzevsqDPnF.jpg,"Photo by @pqftl_official on June 20, 2026. May be a graphic of poster and text.",
Pak-Qatar Family Takaful,adjacent,pqftl_official,DZwlKsTjPH0,p,2026-06-19,post_page,21,no,"Your employees are your greatest asset. When their health is protected, productivity improves, engagement grows, and businesses perform better. With Pak-Qatar Group Health Takaful, provide comprehensive, Shariah-compliant healthcare protection for your workforce and support their well-being with confidence. Learn more: https://pqftl.com.pk/group-health/ #PakQatar #GroupHealthTakaful #EmployeeWellbeing #WorkforceProtection #CorporateSolutions #HealthcareCoverage #ShariahCompliant #TakafulForAll No comments yet. Start the conversation. 1 June 19",https://www.instagram.com/pqftl_official/p/DZwlKsTjPH0/,media/pqftl_official/DZwlKsTjPH0.jpg,"Photo by @pqftl_official on June 19, 2026. May be an image of phone, office and text that says 'PAK-OATAR PAK FAMILY TAKAFUL PROTECTYO YOUR WORKFORCEWITH PAK-QATAR GROUP HEALTH TAKAFUL HEALTH HEALTH ហា PROOUCTNITY PRODUCTIVITY ENGAGEMENT RETENTION RETENTION GROWTH Give your employees the peace Giveyouremployesthepeae. of mind they deserve!'.",
Pak-Qatar Family Takaful,adjacent,pqftl_official,DZpOo5cDMeX,p,2026-06-16,post_page,22,no,بچت کریں اور کمائیں حلال منافع! اپنی بچت کو ایک ایسے حل کے ساتھ بڑھائیں جو آپ کی اقدار سے ہم آہنگ ہو۔ پاک قطر ماہانہ بچت اینڈ تکافل فلیکسی پلان آپ کو باقاعدہ حلال منافع کمانے کا موقع فراہم کرتا ہے، ساتھ ہی سرمایہ کے تحفظ، مفت تکافل کوریج اور مالی ضروریات کے مطابق مکمل لچک بھی دیتا ہے۔ مستقبل کے اہداف ہوں یا مالی تحفظ کا مضبوط ذریعہ، یہ ایک سمارٹ اور شریعہ کمپلائنٹ انتخاب ہے جو آپ کو ہمیشہ تیار رکھتا ہے۔ مذید معلومات کے لنک پر کلک کریں: https://pqftl.com.pk/mahana-bachat-takaful-flexi-plan-3/ #PakQatarFamilyTakaful #MBTFlexiPlan #HalalMunafa #SmartSavings #Takaful #FinancialPlanning #ShariahCompliant No comments yet. Start the conversation. 2 June 16,https://www.instagram.com/pqftl_official/p/DZpOo5cDMeX/,media/pqftl_official/DZpOo5cDMeX.jpg,"Photo by @pqftl_official on June 16, 2026. May be an image of poster.",
Pak-Qatar Family Takaful,adjacent,pqftl_official,DZmXlDMDMOa,p,2026-06-15,alt_text,23,no,,https://www.instagram.com/pqftl_official/p/DZmXlDMDMOa/,media/pqftl_official/DZmXlDMDMOa.jpg,"Photo by @pqftl_official on June 15, 2026.",
Dawood Family Takaful,adjacent,dawoodfamilytakafulofficial,DKg6sGpNq_k,p,2025-06-05,post_page,0,yes,"Your family's safety, your peace of mind. Choose Sarmaya Takaful Plan for hassle-free withdrawals and Shariah-compliant protection. For Details Call: +92 21 111 338 786 #DawoodFamilyTakaful #SecureFuture #InvestmentSaving #TakafulPlan safiurrehmankhan1 61w Done on Facebook Like Reply 12 1 June 5, 2025",https://www.instagram.com/dawoodfamilytakafulofficial/p/DKg6sGpNq_k/,media/dawoodfamilytakafulofficial/DKg6sGpNq_k.jpg,"Photo by Dawood family takaful on June 05, 2025.",
Dawood Family Takaful,adjacent,dawoodfamilytakafulofficial,DKcJknbtstL,p,2025-06-03,post_page,1,yes,"Takaful offers more than just life protection. It’s a comprehensive, safeguard your health, secure your children’s education, plan for retirement, and even invest for the future. With Dawood Family Takaful, you're not just covered — you're fully protected, from every angle. For Details Call: +92 21 111 338 786 #FullCircleProtection #TakafulMadeSimple #DawoodFamilyTakaful #ShariahCompliant No comments yet. Start the conversation. 9 June 3, 2025",https://www.instagram.com/dawoodfamilytakafulofficial/p/DKcJknbtstL/,media/dawoodfamilytakafulofficial/DKcJknbtstL.jpg,"Photo by Dawood family takaful on June 03, 2025.",
Dawood Family Takaful,adjacent,dawoodfamilytakafulofficial,DKUmrwSOwIY,p,2025-05-31,alt_text,2,yes,,https://www.instagram.com/dawoodfamilytakafulofficial/p/DKUmrwSOwIY/,media/dawoodfamilytakafulofficial/DKUmrwSOwIY.jpg,"Photo by Dawood family takaful on May 31, 2025.",
Dawood Family Takaful,adjacent,dawoodfamilytakafulofficial,DKRI67-tiN4,p,2025-05-30,post_page,3,no,"Faith and planning go hand in hand. Secure your future with Takaful — a Shariah-compliant solution to protect what matters most. #DawoodFamilyTakaful #TakafulWisdom #FaithAndFinance No comments yet. Start the conversation. 6 May 29, 2025",https://www.instagram.com/dawoodfamilytakafulofficial/p/DKRI67-tiN4/,media/dawoodfamilytakafulofficial/DKRI67-tiN4.jpg,"Photo by Dawood family takaful on May 29, 2025.",
Dawood Family Takaful,adjacent,dawoodfamilytakafulofficial,DKLt2M6v0Dc,p,2025-05-28,post_page,4,no,"Youm-e-Takbeer reminds us of the day Pakistan rose with unmatched resolve. 28-May-1998 – a milestone that echoes our nation's strength, determination, and independence. #DawoodFamilyTakaful #YoumETakbeer #28May1998 #NationalPride No comments yet. Start the conversation. 3 May 27, 2025",https://www.instagram.com/dawoodfamilytakafulofficial/p/DKLt2M6v0Dc/,media/dawoodfamilytakafulofficial/DKLt2M6v0Dc.jpg,"Photo by Dawood family takaful on May 27, 2025.",
Dawood Family Takaful,adjacent,dawoodfamilytakafulofficial,DKHIC7_tjkx,p,2025-05-26,post_page,5,no,"Education is one of the greatest gifts you can give. The Samar Takaful plan ensures your child’s education is protected, no matter what. This Shariah-compliant plan covers tuition fees, and more, offering peace of mind for parents who want to secure their child’s future. Invest in your child’s dreams today with Samar Takaful. For Details Call: +92 21 111 338 786 #DawoodFamilyTakaful #SamarTakaful #SecureEducation #TakafulForFuture No comments yet. Start the conversation. 3 May 26, 2025",https://www.instagram.com/dawoodfamilytakafulofficial/p/DKHIC7_tjkx/,media/dawoodfamilytakafulofficial/DKHIC7_tjkx.jpg,"Photo by Dawood family takaful on May 26, 2025.",
Dawood Family Takaful,adjacent,dawoodfamilytakafulofficial,DJ_kjMmtmkh,p,2025-05-23,alt_text,6,no,,https://www.instagram.com/dawoodfamilytakafulofficial/p/DJ_kjMmtmkh/,media/dawoodfamilytakafulofficial/DJ_kjMmtmkh.jpg,"Photo by Dawood family takaful on May 23, 2025.",
Dawood Family Takaful,adjacent,dawoodfamilytakafulofficial,DJ0_ugxt7-x,p,2025-05-19,alt_text,7,no,,https://www.instagram.com/dawoodfamilytakafulofficial/p/DJ0_ugxt7-x/,media/dawoodfamilytakafulofficial/DJ0_ugxt7-x.jpg,"Photo by Dawood family takaful on May 19, 2025.",
Dawood Family Takaful,adjacent,dawoodfamilytakafulofficial,DJqqGDsNdlO,p,2025-05-15,alt_text,8,no,,https://www.instagram.com/dawoodfamilytakafulofficial/p/DJqqGDsNdlO/,media/dawoodfamilytakafulofficial/DJqqGDsNdlO.jpg,"Photo by Dawood family takaful on May 15, 2025.",
Dawood Family Takaful,adjacent,dawoodfamilytakafulofficial,DJlsQMStTvl,p,2025-05-13,post_page,9,no,"We salute the brave souls who stand tall to protect our skies, borders, and honor. Your courage is our strength — your service, our pride. #PakistansPride #ProudOfOurDefenders #PakistanZindabad #DefendersOfPakistan #SaluteToArmedForces #PakistanArmy #AirForce #NationFirst #DawoodFamilyTakaful No comments yet. Start the conversation. 2 May 13, 2025",https://www.instagram.com/dawoodfamilytakafulofficial/p/DJlsQMStTvl/,media/dawoodfamilytakafulofficial/DJlsQMStTvl.jpg,"Photo by Dawood family takaful on May 13, 2025.",
Dawood Family Takaful,adjacent,dawoodfamilytakafulofficial,DJbGZ9lodTR,p,2025-05-08,alt_text,10,no,,https://www.instagram.com/dawoodfamilytakafulofficial/p/DJbGZ9lodTR/,media/dawoodfamilytakafulofficial/DJbGZ9lodTR.jpg,"Photo by Dawood family takaful on May 08, 2025.",
Dawood Family Takaful,adjacent,dawoodfamilytakafulofficial,DJWnn_7oIze,p,2025-05-07,post_page,11,no,"As tensions rise along the borders, it's more important than ever to stand in unity and support our courageous Pakistan Army. These are the defenders of our nation, our peace, and our sovereignty. Let this be a reminder to every citizen: national defence is not just the duty of our armed forces—it's a collective spirit. Stay informed. Stay prepared. Stay united. Pakistan Zindabad! #DAWOODFAMILYTAKAFUL #supportpak #PakFaujZindabad #WeStandWithPakArmy No comments yet. Start the conversation. 7 May 7, 2025",https://www.instagram.com/dawoodfamilytakafulofficial/p/DJWnn_7oIze/,media/dawoodfamilytakafulofficial/DJWnn_7oIze.jpg,"Photo by Dawood family takaful on May 07, 2025.",
Dawood Family Takaful,adjacent,dawoodfamilytakafulofficial,DJFOnK9JpTa,p,2025-04-30,post_page,12,no,"Honoring the resilience and progress of workers everywhere. Here's to a future where every worker is valued and empowered. #DawoodFamilyTakaful #PartnerForLife #1stMay #LabourDay #RespectAndProgress #Labourempowerment No comments yet. Start the conversation. 4 April 30, 2025",https://www.instagram.com/dawoodfamilytakafulofficial/p/DJFOnK9JpTa/,media/dawoodfamilytakafulofficial/DJFOnK9JpTa.jpg,"Photo by Dawood family takaful on April 30, 2025.",
Dawood Family Takaful,adjacent,dawoodfamilytakafulofficial,DIveFbmoD5s,p,2025-04-22,post_page,13,no,"Be the change our planet needs. #EarthDay2025 #DFTL #DawoodFamilyTakaful #ShariahCompliant #PartnerForLife No comments yet. Start the conversation. 3 April 22, 2025",https://www.instagram.com/dawoodfamilytakafulofficial/p/DIveFbmoD5s/,media/dawoodfamilytakafulofficial/DIveFbmoD5s.jpg,"Photo by Dawood family takaful on April 22, 2025.",
Dawood Family Takaful,adjacent,dawoodfamilytakafulofficial,DIlneVloZ1N,p,2025-04-18,post_page,14,no,"We’re Here to Make Life Easier Plan your healthy future with the Sahulat Takaful Plan from DFTL. Enjoy simple, useful, and halal protection — made just for you. ✅ Easy process ✅ Peace of mind For Details +92 21 111 338 786 #DwooodFamilyTakaful #DFTL #PartnerForLife #Sahulat #protectyoufamily No comments yet. Start the conversation. 3 April 18, 2025",https://www.instagram.com/dawoodfamilytakafulofficial/p/DIlneVloZ1N/,media/dawoodfamilytakafulofficial/DIlneVloZ1N.jpg,"Photo by Dawood family takaful on April 18, 2025.",
Dawood Family Takaful,adjacent,dawoodfamilytakafulofficial,DIThYVNIvjz,p,2025-04-11,alt_text,15,no,,https://www.instagram.com/dawoodfamilytakafulofficial/p/DIThYVNIvjz/,media/dawoodfamilytakafulofficial/DIThYVNIvjz.jpg,"Photo by Dawood family takaful on April 11, 2025.",
Dawood Family Takaful,adjacent,dawoodfamilytakafulofficial,DH1Kjv7onSJ,p,2025-03-30,post_page,16,no,"🌙 Eid Mubarak! Wishing you a day filled with love, laughter, and endless blessings. May this Eid bring joy to your heart and peace to your home. 💛🕌🌿 #EidMubarak #Eid2025 #PartnerForLife #DFTL #DawoodFamilyTakafulltd #Celebration #joyandpeacetotheworld No comments yet. Start the conversation. 4 March 30, 2025",https://www.instagram.com/dawoodfamilytakafulofficial/p/DH1Kjv7onSJ/,media/dawoodfamilytakafulofficial/DH1Kjv7onSJ.jpg,"Photo by Dawood family takaful on March 30, 2025.",
Dawood Family Takaful,adjacent,dawoodfamilytakafulofficial,DHtrdgXPKTH,p,2025-03-27,post_page,17,no,"The Last Friday of Ramadan, a Day of Blessings and Prayers. May Allah accept our fasts and grant us His mercy. Jumah Tul Vida, the last Friday of Ramadan, holds immense spiritual significance. It is a day to seek forgiveness, offer heartfelt prayers, and strengthen our connection with Allah. As this holy month comes to an end, let’s make the most of this blessed day by engaging in worship, charity, and kindness. May Allah bless us all with His infinite mercy. Ameen. #DFTL #PartnerForLife #JumahTulVida #BlessedFriday No comments yet. Start the conversation. 6 March 27, 2025",https://www.instagram.com/dawoodfamilytakafulofficial/p/DHtrdgXPKTH/,media/dawoodfamilytakafulofficial/DHtrdgXPKTH.jpg,"Photo by Dawood family takaful on March 27, 2025.",
Dawood Family Takaful,adjacent,dawoodfamilytakafulofficial,DHjSYGZoAZg,p,2025-03-23,alt_text,18,no,,https://www.instagram.com/dawoodfamilytakafulofficial/p/DHjSYGZoAZg/,media/dawoodfamilytakafulofficial/DHjSYGZoAZg.jpg,"Photo by Dawood family takaful on March 23, 2025.",
Dawood Family Takaful,adjacent,dawoodfamilytakafulofficial,Ch6qhPhDIB6,p,2022-08-31,alt_text,19,no,,https://www.instagram.com/dawoodfamilytakafulofficial/p/Ch6qhPhDIB6/,media/dawoodfamilytakafulofficial/Ch6qhPhDIB6.jpg,"Photo by Dawood family takaful on August 31, 2022.",
Dawood Family Takaful,adjacent,dawoodfamilytakafulofficial,Ch6qbd6jzft,p,2022-08-31,alt_text,20,no,,https://www.instagram.com/dawoodfamilytakafulofficial/p/Ch6qbd6jzft/,media/dawoodfamilytakafulofficial/Ch6qbd6jzft.jpg,"Photo by Dawood family takaful on August 31, 2022.",
Dawood Family Takaful,adjacent,dawoodfamilytakafulofficial,Ch6prY0DYX_,p,2022-08-31,alt_text,21,no,,https://www.instagram.com/dawoodfamilytakafulofficial/p/Ch6prY0DYX_/,media/dawoodfamilytakafulofficial/Ch6prY0DYX_.jpg,"Photo by Dawood family takaful on August 31, 2022.",
Dawood Family Takaful,adjacent,dawoodfamilytakafulofficial,Ch1RKsWjiQe,p,2022-08-29,post_page,22,no,"Workplace burnout is real! And we consider that very well. We at DFTL hold our employee’s peace as crucial as our dignity. #DFTL #PartnerForLife #Takaful #PublicServiceMessage #Halalprotection kalamabdul925 208w Agreed 100% Like Reply 8 1 August 28, 2022",https://www.instagram.com/dawoodfamilytakafulofficial/p/Ch1RKsWjiQe/,media/dawoodfamilytakafulofficial/Ch1RKsWjiQe.jpg,"Photo by Dawood family takaful on August 28, 2022.",
Dawood Family Takaful,adjacent,dawoodfamilytakafulofficial,Ch1QuhajnFM,p,2022-08-28,alt_text,23,no,,https://www.instagram.com/dawoodfamilytakafulofficial/p/Ch1QuhajnFM/,media/dawoodfamilytakafulofficial/Ch1QuhajnFM.jpg,"Photo by Dawood family takaful on August 28, 2022.",
EFU Life Window Takaful,adjacent,efu_life_assurance_ltd,DcDdjWLjnQY,p,2026-08-15,alt_text,0,yes,,https://www.instagram.com/efu_life_assurance_ltd/p/DcDdjWLjnQY/,media/efu_life_assurance_ltd/DcDdjWLjnQY.jpg,"Photo by EFU Life Assurance Ltd. on August 15, 2026.",
EFU Life Window Takaful,adjacent,efu_life_assurance_ltd,DcA0mhrONio,reel,2026-08-14,post_page,1,yes,"A nation born from a dream continues to move forward with the same spirit that shaped its journey. This Independence Day, EFU Life celebrates Pakistan, its people, and the enduring spirit that keeps us united and moving towards a brighter tomorrow. Happy 79th Independence Day! 🇵🇰 #EFULife #IndependenceDay #Celebration #Pakistan #79years No comments yet. Start the conversation. 3 August 14",https://www.instagram.com/efu_life_assurance_ltd/reel/DcA0mhrONio/,media/efu_life_assurance_ltd/DcA0mhrONio.jpg,"Video by EFU Life Assurance Ltd. on August 14, 2026. May be a graphic of poster, book and text that says 'efu LIFE Born from a DREAM'.",
EFU Life Window Takaful,adjacent,efu_life_assurance_ltd,DbupP4oM3Md,p,2026-08-07,post_page,2,yes,"EFU Life mHealth brings together a comprehensive range of healthcare and wellbeing services through one integrated platform. From GP & Specialist Consultations to laboratory services, pharmacy support, hospital network access, mental wellbeing, nutrition guidance, health and wellness content, and preventive care, mHealth is designed to make quality healthcare more accessible and convenient. Stay connected to your health with complete mHealth access on the EFU Life WIN App. 📞 For details and enrollment, contact: Iftikhar Hassan Group Manager EFU Life Assurance Ltd. 📱 0321-9472018 Your health deserves the convenience of digital care—anytime, anywhere. #EFULife #EFULifeWIN #mHealth #Healthcare #wellbeing No comments yet. Start the conversation. 3 August 6",https://www.instagram.com/efu_life_assurance_ltd/p/DbupP4oM3Md/,media/efu_life_assurance_ltd/DbupP4oM3Md.jpg,"Photo by EFU Life Assurance Ltd. on August 06, 2026. May be an image of ‎poster, stethoscope, hospital and ‎text that says '‎אועו SPULIPE mHealth A complete healthcare and wellbeing experience. GP Specialist Consultations ਧी Preventive Healthcare Laboratory Services Mental Wellbeing Wel Support ន្ន Pharmacy Medicine Delivery -0- מד Nutrition Lifestyle le Guidance Hospital Network Access Health & Well Wellness Content Accessible through EFU Life mHealth.‎'‎‎.",
EFU Life Window Takaful,adjacent,efu_life_assurance_ltd,DbuoyOFsZIx,p,2026-08-06,alt_text,3,no,,https://www.instagram.com/efu_life_assurance_ltd/p/DbuoyOFsZIx/,media/efu_life_assurance_ltd/DbuoyOFsZIx.jpg,"Photo by EFU Life Assurance Ltd. on August 06, 2026. May be an image of poster and text that says 'efu LIFE STRENGTHENING PAKISTAN'S RETIREMENT FUTURE WITH GOVERNMENT INITIATIVES Proud to support the Federal Government Pakistan's vision through the EFU Federal Hemayah Pension Fund and comprehensive retirement solutions.'.",
EFU Life Window Takaful,adjacent,efu_life_assurance_ltd,DbM8kFHMcF6,p,2026-07-24,alt_text,4,no,,https://www.instagram.com/efu_life_assurance_ltd/p/DbM8kFHMcF6/,media/efu_life_assurance_ltd/DbM8kFHMcF6.jpg,"Photo by EFU Life Assurance Ltd. on July 24, 2026. May be an image of umbrella, poster, body of water and text that says 'efu LIFE HEAVY RAIN ADVISORY Stay Safe. Stay Prepared. Heavy rainfall expected many areas. Please take necessary precautions ensure safety and the safety ofyour loved ones. Carefully avoid brakes. Avoid Flooded Areas attemptto cross waterlogged roads. Market Guherg ..Paad→ Away from Electric Poles Avoid reasvi exposed electrical Indoorsif Possible unnecassary raintall. Stay U",
EFU Life Window Takaful,adjacent,efu_life_assurance_ltd,Da5c7P7s9ny,reel,2026-07-17,alt_text,5,no,,https://www.instagram.com/efu_life_assurance_ltd/reel/Da5c7P7s9ny/,media/efu_life_assurance_ltd/Da5c7P7s9ny.jpg,"Video by EFU Life Assurance Ltd. on July 17, 2026. May be a graphic of poster, magazine, phone, card, screen and text.",
EFU Life Window Takaful,adjacent,efu_life_assurance_ltd,Damvw69uB1A,p,2026-07-10,post_page,6,no,,https://www.instagram.com/efu_life_assurance_ltd/p/Damvw69uB1A/,media/efu_life_assurance_ltd/Damvw69uB1A.jpg,"Photo by EFU Life Assurance Ltd. on July 10, 2026. May be an image of poster and text that says 'HEMAYAH EFU FAMILY TAKAFUL efu GENERAL χ BankIslami EFU Hemayah Takaful x EFU General x Bank Islami Partnering to Expand Access to Digital Micro & Nano Takaful Plans'.",
EFU Life Window Takaful,adjacent,efu_life_assurance_ltd,DaK2RcqDMW6,p,2026-06-29,post_page,7,no,"As we reflect on Pakistan Insurance Day, we’re reminded that insurance brings peace of mind, builds resilience, and gives people the confidence to plan for tomorrow. In this special feature with Dawn, our MD & CEO, Mohammed Ali Ahmed, shares his perspective on how innovation and inclusivity can help make life and health protection more accessible for millions across Pakistan. Read more: https://epaper.dawn.com/DetailNews.php?StoryText=29_06_2026_702_002 #EFULife #EFUHemayahTakaful #Insurance #Health #Life Insurance Accessibility Pakistan As we reflect on Pakistan Insurance Day, we’re reminded that insurance brings peace of mind, builds resilience, and gives people the confidence to plan for tomorrow. In this special feature with Dawn, our MD & CEO, Mohammed Ali Ahmed, shares his perspective on how innovation and inclusivity can help make life and health protection more accessible for mil",https://www.instagram.com/efu_life_assurance_ltd/p/DaK2RcqDMW6/,media/efu_life_assurance_ltd/DaK2RcqDMW6.jpg,"Photo by EFU Life Assurance Ltd. on June 29, 2026.",
EFU Life Window Takaful,adjacent,efu_life_assurance_ltd,DaAcbOdDHuo,p,2026-06-25,alt_text,8,no,,https://www.instagram.com/efu_life_assurance_ltd/p/DaAcbOdDHuo/,media/efu_life_assurance_ltd/DaAcbOdDHuo.jpg,"Photo by EFU Life Assurance Ltd. on June 25, 2026.",
EFU Life Window Takaful,adjacent,efu_life_assurance_ltd,DaAbyhfsHKW,reel,2026-06-25,post_page,9,no,"Retirement planning... abhi se? Jee haan, abhi se! Because it’s not about getting old, it’s about staying in control of your future. Freedom, flexibility, aur apni terms pe life with EFU Hemayah Retirement Solutions! Saath, jo zindagi ke saath chalay! For details contact us at +923219472018. No comments yet. Start the conversation. 2 June 25",https://www.instagram.com/efu_life_assurance_ltd/reel/DaAbyhfsHKW/,media/efu_life_assurance_ltd/DaAbyhfsHKW.jpg,"Video by EFU Life Assurance Ltd. on June 25, 2026. May be an image of text.",
EFU Life Window Takaful,adjacent,efu_life_assurance_ltd,DaAZZPsMq9M,reel,2026-06-25,post_page,10,no,Most salaried Pakistanis only think about tax when it’s already deducted. But what if one system could help you: • Save on taxes • Build long-term wealth • And plan for retirement at the same time? Please contact for details +923219472018 #efulife #primus #savings #taxsaving #taxcredits No comments yet. Start the conversation. 2 June 25,https://www.instagram.com/efu_life_assurance_ltd/reel/DaAZZPsMq9M/,media/efu_life_assurance_ltd/DaAZZPsMq9M.jpg,"Video by EFU Life Assurance Ltd. on June 25, 2026. May be an image of text.",
EFU Life Window Takaful,adjacent,efu_life_assurance_ltd,DaAYLFMM81j,reel,2026-06-25,post_page,11,no,"Do You Know Where Your Takaful Contributions Are Invested? In Episode 2, Mufti Ibrahim Essa, Shariah Advisor, EFU HemayahTakaful, explains the way participants funds are invested. Unlike conventional models, Takaful operates under strict Shariah guidelines, ensuring that participant funds are invested only in Shariah-compliant avenues. This commitment to ethical and responsible investment is what makes Takaful aligned to financial protection. Missed the episode? Revisit the episode to learn how Shariah principles guide every stage of the Takaful process. Full episode: https://youtu.be/LPrdlcOpwzg?si=L4tIH31oViyZCZ43 #EFUHemayahTakafulPodcast #EFUHemayahTakaful #EFULife #ExpressTribune #SECP No comments yet. Start the conversation. 1 June 25",https://www.instagram.com/efu_life_assurance_ltd/reel/DaAYLFMM81j/,media/efu_life_assurance_ltd/DaAYLFMM81j.jpg,"Video by EFU Life Assurance Ltd. on June 25, 2026. May be an image of text.",
EFU Life Window Takaful,adjacent,efu_life_assurance_ltd,DaAXrUMM3Rv,reel,2026-06-25,post_page,12,no,"Who really owns the Takaful fund? In Episode 2 of the EFU Hemayah Takaful Podcast, Mufti Irshad Ahmad Aijaz, Chairman Shariah Advisory Committee, State Bank of Pakistan, explains the Waqf-based model that forms the foundation of Takaful. He highlights how the Takaful fund belongs collectively to its participants, while the operator acts solely as its custodian. Rooted in the principles of mutual cooperation and shared responsibility, this model is designed to support individuals and communities in times of need. Missed the episode? Catch it now to discover how the principles of Waqf, mutual assistance, and shared responsibility are deeply rooted in Takaful. Full episode: https://youtu.be/LPrdlcOpwzg?si=L4tIH31oViyZCZ43 #EFUHemayahTakafulPodcast #EFUHemayahTakaful #EFULife #ExpressTribune #SECP Podcast No comments yet. Start the conversation. June 25",https://www.instagram.com/efu_life_assurance_ltd/reel/DaAXrUMM3Rv/,media/efu_life_assurance_ltd/DaAXrUMM3Rv.jpg,"Video by EFU Life Assurance Ltd. on June 25, 2026. May be an image of text.",
EFU Life Window Takaful,adjacent,efu_life_assurance_ltd,DaAXSNZM7tU,reel,2026-06-25,post_page,13,no,"Retirement planning gives you the confidence to enjoy your golden years, worry-free. With EFU Hemayah Retirement Solutions, you can benefit from a Shariah-compliant income through flexible payout options with a one-time investment in our Secure Income Plan. You can get started with a minimum contribution of PKR 500,000. For Details contact us at +923219472018. Learn more: https://www.efulife.com/hemayah-takaful/retirement-solutions/secure-income-plan #EFUHemayah #Retirement #Savings #Income #ShariahCompliant No comments yet. Start the conversation. 1 June 25",https://www.instagram.com/efu_life_assurance_ltd/reel/DaAXSNZM7tU/,media/efu_life_assurance_ltd/DaAXSNZM7tU.jpg,"Video by EFU Life Assurance Ltd. on June 25, 2026. May be an image of text.",
EFU Life Window Takaful,adjacent,efu_life_assurance_ltd,DaAWrAVshdi,reel,2026-06-25,post_page,14,no,"Planning for the future is about a mindset where the choices you make shape your freedom and financial security. EFU Hemayah Retirement Solutions, a complete Shariah compliant plan that offers an opportunity to grow your savings, with up to 20% tax savings, giving you greater financial confidence. EFU Hemayah Retirement Solutions. Saath, jo zindagi ke saath chalay! Learn more: Contact us at *+923219472018* No comments yet. Start the conversation. June 25",https://www.instagram.com/efu_life_assurance_ltd/reel/DaAWrAVshdi/,media/efu_life_assurance_ltd/DaAWrAVshdi.jpg,"Video by EFU Life Assurance Ltd. on June 25, 2026. May be an image of text.",
EFU Life Window Takaful,adjacent,efu_life_assurance_ltd,DaAWBzSMZa9,reel,2026-06-25,post_page,15,no,"As the Islamic New Year begins, Muharram reminds us that every new chapter is an opportunity to renew our faith, strengthen our connection with Allah (SWT), and reflect on the path we choose for ourselves and our loved ones. May this sacred month bring peace to our hearts, blessings to our homes, and renewed purpose to our actions. #EFUHemayahTakaful #Muharram #IslamicNewYear No comments yet. Start the conversation. 2 June 25",https://www.instagram.com/efu_life_assurance_ltd/reel/DaAWBzSMZa9/,media/efu_life_assurance_ltd/DaAWBzSMZa9.jpg,"Video by EFU Life Assurance Ltd. on June 25, 2026. May be an image of text.",
EFU Life Window Takaful,adjacent,efu_life_assurance_ltd,DaANi9BOlSQ,p,2026-06-25,post_page,16,no,"EFU Life Assurance is proud to announce that QR Code digital payment facilities are now live across all EFU Life and Hemayah Takaful branches nationwide, including our Head Office. Now, our clients can conveniently make premium and policy-related payments by simply scanning a QR Code — enabling secure, instant, and transparent transactions through Raast, debit/credit cards, IBFT, digital wallets, and 1Bill. This step reflects our ongoing commitment to innovation, convenience, and promoting a cashless and digitally empowered economy. #EFULife #DigitalPayments #InnovationInAction #CustomerConvenience #HemayahTakaful QRPayments No comments yet. Start the conversation. 2 June 25",https://www.instagram.com/efu_life_assurance_ltd/p/DaANi9BOlSQ/,media/efu_life_assurance_ltd/DaANi9BOlSQ.jpg,"Photo by EFU Life Assurance Ltd. on June 25, 2026. May be a graphic of ‎money, poster, card and ‎text that says '‎HEMAyH EFU FAMILY TAKAFUL Pay Your Contribution Digitally Scan the QR code to make instant payments! Credit/Debit Digital Wallet BILL ل One Bill SCAN TO SCANTOPAY PAY Bank BankTransfer Transfer Raast Natkrt.mbn/wertbulen Nasurt.ianr‎'‎‎.",
EFU Life Window Takaful,adjacent,efu_life_assurance_ltd,DZxGR_4Mzp1,reel,2026-06-19,post_page,17,no,"Elevate every journey with Free Access at Majestic Lounge (Karachi), Marhaba Lounge (Karachi) and CIP Lounge (Lahore, Islamabad, Multan, Peshawar, Faisalabad) with PRIMUS! This offer is exclusively for #EFULife #PRIMUS clients. Download EFU Life PlanIT App (https://bit.ly/PlanIT-App) to avail this offer. To know more about the deals & discounts, please visit: https://bit.ly/PRIMUSLoyaltyProgram No comments yet. Start the conversation. 1 June 19",https://www.instagram.com/efu_life_assurance_ltd/reel/DZxGR_4Mzp1/,media/efu_life_assurance_ltd/DZxGR_4Mzp1.jpg,"Video by EFU Life Assurance Ltd. on June 19, 2026. May be an image of poster, screen and text that says 'PRIMUS Pani OOCH'.",
EFU Life Window Takaful,adjacent,efu_life_assurance_ltd,DZxENYJMl6S,reel,2026-06-19,alt_text,18,no,,https://www.instagram.com/efu_life_assurance_ltd/reel/DZxENYJMl6S/,media/efu_life_assurance_ltd/DZxENYJMl6S.jpg,"Video by EFU Life Assurance Ltd. on June 19, 2026. May be an illustration of poster and text that says 'Thiso F a This း'.",
EFU Life Window Takaful,adjacent,efu_life_assurance_ltd,DZxD9cIMy5D,reel,2026-06-19,post_page,19,no,"Thrive Powered by EFU Life is Pakistan’s first digital protection and saving platform. Get covered, learn how money works and give your money a chance to Thrive! For details please contact us at +923219472018 #EFULife #RaptrWallet #thrive No comments yet. Start the conversation. 1 June 19",https://www.instagram.com/efu_life_assurance_ltd/reel/DZxD9cIMy5D/,media/efu_life_assurance_ltd/DZxD9cIMy5D.jpg,"Video by EFU Life Assurance Ltd. on June 19, 2026. May be a meme of one or more people, beard, poster and text that says 'គង្ឺរឺត R RAPE RIPIR WALLET thrive POWEREDBY BY efu Most Pakistanis don't have, havelany ( any savings'.",
EFU Life Window Takaful,adjacent,efu_life_assurance_ltd,DZxDllfM5NV,reel,2026-06-19,post_page,20,no,"Updating your personal details no longer needs paperwork or waiting! You can now update your details directly on WhatsApp in just a few taps, without the hassle of forms, calls or follow-ups. Contact us on WhatsApp at +92-21-111-EFU-111 (+92-111-338-111) and experience the smarter way to stay connected! Join the official EFU Life WhatsApp channel here: https://whatsapp.com/channel/0029VbCEJFl2ER6c9DmOcQ1K #EFULife #WhatsApp #EFULifeBot #CustomerSupport #FinancialPlanning No comments yet. Start the conversation. June 19",https://www.instagram.com/efu_life_assurance_ltd/reel/DZxDllfM5NV/,media/efu_life_assurance_ltd/DZxDllfM5NV.jpg,"Video by EFU Life Assurance Ltd. on June 19, 2026. May be a Twitter screenshot of screen, phone and text.",
EFU Life Window Takaful,adjacent,efu_life_assurance_ltd,DZxDaWCMAxf,reel,2026-06-19,post_page,21,no,"Let your child’s dreams take flight with EFU Life Child Education Plan. From their first school day to graduation, secure their journey against all odds. Learn more by contacting us at +923219472018 #EFULife #ChildEducation #Insurance #Education #Protection No comments yet. Start the conversation. 1 June 19",https://www.instagram.com/efu_life_assurance_ltd/reel/DZxDaWCMAxf/,media/efu_life_assurance_ltd/DZxDaWCMAxf.jpg,"Video by EFU Life Assurance Ltd. on June 19, 2026. May be an image of child, magazine, poster, card and text that says 'efu LIFE YOUR CHILD IS STARTING SCHOOL? 限所'.",
EFU Life Window Takaful,adjacent,efu_life_assurance_ltd,DZxCn6WsEvV,reel,2026-06-19,alt_text,22,no,,https://www.instagram.com/efu_life_assurance_ltd/reel/DZxCn6WsEvV/,media/efu_life_assurance_ltd/DZxCn6WsEvV.jpg,"Video by EFU Life Assurance Ltd. on June 19, 2026. May be an image of lighting, poster, screen and text that says 'efu ANNUAL LIFE PERFORMANCE REVIE'.",
EFU Life Window Takaful,adjacent,efu_life_assurance_ltd,DZxCH7jsByT,reel,2026-06-19,post_page,23,no,"Badalte waqt ke liye aap kitne tayyar hain? Life, inflation, and the future are constantly changing.. but do you have a financial partner that grows with you? With EFU Hemayah Retirement Solutions, secure your future with Shariah-Compliant income and flexible payout options, starting from PKR 500,000. For Free Consultation Please call / WhatsApp us at +923219472018. #EFUHemayahTakaful #Retirement #Savings #Income #ShariahCompliant No comments yet. Start the conversation. 2 June 19",https://www.instagram.com/efu_life_assurance_ltd/reel/DZxCH7jsByT/,media/efu_life_assurance_ltd/DZxCH7jsByT.jpg,"Video by EFU Life Assurance Ltd. on June 19, 2026. May be an image of studying, bureau, computer keyboard, desk, pen, stapler, office and text that says 'MEETING AT 3PM'.",
Al Meezan Investments,substitute,almeezangroup,Dbd2rDrEYya,reel,2026-07-31,alt_text,0,yes,,https://www.instagram.com/almeezangroup/reel/Dbd2rDrEYya/,media/almeezangroup/Dbd2rDrEYya.jpg,"Video by Al Meezan Investments on July 31, 2026. May be a graphic of magazine, poster and text that says 'ET OK 2026 OLATILITY. ED AND IMTIAZ G EO CEO-AL AL'.",
Al Meezan Investments,substitute,almeezangroup,Da6_VMcjBTw,p,2026-07-18,post_page,1,yes,"In our latest Rapid Reads edition we decode 20 years of KSE100 market cycles to reveal how earnings growth, dividend yields, and P/E multiples drive total returns. With that, we shed light on why improving macroeconomic fundamentals present a compelling case for potential equity market re-rating. #AlMeezanInvestments #StockMarket #InvestmentInsights #KSE100 #WealthBuilding No comments yet. Start the conversation. 52 July 17",https://www.instagram.com/almeezangroup/p/Da6_VMcjBTw/,media/almeezangroup/Da6_VMcjBTw.jpg,"Photo by Al Meezan Investments on July 17, 2026.",
Al Meezan Investments,substitute,almeezangroup,Dci2Jq3DQGJ,p,2026-08-27,post_page,2,yes,"The future of the halal economy begins with conversations that move it forward. At the Halal 360 Reception 2026, Al Meezan Investments connected with industry leaders and key stakeholders to exchange ideas, strengthen relationships and explore new possibilities across the growing global halal economy. #AlMeezanInvestments #Halal360 #HalalEconomy #IslamicFinance #ShariahCompliantInvesting No comments yet. Start the conversation. 8 2 hours ago",https://www.instagram.com/almeezangroup/p/Dci2Jq3DQGJ/,media/almeezangroup/Dci2Jq3DQGJ.jpg,"Photo by Al Meezan Investments on August 27, 2026. May be an image of poster, magazine, dais and text.",
Al Meezan Investments,substitute,almeezangroup,Dcik9WYjupP,reel,2026-08-27,alt_text,3,no,,https://www.instagram.com/almeezangroup/reel/Dcik9WYjupP/,media/almeezangroup/Dcik9WYjupP.jpg,"Video by Al Meezan Investments on August 27, 2026. May be an image of text.",
Al Meezan Investments,substitute,almeezangroup,Dcf7OwnjP6V,p,2026-08-26,alt_text,4,no,,https://www.instagram.com/almeezangroup/p/Dcf7OwnjP6V/,media/almeezangroup/Dcf7OwnjP6V.jpg,"Photo by Al Meezan Investments on August 26, 2026. May be an image of emu, poster, magazine and text that says 'AYEST Al Meezan Investment ManagementL Ltd. AM1 Retngby ndPACRA AL MEEZAN INVESTMENTS WILL BE COMING TO IORA UNIVERSITY IU CAREER FAIR Meet our team and explore career opportunities with us. Iqra University Main Campus 9:00 AM to 5:30 Thursday, 27 August 2026 SMSmest 106655 IQRA UNIVERSITY Disclaimer: u2529 Mutual number 0251413-626 isks. Past snot risks regetraton Macan フタッル Meezan Ba",
Al Meezan Investments,substitute,almeezangroup,DcfTi9zijsM,reel,2026-08-26,post_page,5,no,"Let us fill our hearts and tongues with Durood Sharif and reflect upon the timeless teachings of the Holy Prophet ﷺ - compassion, honesty and kindness. May every recitation bring peace to our hearts and countless blessings into our lives. #AlMeezanInvestments #DuroodSharif #SeeratUnNabi #ProphetMuhammadSAW #PeaceAndBlessings arsalawan_999 1d HAZRAT MUHAMMAD (SAW) Like Reply arsalawan_999 1d SUBHANALLAH Like Reply drali7007 1d ❤️❤️❤️❤️❤️❤️❤️ Like Reply 114 3 1 day ago",https://www.instagram.com/almeezangroup/reel/DcfTi9zijsM/,media/almeezangroup/DcfTi9zijsM.jpg,"Video by Al Meezan Investments on August 25, 2026. May be an image of text.",
Al Meezan Investments,substitute,almeezangroup,Dcdq4IbNeul,reel,2026-08-25,post_page,6,no,"You already use Easypaisa to make payments. Now, use it to start building your financial future. Invest with Al Meezan Investments from just PKR 1,000 and become part of a growing community of 325,000+ users. Open the Easypaisa app to begin, or visit www.almeezangroup.com to learn more. #AlMeezanInvestments #Easypaisa #SmartInvesting #FinancialGoals #MeezanFunds No comments yet. Start the conversation. 17 2 days ago",https://www.instagram.com/almeezangroup/reel/Dcdq4IbNeul/,media/almeezangroup/Dcdq4IbNeul.jpg,"Video by Al Meezan Investments on August 25, 2026. May be an image of ‎text that says '‎MEEZ AVES MB Al Meezan Investment ManagementLd AM1 Rating VIS VISan and PACRA طورپر مکھل تیز،آساناور کےمطابقسرمایکازی سرمایہکاری کےمطابز 4:12 AI Meezan 4کھٹے عفتےکے7دنزرلنم تکوانےکیسبولت نکوانےکی Meezan lnesones Largest Fund Manager Pakistan, pioneering introducing Shariah Compliant Investments Invest your money nA Meezan easypaisa paisaA Account and earn Halal Profit Apcount Now SSTNE Disclaimer: PantPerfoma",
Al Meezan Investments,substitute,almeezangroup,DcaT_zvjFTc,p,2026-08-24,post_page,7,no,"Your dream home may be a future goal, but the planning can begin today. With Al Meezan’s Home Builder Plan, you can invest systematically and move closer to turning that vision into a place of your own. Start planning today: https://www.almeezangroup.com/regular-investor/home-builder-plan/ #AlMeezanInvestments #HomeBuilderPlan #PlanForTomorrow #InvestmentPlanning No comments yet. Start the conversation. 19 3 days ago",https://www.instagram.com/almeezangroup/p/DcaT_zvjFTc/,media/almeezangroup/DcaT_zvjFTc.jpg,"Photo by Al Meezan Investments on August 23, 2026. May be an image of ‎blueprint, floor plan, magazine, poster, door and ‎text that says '‎MLERE AI Meezan N Investment Ma3AeTeT Ltd. AM1 lngky HOME BUILDER PLAN SOME DOORS OPEN LONG BEFORE YOU REACH THEM Start planning for your dream home with the Home Builder Plan from AI Meezan Investments. Scan now and take the first step towards your own nome SMS SMSrvG Fund Category: Fundof Funda Risik Profile: Disclalmer: 0200-000U252Ε91 Specific (Medium Hig",
Al Meezan Investments,substitute,almeezangroup,DcTGy3DFNJi,reel,2026-08-21,alt_text,8,no,,https://www.instagram.com/almeezangroup/reel/DcTGy3DFNJi/,media/almeezangroup/DcTGy3DFNJi.jpg,"Video by Al Meezan Investments on August 21, 2026. May be a cartoon of poster, costume and text.",
Al Meezan Investments,substitute,almeezangroup,DcNvAhKDByh,p,2026-08-19,post_page,9,no,"Where money meets meaning. Al Meezan Investments is proud to be the Silver Partner of Money Matters, Pakistan’s first wealth expo for the public. Join us and explore Shariah-compliant investment opportunities for a more meaningful financial future. 📅 22–23 August 2026 📍 Avari Xpress, Jutial Road, Gilgit-Baltistan #AlMeezanInvestments #MoneyMatters #InvestWithPurpose No comments yet. Start the conversation. 34 August 19",https://www.instagram.com/almeezangroup/p/DcNvAhKDByh/,media/almeezangroup/DcNvAhKDByh.jpg,"Photo by Al Meezan Investments on August 19, 2026. May be a graphic of money, poster, card, magazine and text that says 'Pune Profh Tofh AlMeezan Investment Management id AM1 Balegby aghyWLedNcas INAINCEA WHERE MONEY MEETS MEANING AL MEEZAN INVESTMENTS PROUD SILVER PARTNER OF MONEY MATTERS INVEST EARN GROW Pakistan's First Wealth Expo Public. 22-23 出 August 2026 Avari Xpress, Jutial Road, Gilgit- -Baltistan Discleimer: 0425251 inestmentsi มิม Funda Pension Funda: Pleasa hacferin rwotved hirar Ad",
Al Meezan Investments,substitute,almeezangroup,DcLPygWAXyz,reel,2026-08-18,post_page,10,no,"Your RAAST Investment ID is just a few taps away! Watch this step-by-step video to learn how to generate your RAAST Investment ID through the Al Meezan Investments App and enjoy a simpler, more convenient investment experience. Download the Al Meezan Investments App today and get started! #AlMeezanInvestments #RAAST #RAASTInvestmentID #DigitalInvesting #IslamicInvestments No comments yet. Start the conversation. 11 August 18",https://www.instagram.com/almeezangroup/reel/DcLPygWAXyz/,media/almeezangroup/DcLPygWAXyz.jpg,"Video by Al Meezan Investments on August 18, 2026. May be an image of ‎money, card, poster and ‎text that says '‎AI Meezan Investment Management Investment.ManagememtL.id. Ltd. Prolk AM1 Ratingy V PACRA How to generate RAAST INVESTMENT ID? EVNSMNSTN INEMAE Raast Pakistan's Instant Payment System پلںبھرمیں-ملکبھرمیں پل‎'‎‎.",
Al Meezan Investments,substitute,almeezangroup,DcIqvkLFGD5,reel,2026-08-17,post_page,11,no,Generate your RAAST Investment ID quickly and conveniently through Meezan Funds Online. Watch this step-by-step video to learn the complete process. Head to Meezan Funds Online and get started today: https://members.almeezangroup.com/ #AlMeezanInvestments #RAAST #MeezanFundsOnline #DigitalInvesting #IslamicInvestments No comments yet. Start the conversation. 12 August 17,https://www.instagram.com/almeezangroup/reel/DcIqvkLFGD5/,media/almeezangroup/DcIqvkLFGD5.jpg,"Video by Al Meezan Investments on August 17, 2026. May be an image of ‎money, poster and ‎text that says '‎YESTMES Pare HP Profk AI Meezan Investmens lanagement Ltd Investmevr.ManagememtLid. Ltd. AM1 TntubyV5&NCu How to generate RAAST INVESTMENT ID? on MEEZAN FUNDS ONLINE CIM PиKИTИЛ ס-ם Raast Pakistan's Instant Payment System پلبھرمیں-لکبھرمیں میں چی‎'‎‎.",
Al Meezan Investments,substitute,almeezangroup,DcFqcCxEgUF,reel,2026-08-16,post_page,12,no,"The celebrations may end, but our respect for the flag should never fade. Every year, after Independence Day, the flags we proudly display are often left scattered on streets and sidewalks. Let us honour our national flag beyond 14 August by collecting and preserving it with the dignity it deserves. Because the symbol of our freedom deserves our respect every day. 🇵🇰 #AlMeezanInvestments #RespectTheFlag #PakistanIndependenceDay #PublicServiceMessage No comments yet. Start the conversation. 26 August 15",https://www.instagram.com/almeezangroup/reel/DcFqcCxEgUF/,media/almeezangroup/DcFqcCxEgUF.jpg,"Video by Al Meezan Investments on August 15, 2026. May be a graphic of one or more people, banner, poster and text that says 'This Public Service Message is brought to you by 7 ΣΜΕΙΔΑ MUESTMERTS Pure. Profit. A Meezan Cares'.",
Al Meezan Investments,substitute,almeezangroup,DcDFpGrDUgI,p,2026-08-15,post_page,13,no,"This Independence Day, the voices of our employees echo a shared love for Pakistan and a collective hope for a brighter, stronger and more prosperous future. Together, let us honour our freedom and continue contributing towards the progress of our beloved nation. #AlMeezanInvestments #IndependenceDay #PakistanZindabad #14August #ProudPakistanis No comments yet. Start the conversation. 14 August 14",https://www.instagram.com/almeezangroup/p/DcDFpGrDUgI/,media/almeezangroup/DcDFpGrDUgI.jpg,"Photo by Al Meezan Investments on August 14, 2026. May be an image of magazine, newspaper, poster and text.",
Al Meezan Investments,substitute,almeezangroup,DcBMgbkj3-F,reel,2026-08-14,post_page,14,no,"Celebrating Pakistan’s 79th Independence Day with pride, unity, and patriotic spirit at Al Meezan Investments! Happy Independence Day! #PakistanZindabad #14thAugust #AlMeezan #IndependenceDay baigsahab232 1w MashaAllah 😍 Like Reply 48 1 August 14",https://www.instagram.com/almeezangroup/reel/DcBMgbkj3-F/,media/almeezangroup/DcBMgbkj3-F.jpg,"Video by Al Meezan Investments on August 14, 2026. May be an image of lighting, monument, night and text.",
Al Meezan Investments,substitute,almeezangroup,Db98AA0kf8V,reel,2026-08-13,post_page,15,no,"Azaadi sirf ek lafz nahi, ek zimmedari hai. Har haath jo mehnat karta hai, har hunar jo kuch banata hai, aur har shakhs jo Pakistan ki taraqqi mein apna hissa daalta hai — yahi hamari azaadi ka asal rang hai. This Independence Day, let’s celebrate the people who make Pakistan what it is. Pakistan Zindabad! #PakistanZindabad #IndependenceDay #14thAugust #AlMeezanInvestments #Azaadi #Pakistan No comments yet. Start the conversation. 21 August 12",https://www.instagram.com/almeezangroup/reel/Db98AA0kf8V/,media/almeezangroup/Db98AA0kf8V.jpg,"Video by Al Meezan Investments on August 12, 2026. May be an image of text.",
Al Meezan Investments,substitute,almeezangroup,Db8OtTADDWB,p,2026-08-12,post_page,16,no,"In 1947, resources were limited, but courage and determination knew no bounds. As Independence Day draws closer, let us remember the spirit that shaped our nation and renew our commitment to building a stronger, more prosperous Pakistan. The countdown to Independence Day begins! 🇵🇰 #AlMeezanInvestments #IndependenceDay #SpiritOfFreedom #PakistanZindabad #InvestForTomorrow zaainshafique 1w 😂 Like Reply 59 1 August 12",https://www.instagram.com/almeezangroup/p/Db8OtTADDWB/,media/almeezangroup/Db8OtTADDWB.jpg,"Photo by Al Meezan Investments on August 12, 2026. May be a meme of slow loris, poster and text that says 'RLSIBEZA MEEZ Al Meezan Investment Ma lan anagemen td Pura Profk AM1 VM &PACRA RatingbyViS&PACRA Ratingby 1947 mein wasaail kam thay. Magar hauslay buland thay... 1CGN SMSTVesE vest COOHAu42529 Disclaimer: neceBBaeйy melication ederence number investments Mutual Funds cenufle Pension Funds 024-18-63-926 menam Muhammad ofMeezan subject market risks. PastPerformance not investmantpolic risks ",
Al Meezan Investments,substitute,almeezangroup,Db5H_gcESgL,reel,2026-08-11,post_page,17,no,"Where bold ideas meet the right opportunities, the future takes shape. Al Meezan Investments was proud to be part of Technova ’26 as a Module Sponsor at IoBM, engaging with bright minds, evaluating innovative ideas, and celebrating the talent driving Pakistan forward. From promising concepts to well-earned wins, it was inspiring to witness the energy, creativity, and ambition of the next generation. #AlMeezanInvestments #Technova26 #IoBM #Innovation #FutureLeaders #EmergingTalent #EmpoweringPotential No comments yet. Start the conversation. 24 August 11",https://www.instagram.com/almeezangroup/reel/Db5H_gcESgL/,media/almeezangroup/Db5H_gcESgL.jpg,"Video by Al Meezan Investments on August 11, 2026. May be an image of ‎poster, magazine and ‎text that says '‎SANEFZ NESTMLS د Prota Al Meezan Investment Management Ltd. AM1 SandPACRA PACRA Reting VISand an AL MEEZAN INVESTMENTS PARTICIPATED IN TECHNOVA' 26 HOSTED BY OBM, AS SMODULE SPONSOR, SUPPORTING PAKISTAN'S EMERGING INNOVATORS. SMSDr LSS Disdaimer: Alavestrert 0A22 PaOe Iaubag Morgan MecTA Fank telabitesiktigations‎'‎‎.",
Al Meezan Investments,substitute,almeezangroup,Db2v-BDiNfA,p,2026-08-10,alt_text,18,no,,https://www.instagram.com/almeezangroup/p/Db2v-BDiNfA/,media/almeezangroup/Db2v-BDiNfA.jpg,"Photo by Al Meezan Investments on August 10, 2026. May be a graphic of magazine, newspaper, screen, poster and text.",
Al Meezan Investments,substitute,almeezangroup,DbvWMtPiT0O,p,2026-08-07,post_page,19,no,"🔒 Stay Safe. Stay Assured. Your trust is our priority. Before sharing any personal or financial information online, always verify that you're visiting an official Al Meezan Investments website. Our only official domain is: 🌐 almeezangroup.com Official subdomains: ✔️ n.almeezangroup.com ✔️ members.almeezangroup.com We do not operate any other domains or websites. If you're unsure, always verify before proceeding. #AlMeezanInvestments #StaySafe #OnlineSecurity #CyberAwareness #SecureInvesting No comments yet. Start the conversation. 19 August 7",https://www.instagram.com/almeezangroup/p/DbvWMtPiT0O/,media/almeezangroup/DbvWMtPiT0O.jpg,"Photo by Al Meezan Investments on August 07, 2026. May be an image of ‎screen, tablet and ‎text that says '‎Al Meezan Investment ManagementL Ltd. eurd. AM1 Relingky INETNORE STAY SAFE. STAY ASSURED. Al Meezan Investments is only reachable through official domains: DOMAIN almeezangroup.com i SUB DOMAINS n.almeezangroup.com 8 members.almeezangroup.com We do not operate any other domain or website. AI Meezan Investments will not be responsible for any information shared, besides official domains li",
Al Meezan Investments,substitute,almeezangroup,Dbs7dA0CYqu,reel,2026-08-06,post_page,20,no,"A few days of market movement should not redefine a long-term investment journey. The real challenge is not predicting every rise and fall, it is staying disciplined when the market tests your strategy. Watch the full CEO Market Outlook – August 2026: https://youtu.be/P3vCqLoqcmA?si=ONAagYz4kf_RMaFN #AlMeezanInvestments #MarketOutlook #InvestmentDiscipline #LongTermInvesting #EquityInvesting maheshwary.amar 2w ❤️ Like Reply 50 1 August 6",https://www.instagram.com/almeezangroup/reel/Dbs7dA0CYqu/,media/almeezangroup/Dbs7dA0CYqu.jpg,"Video by Al Meezan Investments on August 06, 2026. May be an image of money and text that says 'EPT L AVE Froft IAI Meezan Investmen ManagementI.td AlMeezan L AM1 IS& PACRA Ratngby RadngbyVIS&PACRA Rating AIS ARE YOU INVESTING WITH TH RIGHT STRATEGY? HIm 月国 II III III H inI SIE1 B8SE'.",
Al Meezan Investments,substitute,almeezangroup,DbsncoYilL-,reel,2026-08-06,alt_text,21,no,,https://www.instagram.com/almeezangroup/reel/DbsncoYilL-/,media/almeezangroup/DbsncoYilL-.jpg,"Video by Al Meezan Investments on August 06, 2026. May be an image of ‎poster, magazine and ‎text that says '‎SANIEF VISIMENT Iة Prott Al Meezan Investment Management Ltd. AM1 APACRA PACRA AL MEEZAN INVESTMENTS PARTICIPATED AT THE 15 ANNUAL ISLAMIC FINANCE EXPO & CONFERENCE CIFEC 2026) Discaiser GOAR2S 000 RADOE Anuee Meeran esan Pank telabitectigstong‎'‎‎.",
Al Meezan Investments,substitute,almeezangroup,DbsYiV1ElcJ,reel,2026-08-06,post_page,22,no,"You don’t need to earn more to start investing. You need to start with what you have. Even a small amount, invested consistently, can help build stronger financial habits and move you closer to your goals over time. Start small. Start early. Stay consistent. Explore Shariah-compliant investment solutions at www.almeezangroup.com #AlMeezanInvestments #MythVsFact #StartInvesting #InvestEarly #FinancialPlanning #IslamicInvestments No comments yet. Start the conversation. 13 August 6",https://www.instagram.com/almeezangroup/reel/DbsYiV1ElcJ/,media/almeezangroup/DbsYiV1ElcJ.jpg,"Video by Al Meezan Investments on August 06, 2026. May be an image of ‎poster and ‎text that says '‎1 Meezan vestment Management Ltd. AYTH YTH&FA ع FACT x MYTH 'Il start investing egularly once I earn more. PKR AI Meeza Buddy FACT tarting early and investing onsistently, even with a mall amount, can help ou build wealth over time. Disclaimer: investments Mutual Pension Funds are subject market risks necessarily indicatve indicatvef offuture offuture the ocument toun mplication involved. Our Shar",
Al Meezan Investments,substitute,almeezangroup,Dbp0xbuEp06,reel,2026-08-05,post_page,23,no,"Redefining Growth. The Climb Never Stops. Al Meezan Investments Sales Conference 2026 brought together our teams to reflect on achievements, exchange valuable insights, and align on the opportunities ahead. The conference celebrated the dedication, collaboration, and ambition that continue to drive our journey forward. With a renewed vision and stronger commitment, we are ready to reach new heights and redefine growth together. #AlMeezanInvestments #SalesConference2026 #RedefiningGrowth #TheClimbNeverStops #TeamAlMeezan #GrowingTogether No comments yet. Start the conversation. 25 August 5",https://www.instagram.com/almeezangroup/reel/Dbp0xbuEp06/,media/almeezangroup/Dbp0xbuEp06.jpg,"Video by Al Meezan Investments on August 05, 2026. May be an image of one or more people, people climbing, people standing, poster, banner, magazine and text.",
UBL Fund Managers,substitute,ublfunds,DNkisDyMwXu,reel,2026-06-04,post_page,0,yes,"Swipe to Simplicity with the new Al-Ameen Funds App! Your investment journey just got Faster, Smarter, and Better! Enjoy seamless transactions, convenience, and the confidence to invest and grow with ease. Download/ Update Al-Ameen Funds App today by clicking the link in our bio. Note: For Android users only #AlAmeenFunds #UBLFunds #DigitalTransformation #SmartInvesting #ShariatCompliant #FinancialSolutions #InvestmentMadeEasy #FasterSmarterBetter No comments yet. Start the conversation. 21 August 20, 2025",https://www.instagram.com/ublfunds/reel/DNkisDyMwXu/,media/ublfunds/DNkisDyMwXu.jpg,"Video by UBL Funds on August 20, 2025.",
UBL Fund Managers,substitute,ublfunds,DLj9FzXI_3H,reel,2025-07-01,post_page,1,yes,"Invest Via RAAST - TAP, TRANSFER, AND GROW! Watch this step-by-step tutorial guide on how to generate your RAAST Investment ID (IBAN) through UBL Funds App and and invest through your Bank’s app in no time. Your generated RAAST Investment ID can be used multiple times for hassle-free investments! Start growing your wealth the smart way today! Login to your UBL Funds Account today: https://bit.ly/3y56Rj2 No comments yet. Start the conversation. 21 July 1, 2025",https://www.instagram.com/ublfunds/reel/DLj9FzXI_3H/,media/ublfunds/DLj9FzXI_3H.jpg,"Video by UBL Funds on July 01, 2025.",
UBL Fund Managers,substitute,ublfunds,C0MOKhSocyS,reel,2026-06-04,post_page,2,yes,"Simplified process to start investing with UBL Funds through your UBL - United Bank Ltd mobile application. Unlock the doors to financial growth. 1️⃣ Download the app and log-in (if you have account with UBL) 2️⃣ Create your Mutual Funds account seamlessly from Accounts > Savings & Investments > Mutual Funds 3️⃣ Explore our diverse range of funds 4️⃣ Choose your Fund/investment plan as per objective & risk profile 5️⃣ Invest confidently with just a few taps Start investing today 💼💹 Download the app by clicking the link in our bio. #UBLfunds #ublsmartsavings #ubldigitalapp #InvestSmart #FinancialFreedom No comments yet. Start the conversation. 52 November 28, 2023",https://www.instagram.com/ublfunds/reel/C0MOKhSocyS/,media/ublfunds/C0MOKhSocyS.jpg,"Video by UBL Funds on November 28, 2023.",
UBL Fund Managers,substitute,ublfunds,DceOx12CGcI,p,2026-08-25,alt_text,3,no,,https://www.instagram.com/ublfunds/p/DceOx12CGcI/,media/ublfunds/DceOx12CGcI.jpg,"Photo by UBL Funds on August 25, 2026. May be an image of calendar, poster and text that says 'FUNDS IN THE MONTH OF RABI UL AWAL, let's renew our commitment to follow the path of love & peace shown by the Prophet (SAW) Eid Milad-un-Nabi Milad- Mubarak 庭區蜜區 Diaclaimer: AMC Rated AMI' มิงานงงไม lundiplan )ivauntory bligationa VIS Call Now 0800-00026 SMS INVEST' to 8258 .PiL perlamen .Us0o logo nacessarily ndicative ปาล โนอนทด eaults. asgh lghen Dove bove'.",
UBL Fund Managers,substitute,ublfunds,DcdL47_jIrP,p,2026-08-25,post_page,4,no,"Building stronger pathways toward a financially secure future. UBL Funds and Khushhali Microfinance Bank joined hands through a formal signing ceremony to collaborate on VPS account opening, enabling greater access to structured retirement savings solutions. This partnership reflects a shared commitment to promoting financial inclusion, long-term savings, and responsible financial planning. #UBLFunds #KhushhaliBank #VoluntaryPensionScheme #FinancialPlanning #Partnership No comments yet. Start the conversation. 21 2 days ago",https://www.instagram.com/ublfunds/p/DcdL47_jIrP/,media/ublfunds/DcdL47_jIrP.jpg,"Photo by UBL Funds on August 25, 2026.",
UBL Fund Managers,substitute,ublfunds,Dca-Uw3grJ2,p,2026-08-24,post_page,5,no,"Connecting, learning and growing together at Money Matters, Gilgit. UBL Al-Ameen Funds proudly participated as a Bronze Sponsor at Money Matters, where we had the opportunity to connect with visitors and share insights on investing and building a smarter financial future. Here are a few highlights from an engaging two days in Gilgit. #UBLFunds #AlAmeenFunds #MoneyMatters #InvestLearnGrow #Gilgit #SmartInvesting No comments yet. Start the conversation. 18 3 days ago",https://www.instagram.com/ublfunds/p/Dca-Uw3grJ2/,media/ublfunds/Dca-Uw3grJ2.jpg,"Photo by UBL Funds on August 24, 2026.",
UBL Fund Managers,substitute,ublfunds,Dcazxa3jPIk,p,2026-08-24,alt_text,6,no,,https://www.instagram.com/ublfunds/p/Dcazxa3jPIk/,media/ublfunds/Dcazxa3jPIk.jpg,"Photo by UBL Funds on August 24, 2026. May be an image of phone, water heater and text.",
UBL Fund Managers,substitute,ublfunds,DcaoSS1s1DR,reel,2026-08-24,post_page,7,no,"Celebrating the spirit of freedom and unity. The UBL Funds family came together at our Head Office and Investment Centres across Pakistan to celebrate Independence Day with pride, unity and enthusiasm. It was a celebration of our shared spirit and commitment to a brighter Pakistan. Pakistan Zindabad! #UBLFunds #IndependenceDay #Pakistan #14August #PakistanZindabad No comments yet. Start the conversation. 34 3 days ago",https://www.instagram.com/ublfunds/reel/DcaoSS1s1DR/,media/ublfunds/DcaoSS1s1DR.jpg,"Video by UBL Funds on August 24, 2026. May be an image of ‎cake and ‎text that says '‎UBI BU FUNDS نلا FUNDS سع SPIRIT 야 PAKISTAN 14 AUG 2026‎'‎‎.",
UBL Fund Managers,substitute,ublfunds,DcNmmoKjK0L,p,2026-08-19,post_page,8,no,"UBL Al-Ameen Funds is proud to be a Bronze Sponsor at Money Matters, Pakistan’s First Wealth Expo for Public. Join us on 22nd & 23rd August 2026 at Avari Express, Gilgit, and discover opportunities to invest, learn, and grow towards a smarter financial future. 📍 Avari Express, Gilgit 📅 22nd & 23rd August 2026 Visit our booth and take the next step towards making your money work smarter for you. #UBLFunds #AlAmeenFunds #MoneyMatters #InvestLearnGrow #WealthExpo #Gilgit #FinancialAwareness #SmartInvesting No comments yet. Start the conversation. 7 August 19",https://www.instagram.com/ublfunds/p/DcNmmoKjK0L/,media/ublfunds/DcNmmoKjK0L.jpg,"Photo by UBL Funds on August 19, 2026. May be an image of money, poster, magazine and text.",
UBL Fund Managers,substitute,ublfunds,DcNdT6qjOCZ,p,2026-08-18,alt_text,9,no,,https://www.instagram.com/ublfunds/p/DcNdT6qjOCZ/,media/ublfunds/DcNdT6qjOCZ.jpg,"Photo by UBL Funds on August 18, 2026. May be a graphic of poster, magazine, office and text.",
UBL Fund Managers,substitute,ublfunds,DcNc9TVjH77,p,2026-08-18,alt_text,10,no,,https://www.instagram.com/ublfunds/p/DcNc9TVjH77/,media/ublfunds/DcNc9TVjH77.jpg,"Photo by UBL Funds on August 18, 2026. May be a graphic of office and text.",
UBL Fund Managers,substitute,ublfunds,DcLgeH8lLnr,p,2026-08-18,post_page,11,no,We are Hiring! Job Position: Relationship Manager - Distribution Please share your CV at careers@ublfunds.com with the subject 'Relationship Manager - Distribution’. No comments yet. Start the conversation. 18 August 18,https://www.instagram.com/ublfunds/p/DcLgeH8lLnr/,media/ublfunds/DcLgeH8lLnr.jpg,"Photo by UBL Funds on August 18, 2026. May be a graphic of ‎office and ‎text that says '‎UBL FUNDS Job Role: Education: We're Hiring! Relationship Manager Distribution To develop and maintain effective relationship शट with clients and generate funds from UBL branches. Minimum 14 years of formal educaction from any foreign or HEC recognized recog University. At least 1-2 years of relevant work experience. وس Experience: Location: Jhelum Please share your CV at careers@ubifunds.com with subject li",
UBL Fund Managers,substitute,ublfunds,DcIgwGDDNoo,p,2026-08-17,alt_text,12,no,,https://www.instagram.com/ublfunds/p/DcIgwGDDNoo/,media/ublfunds/DcIgwGDDNoo.jpg,"Photo by UBL Funds on August 17, 2026. May be an image of poster, thermostat, screen and text that says 'UBL FUNDS Think Before You Trust Beware of Social Engineering Scams Scammers may impersonate trusted representatives through calls, emails, messages, social media. +92Boxxxx incomingCal Important Updase Clckhere verity socount. Lnknown +92 9280xxxxxxx Opportuniy, LimitedT OMfar! CithKY7123 Never share your passwords, OTPs, or sensitive account details not suspicious links Verify unexpected re",
UBL Fund Managers,substitute,ublfunds,Db_VPChD_-L,reel,2026-08-13,alt_text,13,no,,https://www.instagram.com/ublfunds/reel/Db_VPChD_-L/,media/ublfunds/Db_VPChD_-L.jpg,"Video by UBL Funds on August 13, 2026. May be an image of flag and text that says 'UBL FUNDS A nation built on dream. A future built on possibilities. This Independence Day, we celebrate the spirit continues move Pakistan forward. Independence DAY Disclaimer: irvasiments thatitiaresporsiblefar lundiplan Mvauntary pemia AMC Rated 'AMI' by VIS Call Now 0800-00026 SMS 'INVEST' to 8258 obligatienao .Pret Pet schemen logo UBLB ndicativa ีนาล โนรนกพ saults. sghen bove bove notmean'.",
UBL Fund Managers,substitute,ublfunds,Db4-jL7jIND,p,2026-08-10,alt_text,14,no,,https://www.instagram.com/ublfunds/p/Db4-jL7jIND/,media/ublfunds/Db4-jL7jIND.jpg,"Photo by UBL Funds on August 10, 2026.",
UBL Fund Managers,substitute,ublfunds,Db44RdjDLsP,p,2026-08-11,post_page,15,no,Fund Managers' Report for the month of July 2026 is now available on our website: https://online.ublfunds.com/FMR/Funds/Conventional?Year=2026&Mon=Jul No comments yet. Start the conversation. 11 August 10,https://www.instagram.com/ublfunds/p/Db44RdjDLsP/,media/ublfunds/Db44RdjDLsP.jpg,"Photo by UBL Funds on August 10, 2026. May be an image of golf, card and text that says 'Fund Managers' Report July 2026 UBL FUNDS TAKE AIM AT LONG-TERM LONG GROWTH WITH UBL Stock Advantage Fund 277.25%* (Absolute) (*3 Years Returns till Jul 31, 2026) Benchmark: 266.60%* (Absolute) Risk profile: High Risk of Principal Erosion SMNCECRTRIL AMC Rated AMI by VIS Call 0800 00026 SMS USF' to 8258 ype/Category Fund: Open end/ Equity Fund Benchmark:K KSE-100 Index Benchmork boon changed effective from O",
UBL Fund Managers,substitute,ublfunds,Db4zGcKMl_U,reel,2026-08-11,post_page,16,no,"Behind every breakthrough is a team that believes in collaboration, excellence, and the courage to think differently. At UBL Funds, we empower people to contribute, grow, and build meaningful careers guided by integrity and trust. Your next chapter starts here. Join UBL Funds. #UBLFunds #Careers #JoinOurTeam #CareerOpportunities #Teamwork #Excellence #WeAreHiring No comments yet. Start the conversation. 18 August 10",https://www.instagram.com/ublfunds/reel/Db4zGcKMl_U/,media/ublfunds/Db4zGcKMl_U.jpg,"Video by UBL Funds on August 10, 2026. May be a video game screenshot of television, money, screen, office and text that says 'UBL UBL FUNDS BEHIND EVERY INNOVATION... BEHINDEVERYINNOVATION.. INNOV'.",
UBL Fund Managers,substitute,ublfunds,DbvDhEADEmQ,p,2026-08-07,post_page,17,no,"No long process, no unnecessary delays. With Raast Single Tap Investment, your next investment can be made directly from your bank app after a quick one-time setup. Download the UBL Funds app today by clicking the link in our bio. #UBLFunds #Raast #SingleTapInvestment #SmartInvesting #RaastIsFast No comments yet. Start the conversation. 10 August 7",https://www.instagram.com/ublfunds/p/DbvDhEADEmQ/,media/ublfunds/DbvDhEADEmQ.jpg,"Photo by UBL Funds on August 07, 2026. May be an image of ‎card, poster and ‎text that says '‎田 Raast UBL FUNDS RAAST SAB SAY SAYFAST HAI SINGLE TAP INVESTMENT 1 time setup from UBL Funds app. Invest directly from your bank app. Diselaimer: Start Smart. Invest with Raast! AMC Rated ΆΜ1' by VIS Call Now 0800-00026 SMS INVEST' to 8258 inweatmentsin กานดน valutary pensian schema consolidated Dooumentto म derstond cinvestment icblitics/ abligations Manogers markatri .Past perforn arfermanc ormanca n",
UBL Fund Managers,substitute,ublfunds,Dbkq_f7DN4X,p,2026-08-03,post_page,18,no,We are Hiring! Job Position: Software Test Engineer Please share your CV at careers@ublfunds.com with the subject 'Software Test Engineer’. No comments yet. Start the conversation. 32 August 3,https://www.instagram.com/ublfunds/p/Dbkq_f7DN4X/,media/ublfunds/Dbkq_f7DN4X.jpg,"Photo by UBL Funds on August 03, 2026. May be a graphic of ‎office and ‎text that says '‎We're Hiring! Software Test Engineer Job Role: UBL FUNDS Review requirements and maintain technical documentation and procedures to ensure quality and test readiness. Education: BS/MS degree in Computer Science Experience: •Identify process improvement opportunities and support solution implementation. Coordinate and execute User Acceptance Testing (UAT) یارد with business stakeholders, 2-3 2-3years years of",
UBL Fund Managers,substitute,ublfunds,DbcfoEymI6L,p,2026-07-31,post_page,19,no,We are Hiring! Job Position: Unit Head Network Please share your CV at careers@ublfunds.com with the subject 'Unit Head Network’. No comments yet. Start the conversation. 11 July 30,https://www.instagram.com/ublfunds/p/DbcfoEymI6L/,media/ublfunds/DbcfoEymI6L.jpg,"Photo by UBL Funds on July 30, 2026. May be an image of text that says 'We are Hiring Unit Head Network UBL FUNDS Job Role: To provide high level of assistance in the maintaining of Network Operations Education: BS, BCS, MCS from any foreign or HEC recognized university ASY Experience: 2-4 years of relevant experience VIver Location: Karachi *Women are encouraged to apply Please share your ν at careers@ublfunds.com careers with subject line ""Unit Head Network"".'.",
UBL Fund Managers,substitute,ublfunds,DbaJKvEmMb1,p,2026-07-30,post_page,20,no,We are Hiring! Job Position: Manager - Marketing Please share your CV at careers@ublfunds.com with the subject 'Manager - Marketing’. No comments yet. Start the conversation. 14 July 30,https://www.instagram.com/ublfunds/p/DbaJKvEmMb1/,media/ublfunds/DbaJKvEmMb1.jpg,"Photo by UBL Funds on July 30, 2026. May be a graphic of ‎office and ‎text that says '‎We're Hiring! Manager Marketing UBL FUNDS Job Role: Education: Experience: Drive brand growth by developing and executing integrated marketing campaign enhancing customer engagement supporting ung product launches, and strengthening the company's market et presence, MBA/BBA Marketing or related field from an HEC-recognized HEC- or internationally accredited university. שי Experience managing agencies, vendors,",
UBL Fund Managers,substitute,ublfunds,DbXzVwxkxxX,reel,2026-07-29,alt_text,21,no,,https://www.instagram.com/ublfunds/reel/DbXzVwxkxxX/,media/ublfunds/DbXzVwxkxxX.jpg,"Video by UBL Funds on July 29, 2026. May be an image of ‎text that says '‎FOUR PILLARS OF FINANCIAL GROWTH SOLUTIONS FOR EVERY STAGE OF YOUR LIFE UBL FUNDS ለሚስከጠ الإملین_لتصار ا8مين al-anvanfuk 一ク 豆生 MUTUAL FUNDS DiversifiedInvestments Diversified Investments StrongerFuture Stronger Future RETIREMENT FUNDS Scoure Today Peaceful PeacefulTomorrow TomorTow INVESTMENT FUNDS Plan Smart Achieve More INVESTMENT ADVISORY ExpertGuidance Expert Guidance Better Decisions‎'‎.",
UBL Fund Managers,substitute,ublfunds,DbXzBNSjEs0,p,2026-07-29,alt_text,22,no,,https://www.instagram.com/ublfunds/p/DbXzBNSjEs0/,media/ublfunds/DbXzBNSjEs0.jpg,"Photo by UBL Funds on July 29, 2026. May be a graphic of ‎office and ‎text that says '‎UBL FUNDS Job Role: Education: We're Hiring! Manager Institutional Sales Identify, engage, and meet corporate clients to support business development develo and expand the 道 اس corporate and SME client portfolio. Minimum 14 years of formal educaction from any foreign or HEC recognized recog University. At least 1-2 years of relevant corporate sales experience. Experience: Location: Karachi Please share your CV",
UBL Fund Managers,substitute,ublfunds,DbS6AuJDKtn,p,2026-07-27,post_page,23,no,"Half a million downloads and counting! Thank you for trusting UBL Funds and making us a part of your investment journey. Your confidence motivates us to keep making digital investment easier, smarter, and more accessible. Download the app today and start your investment journey with ease by clicking the link in our bio. #UBLFunds #SmartInvesting #FasterSmarterBetter #HalfaMillionDownloads No comments yet. Start the conversation. 11 July 27",https://www.instagram.com/ublfunds/p/DbS6AuJDKtn/,media/ublfunds/DbS6AuJDKtn.jpg,"Photo by UBL Funds on July 27, 2026. May be an image of money, screen, magazine, tablet, poster, card and text.",
