brand,ring,handle,shortcode,kind,date,caption,source_url,image_file,alt_text,reposted_from
State Life Insurance Corporation of Pakistan,client,statelifeofficialpakistan,Dcd2vnBE2WW,p,2026-08-25,"On this blessed occasion of Eid Milad-un-Nabi, may the teachings of the Holy Prophet (PBUH) fill your life with peace, compassion, and endless blessings. State Life Insurance wishes you and your family a blessed Eid Milad-un-Nabi Mubarak. Let us walk the path of care and responsibility today and always. 🌙✨ #statelife #stateLifepakistan No comments yet. Start the conversation. 32 1 day ago",https://www.instagram.com/statelifeofficialpakistan/p/Dcd2vnBE2WW/,,"Photo by State Life Insurance Corporation of Pakistan on August 25, 2026. May be an image of ‎poster and ‎text that says '‎عید جشن میلادالنبى ميلاد البى 1 STATE STATELIFE LIFE INSURANCE CORPORATIONO INSURANCE.CORPORATIONOFPAKISTAN O PAKISTAN OF www.statelife.com.pk‎'‎‎.",
State Life Insurance Corporation of Pakistan,client,statelifeofficialpakistan,DcdSRaYDJgx,p,2026-08-25,"State Life — Investing in Youth, Investing in Pakistan 🇵🇰 Today, Qimam Fellowship Pakistan students visited the State Life Principal Office to learn about State Life’s remarkable Five-Year Success Story. Executive Director Abdul Shakoor Sheikh, Divisional Head Marketing Mian Rizwan Majeed, Chief Engineer Imran Usmani, DH HR Dr. Nisar Shah, and CEO Shoaib Javed Hussain shared insights into the Corporation’s transformation, achievements, and future vision. Under CEO Shoaib Javed Hussain’s visionary leadership, State Life’s journey continues to earn recognition in Pakistan and beyond. #StateLife #QimamFellowship #YouthEmpowerment #TransformingLives #Pakistan #Leadership No comments yet. Start the conversation. 30 2 days ago",https://www.instagram.com/statelifeofficialpakistan/p/DcdSRaYDJgx/,,"Photo by State Life Insurance Corporation of Pakistan on August 25, 2026.",
State Life Insurance Corporation of Pakistan,client,statelifeofficialpakistan,DcK3NfajCKE,p,2026-08-18,"At Elevate 2026, Muhammad Ashar, Divisional Head, Health at State Life, joined an influential panel of leaders from technology, infrastructure, finance, and business to explore the opportunities and priorities shaping Pakistan’s future. As Pakistan looks towards the next decade, conversations like these are essential to building stronger institutions, enabling sustainable growth and creating a more resilient future. State Life is committed to being part of conversations that strengthen and improve Pakistan. #StateLife #Elevate2026 #Pakistan #Leadership #SustainableGrowth No comments yet. Start the conversation. 14 August 17",https://www.instagram.com/statelifeofficialpakistan/p/DcK3NfajCKE/,,"Photo by State Life Insurance Corporation of Pakistan on August 17, 2026.",
State Life Insurance Corporation of Pakistan,client,statelifeofficialpakistan,DcByD4DDwQZ,p,2026-08-14,"🇵🇰 79th Independence Day — Celebrating Pakistan’s Progress & State Life’s Transformation On the occasion of Pakistan’s 79th Independence Day, State Life Insurance Corporation of Pakistan extends its heartfelt congratulations and best wishes to the nation. Over the past 79 years, Pakistan has witnessed remarkable progress across various sectors. Among the institutions contributing to the country’s economic and social development, State Life holds a distinguished position. The magnificent Independence Day celebrations at State Life Principal Office reflected our national pride, institutional commitment and determination to play an even greater role in the progress and prosperity of Pakistan. 🇵🇰 Pakistan is our pride. State Life is our commitment. Progress is our mission. Let us renew our commitment to serve Pakistan with integrity, excellence, innovation and unity. Pakistan Zindabad! 🇵🇰 #P",https://www.instagram.com/statelifeofficialpakistan/p/DcByD4DDwQZ/,,"Photo by State Life Insurance Corporation of Pakistan on August 14, 2026.",
State Life Insurance Corporation of Pakistan,client,statelifeofficialpakistan,Db_cOMoDCos,p,2026-08-13,"May every child dream without limits, every family move with confidence, and every tomorrow remain protected. Together, we look forward to a future where every dream has the freedom to grow. Happy Independence Day! 🇵🇰 #PakistanIndependenceDay No comments yet. Start the conversation. 18 August 13",https://www.instagram.com/statelifeofficialpakistan/p/Db_cOMoDCos/,,"Photo by State Life Insurance Corporation of Pakistan on August 13, 2026. May be an image of ‎poster, flag, magazine and ‎text that says '‎AM ByжиETEP T OFPAKISTAN איר AAA MI通E Har Khwab Rahe Azaad May every child dream without limits, every family move forward with confidence, and every tomorrow remain protected. Together, we look toward a future where every dream has the freedom to grow. Celebrating 79 Years of Freedom STATE LIFE NSURANCE CORPORATION NSLRANCE.CORPORATIONOFPAKISTA OF PAKISTAN w",
State Life Insurance Corporation of Pakistan,client,statelifeofficialpakistan,Db5AI2Joex3,reel,2026-08-11,"“There’s a lot more for the insurance industry to do. Insurers can work with governments to invest in long-term infrastructure projects. Not flashy, but essential to be the real cornerstone that drives growth.” Shoaib Javed Hussain, Chairman of the Insurance Association of Pakistan and CEO of State Life, discusses the often-overlooked role of insurance in driving long-term economic growth. @statelifeofficialpakistan dabang_ak 1w ❤️❤️❤️ Like Reply lashari1970 1w ❤️❤️❤️❤️ Like Reply 52 2 August 11",https://www.instagram.com/vcastonline/reel/Db5AI2Joex3/,,"Video by VCast Online on August 11, 2026. May be an image of standing and text.",vcastonline
State Life Insurance Corporation of Pakistan,client,statelifeofficialpakistan,Db40vJeDIdE,p,2026-08-11,"Join us for E-Kachehri, a virtual event designed to address policyholder concerns in real-time. You'll have the chance to interact live with our CEO, Mr Shoaib Javed Hussain. Date: 13 August, 2026 Time: 3:00 PM to 5:00 PM Location: Head Office, Karachi Zoom Link: https://zoom.us/j/4664111438?pwd=c4C9tXZZu8o0BH5TwiYWlRfbA1bZbu.1 Meeting ID: 466 411 1438 Passcode: 649356 #StateLifeInsurance #EKacheri #LiveWithCEO #PolicyholderSupport No comments yet. Start the conversation. 5 August 10",https://www.instagram.com/statelifeofficialpakistan/p/Db40vJeDIdE/,,"Photo by State Life Insurance Corporation of Pakistan on August 10, 2026. May be an image of ‎map, poster and ‎text that says '‎E-Kachehri ای-کچہری Shoaib Javed Hussain CEO 13 August, 2026 3:00 PM- 5:00 PM سیائیاو Head Office, Karachi 2026 2026 3ااگست رث:3گت،62 تاریخ سےشام00:جتک 00:3 دھہ:3م0:کچنک دوپہر 5:00lc 3:00."" بیڈآفس،کراچی 744 Complaints Resolved 745 Total Complaints Received STATE STATELIFE LIFE NSURANCE CORPORATION NSLRANCE.CORPORATION.OFPAKISTAN OF PAKISTAN www.statelife.com.pk‎'‎‎.",
State Life Insurance Corporation of Pakistan,client,statelifeofficialpakistan,DbzJUzCgQRC,p,2026-08-09,"You can't always predict when you'll need care, but you can prepare for it. Plan ahead with State Life, because worrying about healthcare should not stop you from enjoying life to the fullest. Learn more: https://www.statelife.com.pk/en/productlist/protect-your-health Follow State Life’s official pages 📍 LinkedIn: https://lnkd.in/d58Y37Gn 📍 Facebook: https://lnkd.in/dkUD4idi 📍 Instagram: https://lnkd.in/dNi_kTqA #StateLife #FollowStateLife #Insurance #FinancialSecurity #Pakistan No comments yet. Start the conversation. 10 August 8",https://www.instagram.com/statelifeofficialpakistan/p/DbzJUzCgQRC/,,"Photo by State Life Insurance Corporation of Pakistan on August 08, 2026. May be an image of magazine, stethoscope, poster, hospital, office and text that says 'HEALTHCARE PLANNING STARTS BEFORE YOU EVER NEED CARE. PLAN AHEAD WITH STATE LIFE in @statelifeofficial FOLLOW TO LEARN MORE f @statelifeofficialpakistan d STATE LIFE INSURANCE CORPORATION NSURANCE.CORPORATIONOFPAKISTAN OF PAKISTAN @slicpakistanofficial Pakistan's Largest Life and Health Insurer'.",
State Life Insurance Corporation of Pakistan,client,statelifeofficialpakistan,DbygIFcEQfj,p,2026-08-08,"The best opportunities are easier to seize when you're prepared. At State Life, we believe that planning ahead gives you the confidence to take on life's biggest adventures. Follow our official pages for insurance insights and practical tips to help you stay future-ready. 📍 LinkedIn: https://lnkd.in/d58Y37Gn 📍 Facebook: https://lnkd.in/dkUD4idi 📍 Instagram: https://lnkd.in/dNi_kTqA #StateLife #FollowStateLife #Insurance #FinancialSecurity #Pakistan No comments yet. Start the conversation. 6 August 8",https://www.instagram.com/statelifeofficialpakistan/p/DbygIFcEQfj/,,"Photo by State Life Insurance Corporation of Pakistan on August 08, 2026. May be an image of ‎skydiving, parasail, parachute and ‎text that says '‎THE OPPORTUNITIES ARE EASIER TO SEIZE WHEN YOU'RE PREPARED. PLAN AHEAD WITH STATE LIFE 政 ر ណឈប្ in @statelifeofficial FOLLOW to LEARN MORE f @statelifeofficialpakistan STATE LIFE INSURANCE CORPORATION INSURANCE.CORPORATIONOFPAKISTA OF PAKISTAN @slicpakistanofficial Pakistan's Largest Life and Health Insurer‎'‎‎.",
State Life Insurance Corporation of Pakistan,client,statelifeofficialpakistan,Dbx2qijjH7a,p,2026-08-08,"Back-to-school season comes with long shopping lists and even longer bills. Now imagine those expenses 10 years from now, when your child is preparing for higher education. The best time to plan for their future isn't when the admission form arrives. It's today. Learn more: https://www.statelife.com.pk/en/product/secure-your-family/child-education-marriage-plan-table-76 Follow State Life’s official pages: 📍 LinkedIn: https://lnkd.in/d58Y37Gn 📍 Facebook: https://lnkd.in/dkUD4idi 📍 Instagram: https://lnkd.in/dNi_kTqA #StateLife #FollowStateLife #Insurance #FinancialSecurity #Pakistan No comments yet. Start the conversation. 18 August 8",https://www.instagram.com/statelifeofficialpakistan/p/Dbx2qijjH7a/,,"Photo by State Life Insurance Corporation of Pakistan on August 08, 2026. May be an image of poster, magazine, card and text that says 'Education Planning Starts Years Before the Admission Form Plan ahead with State Life HAUAN in @statelifeofficial FOLLOW to LEARN MORE f @statelifeofficialpakistan 0 STATE LIFE INSURANCE CORPORATIONO NSURANCE.CORPORATIONOFPAKISTAN OF PAKISTAN @slicpakistanofficial Pakistan's Largest Life and Health Insurer'.",
State Life Insurance Corporation of Pakistan,client,statelifeofficialpakistan,DbfQOFYn5_V,p,2026-08-01,"Mr. Shoaib Javed Hussain, CEO, State Life Insurance Corporation of Pakistan, called on Rana Tanveer Hussain, Federal Minister for National Food Security and Research. During the meeting, both sides discussed matters of mutual interest and explored opportunities for collaboration in support of national development priorities. #StateLife #SLIC #NationalDevelopment #Pakistan #Insurance #MinistryofNationalFoodSecurityandResearch amjad.majeed.3304 3w Nice meeting ❤️ congratulations sir🙌 Like Reply sytish_2911 3w Congratulations Like Reply 40 2 August 1",https://www.instagram.com/statelifeofficialpakistan/p/DbfQOFYn5_V/,,"Photo by State Life Insurance Corporation of Pakistan on August 01, 2026. May be an image of standing, magazine, office and text that says '리용 MR. SHOAIB JAVED HUSSAIN, CEO, STATE LIFE INSURANCE CORPORATION OF PAKISTAN (SLIC) CALLED ON RANA TANVEER HUSSAIN, FEDERAL MINISTER FOR NATIONAL FOOD SECURITY AND RESEARCH. During the meeting, both sides discussed matters of mutual interest and explored opportunities for collaboration in support of national development priorities. STATE LIFE NSURANCE CORP",
State Life Insurance Corporation of Pakistan,client,statelifeofficialpakistan,DbOTNzjlDXw,reel,2026-07-25,"What does five decades of purpose look like? It looks like trust earned, promises kept, and millions of futures protected. Watch the corporate film unveiled at the IAP Conference and discover the scale, strength, and impact of State Life Insurance Corporation of Pakistan—from empowering over 150,000 livelihoods to delivering sustained growth and financial security for millions across the nation. @psoa.official #StateLife #Pakistan #Insurance #FinancialSecurity #CorporateExcellence #IAP #PSOA No comments yet. Start the conversation. 20 July 25",https://www.instagram.com/statelifeofficialpakistan/reel/DbOTNzjlDXw/,,"Video by State Life Insurance Corporation of Pakistan on July 25, 2026. May be an image of magazine, poster, office and text that says 'STATE LIFE INSURANCE CORPORATIONO INSUJRANCECOPRPCRATIONOFPAKSTA OF PAKISTAN Protecting Every Life Journey Corporate CorporateGroup+ Group Retirement Plans Individual Life + Health GeneralInsurance General Insurance Through Alpha Bancassurance Wealth Management Digital Insurance + Micro Insurance Takaful + Gulf Products'.",
EFU Life Assurance,direct,efu_life,DVdIMC4DE8k,p,2026-03-04,"At EFU Life, our foremost commitment is to safeguard your financial wellbeing, protect your investments, and secure your future. In these uncertain times, we remain steadfast in ensuring stability and long-term growth, so you can be confident that your protection and financial goals are in safe hands. Read more: https://www.efulife.com/assets/documents/Geopolitical-Conditions-and-Their-Impact-on-your-EFU-Life-policy.pdf #EFULife #EFUHemayahTakaful #Takaful #Market #Investment #Funds #AssetManager #LifeInsurance #MiddleEast #GeoPolitics #GlobalEconomy #Protection #Security No comments yet. Start the conversation. 37 March 4",https://www.instagram.com/efu_life/p/DVdIMC4DE8k/,,"Photo by EFU Life on March 04, 2026.",
EFU Life Assurance,direct,efu_life,DciavMlFF7k,reel,2026-08-27,"Freshly made patties, soft buns, and flavors crafted to satisfy every craving. Avail 25% Discount at Big Bash (Karachi) with PRIMUS. This offer is exclusively for #EFULife #PRIMUS clients. Visit our PRIMUS Loyalty Program stories for more details. No comments yet. Start the conversation. 3 hours ago",https://www.instagram.com/efu_life/reel/DciavMlFF7k/,,"Video by EFU Life on August 27, 2026. May be an image of burger, french fries, meat and text that says 'efu LIFE PRIMUS Bissn 監 iG Dash PUzaZ DURGER. TO PERFECTION 25% OFF Planit Google Googk Plary AppStore App'.",
EFU Life Assurance,direct,efu_life,Dca_LdWEWTe,reel,2026-08-24,"Financial learning just got more rewarding. Complete quizzes, level up, and earn rewards on Thrive. Download the app and start earning today. #EFULife #Thrive #FinancialLiteracy #LearnAndEarn #Rewards #Digital No comments yet. Start the conversation. 103 3 days ago",https://www.instagram.com/efu_life/reel/Dca_LdWEWTe/,,"Video by EFU Life on August 24, 2026. May be an image of card, poster and text that says 'thrive Inspiring Possibilities LEARN, EARN AND THRIVE. VIDEOS DEKHEIN, QUIZ COMPLETE KAREIN JEETAIN 1000 EFU COINS BITESIZE BITE SIZE CONTENT 대체종 Inaa UNDERSTAND YOUR MONEY 050 二 LEARN & GET REWARDED GROW GROWYOUR YOUR FINANCIAL KNOWLEDGE LEARN SMARTER SAVE SAVEBETTER BETTER Build financial knowedge your money wisely while being rewarded. Next A Store DOWNLOAD NOW GEITO OEITGN GoogleP Play'.",
EFU Life Assurance,direct,efu_life,DcazN3EASRP,reel,2026-08-24,"Some wins don’t come with a big celebration. Sometimes, they’re as simple as drinking enough water, taking a five-minute walk, choosing a healthier option, or finally giving yourself a much-needed break. This is your reminder to pause, take care of yourself, and celebrate the small choices that move you towards a healthier you. So, what’s your one WIN for today? Share it with us in the comments and let’s WIN at life together! #EFULifeWIN #LetsWINAtLifeTogether #EverydayWins #Wellness #SmallWinsBigImpact No comments yet. Start the conversation. 20 3 days ago",https://www.instagram.com/win.efulife/reel/DcazN3EASRP/,,"Video by WIN by EFU Life on August 24, 2026. May be an image of poster, card, crossword puzzle, sports equipment and text that says 'WIN LIFE What is your one WIN for today?'.",win.efulife
EFU Life Assurance,direct,efu_life,DcVip3mjbwg,reel,2026-08-22,"Let your confidence glow by availing Upto 20% Discount at Le Lotus Clinique (Karachi, Lahore, Islamabad, Rawalpindi, Peshawar, Multan). This offer is exclusively for #EFULife #PRIMUS clients. Visit our PRIMUS Loyalty Program stories for more details. No comments yet. Start the conversation. 5 5 days ago",https://www.instagram.com/efu_life/reel/DcVip3mjbwg/,,"Video by EFU Life on August 22, 2026. May be an image of furniture and text that says 'efu LIFE PRIMUS LELOTUS LE LOTUS CLINIQUE CONFIDENCE STARTS HERE UP TO 20% 20 OFF Planil GooglePlay Google lay AppStore'.",
EFU Life Assurance,direct,efu_life,DcQZIsPGrnn,reel,2026-08-20,"Prioritize your health with timely check-ups at Nayab Labs & Diagnostic Center (Islamabad, Rawalpindi, Mardan, Abbotabad, Swabi, AJK, Multan, Chakwal, Peshawar, Nowshera, Mianwali) with Upto 30% Discount. This offer is exclusively for #EFULife #PRIMUS clients. Visit our PRIMUS Loyalty Program stories for more details. No comments yet. Start the conversation. 3 7 days ago",https://www.instagram.com/efu_life/reel/DcQZIsPGrnn/,,"Video by EFU Life on August 20, 2026. May be an image of magazine, microscope, screen, poster, hospital and text that says 'efu LIFE PRIMUS ··· NL N Disgnogis Citagnasiswithparfecion withp perfection YOUR HEALTH MATTERS UP ΤΟ 30% 30 /0 OFF Planil GooglePlay AppStore'.",
EFU Life Assurance,direct,efu_life,DcN7TnYjVis,reel,2026-08-19,"Leadership development aur people development ki baat achi lagti hai, lekin ground reality bhi leadership ka ek important hissa hai. Unfortunately, mera EFU Life ke saath experience is ke bilkul opposite raha. Apni assigned area ki performance ko 13% se 50%+ tak improve karne ke bawajood mujhe resignation dene ke liye pressure face karna pada. Maine apne concerns aur poore matter ke hawale se email bhi ki, lekin unfortunately meri email ka ab tak koi response nahi diya gaya. I sincerely hope you will personally look into this matter and see what is happening at the ground level with employees. Leadership ka asal maqsad sirf managers ko develop karna nahi, balki employees ke concerns ko sunna, unke saath fair treatment karna aur accountability ensure karna bhi hai. I still hope that you will look into my case personally and ensure a fair and transparent review of what happened. Like Reply",https://www.instagram.com/efu_life/reel/DcN7TnYjVis/,,"Video by EFU Life on August 19, 2026. May be a graphic of magazine, sports equipment, screen, poster, card and text that says 'efu Nexus LIFE LIFE MANAGEMENT DEVELOPMENT PROGRAM pro'.",
EFU Life Assurance,direct,efu_life,DcNp6fnjfJU,p,2026-08-19,"EFU Life’s mHealth is expanding its network of PMDC-certified specialists through a scalable and technology-enabled healthcare platform. Through mHealth, specialists can benefit from: * Seamless appointment management * Teleconsultation support * Increased patient accessibility * Exposure to insured and corporate patient populations Be part of a platform focused on the future of connected healthcare. Email your resumes at: wellbeing@efulife.com Stay connected to your health with complete mHealth access on the EFU Life WIN app. #EFULife #EFULifeWIN #mHealth #Telemedicine #HealthcareInnovation No comments yet. Start the conversation. 10 August 19",https://www.instagram.com/efu_life/p/DcNp6fnjfJU/,,"Photo by EFU Life on August 19, 2026.",
EFU Life Assurance,direct,efu_life,DcLWVP1DdZh,reel,2026-08-18,"We’re pleased to welcome KraveMart as our new partner on the EFU Life WIN App! Now, every wellness challenge you complete can take you one step closer to a reward. Complete your goals and challenges, earn Reward Points, and redeem them for KraveMart discount vouchers worth up to Rs. 500! 🎁 Download the EFU Life WIN App and start earning your rewards! Play Store: https://play.google.com/store/apps/details?id=com.efulife.win App Store: https://apps.apple.com/pk/app/efu-life-win/id6474309362 #EFULifeWIN #EmbraceWellness #LetsWinAtLifeTogether #KraveMart No comments yet. Start the conversation. 9 August 18",https://www.instagram.com/win.efulife/reel/DcLWVP1DdZh/,,"Video by WIN by EFU Life on August 18, 2026. May be an image of ‎card, poster and ‎text that says '‎אוזד EFU EFULIFE Krave Mart GOT A KRAVE? FIRST, EARN YOUR WIN! Complete your challenges, earn reward points & gain KraveMart vouchers worth Rs. 500! VOUCHER Rs. 500 Krave Mart א ALL THROUGH EFU LIFE WIN APP! Amailableur AppStore Store App Google Play‎'‎‎.",win.efulife
EFU Life Assurance,direct,efu_life,DcK-QqLHBqA,p,2026-08-18,"EFU Life is proud to join the Champions of Change Coalition Pakistan, becoming part of a growing network of organizations across the country committed to advancing more inclusive and equitable workplaces. Jalal Curmally, Head of Human Resource, and Rajaa Bokhari, Senior Manager, Sustainability & Social Impact, represented EFU Life at an exclusive two-day training session hosted by the Champions of Change Coalition Pakistan. This membership reflects our belief that progress comes from continuous learning, action and creating opportunities for people to grow and lead. At EFU Life, this commitment is reflected through initiatives focused on inclusion, accessibility, DEI and leadership development, including our inclusive internship and future leaders programs. As a member of the Coalition, we look forward to exchanging insights, sharing our experiences and turning collective learning into a",https://www.instagram.com/efu_life/p/DcK-QqLHBqA/,,"Photo by EFU Life on August 17, 2026.",
EFU Life Assurance,direct,efu_life,DcI9D_fEq-g,reel,2026-08-17,"Sometimes, it’s not the struggle that holds us back, it’s the fear of being judged for admitting we’re struggling. Conversations around mental health are often shaped by stigma, societal expectations, and the fear of being misunderstood. From “men don’t cry” to hesitating to seek therapy at home or at work, the pressure to appear “fine” can make it harder to reach out for the support we need. In this episode of WinSights podcast, mental health expert Falak Zehra, Senior Lecturer & Director, talks about breaking the stigma around mental health, creating safe spaces, recognizing when we need support, and why asking for help is never a sign of weakness. Because sometimes, the first step towards feeling better is simply finding someone safe to talk to. Watch full episode: https://youtu.be/rTByhQSV-3U?si=WlDEJEZJVoaZ3_0B #EFULifeWIN #MindMattersPakistan #FromStigmaToStrength #MentalHealthMatt",https://www.instagram.com/win.efulife/reel/DcI9D_fEq-g/,,"Video by WIN by EFU Life on August 17, 2026. May be an image of one or more people, poster, magazine and text that says 'FALAK ZEHRA Senior Lecturer & Director, Wellness Center -KSBL'.",win.efulife
EFU Life Assurance,direct,efu_life,DcI7gFrAP1p,reel,2026-08-17,"Download Thrive, sign up, and earn 2,000 EFU Life Coins to start your journey. Your future, your goals, all in one place. Start today! #EFULife #Thrive #Savings #Rewards #EFUCoins #Digital No comments yet. Start the conversation. 338 August 17",https://www.instagram.com/efu_life/reel/DcI7gFrAP1p/,,"Video by EFU Life on August 17, 2026. May be an image of card and text that says 'thrive Inspiring Possibilities SIGN-UP KAREIN AUR REWARDS EARN KAREIN! GET 2000 EFU COINS 9:41 Get Started Seanch For Pages. Tah Setttnga- NO PAPER WORK Sign Up Get 500 EFU Coins แขน t00my reaarids ۲ SIGN-UP IN MINUTES Insurance InsurancePlans San Muaamnal PAAn ป้งฟริมณ Saver Plan Goals unad &Maroa BONUS COINS 一 Iwite&Eam2000Coins Dul Inite Earn 2000 Colns จพชิง Venduy gave EASY WITHDRAWAL Redeem RedeemVoucher Vouc",
Jubilee Life Insurance,direct,jubileelife,DaKLEGSh1X5,reel,2026-06-29,"Every claim tells a story of trust. In 2025, we paid PKR 54 billion in claims, helping families navigate life's most important moments with confidence. #JubileeLife #Insurance #ClaimsPaid2025 #BefikerMustaqbil No comments yet. Start the conversation. 10 June 28",https://www.instagram.com/jubileelife/reel/DaKLEGSh1X5/,,"Video by Jubilee Life Insurance on June 28, 2026. May be an image of text that says 'Jubilee LIFE INSURANCE PKR 54 BILLION CLAIMS PAID IN 2025 Behind every claim is α promise fulfilled'.",
Jubilee Life Insurance,direct,jubileelife,DciVEastwvH,reel,2026-08-27,Bhae waah😍😍 Like Reply ramsha._.rehman 2h 😍😍😍 Like Reply vibingwithanum 2h 😍😍 Like Reply vibingwithanum 2h Editing ❤️❤️ Like Reply vibingwithanum 2h Wohoo 😍 Like Reply fatima.siddiqi91 2h 😍😍😍 Like Reply fashion_pakistan20 3h 😍😍👏👏 Like Reply fashion_pakistan20 3h Wah zabardast 😍 Like Reply malaika_rana85 3h 😮😮😮 Like Reply malaika_rana85 3h Zbr10👏🔥🙌 Like Reply iqraahmedkhatri 3h 😍😍😍 Like Reply iqraahmedkhatri 3h That's great Like Reply fatimaa_danish 4h 👍🏻👍🏻 Like Reply fatimaa_danish 4h Good❤️ Like Reply fatimaa_danish 4h Bht acha❤️ Like Reply 26 4 hours ago,https://www.instagram.com/_its_duha20/reel/DciVEastwvH/,,"Video by Duaa Ansari 💎 on August 27, 2026. May be an image of headscarf, turban and text that says 'Jubilee JubileeActive Active'.",_its_duha20
Jubilee Life Insurance,direct,jubileelife,DceHneNo1lK,reel,2026-08-25,"Fitness and health should be about more than just hitting your daily step goal 💪💙 With Jubilee Active, a free health and wellness app by Jubilee Life Insurance, staying active can help you earn points, unlock up to 50% off at exciting brands and enjoy rewards for your healthy habits. From discounted health services through Oladoc and free online consultations via Sehat Kahani, to wellness challenges, digital access to your Jubilee Health Card and Saffron Loyalty Card, rewards and affordable insurance plans, Jubilee Active is designed to make your wellness journey even more rewarding. Stay healthy. Keep moving. Get rewarded 👟 Download the Jubilee Active App now! Google Play: https://play.google.com/store/apps/details?id=com.ozoneddigital.jubileeactive App Store: https://apps.apple.com/pk/app/jubilee-active/id1668586294 #JubileeActive #JubileeLifeInsurance #EveryStepCounts #HealthAndWellne",https://www.instagram.com/fitellect/reel/DceHneNo1lK/,,"Video by Fahad Raza | Mindset | Awareness on August 25, 2026. May be an image of one or more people, beard, phone, timer, tablet, screen and text that says 'Steps Health Log > Points Redeem Now 1,600 +Add Goal 248,421'.",fitellect
Jubilee Life Insurance,direct,jubileelife,DcdnGakiGqB,p,2026-08-25,"We are coming to Iqra University on August 27th to connect with top tech talent for our Technology Graduate Program! We are on the lookout for ambitious, driven, and innovative minds to join our team and kickstart their careers through our high-impact opportunities. Mark your calendars! #JubileeLife #Insurance #IqraUniversity #JobFair2026 No comments yet. Start the conversation. 5 2 days ago",https://www.instagram.com/jubileelife/p/DcdnGakiGqB/,,"Photo by Jubilee Life Insurance on August 25, 2026. May be an image of poster, magazine, calendar, tower and text that says 'Jubilee LIFE INSURANCE Jubilee EMERGING LEADERS LEADERSPROGRAM PROGRAM Mark Your Calendars Jubilee Life is coming to Iqra University Job Fair 2026 27th August, 2026 IQRA UNIVERSITY'.",
Jubilee Life Insurance,direct,jubileelife,Dcdf27ktk9U,reel,2026-08-25,"Your steps can do more than just keep you moving! With the Jubilee Active App by Jubilee Life Insurance, turn your daily steps into points, unlock up to 50% off at your favourite brands, access free online consultations, and enjoy discounted health services. Move more. Earn more. Live better. Download Jubilee Active and discover a more rewarding way to stay healthy! #JubileeActive #JubileeLife #EveryStepCounts #StayActive #HealthAndWellness Rewards tabeer_128 1d 🔥🔥 Like Reply tabeer_128 1d 👏😍 Like Reply ariusmoiz 1d 😍😍😍👏🏼",https://www.instagram.com/kiranashfaquehusseindar/reel/Dcdf27ktk9U/,,"Video by Kiran Ashfaque Hussein Dar on August 25, 2026. May be an image of activewear, sweatpants, juice, sportswear and text that says 'Food Health c2. ONLY FOM 18 再本'.",kiranashfaquehusseindar
Jubilee Life Insurance,direct,jubileelife,DcdXP-dJM0H,reel,2026-08-25,😍😍😍 Like Reply reviewthatthingwithushna 18h So cool😍 Like Reply _rabeazahid 1d My gorggggggg😍 Like Reply _rabeazahid 1d Superrrrrrr❤️ Like Reply _rabeazahid 1d Amazing content❤️ Like Reply _rabeazahid 1d Wow i love this❤️❤️❤️ Like Reply huraina09 1d Wah bhaee ❤️❤️😍😍,https://www.instagram.com/anum_nadeemm/reel/DcdXP-dJM0H/,,"Video by Anum Nadeem on August 25, 2026. May be an image of one or more people, people playing tennis, people playing basketball, people playing racquetball, activewear, sportswear, racket, sports equipment and text.",anum_nadeemm
Jubilee Life Insurance,direct,jubileelife,DcdGTrliAY6,p,2026-08-25,"Grill. Chill. Repeat. Get 40% OFF at Cafe D Grill, available only on Jubilee Active Saffron card. Simply stay active, earn points, and enjoy exclusive rewards through the Jubilee Active app. Download Now: Google Play: https://play.google.com/store/apps/details?id=com.ozoneddigital.jubileeactive&hl=en-US&pli=1 App Store: https://apps.apple.com/pk/app/jubilee-active/id1668586294 #JubileeLife #CafeDGrill #ExclusiveRewards #ActiveLifestyle No comments yet. Start the conversation. 24 2 days ago",https://www.instagram.com/jubileelife/p/DcdGTrliAY6/,,"Photo by Jubilee Life Insurance on August 25, 2026. May be an image of burger, french fries, tablet and text.",
Jubilee Life Insurance,direct,jubileelife,Dcc1kliCaRT,reel,2026-08-25,"Your insurance journey begins now on WhatsApp, say ‘Hi’ and get started! From policy details to fund performance reports to tax certificates, everything is just a few taps away! Message us on our WhatsApp Number +92 21-111-111-554 and sign up today! #JubileeLife #Insurance #JubileeLifeWhatsApp No comments yet. Start the conversation. 1 2 days ago",https://www.instagram.com/jubileelife/reel/Dcc1kliCaRT/,,"Video by Jubilee Life Insurance on August 24, 2026. May be a cartoon of lighting, carpet, chaise lounge, curtains and text that says 'Jubilee LIFE INSURANCE'.",
Jubilee Life Insurance,direct,jubileelife,Dcc1kfVAQlg,reel,2026-08-25,"Avail up to 10% exclusive discount at Shifa International Hospital on all Lab, Radiology and consultation with your Jubilee Health card. Valid #Islamabad. T&C's apply. Please note: Valid Jubilee Health Card must be shown at the facility in order to avail the discount. The discount is applicable on cash payments only. #JubileeLife #Insurance #ShifaInternationalHospital #JubileeHealthCard No comments yet. Start the conversation. 9 2 days ago",https://www.instagram.com/jubileelife/reel/Dcc1kfVAQlg/,,"Video by Jubilee Life Insurance on August 24, 2026. May be an image of outdoors and text.",
Jubilee Life Insurance,direct,jubileelife,Dcbi4YpNL_0,reel,2026-08-24,❤️🙌 Like Reply saimister_ 1d Will check 👏 Like Reply anam123yunus 1d That's great 😃 Like Reply trendblendprs 1d Great one😍 Like Reply adilarsdhad 1d Great video 🔥👏 Like Reply doc_without_labcoat 1d Gonna download 🙌 Like Reply makeupreviews.aksa 1d Great💖💖love to try Like Reply yoursmishi 1d Kiya bat hai ❤️ Like Reply najiya_riyan_ 1d Bht Kamal 😍 Like Reply ugcreatorr_ 1d Looks good ❤️ Like Reply june.aysha 1d Thats great🙌 Like Reply meharu78nisa 1d Wow amazing I will try❤️❤️ Like Reply tahas.expresss 1d 👏👏 nice Like Reply zaras_tales 2d Sounds interesting Like Reply khadija_world_19 2d Will definitely try it 😍😍 Like Reply 31 2 days ago,https://www.instagram.com/glamandlights/reel/Dcbi4YpNL_0/,,"Video by Ayesha Lakhani on August 24, 2026. May be a selfie of one or more people, people smiling, phone, mirror and text.",glamandlights
Jubilee Life Insurance,direct,jubileelife,DcbbO6GsuM_,reel,2026-08-24,"Walk more, earn points, and enjoy exciting rewards! 🚶‍♀️✨ With the Jubilee Active App, every step can bring you closer to amazing discounts and health benefits. 💙📱 Download Jubilee Active App by Jubilee Life Insurance today and make every step count! #JubileeActive #JubileeLife #StayActive #EarnRewards #Wellness anzaywednesday_ 1d 😍😍😍😍 Like Reply maryamsoomro._ 1d 😍 Like Reply madihafarooq02 1d Great initiative by jubilee Like Reply talkvaultt 1d Fantastic content😍 Like Reply emaanali_shaikh 1d Truly amazing 👏 Like Reply emaanali_shaikh 1d Great 👏 Like Reply rabiamukhtarali 1d Interesting 😍 Like Reply fadeslnsilence__ 1d Thanks for sharing Like Reply realticdreamydiary 1d Thanks for sharing 🙌 Like Reply meharu78nisa 1d Wow good app❤️ Like Reply glowingwithgraceful 1d Wow amazing 😍😍 Like Reply adilarsdhad 1d Yes it’s amazing 🔥 Like Reply june.aysha 1d Divine😍 Like Reply queen.blogar 1d Wo",https://www.instagram.com/maryamsoomro._/reel/DcbbO6GsuM_/,,"Video by Mariam on August 24, 2026. May be a selfie of smiling, picnic and text that says 'ACTIVE'.",maryamsoomro._
Jubilee Life Insurance,direct,jubileelife,DcaZMaQiguj,reel,2026-08-24,Avail up to 40% exclusive discount at Iqra Labs & Diagnostic Centre on Laboratory with your Jubilee Health card. Valid #Nationwide. T&C's apply. Please note: Valid Jubilee Health Card must be shown at the facility in order to avail the discount. The discount is applicable on cash payments only. #JubileeLife #Insurance #IqraLabs #JubileeHealthCard No comments yet. Start the conversation. 7 3 days ago,https://www.instagram.com/jubileelife/reel/DcaZMaQiguj/,,"Video by Jubilee Life Insurance on August 23, 2026. May be an image of beaker, microscope and text.",
Adamjee Life Assurance,direct,adamjeelifeassurance,DVN44h_ABrE,reel,2026-05-06,"Managing your claims and policy is now easier than ever. Download Adamjee Life’s new Customer App and stay in control 24/7, anytime, anywhere. • Policy Management • Online Appointment • Online Claim Filing • Online Payment • 24/7 Policy Update Download the app now! https://l.ead.me/AdamjeeLifeDigitalApp #AdamjeeLife #KabhiBhiKahinBhi asif.shahzad810 25w sir❤️ rocking ⭐",https://www.instagram.com/adamjeelifeassurance/reel/DVN44h_ABrE/,,"Video by Adamjee Life Assurance on February 26, 2026.",
Adamjee Life Assurance,direct,adamjeelifeassurance,DU-cDpIgMZ1,reel,2026-02-20,"Adamjee Life's new Customer Care App enables you to check, update, and manage your policies directly from your desk. - Policy Management - Online Appointment - Online Claim Filing - Online Payment - 24/7 Policy Update Download the app now! https://l.ead.me/AdamjeeLifeDigitalApp #AdamjeeLife #KabhiBhiKahinBhi No comments yet. Start the conversation. 20 February 20",https://www.instagram.com/adamjeelifeassurance/reel/DU-cDpIgMZ1/,,"Video by Adamjee Life Assurance on February 20, 2026.",
Adamjee Life Assurance,direct,adamjeelifeassurance,DUvXTlGAams,reel,2026-05-06,"Missed appointments are a thing of the past. With Adamjee Life's new Customer App, manage your life insurance policy with just one tap. * Policy Management * Online Appointment * Online Claim Filing * Online Payment * 24/7 Policy Update Download the app now! https://l.ead.me/AdamjeeLifeDigitalApp #AdamjeeLife #KabhiBhiKahinBhi No comments yet. Start the conversation. 34 February 14",https://www.instagram.com/adamjeelifeassurance/reel/DUvXTlGAams/,,"Video by Adamjee Life Assurance on February 14, 2026.",
Adamjee Life Assurance,direct,adamjeelifeassurance,DcajWyjje2Z,p,2026-08-24,"Skip the queues and pay with ease!​ With the Adamjee Life Digital App, you can make secure digital payments in just a few taps; no branch visits, no paperwork, just a faster, and more convenient way to pay.​ ​ Get the app now: https://l.ead.me/AdamjeeLifeDigitalApp​ #AdamjeeLife #KabhiBhiKahinBhi​ No comments yet. Start the conversation. 6 3 days ago",https://www.instagram.com/adamjeelifeassurance/p/DcajWyjje2Z/,,"Photo by Adamjee Life Assurance on August 24, 2026. May be an image of screen, poster, tablet, card, phone and text.",
Adamjee Life Assurance,direct,adamjeelifeassurance,DcVULHvFxlK,p,2026-08-22,"A Journey Completed, A Future Begins. From new experiences to meaningful connections, our Enableship 2026 interns have completed their journey at Adamjee Life. As they move forward, we wish them the confidence to dream bigger and the courage to make it happen. Here’s to what comes next! ✨ #AdamjeeLife #Enableship2026 No comments yet. Start the conversation. 38 5 days ago",https://www.instagram.com/adamjeelifeassurance/p/DcVULHvFxlK/,,"Photo by Adamjee Life Assurance on August 21, 2026.",
Adamjee Life Assurance,direct,adamjeelifeassurance,DcTWqQPDa_e,p,2026-08-21,"Ten years is more than a milestone. It is a journey shaped by experiences, learning, growth and countless moments shared along the way. At our Head Office, we celebrated our colleagues who have completed a decade with Adamjee Life, recognising their dedication, commitment and the meaningful contributions they have made throughout their journey. Here’s to celebrating the people who have grown with us and continue to be an important part of our story. #AdamjeeLife #KabhiBhiKahinBhi adamjeelifeassurance 3d Thank you so much for your kind wishes! We truly appreciate your support. Like Reply umerjavedcom 6d @shilpa.sham congratulations",https://www.instagram.com/adamjeelifeassurance/p/DcTWqQPDa_e/,,"Photo by Adamjee Life Assurance on August 21, 2026.",
Adamjee Life Assurance,direct,adamjeelifeassurance,DcQg_ZWDSdB,p,2026-08-20,"Everything you need, all in one place!​ From coverage details and plan comparisons to online calculators, the Adamjee Life Digital App makes it easier to explore your options and choose with confidence.​ Get the app now: https://l.ead.me/AdamjeeLifeDigitalApp​ #AdamjeeLife #KabhiBhiKahinBhi​ No comments yet. Start the conversation. 9 7 days ago",https://www.instagram.com/adamjeelifeassurance/p/DcQg_ZWDSdB/,,"Photo by Adamjee Life Assurance on August 20, 2026. May be an image of water heater, phone, thermostat, timer and text that says 'adamjeelife Kabhi bhi Kahin ち Calculate coverage. Compare smarter. Stay informed with Online Calculator! Coverage Calculator ዲጊኛ パー 9:41 BMI Calorle Calculator wil Hi! 목콩 Comparative Calculator Proposala 600046176 Mode 100.000/An 62567.47 Product Date IWant: Let's et ou insured Proceed Online IndividualLife CorporateLife Bancassurance Quick Services 01% PieCia FleClai",
Adamjee Life Assurance,direct,adamjeelifeassurance,DcEXyLqIlf9,reel,2026-08-15,"Some moments are more than celebrations, they become memories. A glimpse into a day filled with smiles, talent, performances and the true spirit of togetherness, as The Hunar Foundation and Adamjee Life (@adamjeelifeassurance) came together to celebrate Pakistan. کیونکہ ہنر کی طاقت سے بدلیں گے پاکستان۔ #IndependenceDay #JashnEAzadi #TheHunarFoundation #AdamjeeLife #PakistanZindabad iffikhan898989 5d Very nice video is Mein Mein ne bhi participate Kara tha aur abhi tak participate yaad aata hai kash Kal phir se ye performance ho jaye😢😢😢",https://www.instagram.com/thehunarfoundation/reel/DcEXyLqIlf9/,,"Video by The Hunar Foundation on August 15, 2026. May be an image of one or more people, hospital, wedding, office and text.",thehunarfoundation
Adamjee Life Assurance,direct,adamjeelifeassurance,DcAxZVCjv1L,reel,2026-08-14,"From celebrating our freedom to honouring the milestones that shape us, Adamjee Life came together to mark 79 years with high spirits, heartfelt patriotism and appreciation for the people who continue to make our journey meaningful. Here’s to the spirit of independence, the journeys we celebrate, and the future we continue to build together. #AdamjeeLife #79Years #IndependenceDay #14thAugust No comments yet. Start the conversation. 76 August 14",https://www.instagram.com/adamjeelifeassurance/reel/DcAxZVCjv1L/,,"Video by Adamjee Life Assurance on August 14, 2026. May be an image of balloon, flag, banner, office and text that says 'ራ adamjeelife adarcie adaracen ife'.",
Adamjee Life Assurance,direct,adamjeelifeassurance,DcAaAdSDE4I,p,2026-08-14,"A day of celebration, a moment of recognition, and plenty of reasons to look back with gratitude. As Adamjee Life marked Independence Day with its people, it also honoured employees completing 10 years of service, recognising the journeys, memories and contributions that have become part of the organisation’s own story. #HappyIndependenceDay #AdamjeeLife No comments yet. Start the conversation. 44 August 13",https://www.instagram.com/adamjeelifeassurance/p/DcAaAdSDE4I/,,"Photo by Adamjee Life Assurance on August 13, 2026.",
Adamjee Life Assurance,direct,adamjeelifeassurance,Db_kUlJjaX7,reel,2026-08-13,"Celebrating Azaadi with purpose. 🇵🇰 Adamjee Life, in collaboration with The Hunar Foundation, came together to celebrate Independence Day with the young, talented, and skilled minds of Pakistan. Under our Nigehbaan CSR Programme, this initiative reflects our belief that Pakistan grows stronger when its youth are empowered through hunar, education, and maali aagahi. Because when financial awareness grows, Pakistan grows. Maali Aagahi Hogi, Tabhi Tou Barhega Pakistan. #AdamjeeLife #TheHunarFoundation #Nigehbaan #IndependenceDay #AzaadiMubarak #CSR #FinancialLiteracy #HunarAurMaaliAagahi #PakistanZindabad No comments yet. Start the conversation. 56 August 13",https://www.instagram.com/adamjeelifeassurance/reel/Db_kUlJjaX7/,,"Video by Adamjee Life Assurance on August 13, 2026. May be an image of ‎one or more people, dais and ‎text that says '‎adamjeelife life ا nigehbaan adam THEHИHAR UMAR FOUNDATION EDUNDATION INSTITUTES OODO‎'‎‎.",
Adamjee Life Assurance,direct,adamjeelifeassurance,Db_cNbHD-Xo,reel,2026-08-13,"From every story to every journey, every shade of this land is part of what makes it home. This Independence Day, Adamjee Life celebrates the people, places and possibilities that connect us all. Happy Independence Day! #IndependenceDay #PakistanZindabad #AdamjeeLife No comments yet. Start the conversation. 14 August 13",https://www.instagram.com/adamjeelifeassurance/reel/Db_cNbHD-Xo/,,"Video by Adamjee Life Assurance on August 13, 2026. May be a doodle of ‎map, book, magazine, poster and ‎text that says '‎ل adamjeelife The Home to to Every Life áno‎'‎‎.",
IGI Life Insurance,direct,igilifevitality,DciNdoxjbDG,reel,2026-08-27,"Sometimes, the most productive thing you can do is pause. Step away from the screen, take a moment to move, breathe and reset. A short break can help you return feeling refreshed and ready to take on the rest of your day. Make time for your wellbeing. #IGILifeVitality #Wellbeing #WellnessAtWork #TakeABreak #HealthyHabits #MentalWellbeing No comments yet. Start the conversation. 5 hours ago",https://www.instagram.com/igilifevitality/reel/DciNdoxjbDG/,,"Video by IGI Life Insurance Limited on August 27, 2026. May be an image of studying, computer keyboard, bureau, office and text that says 'IGI Vitality Life P caGMGN CETINTOUCH FOR FORMOREINFORMATION MORE INFORMATION D +(92)-21-111-171-711 2- igilife.com.pk'.",
IGI Life Insurance,direct,igilifevitality,Dcdab3GFWHn,p,2026-08-25,"Prioritising health, one step at a time. A Hepatitis Awareness & Vaccination Camp was held for employees across IGI Holdings, in collaboration with Transparent Hands, promoting preventive healthcare and encouraging greater awareness about Hepatitis. Together, we’re taking meaningful steps towards a healthier and more informed workplace. #IGIHoldings #HepatitisAwareness #EmployeeWellbeing #HealthAndWellness #TransparentHands No comments yet. Start the conversation. 12 1 2 days ago",https://www.instagram.com/igigeneralinsurance/p/Dcdab3GFWHn/,,"Photo by IGI General Insurance on August 25, 2026.",igigeneralinsurance
IGI Life Insurance,direct,igilifevitality,DcasP2TjOGX,p,2026-08-24,"Life doesn’t stay the same — and neither do the things that matter most to you. From starting your career to building a family and planning for the future, every stage brings new responsibilities and priorities. The right protection is one that grows with you. Which stage of life are you planning for right now? #IGILife #FinancialWellbeing #PlanForTomorrow No comments yet. Start the conversation. 4 3 days ago",https://www.instagram.com/igilifevitality/p/DcasP2TjOGX/,,"Photo by IGI Life Insurance Limited on August 24, 2026.",
IGI Life Insurance,direct,igilifevitality,DcN-s7Moy5R,reel,2026-08-19,We asked our MTOs who’s most likely to… and the answers were quick! Looks like they know each other pretty well already! A fun little glimpse into their time together as a team. #PackagesGroup #IGI No comments yet. Start the conversation. 24 August 19,https://www.instagram.com/igigeneralinsurance/reel/DcN-s7Moy5R/,,"Video by IGI General Insurance on August 19, 2026. May be an image of one or more people, people smiling, people standing, poster, office and text.",igigeneralinsurance
IGI Life Insurance,direct,igilifevitality,DcN0QDWCNxB,reel,2026-08-19,"A little break can go a long way. If screen time is taking a toll, try the 20-20-20 rule: every 20 minutes, look at something 20 feet away for 20 seconds. Give your eyes a moment to reset. #IGILifeVitality #WellnessTip #HealthyHabits No comments yet. Start the conversation. 6 August 19",https://www.instagram.com/igilifevitality/reel/DcN0QDWCNxB/,,"Video by IGI Life Insurance Limited on August 19, 2026. May be an image of poster, tablet, screen, office and text that says 'IGIV Life Life IGI Vitality Screen Screentime time P PackagesGraunpCompary Group Company FEINFORMATION GET TOUCH FOR MORE INFORMATION +192)-21-I71-11-711'.",
IGI Life Insurance,direct,igilifevitality,DcLPa5CD6T0,p,2026-08-18,"Planning for your child’s education doesn’t have to wait until the expenses are right around the corner. Starting early gives you more time to build a fund gradually and prepare for their future with greater confidence. Because when it comes to their education, it’s never too early to start planning. #IGILife #PlanForTheirFuture #ChildEducation #FinancialPlanning #LifeInsurance No comments yet. Start the conversation. 4 August 18",https://www.instagram.com/igilifevitality/p/DcLPa5CD6T0/,,"Photo by IGI Life Insurance Limited on August 18, 2026.",
IGI Life Insurance,direct,igilifevitality,DcBMHQKo-v6,reel,2026-08-14,Different faces. Different stories. Different journeys. But one identity that brings us together. 🇵🇰 Meri Pehchaan Pakistan. #14August #IndependenceDay #MeriPehchaanPakistan #IGI No comments yet. Start the conversation. 48 August 14,https://www.instagram.com/igigeneralinsurance/reel/DcBMHQKo-v6/,,"Video by IGI General Insurance on August 14, 2026. May be an image of poster, outdoors and text that says 'IGI Haldings Insurance nvestments Securiios| HdngIaresce/resiments FSI| ife Ha MeriPehchaanPakistan Meri Pehchaan Pakistan packages.com.pk packages'.",igigeneralinsurance
IGI Life Insurance,direct,igilifevitality,DcATDr3j3PY,p,2026-08-14,"Celebrating the spirit, strength and pride of our nation. Happy Independence Day, Pakistan! #IndependenceDay #Pakistan #14thAugust #IGI No comments yet. Start the conversation. 12 August 14",https://www.instagram.com/igilifevitality/p/DcATDr3j3PY/,,"Photo by IGI Life Insurance Limited on August 13, 2026. May be an image of poster, flag and text.",
IGI Life Insurance,direct,igilifevitality,Db-Jv0bDaPD,reel,2026-08-13,Hot weather can make food spoil faster than you think. Keep your meals fresh and safe by refrigerating perishable foods promptly and being mindful of how long they’ve been sitting out. Small habits. Better health. #IGILifeVitality #HealthyLiving #FoodSafety #SummerHealth #HealthyHabits No comments yet. Start the conversation. 2 August 13,https://www.instagram.com/igilifevitality/reel/Db-Jv0bDaPD/,,"Video by IGI Life Insurance Limited on August 13, 2026. May be an image of placemat, platter, cutlery, plate, kitchenware and text.",
IGI Life Insurance,direct,igilifevitality,Db7rzY9AVzh,p,2026-08-12,"Think life insurance is only for when you have a family? Think again. With the IGI Life Smart Future Plan, you can start planning your financial future from age 18, with life protection, investment and a maturity benefit. Your future doesn’t have to wait. #IGILife #SmartFuturePlan #LifeInsurance #FuturePlanning No comments yet. Start the conversation. 3 August 12",https://www.instagram.com/igilifevitality/p/Db7rzY9AVzh/,,"Photo by IGI Life Insurance Limited on August 12, 2026.",
IGI Life Insurance,direct,igilifevitality,Db2v7eQDbqi,p,2026-08-10,"Small, healthy choices can add up to something rewarding. With IGI Life Vitality, your everyday habits can take you one step closer to feeling your best, and enjoying a little extra along the way. #IGILifeVitality #HealthyChoices #HealthyHabits No comments yet. Start the conversation. 1 August 10",https://www.instagram.com/igilifevitality/p/Db2v7eQDbqi/,,"Photo by IGI Life Insurance Limited on August 10, 2026. May be an image of ‎card and ‎text that says '‎P tegnCaNo Oaиe Pockogn IGI Vitality Life Your healthier choices could make your next meal more rewarding Your daily habits may tell different story. foodpanda PKR PKR500 500 WEEKLY REWARD 口ロ Downk load he IcILifeVitalityApp LifeVitalityA GooglePla/S1or 'יובם AppleScore GET TOUCHFOR MORE ΟΝ (021)111111711 (021) 11.111 www. ww.igilife.com.pk gilte.com.pl‎'‎‎.",
IGI Life Insurance,direct,igilifevitality,DbvBkKNihue,reel,2026-08-07,"""I'm too young for life insurance."" It's a common belief, but is it true? Life insurance isn't about your age. It's about protecting the future you're building, no matter what stage of life you're in. Take a moment to challenge some of the most common myths and discover why planning ahead is one of the smartest investments you can make. Because protecting your future starts today. #IGILife #InsuranceMyths #FinancialPlanning #ProtectWhatMatters No comments yet. Start the conversation. 7 August 7",https://www.instagram.com/igilifevitality/reel/DbvBkKNihue/,,"Video by IGI Life Insurance Limited on August 07, 2026. May be an image of text that says 'LIFE INSURANCE MYTH'.",
Askari Life Assurance,direct,askari_life,DKymkdrNBgN,p,2025-06-12,"One decision today can make every moment meaningful. Start your journey toward a peaceful tomorrow with Askari Life. #AskariLife #JeeLoHarGhari #IraadaKaro No comments yet. Start the conversation. 12 June 11, 2025",https://www.instagram.com/askari_life/p/DKymkdrNBgN/,,"Photo by Askari Life Assurance Company on June 11, 2025.",
Askari Life Assurance,direct,askari_life,DKymitONopz,p,2025-06-12,"One decision today can make every moment meaningful. Start your journey toward a peaceful tomorrow with Askari Life. #AskariLife #JeeLoHarGhari #IraadaKaro No comments yet. Start the conversation. 8 June 11, 2025",https://www.instagram.com/askari_life/p/DKymitONopz/,,"Photo by Askari Life Assurance Company on June 11, 2025.",
Askari Life Assurance,direct,askari_life,DKymg91NZ_o,p,2025-06-12,"One decision today can make every moment meaningful. Start your journey toward a peaceful tomorrow with Askari Life. #AskariLife #JeeLoHarGhari #IraadaKaro No comments yet. Start the conversation. 5 June 11, 2025",https://www.instagram.com/askari_life/p/DKymg91NZ_o/,,"Photo by Askari Life Assurance Company on June 11, 2025.",
Askari Life Assurance,direct,askari_life,DcdED9xHHlD,p,2026-08-25,"Every goal deserves a plan that grows with you. From securing your family to building towards future milestones, Askari Life’s Golden Path Family Takaful Plan helps you move forward with confidence. Begin your journey from PKR 100,000 per year. Visit askarilife.com or call 111-225-275. #AskariLife #GoldenPath #FamilyTakaful #IraadaKaro No comments yet. Start the conversation. 4 2 days ago",https://www.instagram.com/askari_life/p/DcdED9xHHlD/,,"Photo by Askari Life Assurance Company on August 25, 2026.",
Askari Life Assurance,direct,askari_life,DcS3gNbErb4,reel,2026-08-21,"Turn your future plans into lasting financial confidence with Askari Life’s Golden Path Family Takaful Plan which brings savings, protection and added value together for you and your loved ones. Take a step towards a more secure tomorrow. Visit: askarilife.com or call 111-225-275. #AskariLife #JeeloHarGhari #GoldenPath #FamilyTakaful #IraadaKaro No comments yet. Start the conversation. 3 6 days ago",https://www.instagram.com/askari_life/reel/DcS3gNbErb4/,,"Video by Askari Life Assurance Company on August 21, 2026. May be a graphic of ‎magazine, poster and ‎text that says '‎소 askarilife JeeLo Har Ghari YOUR FUTURE DESERVES MORE THAN JUST A PLAN د‎'‎‎.",
Askari Life Assurance,direct,askari_life,DcIqpNlnO6e,p,2026-08-17,"Har khwab ki apni ek kahani hoti hai. ✨ Kisi ke liye apna ghar, kisi ke liye bachon ka behtar mustaqbil, aur kisi ke liye apna karobar. Aapke khwab kaunsa hai? Uska Irada aaj se karein. Askari Life, Irada Karo. #AskariLife #IradaKaro #FamilyTakaful #FuturePlanning No comments yet. Start the conversation. 4 August 17",https://www.instagram.com/askari_life/p/DcIqpNlnO6e/,,"Photo by Askari Life Assurance Company on August 17, 2026. May be a doodle of ‎poster, window and ‎text that says '‎Α askarilife Jeelo Har Ghari AAPKI WINDOW MEIN KAUNSA KHWAB HAI? ""Budhape mein sukoon chahiye."" ""Uski shaadi dhoom se karni hai."" و ""Kab apna ghar hoga?"" ""Bachon ko behtar behtartaleem taleem deni hai. askarilife.com ostkaifi.com|mH-25-2751#ro 111-225-275| #IraadaKaro‎'‎‎.",
Askari Life Assurance,direct,askari_life,Db-rn1YNn8B,reel,2026-08-13,"Every big dream begins with a small intention and grows through effort, belief and the right support. This Independence Day, aaj ke iraadon ko kal ka yaqeen banayein, and together, build a future worthy of Pakistan’s dreams. 🇵🇰 Askari Life - Iraada Karo. #AskariLife #IraadaKaro #IndependenceDay #PakistanZindabad No comments yet. Start the conversation. 3 August 13",https://www.instagram.com/askari_life/reel/Db-rn1YNn8B/,,"Video by Askari Life Assurance Company on August 13, 2026. May be a meme of poster and text that says 'askarilife JeeLo Har Ghari EK CHHOTAY SE IRAADE SE SH SHURU HOTA HA WAV A ミ'.",
Askari Life Assurance,direct,askari_life,Db2YMNtk5rg,reel,2026-08-10,Your future goals deserve a plan today. Start your journey with Askari Life Family Takaful. Learn more: https://askarilife.com/pursukoon-kal-family-takaful/ #AskariLife #IraadaKaro #FamilyTakaful No comments yet. Start the conversation. 3 August 10,https://www.instagram.com/askari_life/reel/Db2YMNtk5rg/,,"Video by Askari Life Assurance Company on August 09, 2026. May be a Twitter screenshot of ‎bread, phone and ‎text that says '‎ח askarilife JeeLoHarGhari JeeLo Har Ghari 08:15 My Future Online … You added a dream home You added your child's future You added peace of mind Uncertainty: Removed from chat askarilife.com askarii.com/1-2-2751#rad 111-225-275 #IraadaKaro‎'‎‎.",
Askari Life Assurance,direct,askari_life,Dbk1r-mnNNk,p,2026-08-03,"Smart choices today, bring rewards tomorrow. ✨ Grow towards your goals with Golden Path Family Takaful. Learn more: https://askarilife.com/golden-path-family-takaful/ #AskariLife #IraadaKaro #GoldenPathFamilyTakaful No comments yet. Start the conversation. 2 August 3",https://www.instagram.com/askari_life/p/Dbk1r-mnNNk/,,"Photo by Askari Life Assurance Company on August 03, 2026. May be an image of poster, card, magazine and text that says 'A askarilife Jeelo Har Ghari Insurance notification you don't : BONUS ADDED Bonus rewards in the first 2 years + future bonuses added to investment account with Golden Bonus Rewards SHARIAH COMPLIANT ANT FAMILY FAMILY FAMILY PROTECTION EXTRAS SAFETY COVERS askarilife.com 111-225-275| askiri.cm/1-2-2751#radak 275 #IraadaKaro'.",
Askari Life Assurance,direct,askari_life,DbYIN_GnLR2,p,2026-07-29,"You can’t predict every change in life, but you can prepare for it. 🌧️ Make your future stronger with the right plan. #IradaKaro #AskariLife #FutureReady #LifePlanning sarmad.shafi 3w Very thoughtful Like Reply 4 1 July 29",https://www.instagram.com/askari_life/p/DbYIN_GnLR2/,,"Photo by Askari Life Assurance Company on July 29, 2026.",
Askari Life Assurance,direct,askari_life,DbH_qeKnBPu,p,2026-07-23,"Every child deserves a future filled with opportunity. With Askari Life Education Plan, you can prepare today for the education expenses of tomorrow. #AskariLife #JeeloHarGhari #IraadaKaro #EducationPlan #FuturePlanning #ChildEducation #FinancialSecurity No comments yet. Start the conversation. 3 July 22",https://www.instagram.com/askari_life/p/DbH_qeKnBPu/,,"Photo by Askari Life Assurance Company on July 22, 2026.",
Askari Life Assurance,direct,askari_life,DawwI8XlG62,reel,2026-07-14,A child’s dream should never pause because of financial uncertainty. Start planning early with Askari Life Education Plan and build a smoother path toward brighter opportunities. #AskariLife #EducationPlan #SecureTheirFuture #SmartPlanning No comments yet. Start the conversation. 1 July 13,https://www.instagram.com/askari_life/reel/DawwI8XlG62/,,"Video by Askari Life Assurance Company on July 13, 2026. May be an image of poster, magazine and text.",
TPL Life Insurance,direct,tpllife,DcK1y_ngGU4,p,2026-08-18,"From Dubai to London and beyond, Globewell keeps you protected with access to medical providers in 185+ countries. -T&C Apply 👉 Visit https://tpllife.com/international-health-insurance-plan-globewell/ for more information. #TPL #TPLLife #Globewell #GlobalHealthInsurance #WorldwideInsurance No comments yet. Start the conversation. 3 August 17",https://www.instagram.com/tpllife/p/DcK1y_ngGU4/,,"Photo by TPL Life on August 17, 2026. May be an image of phone, poster, screen, globe, magazine and text that says 'TPLLife Access Worldwide Healthcare with Globewell FROM DUBAI to LONDON, GLOBEWELL HAS GOT YOUR BACK. Access to medical providers Acestomediclodrsin185 in 185+ countries GET GETAQUOTE A QUOTE www.tpllife.com'.",
TPL Life Insurance,direct,tpllife,DcAifPGiqQj,p,2026-08-14,"From the vibrant hues of our cultural heritage to the spirit of unity that brings us together, Pakistan’s story is one of remarkable strength, diversity, and pride. At TPL, we believe our greatest strength lies in standing together, embracing our differences, celebrating what unites us, and playing our part in building a stronger, more prosperous Pakistan for generations to come. Happy 79th Independence Day! #TPL #TPLLife #14August2026 #PakistanZindabad #PakistanIndependenceDay No comments yet. Start the conversation. 2 August 13",https://www.instagram.com/tpllife/p/DcAifPGiqQj/,,"Photo by TPL Life on August 13, 2026. May be an illustration of map, poster and text that says '$7b 79 Jear, Diverse in Culture. United in Pride for Pakistan. Happy Independence Day! TPLLife www.tpllife.com www.tp'.",
TPL Life Insurance,direct,tpllife,Db7pvpIFvNs,p,2026-08-12,"We are pleased to announce the strategic partnership between TPL Life Insurance and Mobilink Bank, bringing life insurance solutions closer to customers across Pakistan. By combining Mobilink Bank’s extensive reach with TPL Life’s expertise in Micro Life Protection, this partnership marks another step towards making insurance more accessible and advancing financial inclusion. Together, we’re making protection more convenient, one community at a time. #TPLLife #MobilinkBank #LifeInsurance #Pakistan Saad Nissar | Atta Ur Rehman | Abbas Dosten Hote | Rubab Kazmi | Muhammad Hassan Warraich | Muhammad Sabih Ul Haque | Mohsin Raza | Mobilink Bank No comments yet. Start the conversation. 2 August 12",https://www.instagram.com/tpllife/p/Db7pvpIFvNs/,,"Photo by TPL Life on August 12, 2026. May be an image of one or more people, people standing, hamper, office and text.",
TPL Life Insurance,direct,tpllife,Db2NdLgCO4g,p,2026-08-10,"Unexpected medical situations can happen anytime. With round-the-clock assistance, Globewell ensures help is always within reach no matter where you are. -T&C Apply 👉 Visit https://tpllife.com/international-health-insurance-plan-globewell/ for more information. #TPL #TPLLife #Globewell #GlobalHealthInsurance #WorldwideInsurance No comments yet. Start the conversation. 2 August 9",https://www.instagram.com/tpllife/p/Db2NdLgCO4g/,,"Photo by TPL Life on August 09, 2026. May be an image of text that says 'TPLLife Access Warldwide Healthcare with HealthcarewithGlobewell Globewell YOUR HEALTH, INSURED WORLDWIDE. 24/7 Medical Assistance Worldwide GET A QUOTE www.tpllife.com'.",
TPL Life Insurance,direct,tpllife,DbpYV5UDu4L,p,2026-08-05,"A successful first half is built on strong partnerships and a shared commitment to delivering value. TPL Life was pleased to host the Dubai Islamic Bank team for an H1 2026 celebration lunch and presentation, providing an opportunity to reflect on our shared achievements, strengthen our collaboration, and look ahead to the opportunities that lie ahead. Here’s to continued partnership, greater impact, and an even stronger second half of the year. #TPLLife #DubaiIslamicBank #Partnership #BusinessGrowth Sarmad Ijaz| Syed Wajahat Ahmed | Farhan Asif | Khan Shaban | Mohsin Ali | Saad Nissar | Syed Kazim Hasan | Muhammad Sabih | DIB Pakistan No comments yet. Start the conversation. 2 August 4",https://www.instagram.com/tpllife/p/DbpYV5UDu4L/,,"Photo by TPL Life on August 04, 2026. May be an image of ‎banner, magazine, poster, office and ‎text that says '‎TPLLIfe الإسلامي دبي DIB Celebrating a Successful H1 2026 A journey defined by collaboration, trust, and shared achievements. H1 Pb 판면 ALSAN 420 4B0 CEOTOA KLCI เรซม Here's to stronger partnerships, greater impact, and an even stronger H2.‎'‎‎.",
TPL Life Insurance,direct,tpllife,DbSMK7XCNHi,p,2026-07-27,"Quality healthcare should be accessible no matter where you are in the world. Globewell connects you to trusted medical care internationally, helping you stay prepared for the unexpected. -T&C Apply 👉 Visit https://tpllife.com/international-health-insurance-plan-globewell/ for more information. #TPL #TPLLife #Globewell #GlobalHealthInsurance #WorldwideInsurance No comments yet. Start the conversation. 4 July 26",https://www.instagram.com/tpllife/p/DbSMK7XCNHi/,,"Photo by TPL Life on July 26, 2026. May be an image of screen, poster, magazine, hospital, office and text that says 'TPLLife → Access Worldwide Healthcare Heahncarwtobwe with Globewell WORLD-CLASS CLASS WORLD- HOSPITALS. ONE INTERNATIONAL PLAN. Coverage of up to $500 $500,000 GET A QUOTE www.tpllife.com www.tpll'.",
TPL Life Insurance,direct,tpllife,DbAO2HPgPVi,p,2026-07-20,"Planning your next getaway? Make sure your health is covered too. With extensive international coverage, Globewell helps you travel with greater confidence and peace of mind. -T&C Apply 👉 Visit https://tpllife.com/international-health-insurance-plan-globewell/ for more information. #TPL #TPLLife #Globewell #GlobalHealthInsurance #WorldwideInsurance No comments yet. Start the conversation. 2 July 19",https://www.instagram.com/tpllife/p/DbAO2HPgPVi/,,"Photo by TPL Life on July 19, 2026. May be an image of suitcase, magazine, poster and text that says 'TPLLIfe Access HeaAo Warldwide Healthcare with Globewell VACATIONING ABROAD? GLOBEWELL TRAVELS WITH YOU! Coverage of up to $500,000 $500, GET A QUOTE www.tpllife.com'.",
TPL Life Insurance,direct,tpllife,DauMnaKgFfh,p,2026-07-13,"Whether you're travelling for work or leisure, your health deserves global protection. Globewell gives you access to a wide network of medical providers across the world. -T&C Apply 👉 Visit https://tpllife.com/international-health-insurance-plan-globewell/ for more information. #TPL #TPLLife #Globewell #GlobalHealthInsurance #WorldwideInsurance No comments yet. Start the conversation. 3 July 13",https://www.instagram.com/tpllife/p/DauMnaKgFfh/,,"Photo by TPL Life on July 12, 2026. May be an image of poster and text that says 'TPLLIfe Access Worldwide Healthcare with HsAe Globewell GLOBAL ADVENTURES DESERVE GLOBAL PROTECTION Access to medical providers in 185+ countries GET A QUOTE www.tpllife.com'.",
TPL Life Insurance,direct,tpllife,DZUBKHvCK9b,p,2026-06-08,"Sehat Zindagi’s affordable plan and nationwide coverage give you access to Pakistan’s top-tier hospitals, ensuring quality care is always within reach. -T&C Apply 👉 Visit, for more information: https://tpllife.com/sehat-zindagi/ #TPL #TPLLife #SehatZindagi #HealthInsurance #IndividualHealth #FamilyHealth No comments yet. Start the conversation. 2 June 7",https://www.instagram.com/tpllife/p/DZUBKHvCK9b/,,"Photo by TPL Life on June 07, 2026. May be an image of screen, poster and office.",
TPL Life Insurance,direct,tpllife,DZHJYUpgGo4,p,2026-06-03,"Quality healthcare doesn’t have to be expensive. Sehat Zindagi Individual & Family Plans offer coverage of up to PKR 1,250,000. -T&C Apply 👉 Visit, for more information: https://tpllife.com/sehat-zindagi/ #TPL #TPLLife #SehatZindagi #HealthInsurance #IndividualHealth #FamilyHealth No comments yet. Start the conversation. 2 June 2",https://www.instagram.com/tpllife/p/DZHJYUpgGo4/,,"Photo by TPL Life on June 02, 2026. May be an image of poster.",
TPL Life Insurance,direct,tpllife,DY04PKAiNdu,p,2026-05-27,"May this Eid bring peace to our homes, barakah to our lives, and happiness to everyone around us. Eid ul Adha Mubarak! #TPL #TPLLife #EidUlAdha #BakraEid #Eid2026 No comments yet. Start the conversation. 1 May 26",https://www.instagram.com/tpllife/p/DY04PKAiNdu/,,"Photo by TPL Life on May 26, 2026.",
TPL Life Insurance,direct,tpllife,DYWPP3_ACKa,p,2026-05-15,"A world of care in one plan, delivering reliable protection and global medical access with coverage of up to $500,000. -T&C Apply 👉 Visit https://tpllife.com/international-health-insurance-plan-globewell/ for more information. #TPL #TPLLife #Globewell #GlobalHealthInsurance #WorldwideInsurance No comments yet. Start the conversation. 2 May 14",https://www.instagram.com/tpllife/p/DYWPP3_ACKa/,,"Photo by TPL Life on May 14, 2026.",
Pak-Qatar Family Takaful,adjacent,pqftl_official,DciELVJiOxw,p,2026-08-27,"𝑷𝒓𝒐𝒕𝒆𝒄𝒕 𝑾𝒉𝒂𝒕 𝑴𝒂𝒕𝒕𝒆𝒓𝒔 Your employees are more than just a workforce, they’re the people behind families, dreams, and futures. With 𝐆𝐫𝐨𝐮𝐩 𝐇𝐞𝐚𝐥𝐭𝐡 𝐓𝐚𝐤𝐚𝐟𝐮𝐥, give your employees the support they need when life takes an unexpected turn. Because when uncertainty comes, support matters most. For more information visit our website: https://lnkd.in/d5-SnMhy #GroupHealthTakaful #EmployeeBenefits #Takaful #EmployeeWellbeing #CorporateProtection #PakQatarFamilyTakaful No comments yet. Start the conversation. 2 7 hours ago",https://www.instagram.com/pqftl_official/p/DciELVJiOxw/,,"Photo by @pqftl_official on August 26, 2026. May be an image of ‎one or more people, phone, poster, telephone, magazine, office and ‎text that says '‎AA/AM2+ AA AM2+ + RatedbyVIS& Rated byV byVI PACRA Rated byPACRA with with Stable Stable outook oudook - FAMILY TAKAFUL IN UNCERTAIN MOMENTS, SUPPORT MATTERS MOST. Be there for the families behind your workforce. SE GROUP HEALTH TAKAFUL W1/ မူောပေ قحن C EMPLOYEE IDCARD (+9221)111725728| 111 (+92 11172572 21)111 info@pakqatar.com.pk www.pqftl.com.pk",
Pak-Qatar Family Takaful,adjacent,pqftl_official,DcdG-TJiCOi,p,2026-08-25,,https://www.instagram.com/pqftl_official/p/DcdG-TJiCOi/,,"Photo by @pqftl_official on August 25, 2026.",
Pak-Qatar Family Takaful,adjacent,pqftl_official,DcaX5R-CNB3,p,2026-08-24,"𝑹𝒆𝒕𝒊𝒓𝒆𝒎𝒆𝒏𝒕 𝒅𝒆𝒔𝒆𝒓𝒗𝒆𝒔 𝒄𝒆𝒓𝒕𝒂𝒊𝒏𝒕𝒚. 𝒀𝒐𝒖𝒓 𝒇𝒖𝒕𝒖𝒓𝒆 𝒅𝒆𝒔𝒆𝒓𝒗𝒆𝒔 𝒂 𝒑𝒍𝒂𝒏. Plan today for a financially secure tomorrow with the 𝐋𝐢𝐟𝐞𝐭𝐢𝐦𝐞 𝐊𝐚𝐟𝐚𝐥𝐚𝐭 𝐏𝐥𝐚𝐧 — a guaranteed halal pension for life, designed for long-term security and protection for your loved ones. * Long-Term Security * Protection for Loved Ones * Shariah Compliant 𝐏𝐥𝐚𝐧 𝐭𝐨𝐝𝐚𝐲. 𝐋𝐢𝐯𝐞 𝐭𝐨𝐦𝐨𝐫𝐫𝐨𝐰 𝐰𝐢𝐭𝐡 𝐜𝐨𝐧𝐟𝐢𝐝𝐞𝐧𝐜𝐞. For more information visit our website: https://lnkd.in/dDu6Ewr7 #PakQatarFamilyTakaful #LifetimeKafalatPlan #RetirementPlanning #FinancialSecurity #FamilyProtection #ShariahCompliant #Takaful No comments yet. Start the conversation. 3 3 days ago",https://www.instagram.com/pqftl_official/p/DcaX5R-CNB3/,,"Photo by @pqftl_official on August 23, 2026. May be an image of poster, magazine, outdoors and text that says 'AA /AM2+ + dbyV RatedbyVis& PACRA RstndbyPACRAwth byPACRA with Ratedby Stable Stable oudook Scahle oudook - FAMILY TAKAFUL RETIREMENT DESERVES CERTAINTY LIFETIME KAFALAT PLAN A guaranteed halaal pension for life, so tomorrow feels secure. Long- Term Security Protection for Loved Ones (+92 (+9221)111725728| 21)1 111 nfo@pakqatar.com.pk Shariah Compliant Pak-Qatar Family TakafulLimited Ta",
Pak-Qatar Family Takaful,adjacent,pqftl_official,DcQs_BUjKCa,p,2026-08-20,"𝑺𝒎𝒂𝒍𝒍 𝒔𝒕𝒆𝒑𝒔 𝒕𝒐𝒅𝒂𝒚. 𝑨 𝒃𝒊𝒈𝒈𝒆𝒓, 𝒎𝒐𝒓𝒆 𝒔𝒆𝒄𝒖𝒓𝒆 𝒇𝒖𝒕𝒖𝒓𝒆 𝒕𝒐𝒎𝒐𝒓𝒓𝒐𝒘. With 𝐌𝐚𝐡𝐧𝐚 𝐁𝐚𝐜𝐡𝐚𝐭 & 𝐓𝐚𝐤𝐚𝐟𝐮𝐥 𝐅𝐥𝐞𝐱𝐢 𝐏𝐥𝐚𝐧 , you can build your savings with flexibility while enjoying monthly Halaal profit and complimentary Takaful coverage. * Start from PKR 25,000 * Top up from PKR 1,000 * Complimentary Takaful Because every small saving can become a big future. Start saving. Start securing. Start building your tomorrow. For more information visit our website: https://lnkd.in/dHgyn_P8 #PakQatar #FamilyTakaful #MahnaBachat #TakafulFlexiPlan #HalaalSavings #SmartSavings #FinancialPlanning #SecureYourFuture No comments yet. Start the conversation. 4 7 days ago",https://www.instagram.com/pqftl_official/p/DcQs_BUjKCa/,,"Photo by @pqftl_official on August 20, 2026. May be an image of ‎poster, magazine and ‎text that says '‎AA/AM2+ AA AM2+ + RatedbyVIis Rated byV byVI PACRA RatndbyPACRAwith PACRA with Ratedby with Stablle Stahlle outook Scable oudook W/ ယ MONTHLY 7 ፓስች VIN PAK-QATAR FAMILY TAKAFUL 11 15 W1/ م SMALL STEPS. BIG FUTURE. MAHANA BACHAT & TAKAFUL FLEXI PLAN A flexible savings plan with monthly Halaal profit. Start from PKR 25,000 Top up from PKR 1,000 Complimentary Takaful (+92 (+9221)111725728| 27)11 ",
Pak-Qatar Family Takaful,adjacent,pqftl_official,DcOOz4CjJ_4,p,2026-08-19,"Build Tomorrow. From Today. A financially secure retirement starts with disciplined planning today. With Pak-Qatar Family Takaful’s Voluntary Pension Scheme , take a step toward a more confident financial future with benefits including: ✓ Up to 20% Tax Credit* ✓ Retirement Planning ✓ Long-Term Savings Start planning today for the life you envision tomorrow. For more information visit our website: https://pqftl.com.pk/voluntary-pension-scheme/ #PakQatarFamilyTakaful #VoluntaryPensionScheme #RetirementPlanning #FinancialSecurity #LongTermSavings #BuildTomorrowFromToday No comments yet. Start the conversation. 4 August 19",https://www.instagram.com/pqftl_official/p/DcOOz4CjJ_4/,,"Photo by @pqftl_official on August 19, 2026. May be a graphic of magazine, poster, plant and text that says 'AA AM2+ Rated by byVI PACRA PACRA with with Stablle Stable sudlock Stable ableoudook oudook ATN - FAMILY TAKAFUL BUILD TOMORROW FROM FROMTODAY. VOLUNTARY PENSION SCHEME Plan for a financially secure retirement with disciplined long-term savings. Up to *20% Tax Credit Retirement Planning Long- Long-Term Savings (+92 가ㄲ 171 1725 Pak-Qatar Family Takaful Limited info@pakqatar.com.pk neame1 I",
Pak-Qatar Family Takaful,adjacent,pqftl_official,Db-9UNvjBoR,p,2026-08-13,"Shaping the Future of Takaful At the ICMA Pakistan Future of Finance 2026 in Karachi, Mr. Waqas Ahmad, CEO – Pak-Qatar Family Takaful Limited, shared his insights as a panelist on the future of Pakistan’s financial landscape. He highlighted three key enablers for the next phase of Takaful growth: Product Innovation, Digital Processes, and Phygital Distribution. With a focus on innovation, technology and financial inclusion, Pak-Qatar Family Takaful Limited continues to contribute towards building a stronger and more future-ready Takaful ecosystem in Pakistan. #PakQatar #PQFTL #FutureOfFinance #ICMAPakistan #Takaful #FinancialInnovation #DigitalTransformatio No comments yet. Start the conversation. 6 August 13",https://www.instagram.com/pqftl_official/p/Db-9UNvjBoR/,,"Photo by @pqftl_official on August 13, 2026.",
Pak-Qatar Family Takaful,adjacent,pqftl_official,Db5B8ZcDDwK,p,2026-08-11,"𝑨𝒏𝒐𝒕𝒉𝒆𝒓 𝒎𝒊𝒍𝒆𝒔𝒕𝒐𝒏𝒆 𝒂𝒄𝒉𝒊𝒆𝒗𝒆𝒅! Pak-Qatar Family Takaful, Pakistan’s first Takaful operator, is proud to announce its appointment by the 𝐅𝐞𝐝𝐞𝐫𝐚𝐥 𝐆𝐨𝐯𝐞𝐫𝐧𝐦𝐞𝐧𝐭 𝐨𝐟 𝐏𝐚𝐤𝐢𝐬𝐭𝐚𝐧 as an 𝐀𝐮𝐭𝐡𝐨𝐫𝐢𝐳𝐞𝐝 𝐏𝐞𝐧𝐬𝐢𝐨𝐧 𝐅𝐮𝐧𝐝 𝐌𝐚𝐧𝐚𝐠𝐞𝐫 for the Defined Contribution Pension Fund Scheme. Building on our successful appointments in Khyber Pakhtunkhwa, Punjab, and Balochistan, this recognition reinforces our commitment to expanding access to Shariah-compliant retirement planning and empowering individuals to achieve long-term financial security with confidence. Together, we remain dedicated to strengthening Pakistan’s retirement ecosystem through ethical, innovative, and sustainable financial solutions. #PakQatarFamilyTakaful #LifetimeKafalatPlan #LifelongPension #RetirementPlanning #ShariahCompliant #PensionFund #FinancialSecurity #FederalGovernment #Pakistan No comments yet. Start the conversation. 4 August 11",https://www.instagram.com/pqftl_official/p/Db5B8ZcDDwK/,,"Photo by @pqftl_official on August 11, 2026. May be an image of poster and text that says 'AA/AM2+ Rated byviss PACRA Rated PACRAW utlook PAK-QATAR FAMILY TAKAFUL Following the successful appointments, being the FIRST Takaful Operator, as Authorized Pension Fund Manager by Khyber Pakhtunkhwa, Punjab & Balochistan We are proud to announce Pak-Qatar Family Takaful has now been appointed by the Federal Government of Pakistan to manage defined pension funds. Lifelong pension with Pak-Qatar Pak only ",
Pak-Qatar Family Takaful,adjacent,pqftl_official,DbvX7bhPajD,reel,2026-08-07,"تنخواہ آتے ہی سارے خرچے سامنے آ جاتے ہیں، لیکن کیا ہو اگر آپ کی حلال بچت ہر ماہ آپ کی آمدنی کا سہارا بن جائے؟ پاک-قطر فیملی تکافل کا ماہانہ بچت اینڈ تکافل فلیکسی پلان اپنائیں اور صرف 25,000 روپے سے باقاعدہ ماہانہ آمدنی اور مفت تکافل کوریج کا فائدہ اٹھائیں۔ امکانات کو حقیقت بنائیں اور اپنے بچوں کے روشن مستقبل کو محفوظ کریں! ✨ مزید معلومات کے لیے ہماری ویب سائٹ وزٹ کریں: https://pqftl.com.pk/mahana-bachat-takaful-flexi-plan-3/ ابھی رابطہ کریں: UAN +92 21 111 725 728 No comments yet. Start the conversation. 4 August 7",https://www.instagram.com/pqftl_official/reel/DbvX7bhPajD/,,"Video by @pqftl_official on August 07, 2026. May be an illustration of ‎magazine, poster and ‎text that says '‎AA/ AM2 AA/AM2+ + FaACA Rated byM byMI5& PACRA Raedb Ratedby RanedbyPACRA ลีปา KE ahe outlook Statle Stableudoo P ahlae cudook ساتق PAK-QATAR FAMILY FAMILYTAKAFUL TAKAFUL A APak-Qatar Group Company: Pakistan's Premier and Pioneer Islamic Financial Services Group‎'‎‎.",
Pak-Qatar Family Takaful,adjacent,pqftl_official,DbUy7M5DMow,p,2026-07-28,"Hepatitis is silent, but awareness can make all the difference. This World Hepatitis Day, take a step toward protecting yourself and your loved ones. Get tested, stay informed, and encourage others to do the same. Early detection saves lives. #WorldHepatitisDay #KnowYourStatus #GetTested #HealthAwareness #PakQatarGroup No comments yet. Start the conversation. 2 July 27",https://www.instagram.com/pqftl_official/p/DbUy7M5DMow/,,"Photo by @pqftl_official on July 27, 2026. May be an image of ‎poster and ‎text that says '‎- پاقظر PAK-QATAR OATAR - FAMILY TAKATUL پالقظر PAK-QATAR GROUP PAK-QATAR GENERALT GENERAI TAKAFUL WORLD HEPATITIS DAY The Silent Disease Needs a Loud Voice Don't Wait for Symptoms, Get Tested Today Early Detection Saves Lives Pakistan's Premier and Pioneer Islamic Financial ervices Group‎'‎‎.",
Pak-Qatar Family Takaful,adjacent,pqftl_official,DbKhUFcPC8Z,reel,2026-07-24,,https://www.instagram.com/pqftl_official/reel/DbKhUFcPC8Z/,,"Video by @pqftl_official on July 23, 2026. May be an image of one or more people, thermostat, screen, poster and text that says 'AA/ AA/AM2+ AM2+ Fotad lNoyBNCEAW LyVIS& &PACRA RatadyP R atadry PACRA with tbke Stbkou outlok rlock cablecutook - PAK- FAMILY AMILYTAKAFUL TAKAFUL Pak-Qatar Family Jakafull mitedi Pak-Gata Group Company Pakistan's Premier& slamic inancial Group'.",
Pak-Qatar Family Takaful,adjacent,pqftl_official,DbDTAzQDIBc,p,2026-07-21,"Congratulations to our valued Bancatakaful partner, DIB, on being recognized with the Best Bancassurance/Bancatakaful Initiative Award. At Pak-Qatar Family Takaful Limited, we are proud to partner with an institution that continues to set new benchmarks in innovation, customer excellence, and Shariah-compliant financial solutions. This well-deserved recognition reflects DIB Pakistan's consistent commitment to delivering exceptional value and advancing the growth of the bancatakaful industry in Pakistan. We look forward to strengthening our partnership and achieving many more milestones together. Congratulations to the entire Dubai Islamic Bank Pakistan team on this remarkable achievement! #PakQatarFamilyTakaful #DubaiIslamicBankPakistan #Bancatakaful #IIC2026 #IAP #PSOA #Insurance #Takaful #Partnership #ShariahCompliant #FinancialProtection No comments yet. Start the conversation. 3 July",https://www.instagram.com/pqftl_official/p/DbDTAzQDIBc/,,"Photo by @pqftl_official on July 21, 2026. May be a graphic of ‎one or more people, beard, suit, magazine, dinner jacket, poster, blazer and ‎text that says '‎AA AA/AM2+ Raced byvis& PACRA Ratod with Stable rlock stable audlock PSOA SOA CONPERENICE IIC بافظار TERHATIONAL CONFERENCE INTERHATIONAL IIC PSOA P .. - PAK- INTER FAMILY TAKAFUL मैी な IAP IIC INTERNATIONAL KTERHaTЮMAb CONFERENCE P BONAL RANCE COM PS C PSC am Ne JA Congratulationg Congratu to our esteemed Bancatakaful partner, Dubai Islam",
Pak-Qatar Family Takaful,adjacent,pqftl_official,DbAYGZ1DF0h,p,2026-07-20,What if your savings paid you every month? Turn your monthly savings into a second pay cheque with Mahana Bachat & Takaful Flexi Plan. Enjoy regular monthly benefits while securing your family's financial future through Shariah-compliant protection. 📈 Save Smart. Earn Monthly. Stay Protected. 📞For more information visit our website: https://pqftl.com.pk/mahana-bachat-takaful-flexi-plan-3/ #PakQatarFamilyTakaful #MahanaBachat #SecondPayCheque #MonthlyIncome #SmartSavings #FinancialSecurity #Takaful #ShariahCompliant #InvestInYourFuture No comments yet. Start the conversation. 3 July 20,https://www.instagram.com/pqftl_official/p/DbAYGZ1DF0h/,,"Photo by @pqftl_official on July 20, 2026. May be an image of poster, cash machine, magazine, office and text that says 'AM2+ AA/AM2+ + RatedbyViS by yVIS& PACRA Rated with Stableou Stahlle oudook ableoudook oudook PAK-QATAR FAMILY TAKAFUL THE SECOND PAYCHEQUE Extra monthly support with added protection with MHN BACHAT & TAKAFUL FLEXI PLAN now 2も Mahana Bachat Monthly Profit Received PKR 2,000 now Salary Received PKR 85,000 Get Started Today! (+9221)1725728| 7) 111 (+92 21)111 info@pakqatar.com.",
Dawood Family Takaful,adjacent,dawoodfamilytakafulofficial,DKg6sGpNq_k,p,2025-06-05,"Your family's safety, your peace of mind. Choose Sarmaya Takaful Plan for hassle-free withdrawals and Shariah-compliant protection. For Details Call: +92 21 111 338 786 #DawoodFamilyTakaful #SecureFuture #InvestmentSaving #TakafulPlan safiurrehmankhan1 61w Done on Facebook Like Reply 12 1 June 5, 2025",https://www.instagram.com/dawoodfamilytakafulofficial/p/DKg6sGpNq_k/,,"Photo by Dawood family takaful on June 05, 2025.",
Dawood Family Takaful,adjacent,dawoodfamilytakafulofficial,DKcJknbtstL,p,2025-06-03,"Takaful offers more than just life protection. It’s a comprehensive, safeguard your health, secure your children’s education, plan for retirement, and even invest for the future. With Dawood Family Takaful, you're not just covered — you're fully protected, from every angle. For Details Call: +92 21 111 338 786 #FullCircleProtection #TakafulMadeSimple #DawoodFamilyTakaful #ShariahCompliant No comments yet. Start the conversation. 9 June 3, 2025",https://www.instagram.com/dawoodfamilytakafulofficial/p/DKcJknbtstL/,,"Photo by Dawood family takaful on June 03, 2025.",
Dawood Family Takaful,adjacent,dawoodfamilytakafulofficial,DKUmrwSOwIY,p,2025-05-31,"Congratulations, Arshad Nadeem! You've made Pakistan proud once again with your incredible strength, spirit, and dedication. #ArshadNadeem #PakistanZindabad #AsianAthleticsChampionships #GoldMedal #PrideOfPakistan #Champion #DawoodFamilyTakaful No comments yet. Start the conversation. 5 May 31, 2025",https://www.instagram.com/dawoodfamilytakafulofficial/p/DKUmrwSOwIY/,,"Photo by Dawood family takaful on May 31, 2025.",
Dawood Family Takaful,adjacent,dawoodfamilytakafulofficial,DKRI67-tiN4,p,2025-05-30,"Faith and planning go hand in hand. Secure your future with Takaful — a Shariah-compliant solution to protect what matters most. #DawoodFamilyTakaful #TakafulWisdom #FaithAndFinance No comments yet. Start the conversation. 6 May 30, 2025",https://www.instagram.com/dawoodfamilytakafulofficial/p/DKRI67-tiN4/,,"Photo by Dawood family takaful on May 29, 2025.",
Dawood Family Takaful,adjacent,dawoodfamilytakafulofficial,DKLt2M6v0Dc,p,2025-05-28,"Youm-e-Takbeer reminds us of the day Pakistan rose with unmatched resolve. 28-May-1998 – a milestone that echoes our nation's strength, determination, and independence. #DawoodFamilyTakaful #YoumETakbeer #28May1998 #NationalPride No comments yet. Start the conversation. 3 May 27, 2025",https://www.instagram.com/dawoodfamilytakafulofficial/p/DKLt2M6v0Dc/,,"Photo by Dawood family takaful on May 27, 2025.",
Dawood Family Takaful,adjacent,dawoodfamilytakafulofficial,DKHIC7_tjkx,p,2025-05-26,"Education is one of the greatest gifts you can give. The Samar Takaful plan ensures your child’s education is protected, no matter what. This Shariah-compliant plan covers tuition fees, and more, offering peace of mind for parents who want to secure their child’s future. Invest in your child’s dreams today with Samar Takaful. For Details Call: +92 21 111 338 786 #DawoodFamilyTakaful #SamarTakaful #SecureEducation #TakafulForFuture No comments yet. Start the conversation. 3 May 26, 2025",https://www.instagram.com/dawoodfamilytakafulofficial/p/DKHIC7_tjkx/,,"Photo by Dawood family takaful on May 26, 2025.",
Dawood Family Takaful,adjacent,dawoodfamilytakafulofficial,DJ_kjMmtmkh,p,2025-05-23,"Takaful is different from conventional insurance. It follows Islamic principles and is based on mutual support. -Shariah-compliant -Transparent and ethical -Built on community trust Protect your future with Dawood Family Takaful Limited For Details Call: +92 21 111 338 786 #DawoodFamilyTakaful #ChooseTakaful #ShariahCompliant No comments yet. Start the conversation. 7 May 23, 2025",https://www.instagram.com/dawoodfamilytakafulofficial/p/DJ_kjMmtmkh/,,"Photo by Dawood family takaful on May 23, 2025.",
Dawood Family Takaful,adjacent,dawoodfamilytakafulofficial,DJ0_ugxt7-x,p,2025-05-19,"Managing your Takaful contributions should be as simple as the protection it offers. With Dawood Family Takaful’s online payment portal, you can now make your payments quickly, securely, and from the comfort of your home. No more long queues or missed deadlines — our seamless digital platform ensures that your coverage stays uninterrupted. Visit https://dawoodtakaful.com/ and experience hassle-free contributions — because your peace of mind matters. #PayOnlineStayCovered #DigitalTakaful #DFTOnlineServices #SecurePayments #EasyTakaful #SmartProtection #HalalInsurance #PartnerForLife #DawoodFamilyTakaful adil_chand_gujjar 66w Aslam o alikum sir Like Reply 1 1 May 19, 2025",https://www.instagram.com/dawoodfamilytakafulofficial/p/DJ0_ugxt7-x/,,"Photo by Dawood family takaful on May 19, 2025.",
Dawood Family Takaful,adjacent,dawoodfamilytakafulofficial,DJqqGDsNdlO,p,2025-05-15,"When it comes to securing your family’s future, every small step counts. Dawood Family Takaful’s Sahulat Plan is designed to give you peace of mind today while laying the foundation for a financially secure tomorrow. Secure your future with DFT’s Sahulat Plan – smart, simple, and Shariah-compliant. Get in touch today and let us guide you toward a brighter, worry-free future. https://dawoodtakaful.com/ #SahulatPlan #SecureFuture #SmartSavings #TakafulWithTrust #DawoodFamilyTakaful #FinancialFreedom #PlanAhead #WealthWithValues #PartnerForLife No comments yet. Start the conversation. 5 May 15, 2025",https://www.instagram.com/dawoodfamilytakafulofficial/p/DJqqGDsNdlO/,,"Photo by Dawood family takaful on May 15, 2025.",
Dawood Family Takaful,adjacent,dawoodfamilytakafulofficial,DJlsQMStTvl,p,2025-05-13,"We salute the brave souls who stand tall to protect our skies, borders, and honor. Your courage is our strength — your service, our pride. #PakistansPride #ProudOfOurDefenders #PakistanZindabad #DefendersOfPakistan #SaluteToArmedForces #PakistanArmy #AirForce #NationFirst #DawoodFamilyTakaful No comments yet. Start the conversation. 2 May 13, 2025",https://www.instagram.com/dawoodfamilytakafulofficial/p/DJlsQMStTvl/,,"Photo by Dawood family takaful on May 13, 2025.",
Dawood Family Takaful,adjacent,dawoodfamilytakafulofficial,DJbGZ9lodTR,p,2025-05-09,"✨ جمعہ مبارک ✨ يَا أَيُّهَا ٱلَّذِينَ آمَنُوا۟ ٱصْبِرُوا۟ وَصَابِرُوا۟ وَرَابِطُوا۟ وَٱتَّقُوا۟ ٱللَّهَ لَعَلَّكُمْ تُفْلِحُونَ اے ایمان والو! صبر کرو، ایک دوسرے کو صبر کی تلقین کرو، مورچوں پر ڈٹے رہو، اور اللہ سے ڈرتے رہو تاکہ تم کامیاب ہو جاؤ۔ 📖 سورہ آل عمران - آیت 200 🤲 آئیے اس جمعے کے دن عہد کریں کہ صبر، تقویٰ اور ثابت قدمی کو اپنی زندگی کا حصہ بنائیں۔ #Dawoodfamilytakaful #DFTL #Blessedfriday #partnerforlife No comments yet. Start the conversation. 3 May 9, 2025",https://www.instagram.com/dawoodfamilytakafulofficial/p/DJbGZ9lodTR/,,"Photo by Dawood family takaful on May 08, 2025.",
Dawood Family Takaful,adjacent,dawoodfamilytakafulofficial,DJWnn_7oIze,p,2025-05-07,"As tensions rise along the borders, it's more important than ever to stand in unity and support our courageous Pakistan Army. These are the defenders of our nation, our peace, and our sovereignty. Let this be a reminder to every citizen: national defence is not just the duty of our armed forces—it's a collective spirit. Stay informed. Stay prepared. Stay united. Pakistan Zindabad! #DAWOODFAMILYTAKAFUL #supportpak #PakFaujZindabad #WeStandWithPakArmy No comments yet. Start the conversation. 7 May 7, 2025",https://www.instagram.com/dawoodfamilytakafulofficial/p/DJWnn_7oIze/,,"Photo by Dawood family takaful on May 07, 2025.",
EFU Life Window Takaful,adjacent,efu_life_assurance_ltd,DcDdjWLjnQY,p,2026-08-15,EFU Life’s mHealth is onboarding PMDC-certified specialists across multiple disciplines to become part of its growing digital healthcare ecosystem. Specialists onboarded through mHealth can benefit from: • Hybrid consultation support • Increased professional visibility • Simplified scheduling • Broader patient accessibility • Enhanced professional visibility through EFU Life’s digital healthcare ecosystem Join a platform designed to support the future of healthcare delivery. Email your resumes at: wellbeing@efulife.com Stay connected to your health with complete mHealth access on the EFU Life WIN app. #EFULife #EFULifeWIN #mHealth #HealthcareProfessionals #MedicalSpecialists rashidmuhammad7205 1w ❤️❤️❤️❤️❤️ Like Reply 3 1 August 15,https://www.instagram.com/efu_life_assurance_ltd/p/DcDdjWLjnQY/,,"Photo by EFU Life Assurance Ltd. on August 15, 2026.",
EFU Life Window Takaful,adjacent,efu_life_assurance_ltd,DcA0mhrONio,reel,2026-08-14,"A nation born from a dream continues to move forward with the same spirit that shaped its journey. This Independence Day, EFU Life celebrates Pakistan, its people, and the enduring spirit that keeps us united and moving towards a brighter tomorrow. Happy 79th Independence Day! 🇵🇰 #EFULife #IndependenceDay #Celebration #Pakistan #79years No comments yet. Start the conversation. 3 August 14",https://www.instagram.com/efu_life_assurance_ltd/reel/DcA0mhrONio/,,"Video by EFU Life Assurance Ltd. on August 14, 2026. May be a graphic of poster, book and text that says 'efu LIFE Born from a DREAM'.",
EFU Life Window Takaful,adjacent,efu_life_assurance_ltd,DbupP4oM3Md,p,2026-08-07,"EFU Life mHealth brings together a comprehensive range of healthcare and wellbeing services through one integrated platform. From GP & Specialist Consultations to laboratory services, pharmacy support, hospital network access, mental wellbeing, nutrition guidance, health and wellness content, and preventive care, mHealth is designed to make quality healthcare more accessible and convenient. Stay connected to your health with complete mHealth access on the EFU Life WIN App. 📞 For details and enrollment, contact: Iftikhar Hassan Group Manager EFU Life Assurance Ltd. 📱 0321-9472018 Your health deserves the convenience of digital care—anytime, anywhere. #EFULife #EFULifeWIN #mHealth #Healthcare #wellbeing No comments yet. Start the conversation. 3 August 7",https://www.instagram.com/efu_life_assurance_ltd/p/DbupP4oM3Md/,,"Photo by EFU Life Assurance Ltd. on August 06, 2026. May be an image of ‎poster, stethoscope, hospital and ‎text that says '‎אועו SPULIPE mHealth A complete healthcare and wellbeing experience. GP Specialist Consultations ਧी Preventive Healthcare Laboratory Services Mental Wellbeing Wel Support ន្ន Pharmacy Medicine Delivery -0- מד Nutrition Lifestyle le Guidance Hospital Network Access Health & Well Wellness Content Accessible through EFU Life mHealth.‎'‎‎.",
EFU Life Window Takaful,adjacent,efu_life_assurance_ltd,DbuoyOFsZIx,p,2026-08-07,"EFU Life is proud to announce that it is among the first entities partnering with the Federal Government of Pakistan to support its new Pension Scheme initiative. As the provider of the EFU Federal Hemayah Pension Fund, we are honoured to contribute to a stronger retirement ecosystem by delivering comprehensive retirement solutions that empower individuals to plan for the future with confidence. This milestone reflects our continued commitment to strengthening Pakistan’s retirement landscape through trusted expertise, long-term financial planning, and innovative retirement solutions. Read more about the Federal Government’s Pension Scheme here: https://lnkd.in/d3Vt7YMA 📞 If you are a salaried or self-employed (non-salaried) individual and would like to secure your retirement while enjoying valuable tax benefits, feel free to contact: Iftikhar Hassan Group Manager EFU Life Assurance Ltd. ",https://www.instagram.com/efu_life_assurance_ltd/p/DbuoyOFsZIx/,,"Photo by EFU Life Assurance Ltd. on August 06, 2026. May be an image of poster and text that says 'efu LIFE STRENGTHENING PAKISTAN'S RETIREMENT FUTURE WITH GOVERNMENT INITIATIVES Proud to support the Federal Government Pakistan's vision through the EFU Federal Hemayah Pension Fund and comprehensive retirement solutions.'.",
EFU Life Window Takaful,adjacent,efu_life_assurance_ltd,DbM8kFHMcF6,p,2026-07-25,"🌧️ HEAVY RAIN ADVISORY Your safety is our priority. This monsoon season, protect yourself and the people who matter most. ✔️ Avoid unnecessary travel ✔️ Drive with extra caution ✔️ Stay away from flooded roads ✔️ Avoid electrical hazards ✔️ Keep yourself updated through official weather alerts ❤️ Zaroori Hay Family K Leay Stay Safe. Stay Prepared. #EFULife #Monsoon #HeavyRain #SafetyFirst #RainAlert streetgang1010 4w Good For All❤️❤️❤️❤️❤️",https://www.instagram.com/efu_life_assurance_ltd/p/DbM8kFHMcF6/,,"Photo by EFU Life Assurance Ltd. on July 24, 2026. May be an image of umbrella, poster, body of water and text that says 'efu LIFE HEAVY RAIN ADVISORY Stay Safe. Stay Prepared. Heavy rainfall expected many areas. Please take necessary precautions ensure safety and the safety ofyour loved ones. Carefully avoid brakes. Avoid Flooded Areas attemptto cross waterlogged roads. Market Guherg ..Paad→ Away from Electric Poles Avoid reasvi exposed electrical Indoorsif Possible unnecassary raintall. Stay U",
EFU Life Window Takaful,adjacent,efu_life_assurance_ltd,Da5c7P7s9ny,reel,2026-07-17,Skip the queues! Pay your premium digitally via EFU LifeBot on WhatsApp. Message us on WhatsApp at +92-21-111-EFU-111 (+92-111-338-111) and experience the smarter way to stay connected! Join the official EFU Life WhatsApp channel here: https://whatsapp.com/channel/0029VbCEJFl2ER6c9DmOcQ1K #EFULife #WhatsApp #EFULifeBot #CustomerSupport #FinancialPlanning No comments yet. Start the conversation. July 17,https://www.instagram.com/efu_life_assurance_ltd/reel/Da5c7P7s9ny/,,"Video by EFU Life Assurance Ltd. on July 17, 2026. May be a graphic of poster, magazine, phone, card, screen and text.",
EFU Life Window Takaful,adjacent,efu_life_assurance_ltd,Damvw69uB1A,p,2026-07-10,,https://www.instagram.com/efu_life_assurance_ltd/p/Damvw69uB1A/,,"Photo by EFU Life Assurance Ltd. on July 10, 2026. May be an image of poster and text that says 'HEMAYAH EFU FAMILY TAKAFUL efu GENERAL χ BankIslami EFU Hemayah Takaful x EFU General x Bank Islami Partnering to Expand Access to Digital Micro & Nano Takaful Plans'.",
EFU Life Window Takaful,adjacent,efu_life_assurance_ltd,DaK2RcqDMW6,p,2026-06-29,"As we reflect on Pakistan Insurance Day, we’re reminded that insurance brings peace of mind, builds resilience, and gives people the confidence to plan for tomorrow. In this special feature with Dawn, our MD & CEO, Mohammed Ali Ahmed, shares his perspective on how innovation and inclusivity can help make life and health protection more accessible for millions across Pakistan. Read more: https://epaper.dawn.com/DetailNews.php?StoryText=29_06_2026_702_002 #EFULife #EFUHemayahTakaful #Insurance #Health #Life Insurance Accessibility Pakistan As we reflect on Pakistan Insurance Day, we’re reminded that insurance brings peace of mind, builds resilience, and gives people the confidence to plan for tomorrow. In this special feature with Dawn, our MD & CEO, Mohammed Ali Ahmed, shares his perspective on how innovation and inclusivity can help make life and health protection more accessible for mil",https://www.instagram.com/efu_life_assurance_ltd/p/DaK2RcqDMW6/,,"Photo by EFU Life Assurance Ltd. on June 29, 2026.",
EFU Life Window Takaful,adjacent,efu_life_assurance_ltd,DaAcbOdDHuo,p,2026-06-25,"EFU Hemayah Retirement Solutions - plans for financial independence through Shariah-compliant retirement planning. The solution offers plans designed for different stages of your financial journey: 1. EFU Hemayah Pension Fund Build your retirement savings through disciplined, Shariah-compliant investments. Start with contributions as low as Rs. 1,000, benefit from potential tax savings of up to 20%, and enjoy built-in Takaful protection. 2. EFU Hemayah Secure Income Fund Turn your savings into a steady stream of Shariah-compliant income for life through a one-time lump sum investment. Secure the lifestyle you’ve worked hard to build with EFU Hemayah Retirement Solutions – Saath, jo Zindagi ke saath chale! #EFUHemayahTakaful #SaathJoZindagiKeSaathChalay #RetirementSolutions #EFUHemayahPensionFund #EFUHemayahSecureIncomePlan VPS TaxSavings ShariahCompliant No comments yet. Start the conver",https://www.instagram.com/efu_life_assurance_ltd/p/DaAcbOdDHuo/,,"Photo by EFU Life Assurance Ltd. on June 25, 2026.",
EFU Life Window Takaful,adjacent,efu_life_assurance_ltd,DaAbyhfsHKW,reel,2026-06-25,"Retirement planning... abhi se? Jee haan, abhi se! Because it’s not about getting old, it’s about staying in control of your future. Freedom, flexibility, aur apni terms pe life with EFU Hemayah Retirement Solutions! Saath, jo zindagi ke saath chalay! For details contact us at +923219472018. No comments yet. Start the conversation. 2 June 25",https://www.instagram.com/efu_life_assurance_ltd/reel/DaAbyhfsHKW/,,"Video by EFU Life Assurance Ltd. on June 25, 2026. May be an image of text.",
EFU Life Window Takaful,adjacent,efu_life_assurance_ltd,DaAZZPsMq9M,reel,2026-06-25,Most salaried Pakistanis only think about tax when it’s already deducted. But what if one system could help you: • Save on taxes • Build long-term wealth • And plan for retirement at the same time? Please contact for details +923219472018 #efulife #primus #savings #taxsaving #taxcredits No comments yet. Start the conversation. 2 June 25,https://www.instagram.com/efu_life_assurance_ltd/reel/DaAZZPsMq9M/,,"Video by EFU Life Assurance Ltd. on June 25, 2026. May be an image of text.",
EFU Life Window Takaful,adjacent,efu_life_assurance_ltd,DaAYLFMM81j,reel,2026-06-25,"Do You Know Where Your Takaful Contributions Are Invested? In Episode 2, Mufti Ibrahim Essa, Shariah Advisor, EFU HemayahTakaful, explains the way participants funds are invested. Unlike conventional models, Takaful operates under strict Shariah guidelines, ensuring that participant funds are invested only in Shariah-compliant avenues. This commitment to ethical and responsible investment is what makes Takaful aligned to financial protection. Missed the episode? Revisit the episode to learn how Shariah principles guide every stage of the Takaful process. Full episode: https://youtu.be/LPrdlcOpwzg?si=L4tIH31oViyZCZ43 #EFUHemayahTakafulPodcast #EFUHemayahTakaful #EFULife #ExpressTribune #SECP No comments yet. Start the conversation. 1 June 25",https://www.instagram.com/efu_life_assurance_ltd/reel/DaAYLFMM81j/,,"Video by EFU Life Assurance Ltd. on June 25, 2026. May be an image of text.",
Al Meezan Investments,substitute,almeezangroup,Dbd2rDrEYya,reel,2026-07-31,"FY27 has begun with heightened market volatility, driven by geopolitical developments, oil price movements and evolving global dynamics. In the latest Market Outlook – August 2026, Mr. Imtiaz Gadar, CFA — CEO, Al Meezan Investments — shares his perspective on the factors shaping markets, Pakistan's economic outlook, the recent sovereign rating upgrade, monetary policy, and why staying disciplined remains one of the most important principles for long-term investors. Watch the full video to understand the key developments influencing the months ahead. #MarketOutlook #PSX #OilPrices #PakistanEconomy #MonetaryPolicy #LongTermInvesting murtaza.ilyas.7 3w Good insight and learning Like Reply murtaza.ilyas.7 3w 👏 Like Reply 24 3 July 31",https://www.instagram.com/almeezangroup/reel/Dbd2rDrEYya/,,"Video by Al Meezan Investments on July 31, 2026. May be a graphic of magazine, poster and text that says 'ET OK 2026 OLATILITY. ED AND IMTIAZ G EO CEO-AL AL'.",
Al Meezan Investments,substitute,almeezangroup,Da6_VMcjBTw,p,2026-07-18,"In our latest Rapid Reads edition we decode 20 years of KSE100 market cycles to reveal how earnings growth, dividend yields, and P/E multiples drive total returns. With that, we shed light on why improving macroeconomic fundamentals present a compelling case for potential equity market re-rating. #AlMeezanInvestments #StockMarket #InvestmentInsights #KSE100 #WealthBuilding No comments yet. Start the conversation. 52 July 18",https://www.instagram.com/almeezangroup/p/Da6_VMcjBTw/,,"Photo by Al Meezan Investments on July 17, 2026.",
Al Meezan Investments,substitute,almeezangroup,Dci2Jq3DQGJ,p,2026-08-27,"The future of the halal economy begins with conversations that move it forward. At the Halal 360 Reception 2026, Al Meezan Investments connected with industry leaders and key stakeholders to exchange ideas, strengthen relationships and explore new possibilities across the growing global halal economy. #AlMeezanInvestments #Halal360 #HalalEconomy #IslamicFinance #ShariahCompliantInvesting No comments yet. Start the conversation. 1 2 minutes ago",https://www.instagram.com/almeezangroup/p/Dci2Jq3DQGJ/,,"Photo by Al Meezan Investments on August 27, 2026. May be an image of poster, magazine, dais and text.",
Al Meezan Investments,substitute,almeezangroup,Dcik9WYjupP,reel,2026-08-27,"Al Meezan Investments participated in the Money Matters Expo in Gilgit-Baltistan as a Silver Sponsor. Our team connected with attendees, shared insights on Shariah-compliant investment opportunities, and encouraged informed financial planning for a more secure future. #AlMeezanInvestments #MoneyMatters #GilgitBaltistan #ShariahCompliantInvesting #WealthExpo No comments yet. Start the conversation. 5 2 hours ago",https://www.instagram.com/almeezangroup/reel/Dcik9WYjupP/,,"Video by Al Meezan Investments on August 27, 2026. May be an image of text.",
Al Meezan Investments,substitute,almeezangroup,Dcf7OwnjP6V,p,2026-08-26,"Take the first step towards a rewarding career. Al Meezan Investments is coming to the Iqra University Career Fair. Meet our team, learn more about our workplace and explore opportunities to build a rewarding career with us. Thursday, 27 August 2026 9:00 AM to 5:30 PM Iqra University Main Campus We look forward to meeting you. #AlMeezanInvestments #IqraUniversity #CareerFair #CareerOpportunities #JoinOurTeam No comments yet. Start the conversation. 31 1 day ago",https://www.instagram.com/almeezangroup/p/Dcf7OwnjP6V/,,"Photo by Al Meezan Investments on August 26, 2026. May be an image of emu, poster, magazine and text that says 'AYEST Al Meezan Investment ManagementL Ltd. AM1 Retngby ndPACRA AL MEEZAN INVESTMENTS WILL BE COMING TO IORA UNIVERSITY IU CAREER FAIR Meet our team and explore career opportunities with us. Iqra University Main Campus 9:00 AM to 5:30 Thursday, 27 August 2026 SMSmest 106655 IQRA UNIVERSITY Disclaimer: u2529 Mutual number 0251413-626 isks. Past snot risks regetraton Macan フタッル Meezan Ba",
Al Meezan Investments,substitute,almeezangroup,DcfTi9zijsM,reel,2026-08-26,"Let us fill our hearts and tongues with Durood Sharif and reflect upon the timeless teachings of the Holy Prophet ﷺ - compassion, honesty and kindness. May every recitation bring peace to our hearts and countless blessings into our lives. #AlMeezanInvestments #DuroodSharif #SeeratUnNabi #ProphetMuhammadSAW #PeaceAndBlessings arsalawan_999 22h HAZRAT MUHAMMAD (SAW) Like Reply arsalawan_999 22h SUBHANALLAH Like Reply drali7007 1d ❤️❤️❤️❤️❤️❤️❤️ Like Reply 107 3 1 day ago",https://www.instagram.com/almeezangroup/reel/DcfTi9zijsM/,,"Video by Al Meezan Investments on August 25, 2026. May be an image of text.",
Al Meezan Investments,substitute,almeezangroup,Dcdq4IbNeul,reel,2026-08-25,"You already use Easypaisa to make payments. Now, use it to start building your financial future. Invest with Al Meezan Investments from just PKR 1,000 and become part of a growing community of 325,000+ users. Open the Easypaisa app to begin, or visit www.almeezangroup.com to learn more. #AlMeezanInvestments #Easypaisa #SmartInvesting #FinancialGoals #MeezanFunds No comments yet. Start the conversation. 17 2 days ago",https://www.instagram.com/almeezangroup/reel/Dcdq4IbNeul/,,"Video by Al Meezan Investments on August 25, 2026. May be an image of ‎text that says '‎MEEZ AVES MB Al Meezan Investment ManagementLd AM1 Rating VIS VISan and PACRA طورپر مکھل تیز،آساناور کےمطابقسرمایکازی سرمایہکاری کےمطابز 4:12 AI Meezan 4کھٹے عفتےکے7دنزرلنم تکوانےکیسبولت نکوانےکی Meezan lnesones Largest Fund Manager Pakistan, pioneering introducing Shariah Compliant Investments Invest your money nA Meezan easypaisa paisaA Account and earn Halal Profit Apcount Now SSTNE Disclaimer: PantPerfoma",
Al Meezan Investments,substitute,almeezangroup,DcaT_zvjFTc,p,2026-08-24,"Your dream home may be a future goal, but the planning can begin today. With Al Meezan’s Home Builder Plan, you can invest systematically and move closer to turning that vision into a place of your own. Start planning today: https://www.almeezangroup.com/regular-investor/home-builder-plan/ #AlMeezanInvestments #HomeBuilderPlan #PlanForTomorrow #InvestmentPlanning No comments yet. Start the conversation. 19 3 days ago",https://www.instagram.com/almeezangroup/p/DcaT_zvjFTc/,,"Photo by Al Meezan Investments on August 23, 2026. May be an image of ‎blueprint, floor plan, magazine, poster, door and ‎text that says '‎MLERE AI Meezan N Investment Ma3AeTeT Ltd. AM1 lngky HOME BUILDER PLAN SOME DOORS OPEN LONG BEFORE YOU REACH THEM Start planning for your dream home with the Home Builder Plan from AI Meezan Investments. Scan now and take the first step towards your own nome SMS SMSrvG Fund Category: Fundof Funda Risik Profile: Disclalmer: 0200-000U252Ε91 Specific (Medium Hig",
Al Meezan Investments,substitute,almeezangroup,DcTGy3DFNJi,reel,2026-08-21,"Think retirement planning can wait? Think again! ⏳ The earlier you start, the more time your investments have to grow, even small, regular contributions can make a meaningful difference. Start today for a more secure tomorrow with Al Meezan Investments. Visit: www.almeezangroup.com #AlMeezanInvestments #MythVsFact #RetirementPlanning #InvestForTomorrow No comments yet. Start the conversation. 10 6 days ago",https://www.instagram.com/almeezangroup/reel/DcTGy3DFNJi/,,"Video by Al Meezan Investments on August 21, 2026. May be a cartoon of poster, costume and text.",
Al Meezan Investments,substitute,almeezangroup,DcNvAhKDByh,p,2026-08-19,"Where money meets meaning. Al Meezan Investments is proud to be the Silver Partner of Money Matters, Pakistan’s first wealth expo for the public. Join us and explore Shariah-compliant investment opportunities for a more meaningful financial future. 📅 22–23 August 2026 📍 Avari Xpress, Jutial Road, Gilgit-Baltistan #AlMeezanInvestments #MoneyMatters #InvestWithPurpose No comments yet. Start the conversation. 34 August 19",https://www.instagram.com/almeezangroup/p/DcNvAhKDByh/,,"Photo by Al Meezan Investments on August 19, 2026. May be a graphic of money, poster, card, magazine and text that says 'Pune Profh Tofh AlMeezan Investment Management id AM1 Balegby aghyWLedNcas INAINCEA WHERE MONEY MEETS MEANING AL MEEZAN INVESTMENTS PROUD SILVER PARTNER OF MONEY MATTERS INVEST EARN GROW Pakistan's First Wealth Expo Public. 22-23 出 August 2026 Avari Xpress, Jutial Road, Gilgit- -Baltistan Discleimer: 0425251 inestmentsi มิม Funda Pension Funda: Pleasa hacferin rwotved hirar Ad",
Al Meezan Investments,substitute,almeezangroup,DcLPygWAXyz,reel,2026-08-18,"Your RAAST Investment ID is just a few taps away! Watch this step-by-step video to learn how to generate your RAAST Investment ID through the Al Meezan Investments App and enjoy a simpler, more convenient investment experience. Download the Al Meezan Investments App today and get started! #AlMeezanInvestments #RAAST #RAASTInvestmentID #DigitalInvesting #IslamicInvestments No comments yet. Start the conversation. 11 August 18",https://www.instagram.com/almeezangroup/reel/DcLPygWAXyz/,,"Video by Al Meezan Investments on August 18, 2026. May be an image of ‎money, card, poster and ‎text that says '‎AI Meezan Investment Management Investment.ManagememtL.id. Ltd. Prolk AM1 Ratingy V PACRA How to generate RAAST INVESTMENT ID? EVNSMNSTN INEMAE Raast Pakistan's Instant Payment System پلںبھرمیں-ملکبھرمیں پل‎'‎‎.",
Al Meezan Investments,substitute,almeezangroup,DcIqvkLFGD5,reel,2026-08-17,Generate your RAAST Investment ID quickly and conveniently through Meezan Funds Online. Watch this step-by-step video to learn the complete process. Head to Meezan Funds Online and get started today: https://members.almeezangroup.com/ #AlMeezanInvestments #RAAST #MeezanFundsOnline #DigitalInvesting #IslamicInvestments No comments yet. Start the conversation. 12 August 17,https://www.instagram.com/almeezangroup/reel/DcIqvkLFGD5/,,"Video by Al Meezan Investments on August 17, 2026. May be an image of ‎money, poster and ‎text that says '‎YESTMES Pare HP Profk AI Meezan Investmens lanagement Ltd Investmevr.ManagememtLid. Ltd. AM1 TntubyV5&NCu How to generate RAAST INVESTMENT ID? on MEEZAN FUNDS ONLINE CIM PиKИTИЛ ס-ם Raast Pakistan's Instant Payment System پلبھرمیں-لکبھرمیں میں چی‎'‎‎.",
UBL Fund Managers,substitute,ublfunds,DNkisDyMwXu,reel,2026-06-04,"Swipe to Simplicity with the new Al-Ameen Funds App! Your investment journey just got Faster, Smarter, and Better! Enjoy seamless transactions, convenience, and the confidence to invest and grow with ease. Download/ Update Al-Ameen Funds App today by clicking the link in our bio. Note: For Android users only #AlAmeenFunds #UBLFunds #DigitalTransformation #SmartInvesting #ShariatCompliant #FinancialSolutions #InvestmentMadeEasy #FasterSmarterBetter No comments yet. Start the conversation. 21 August 20, 2025",https://www.instagram.com/ublfunds/reel/DNkisDyMwXu/,,"Video by UBL Funds on August 20, 2025.",
UBL Fund Managers,substitute,ublfunds,DLj9FzXI_3H,reel,2025-07-01,"Invest Via RAAST - TAP, TRANSFER, AND GROW! Watch this step-by-step tutorial guide on how to generate your RAAST Investment ID (IBAN) through UBL Funds App and and invest through your Bank’s app in no time. Your generated RAAST Investment ID can be used multiple times for hassle-free investments! Start growing your wealth the smart way today! Login to your UBL Funds Account today: https://bit.ly/3y56Rj2 No comments yet. Start the conversation. 21 July 1, 2025",https://www.instagram.com/ublfunds/reel/DLj9FzXI_3H/,,"Video by UBL Funds on July 01, 2025.",
UBL Fund Managers,substitute,ublfunds,C0MOKhSocyS,reel,2026-06-04,"Simplified process to start investing with UBL Funds through your UBL - United Bank Ltd mobile application. Unlock the doors to financial growth. 1️⃣ Download the app and log-in (if you have account with UBL) 2️⃣ Create your Mutual Funds account seamlessly from Accounts > Savings & Investments > Mutual Funds 3️⃣ Explore our diverse range of funds 4️⃣ Choose your Fund/investment plan as per objective & risk profile 5️⃣ Invest confidently with just a few taps Start investing today 💼💹 Download the app by clicking the link in our bio. #UBLfunds #ublsmartsavings #ubldigitalapp #InvestSmart #FinancialFreedom No comments yet. Start the conversation. 52 November 28, 2023",https://www.instagram.com/ublfunds/reel/C0MOKhSocyS/,,"Video by UBL Funds on November 28, 2023.",
UBL Fund Managers,substitute,ublfunds,DceOx12CGcI,p,2026-08-25,"On this blessed occasion, we extend our heartfelt greetings to you and your famıly. May the teachings of the Holy Prophet (SAW) inspire us to spread kindness, peace, and compassion in our lives. #UBLFunds #12thRabiUlAwwal No comments yet. Start the conversation. 18 1 day ago",https://www.instagram.com/ublfunds/p/DceOx12CGcI/,,"Photo by UBL Funds on August 25, 2026. May be an image of calendar, poster and text that says 'FUNDS IN THE MONTH OF RABI UL AWAL, let's renew our commitment to follow the path of love & peace shown by the Prophet (SAW) Eid Milad-un-Nabi Milad- Mubarak 庭區蜜區 Diaclaimer: AMC Rated AMI' มิงานงงไม lundiplan )ivauntory bligationa VIS Call Now 0800-00026 SMS INVEST' to 8258 .PiL perlamen .Us0o logo nacessarily ndicative ปาล โนอนทด eaults. asgh lghen Dove bove'.",
UBL Fund Managers,substitute,ublfunds,DcdL47_jIrP,p,2026-08-25,"Building stronger pathways toward a financially secure future. UBL Funds and Khushhali Microfinance Bank joined hands through a formal signing ceremony to collaborate on VPS account opening, enabling greater access to structured retirement savings solutions. This partnership reflects a shared commitment to promoting financial inclusion, long-term savings, and responsible financial planning. #UBLFunds #KhushhaliBank #VoluntaryPensionScheme #FinancialPlanning #Partnership No comments yet. Start the conversation. 21 2 days ago",https://www.instagram.com/ublfunds/p/DcdL47_jIrP/,,"Photo by UBL Funds on August 25, 2026.",
UBL Fund Managers,substitute,ublfunds,Dca-Uw3grJ2,p,2026-08-24,"Connecting, learning and growing together at Money Matters, Gilgit. UBL Al-Ameen Funds proudly participated as a Bronze Sponsor at Money Matters, where we had the opportunity to connect with visitors and share insights on investing and building a smarter financial future. Here are a few highlights from an engaging two days in Gilgit. #UBLFunds #AlAmeenFunds #MoneyMatters #InvestLearnGrow #Gilgit #SmartInvesting No comments yet. Start the conversation. 18 3 days ago",https://www.instagram.com/ublfunds/p/Dca-Uw3grJ2/,,"Photo by UBL Funds on August 24, 2026.",
UBL Fund Managers,substitute,ublfunds,Dcazxa3jPIk,p,,,https://www.instagram.com/ublfunds/p/Dcazxa3jPIk/,,"Photo by UBL Funds on August 24, 2026. May be an image of phone, water heater and text.",
UBL Fund Managers,substitute,ublfunds,DcaoSS1s1DR,reel,2026-08-24,"Celebrating the spirit of freedom and unity. The UBL Funds family came together at our Head Office and Investment Centres across Pakistan to celebrate Independence Day with pride, unity and enthusiasm. It was a celebration of our shared spirit and commitment to a brighter Pakistan. Pakistan Zindabad! #UBLFunds #IndependenceDay #Pakistan #14August #PakistanZindabad No comments yet. Start the conversation. 34 3 days ago",https://www.instagram.com/ublfunds/reel/DcaoSS1s1DR/,,"Video by UBL Funds on August 24, 2026. May be an image of ‎cake and ‎text that says '‎UBI BU FUNDS نلا FUNDS سع SPIRIT 야 PAKISTAN 14 AUG 2026‎'‎‎.",
UBL Fund Managers,substitute,ublfunds,DcNmmoKjK0L,p,2026-08-19,"UBL Al-Ameen Funds is proud to be a Bronze Sponsor at Money Matters, Pakistan’s First Wealth Expo for Public. Join us on 22nd & 23rd August 2026 at Avari Express, Gilgit, and discover opportunities to invest, learn, and grow towards a smarter financial future. 📍 Avari Express, Gilgit 📅 22nd & 23rd August 2026 Visit our booth and take the next step towards making your money work smarter for you. #UBLFunds #AlAmeenFunds #MoneyMatters #InvestLearnGrow #WealthExpo #Gilgit #FinancialAwareness #SmartInvesting No comments yet. Start the conversation. 7 August 19",https://www.instagram.com/ublfunds/p/DcNmmoKjK0L/,,"Photo by UBL Funds on August 19, 2026. May be an image of money, poster, magazine and text.",
UBL Fund Managers,substitute,ublfunds,DcNdT6qjOCZ,p,2026-08-19,We are Hiring! Job Position: Assistant Portfolio Manager - Investment Advisory Please share your CV at careers@ublfunds.com with the subject 'Assistant Portfolio Manager - Investment Advisory’. No comments yet. Start the conversation. 9 August 18,https://www.instagram.com/ublfunds/p/DcNdT6qjOCZ/,,"Photo by UBL Funds on August 18, 2026. May be a graphic of poster, magazine, office and text.",
UBL Fund Managers,substitute,ublfunds,DcNc9TVjH77,p,2026-08-19,We are Hiring! Job Position: Portfolio Manager - Investment Advisory Please share your CV at careers@ublfunds.com with the subject 'Portfolio Manager - Investment Advisory’. No comments yet. Start the conversation. 7 August 19,https://www.instagram.com/ublfunds/p/DcNc9TVjH77/,,"Photo by UBL Funds on August 18, 2026. May be a graphic of office and text.",
UBL Fund Managers,substitute,ublfunds,DcLgeH8lLnr,p,2026-08-18,We are Hiring! Job Position: Relationship Manager - Distribution Please share your CV at careers@ublfunds.com with the subject 'Relationship Manager - Distribution’. No comments yet. Start the conversation. 18 August 18,https://www.instagram.com/ublfunds/p/DcLgeH8lLnr/,,"Photo by UBL Funds on August 18, 2026. May be a graphic of ‎office and ‎text that says '‎UBL FUNDS Job Role: Education: We're Hiring! Relationship Manager Distribution To develop and maintain effective relationship शट with clients and generate funds from UBL branches. Minimum 14 years of formal educaction from any foreign or HEC recognized recog University. At least 1-2 years of relevant work experience. وس Experience: Location: Jhelum Please share your CV at careers@ubifunds.com with subject li",
